demo type,cmd speed,angle,mean speed,noise level,resolution,success,max range,trial_no,symmetry index,steps taken
noisy,0.2,0.0,0.21894914774422167,1,0.25,1.0,4.426360027714582,,,291.0
noisy,0.29000000000000004,0.0,0.2998638696306737,1,0.25,1.0,6.038235023617892,,,293.0
noisy,0.38,0.0,0.3839904407513756,1,0.25,1.0,7.723045183657396,,,321.0
noisy,0.47000000000000003,0.0,0.46587062293999565,1,0.25,1.0,9.422906800543231,,,346.0
noisy,0.56,0.0,0.5576735053658964,1,0.25,1.0,9.905311174992038,,,397.0
noisy,0.6499999999999999,0.0,0.6341283946068309,1,0.25,1.0,9.906094993388026,,,332.0
noisy,0.74,0.0,0.7226324061556425,1,0.25,1.0,9.906833710358466,,,304.0
noisy,0.8300000000000001,0.0,0.8049153385041921,1,0.25,1.0,9.904746998690579,,,287.0
noisy,0.9199999999999999,0.0,0.8955496378327624,1,0.25,1.0,9.903337347712814,,,276.0
noisy,1.01,0.0,0.984217198996511,1,0.25,1.0,9.90722383451126,,,262.0
noisy,1.0999999999999999,0.0,1.0746236888352103,1,0.25,1.0,9.907011889808794,,,243.0
noisy,1.19,0.0,1.1629161344995873,1,0.25,1.0,9.905514173850127,,,236.0
noisy,1.28,0.0,1.1585188286734474,1,0.25,0.6666666666666666,9.908784050448475,,,247.0
noisy,1.3699999999999999,0.0,1.3224168052695424,1,0.25,1.0,9.91062055007804,,,225.0
noisy,1.46,0.0,1.4108350335028037,1,0.25,1.0,9.912606534290958,,,224.0
noisy,1.5499999999999998,0.0,1.4828245671278655,1,0.25,1.0,9.915024357374843,,,217.0
noisy,1.64,0.0,1.4911640966112891,1,0.25,0.6666666666666666,9.91183269968065,,,32.0
noisy,1.73,0.0,1.6515118059316032,1,0.25,1.0,9.911905202803826,,,181.0
noisy,1.8199999999999998,0.0,1.4483793132297664,1,0.25,0.3333333333333333,9.912676688570956,,,25.0
noisy,1.91,0.0,1.6798946956607679,1,0.25,0.6666666666666666,9.916646426278325,,,40.0
noisy,2.0,0.0,1.519759084033577,1,0.25,0.0,2.180487775027262,,,26.0
noisy,0.2,0.0,-0.3984001145453094,2,0.25,0.0,0.0,,,9.0
noisy,0.29000000000000004,0.0,-0.42902026731549564,2,0.25,0.0,0.0,,,26.0
noisy,0.38,0.0,-0.18972279843674422,2,0.25,0.0,0.0,,,42.0
noisy,0.47000000000000003,0.0,-0.055576394047386235,2,0.25,0.0,0.012449895813919965,,,6.0
noisy,0.56,0.0,0.06445476910938812,2,0.25,0.0,0.01758014882636257,,,6.0
noisy,0.6499999999999999,0.0,0.11133334741305186,2,0.25,0.0,0.04082099200223574,,,8.0
noisy,0.74,0.0,0.02529743171184998,2,0.25,0.0,0.007578779483157309,,,1.0
noisy,0.8300000000000001,0.0,0.0507615222521372,2,0.25,0.0,0.024138584342656522,,,8.0
noisy,0.9199999999999999,0.0,0.06474171484230508,2,0.25,0.0,0.014379832721359188,,,4.0
noisy,1.01,0.0,0.005803768931843987,2,0.25,0.0,0.00359281978519023,,,6.0
noisy,1.0999999999999999,0.0,0.07383012214446773,2,0.25,0.0,0.01660356718514209,,,7.0
noisy,1.19,0.0,0.04539574632567698,2,0.25,0.0,0.021930347478764923,,,9.0
noisy,1.28,0.0,0.06664631563794882,2,0.25,0.0,0.014370886853052161,,,5.0
noisy,1.3699999999999999,0.0,0.02877941392051432,2,0.25,0.0,0.0070686523420652545,,,7.0
noisy,1.46,0.0,-0.0032795953232429924,2,0.25,0.0,0.01484385306069207,,,4.0
noisy,1.5499999999999998,0.0,0.21226817772043616,2,0.25,0.0,0.06701024662015358,,,5.0
noisy,1.64,0.0,0.0737304910307998,2,0.25,0.0,0.012932157637118974,,,4.0
noisy,1.73,0.0,0.09009056939718603,2,0.25,0.0,0.015978164832134018,,,6.0
noisy,1.8199999999999998,0.0,0.1347905987578222,2,0.25,0.0,0.04575753822944718,,,5.0
noisy,1.91,0.0,0.07637877363217249,2,0.25,0.0,0.025977537018867975,,,7.0
noisy,2.0,0.0,0.13873761307557933,2,0.25,0.0,0.031903271062203795,,,5.0
noisy,0.2,0.0,-0.3911622286195178,3,0.25,0.0,0.0,,,33.0
noisy,0.29000000000000004,0.0,-0.11569473435319434,3,0.25,0.0,0.0015099802924315373,,,7.0
noisy,0.38,0.0,-0.3024158309004133,3,0.25,0.0,0.0,,,4.0
noisy,0.47000000000000003,0.0,0.01668347223918844,3,0.25,0.0,0.0252357396451558,,,7.0
noisy,0.56,0.0,-0.04758884931166046,3,0.25,0.0,0.0,,,4.0
noisy,0.6499999999999999,0.0,0.1313717513948225,3,0.25,0.0,0.10188835969040343,,,6.0
noisy,0.74,0.0,0.08154815249269987,3,0.25,0.0,0.029156399681856016,,,6.0
noisy,0.8300000000000001,0.0,0.05641303099327202,3,0.25,0.0,0.025134682931722767,,,8.0
noisy,0.9199999999999999,0.0,0.11277155919464825,3,0.25,0.0,0.04552213140314867,,,2.0
noisy,1.01,0.0,0.028402561264091644,3,0.25,0.0,0.011987942807578159,,,4.0
noisy,1.0999999999999999,0.0,0.07172595569078644,3,0.25,0.0,0.02735713061741976,,,6.0
noisy,1.19,0.0,0.09561926676524697,3,0.25,0.0,0.06910318981221135,,,4.0
noisy,1.28,0.0,0.02208301329752513,3,0.25,0.0,0.014463529957277168,,,4.0
noisy,1.3699999999999999,0.0,0.14997669615712889,3,0.25,0.0,0.03801818640202848,,,6.0
noisy,1.46,0.0,0.12350762869050323,3,0.25,0.0,0.0442056831832475,,,5.0
noisy,1.5499999999999998,0.0,0.10479710072349531,3,0.25,0.0,0.04437826196721579,,,6.0
noisy,1.64,0.0,0.12746250404066103,3,0.25,0.0,0.045680372108231386,,,4.0
noisy,1.73,0.0,0.1151080178914926,3,0.25,0.0,0.036545125931402085,,,5.0
noisy,1.8199999999999998,0.0,0.12588009215375995,3,0.25,0.0,0.04655024409767808,,,7.0
noisy,1.91,0.0,0.08918144107117944,3,0.25,0.0,0.032886579400210635,,,5.0
noisy,2.0,0.0,0.14426095642296874,3,0.25,0.0,0.05471193484808182,,,2.0
noisy,0.2,0.0,-0.4092412228508844,4,0.25,0.0,0.0,,,23.0
noisy,0.29000000000000004,0.0,-0.25284096348080004,4,0.25,0.0,0.002101830149014033,,,40.0
noisy,0.38,0.0,-0.19326070976308263,4,0.25,0.0,0.01813819944672631,,,28.0
noisy,0.47000000000000003,0.0,-0.10334761198154974,4,0.25,0.0,0.0,,,13.0
noisy,0.56,0.0,-0.032909382951236694,4,0.25,0.0,0.0018986431689722186,,,5.0
noisy,0.6499999999999999,0.0,-0.02839520270724205,4,0.25,0.0,0.006582668229201921,,,6.0
noisy,0.74,0.0,-0.042552083759566484,4,0.25,0.0,0.006929415511877178,,,6.0
noisy,0.8300000000000001,0.0,-0.021905607226527984,4,0.25,0.0,0.005512481391665794,,,2.0
noisy,0.9199999999999999,0.0,-0.014237143115835663,4,0.25,0.0,0.03701993985427456,,,7.0
noisy,1.01,0.0,-0.02868220475178487,4,0.25,0.0,0.002454606024428898,,,7.0
noisy,1.0999999999999999,0.0,0.06998942414616613,4,0.25,0.0,0.014932052036935727,,,6.0
noisy,1.19,0.0,0.14577317708183724,4,0.25,0.0,0.03852293606054212,,,4.0
noisy,1.28,0.0,-0.06521101671120205,4,0.25,0.0,8.813777042522228e-05,,,5.0
noisy,1.3699999999999999,0.0,0.22943709147826694,4,0.25,0.0,0.10935968740844448,,,4.0
noisy,1.46,0.0,-0.04348547678865819,4,0.25,0.0,0.007899414874597312,,,6.0
noisy,1.5499999999999998,0.0,0.05392222340340272,4,0.25,0.0,0.012785648163579924,,,7.0
noisy,1.64,0.0,0.003920887134251934,4,0.25,0.0,0.006410270320292684,,,2.0
noisy,1.73,0.0,0.07654497239175671,4,0.25,0.0,0.02725362800108293,,,8.0
noisy,1.8199999999999998,0.0,0.026300943853872317,4,0.25,0.0,0.033257974176086745,,,4.0
noisy,1.91,0.0,0.021583480406502074,4,0.25,0.0,0.025957943052585856,,,7.0
noisy,2.0,0.0,0.06877788271863884,4,0.25,0.0,0.025416302946001015,,,6.0
noisy,0.2,0.0,-0.40420103806640534,5,0.25,0.0,0.0,,,25.0
noisy,0.29000000000000004,0.0,-0.3516442632371209,5,0.25,0.0,0.0,,,15.0
noisy,0.38,0.0,-0.3046131231959179,5,0.25,0.0,0.0,,,20.0
noisy,0.47000000000000003,0.0,-0.05745410675733526,5,0.25,0.0,0.007329285333056717,,,8.0
noisy,0.56,0.0,-0.06572680211664894,5,0.25,0.0,0.0,,,5.0
noisy,0.6499999999999999,0.0,0.02400564994149852,5,0.25,0.0,0.022105557369556928,,,6.0
noisy,0.74,0.0,-0.013043893887298541,5,0.25,0.0,0.0153005425196868,,,8.0
noisy,0.8300000000000001,0.0,-0.00351852485188636,5,0.25,0.0,0.0039847435021437925,,,6.0
noisy,0.9199999999999999,0.0,0.09671059925955934,5,0.25,0.0,0.038640702869354025,,,6.0
noisy,1.01,0.0,0.0020620383363677878,5,0.25,0.0,0.015772426538020787,,,6.0
noisy,1.0999999999999999,0.0,0.008139928168365328,5,0.25,0.0,0.016045909051900217,,,6.0
noisy,1.19,0.0,0.12338926626309665,5,0.25,0.0,0.035992918291176054,,,2.0
noisy,1.28,0.0,-0.02553949872059684,5,0.25,0.0,0.015268194276437629,,,6.0
noisy,1.3699999999999999,0.0,0.018720842794685867,5,0.25,0.0,0.00636435615261189,,,4.0
noisy,1.46,0.0,0.049347452286075684,5,0.25,0.0,0.01501694825208528,,,6.0
noisy,1.5499999999999998,0.0,0.047308873355183946,5,0.25,0.0,0.017944290661813977,,,4.0
noisy,1.64,0.0,-0.011916571003222897,5,0.25,0.0,0.002810036723399487,,,4.0
noisy,1.73,0.0,0.05959606447392609,5,0.25,0.0,0.03380516928594561,,,4.0
noisy,1.8199999999999998,0.0,0.019801047127973617,5,0.25,0.0,0.008176255576187749,,,5.0
noisy,1.91,0.0,0.016135176349898566,5,0.25,0.0,0.007146128594464793,,,6.0
noisy,2.0,0.0,0.023775328171283052,5,0.25,0.0,0.007649692121862238,,,4.0
noisy,0.2,0.0,-0.392436265290031,6,0.25,0.0,0.0,,,12.0
noisy,0.29000000000000004,0.0,-0.3629743204684454,6,0.25,0.0,0.0,,,30.0
noisy,0.38,0.0,-0.3478546996418404,6,0.25,0.0,0.0,,,15.0
noisy,0.47000000000000003,0.0,-0.0857998435966733,6,0.25,0.0,0.0,,,9.0
noisy,0.56,0.0,0.04976166669100024,6,0.25,0.0,0.05085785093640119,,,5.0
noisy,0.6499999999999999,0.0,0.05740573275767158,6,0.25,0.0,0.017667155296314567,,,10.0
noisy,0.74,0.0,-0.02011097668489874,6,0.25,0.0,0.0119401917685007,,,6.0
noisy,0.8300000000000001,0.0,-0.026548490382756935,6,0.25,0.0,0.0023876385911674267,,,2.0
noisy,0.9199999999999999,0.0,-0.014168498383106173,6,0.25,0.0,0.0,,,5.0
noisy,1.01,0.0,0.07804853009247813,6,0.25,0.0,0.059550752716876466,,,6.0
noisy,1.0999999999999999,0.0,-0.00491650709133865,6,0.25,0.0,0.017678729897622317,,,6.0
noisy,1.19,0.0,0.019266776128531112,6,0.25,0.0,0.015039773706809702,,,4.0
noisy,1.28,0.0,-0.06549981745980436,6,0.25,0.0,0.0,,,7.0
noisy,1.3699999999999999,0.0,0.09156577256582572,6,0.25,0.0,0.03635208931301699,,,3.0
noisy,1.46,0.0,0.00029017571969020456,6,0.25,0.0,0.014839062520450468,,,8.0
noisy,1.5499999999999998,0.0,-0.04253409936832872,6,0.25,0.0,0.0,,,6.0
noisy,1.64,0.0,0.1856853532412439,6,0.25,0.0,0.0799661975501584,,,6.0
noisy,1.73,0.0,-0.03141584567382796,6,0.25,0.0,0.008143224125919389,,,8.0
noisy,1.8199999999999998,0.0,-0.032736025469853804,6,0.25,0.0,0.008406481841281814,,,11.0
noisy,1.91,0.0,0.035206828281956794,6,0.25,0.0,0.03747304276781426,,,8.0
noisy,2.0,0.0,-0.06655327791622737,6,0.25,0.0,0.0,,,8.0
noisy,0.2,0.0,-0.2994382756840355,7,0.25,0.0,0.0,,,23.0
noisy,0.29000000000000004,0.0,-0.22242461028655547,7,0.25,0.0,0.0,,,8.0
noisy,0.38,0.0,-0.22546920688715502,7,0.25,0.0,0.0,,,8.0
noisy,0.47000000000000003,0.0,-0.1038992543014336,7,0.25,0.0,0.0,,,8.0
noisy,0.56,0.0,0.011446096906512443,7,0.25,0.0,0.007888674275152743,,,8.0
noisy,0.6499999999999999,0.0,-0.02311711600703493,7,0.25,0.0,0.004918732610382645,,,8.0
noisy,0.74,0.0,0.04805352405380527,7,0.25,0.0,0.012140112911787375,,,10.0
noisy,0.8300000000000001,0.0,-0.029650422241426874,7,0.25,0.0,0.012169348327149223,,,6.0
noisy,0.9199999999999999,0.0,0.025382621479157808,7,0.25,0.0,0.035868037988135364,,,8.0
noisy,1.01,0.0,-0.05405069999962133,7,0.25,0.0,0.0,,,7.0
noisy,1.0999999999999999,0.0,-0.014160826743157743,7,0.25,0.0,0.00825464048342319,,,6.0
noisy,1.19,0.0,0.00980621071182223,7,0.25,0.0,0.011500713147527052,,,7.0
noisy,1.28,0.0,-0.029691972988484767,7,0.25,0.0,0.00268284035769907,,,8.0
noisy,1.3699999999999999,0.0,-0.01386985325590625,7,0.25,0.0,0.01104923272439937,,,2.0
noisy,1.46,0.0,0.006580243360198793,7,0.25,0.0,0.016791726364435464,,,5.0
noisy,1.5499999999999998,0.0,-0.021100136109474824,7,0.25,0.0,0.009492283515772588,,,6.0
noisy,1.64,0.0,-0.0599609957818073,7,0.25,0.0,2.4841698884977114e-05,,,2.0
noisy,1.73,0.0,0.06361122935196743,7,0.25,0.0,0.030809772283903344,,,5.0
noisy,1.8199999999999998,0.0,0.0032131462029590207,7,0.25,0.0,0.011187846706835999,,,6.0
noisy,1.91,0.0,0.0590774853133367,7,0.25,0.0,0.03140695281671551,,,7.0
noisy,2.0,0.0,0.047256010455335985,7,0.25,0.0,0.02809509011010536,,,5.0
noisy,0.2,0.0,-0.29961672708763193,8,0.25,0.0,0.0,,,11.0
noisy,0.29000000000000004,0.0,-0.1138155460672165,8,0.25,0.0,0.0,,,9.0
noisy,0.38,0.0,-0.12455483337143247,8,0.25,0.0,0.0,,,7.0
noisy,0.47000000000000003,0.0,-0.08500916676189807,8,0.25,0.0,0.0,,,6.0
noisy,0.56,0.0,-0.05888355966565217,8,0.25,0.0,0.013515333470477533,,,8.0
noisy,0.6499999999999999,0.0,-0.042332152484839285,8,0.25,0.0,0.0,,,4.0
noisy,0.74,0.0,0.014048378119501319,8,0.25,0.0,0.025925700576644353,,,5.0
noisy,0.8300000000000001,0.0,-0.00972084891143922,8,0.25,0.0,0.016643172326588723,,,4.0
noisy,0.9199999999999999,0.0,-0.05141737970598478,8,0.25,0.0,0.0,,,9.0
noisy,1.01,0.0,-0.014546136011414032,8,0.25,0.0,0.004458304152992442,,,10.0
noisy,1.0999999999999999,0.0,-0.047595366589877765,8,0.25,0.0,0.0032216640150107,,,3.0
noisy,1.19,0.0,0.08958232392999049,8,0.25,0.0,0.020278599815138944,,,7.0
noisy,1.28,0.0,-0.06568044114198131,8,0.25,0.0,0.00017011545570348057,,,3.0
noisy,1.3699999999999999,0.0,-0.023074473812153416,8,0.25,0.0,0.017766733861843,,,7.0
noisy,1.46,0.0,-0.08708778103230957,8,0.25,0.0,0.0,,,5.0
noisy,1.5499999999999998,0.0,-0.11988960264413757,8,0.25,0.0,0.0,,,4.0
noisy,1.64,0.0,-0.0036766029789629512,8,0.25,0.0,0.01180585072101379,,,4.0
noisy,1.73,0.0,-0.06690374489872868,8,0.25,0.0,0.0035495967418036757,,,9.0
noisy,1.8199999999999998,0.0,-0.111047887163827,8,0.25,0.0,0.0,,,3.0
noisy,1.91,0.0,-0.02022911576844592,8,0.25,0.0,0.010324926726437702,,,3.0
noisy,2.0,0.0,-0.03616000133211712,8,0.25,0.0,0.023530658112271216,,,6.0
noisy,0.2,0.0,-0.43044384367893634,9,0.25,0.0,0.0,,,10.0
noisy,0.29000000000000004,0.0,-0.4376226811943482,9,0.25,0.0,0.0,,,6.0
noisy,0.38,0.0,-0.2109021899622929,9,0.25,0.0,0.0,,,6.0
noisy,0.47000000000000003,0.0,-0.37362058049349983,9,0.25,0.0,0.0,,,5.0
noisy,0.56,0.0,-0.16743130405627663,9,0.25,0.0,0.0,,,6.0
noisy,0.6499999999999999,0.0,-0.3365558421437929,9,0.25,0.0,0.0,,,5.0
noisy,0.74,0.0,-0.4243405980561253,9,0.25,0.0,0.0,,,4.0
noisy,0.8300000000000001,0.0,-0.30728837602166026,9,0.25,0.0,0.0,,,3.0
noisy,0.9199999999999999,0.0,-0.2982782238769182,9,0.25,0.0,0.0,,,7.0
noisy,1.01,0.0,-0.4875712212203309,9,0.25,0.0,0.0,,,1.0
noisy,1.0999999999999999,0.0,-0.12360916949887668,9,0.25,0.0,0.0,,,4.0
noisy,1.19,0.0,-0.17926232942292453,9,0.25,0.0,0.0011438076119657794,,,1.0
noisy,1.28,0.0,-0.4094343535114535,9,0.25,0.0,0.0,,,10.0
noisy,1.3699999999999999,0.0,-0.4255185107460129,9,0.25,0.0,0.0,,,4.0
noisy,1.46,0.0,-0.20403120146875012,9,0.25,0.0,0.0,,,4.0
noisy,1.5499999999999998,0.0,-0.38486434417296506,9,0.25,0.0,0.0,,,6.0
noisy,1.64,0.0,-0.42983985826434873,9,0.25,0.0,0.0,,,6.0
noisy,1.73,0.0,-0.5421308866876945,9,0.25,0.0,0.0,,,7.0
noisy,1.8199999999999998,0.0,-0.6606385855433613,9,0.25,0.0,0.0,,,6.0
noisy,1.91,0.0,-0.4529898291847798,9,0.25,0.0,0.0,,,6.0
noisy,2.0,0.0,-0.5029149106333661,9,0.25,0.0,0.0,,,8.0
noisy,0.2,0.0,-0.4185178426437119,10,0.25,0.0,0.0,,,12.0
noisy,0.29000000000000004,0.0,-0.41654218954859834,10,0.25,0.0,0.0,,,4.0
noisy,0.38,0.0,-0.32183931005039773,10,0.25,0.0,0.0,,,7.0
noisy,0.47000000000000003,0.0,-0.41041990246778476,10,0.25,0.0,0.0,,,2.0
noisy,0.56,0.0,-0.2529814978979124,10,0.25,0.0,0.0,,,1.0
noisy,0.6499999999999999,0.0,-0.3323964141458163,10,0.25,0.0,0.0,,,4.0
noisy,0.74,0.0,-0.21164817615827777,10,0.25,0.0,0.0,,,4.0
noisy,0.8300000000000001,0.0,-0.185397032263558,10,0.25,0.0,0.0,,,8.0
noisy,0.9199999999999999,0.0,-0.37589773732710724,10,0.25,0.0,0.0,,,3.0
noisy,1.01,0.0,-0.4026193338909963,10,0.25,0.0,0.0,,,4.0
noisy,1.0999999999999999,0.0,-0.30776763820292774,10,0.25,0.0,0.0,,,6.0
noisy,1.19,0.0,-0.3640154428780564,10,0.25,0.0,0.0,,,1.0
noisy,1.28,0.0,-0.4730260175643921,10,0.25,0.0,0.0,,,6.0
noisy,1.3699999999999999,0.0,-0.5108631001354275,10,0.25,0.0,0.0,,,2.0
noisy,1.46,0.0,-0.3809839264987147,10,0.25,0.0,0.0,,,5.0
noisy,1.5499999999999998,0.0,-0.3960824751069189,10,0.25,0.0,0.0,,,6.0
noisy,1.64,0.0,-0.47291703049249817,10,0.25,0.0,0.0,,,2.0
noisy,1.73,0.0,-0.5967891978826935,10,0.25,0.0,0.0,,,9.0
noisy,1.8199999999999998,0.0,-0.5481244330774212,10,0.25,0.0,0.0,,,1.0
noisy,1.91,0.0,-0.6198795465335164,10,0.25,0.0,0.0,,,5.0
noisy,2.0,0.0,-0.7270680774486774,10,0.25,0.0,0.0,,,8.0
noisy,0.2,0.0,-0.44345483686019566,11,0.25,0.0,0.0,,,9.0
noisy,0.29000000000000004,0.0,-0.4382543774280261,11,0.25,0.0,0.0,,,5.0
noisy,0.38,0.0,-0.36694529283319505,11,0.25,0.0,0.0,,,4.0
noisy,0.47000000000000003,0.0,-0.42031168592348706,11,0.25,0.0,0.0,,,3.0
noisy,0.56,0.0,-0.40015818313536494,11,0.25,0.0,0.0,,,2.0
noisy,0.6499999999999999,0.0,-0.30363597348407056,11,0.25,0.0,0.0,,,3.0
noisy,0.74,0.0,-0.3839698582298037,11,0.25,0.0,0.0,,,3.0
noisy,0.8300000000000001,0.0,-0.49443127612001314,11,0.25,0.0,0.0,,,4.0
noisy,0.9199999999999999,0.0,-0.2866131624440436,11,0.25,0.0,0.0,,,4.0
noisy,1.01,0.0,-0.4001111498825057,11,0.25,0.0,0.0,,,6.0
noisy,1.0999999999999999,0.0,-0.40071883754686066,11,0.25,0.0,0.0,,,13.0
noisy,1.19,0.0,-0.5602065728821869,11,0.25,0.0,0.0,,,2.0
noisy,1.28,0.0,-0.5578672811678498,11,0.25,0.0,0.0,,,14.0
noisy,1.3699999999999999,0.0,-0.588049034700218,11,0.25,0.0,0.0,,,16.0
noisy,1.46,0.0,-0.6496588073312766,11,0.25,0.0,0.0,,,3.0
noisy,1.5499999999999998,0.0,-0.58849440924275,11,0.25,0.0,0.0,,,5.0
noisy,1.64,0.0,-0.4487783588770558,11,0.25,0.0,0.0,,,4.0
noisy,1.73,0.0,-0.5053551899268278,11,0.25,0.0,0.0,,,2.0
noisy,1.8199999999999998,0.0,-0.6627897983569947,11,0.25,0.0,0.0,,,4.0
noisy,1.91,0.0,-0.5567049148153803,11,0.25,0.0,0.0,,,1.0
noisy,2.0,0.0,-0.49524196555025063,11,0.25,0.0,0.0,,,5.0
noisy,0.2,0.0,-0.4355246089263651,12,0.25,0.0,0.0,,,9.0
noisy,0.29000000000000004,0.0,-0.3938163544640984,12,0.25,0.0,0.0,,,5.0
noisy,0.38,0.0,-0.4642020911491634,12,0.25,0.0,0.0,,,4.0
noisy,0.47000000000000003,0.0,-0.46852177141947093,12,0.25,0.0,0.0,,,4.0
noisy,0.56,0.0,-0.41769707935330774,12,0.25,0.0,0.0,,,4.0
noisy,0.6499999999999999,0.0,-0.20179513170921437,12,0.25,0.0,0.02029068808600391,,,1.0
noisy,0.74,0.0,-0.42578145611897894,12,0.25,0.0,0.0,,,5.0
noisy,0.8300000000000001,0.0,-0.45112732901158487,12,0.25,0.0,0.0,,,6.0
noisy,0.9199999999999999,0.0,-0.3878406227618072,12,0.25,0.0,0.0,,,4.0
noisy,1.01,0.0,-0.4765742766493555,12,0.25,0.0,0.0,,,5.0
noisy,1.0999999999999999,0.0,-0.5557903614296478,12,0.25,0.0,0.0,,,6.0
noisy,1.19,0.0,-0.44683056231338575,12,0.25,0.0,0.0,,,1.0
noisy,1.28,0.0,-0.43116957320678856,12,0.25,0.0,0.0,,,3.0
noisy,1.3699999999999999,0.0,-0.5856171801424893,12,0.25,0.0,0.0,,,4.0
noisy,1.46,0.0,-0.370589987289929,12,0.25,0.0,0.0,,,5.0
noisy,1.5499999999999998,0.0,-0.7418734040643021,12,0.25,0.0,0.0,,,8.0
noisy,1.64,0.0,-0.5661245203246809,12,0.25,0.0,0.0,,,3.0
noisy,1.73,0.0,-0.7037953811997938,12,0.25,0.0,0.0,,,3.0
noisy,1.8199999999999998,0.0,-0.5924379238796246,12,0.25,0.0,0.0,,,5.0
noisy,1.91,0.0,-0.6235458687694404,12,0.25,0.0,0.0,,,5.0
noisy,2.0,0.0,-0.7072106688845198,12,0.25,0.0,0.0,,,7.0
noisy,0.2,0.0,-0.4701442708310952,13,0.25,0.0,0.0,,,5.0
noisy,0.29000000000000004,0.0,-0.47428802645544216,13,0.25,0.0,0.0,,,2.0
noisy,0.38,0.0,-0.37529302686182703,13,0.25,0.0,0.0,,,1.0
noisy,0.47000000000000003,0.0,-0.516681921806284,13,0.25,0.0,0.0,,,5.0
noisy,0.56,0.0,-0.32551620678308696,13,0.25,0.0,0.0,,,1.0
noisy,0.6499999999999999,0.0,-0.28153841475527597,13,0.25,0.0,0.0,,,1.0
noisy,0.74,0.0,-0.4462594637239281,13,0.25,0.0,0.0,,,3.0
noisy,0.8300000000000001,0.0,-0.5154476447810848,13,0.25,0.0,0.0,,,1.0
noisy,0.9199999999999999,0.0,-0.3045403257800583,13,0.25,0.0,0.0,,,4.0
noisy,1.01,0.0,-0.39639562646378074,13,0.25,0.0,0.0,,,1.0
noisy,1.0999999999999999,0.0,-0.5593993370958269,13,0.25,0.0,0.0,,,3.0
noisy,1.19,0.0,-0.5177112269685131,13,0.25,0.0,0.0,,,4.0
noisy,1.28,0.0,-0.5829732724988483,13,0.25,0.0,0.0,,,4.0
noisy,1.3699999999999999,0.0,-0.6438318056448026,13,0.25,0.0,0.0,,,5.0
noisy,1.46,0.0,-0.5094035426769449,13,0.25,0.0,0.0,,,3.0
noisy,1.5499999999999998,0.0,-0.49474968762425015,13,0.25,0.0,0.0,,,1.0
noisy,1.64,0.0,-0.6067457374441856,13,0.25,0.0,0.0,,,5.0
noisy,1.73,0.0,-0.6589180929336296,13,0.25,0.0,0.0,,,5.0
noisy,1.8199999999999998,0.0,-0.7391513464718709,13,0.25,0.0,0.0,,,4.0
noisy,1.91,0.0,-0.9080241706965735,13,0.25,0.0,0.0,,,5.0
noisy,2.0,0.0,-0.8853248365384806,13,0.25,0.0,0.0,,,3.0
noisy,0.2,0.0,-0.2849232359498667,14,0.25,0.0,0.0,,,1.0
noisy,0.29000000000000004,0.0,-0.35940789388415806,14,0.25,0.0,0.0,,,2.0
noisy,0.38,0.0,-0.6367177715464106,14,0.25,0.0,0.0,,,3.0
noisy,0.47000000000000003,0.0,-0.5331865228029128,14,0.25,0.0,0.0,,,5.0
noisy,0.56,0.0,-0.4159507766430961,14,0.25,0.0,0.0,,,1.0
noisy,0.6499999999999999,0.0,-0.46200573094666836,14,0.25,0.0,0.0,,,2.0
noisy,0.74,0.0,-0.23206037292533002,14,0.25,0.0,0.0,,,1.0
noisy,0.8300000000000001,0.0,-0.3221275622531478,14,0.25,0.0,0.0,,,2.0
noisy,0.9199999999999999,0.0,-0.32575479994136247,14,0.25,0.0,0.0,,,2.0
noisy,1.01,0.0,-0.4218533423782104,14,0.25,0.0,0.0,,,3.0
noisy,1.0999999999999999,0.0,-0.698639716479887,14,0.25,0.0,0.0,,,4.0
noisy,1.19,0.0,-0.6155111837365067,14,0.25,0.0,0.0,,,5.0
noisy,1.28,0.0,-0.3948200625414707,14,0.25,0.0,0.0,,,1.0
noisy,1.3699999999999999,0.0,-0.6539136381303216,14,0.25,0.0,0.0,,,3.0
noisy,1.46,0.0,-0.44143968726150423,14,0.25,0.0,0.0,,,3.0
noisy,1.5499999999999998,0.0,-0.5778318441282092,14,0.25,0.0,0.0,,,2.0
noisy,1.64,0.0,-0.39414167400064026,14,0.25,0.0,0.0,,,1.0
noisy,1.73,0.0,-0.39863244397713743,14,0.25,0.0,0.0,,,1.0
noisy,1.8199999999999998,0.0,-0.9212057435597837,14,0.25,0.0,0.0,,,4.0
noisy,1.91,0.0,-1.0168490959142107,14,0.25,0.0,0.0,,,5.0
noisy,2.0,0.0,-0.6625360194528404,14,0.25,0.0,0.0,,,1.0
noisy,0.2,0.0,-0.27278200453262486,15,0.25,0.0,0.0,,,1.0
noisy,0.29000000000000004,0.0,-0.44010422154790585,15,0.25,0.0,0.0,,,1.0
noisy,0.38,0.0,-0.4935477279950513,15,0.25,0.0,0.0,,,3.0
noisy,0.47000000000000003,0.0,-0.3654671517510268,15,0.25,0.0,0.0,,,1.0
noisy,0.56,0.0,-0.4198536335931989,15,0.25,0.0,0.0,,,3.0
noisy,0.6499999999999999,0.0,-0.4141115721588475,15,0.25,0.0,0.0,,,4.0
noisy,0.74,0.0,-0.5325641717905109,15,0.25,0.0,0.0,,,3.0
noisy,0.8300000000000001,0.0,-0.5580358635817227,15,0.25,0.0,0.0,,,8.0
noisy,0.9199999999999999,0.0,-0.5309593515937644,15,0.25,0.0,0.0,,,2.0
noisy,1.01,0.0,-0.71219706554366,15,0.25,0.0,0.0,,,5.0
noisy,1.0999999999999999,0.0,-0.277288814642569,15,0.25,0.0,0.0,,,1.0
noisy,1.19,0.0,-0.5283420518575436,15,0.25,0.0,0.0,,,2.0
noisy,1.28,0.0,-0.31024718920423083,15,0.25,0.0,0.0,,,1.0
noisy,1.3699999999999999,0.0,-0.47251041496854396,15,0.25,0.0,0.0,,,1.0
noisy,1.46,0.0,-0.5749577292585726,15,0.25,0.0,0.0,,,5.0
noisy,1.5499999999999998,0.0,-0.3980194824290633,15,0.25,0.0,0.0,,,1.0
noisy,1.64,0.0,-0.5200941608957534,15,0.25,0.0,0.0,,,1.0
noisy,1.73,0.0,-0.5632813691658919,15,0.25,0.0,0.0,,,1.0
noisy,1.8199999999999998,0.0,-0.551834978314741,15,0.25,0.0,0.0,,,5.0
noisy,1.91,0.0,-0.5334740647376622,15,0.25,0.0,0.0,,,3.0
noisy,2.0,0.0,-0.8120856919719651,15,0.25,0.0,0.0,,,3.0
noisy,0.2,0.0,-1.760634752505883,16,0.25,0.0,0.0,,,1.0
noisy,0.29000000000000004,0.0,-0.36836598860788133,16,0.25,0.0,0.0,,,1.0
noisy,0.38,0.0,-0.40320242941666645,16,0.25,0.0,0.0,,,1.0
noisy,0.47000000000000003,0.0,-0.3182993252476163,16,0.25,0.0,0.0,,,2.0
noisy,0.56,0.0,-0.34949614000366075,16,0.25,0.0,0.0,,,1.0
noisy,0.6499999999999999,0.0,-0.37442684037326407,16,0.25,0.0,0.0,,,2.0
noisy,0.74,0.0,-0.6053041347004694,16,0.25,0.0,0.0,,,2.0
noisy,0.8300000000000001,0.0,-0.4500550710575511,16,0.25,0.0,0.0,,,1.0
noisy,0.9199999999999999,0.0,-0.4727763250597061,16,0.25,0.0,0.0,,,2.0
noisy,1.01,0.0,-0.38356351032603153,16,0.25,0.0,0.0,,,4.0
noisy,1.0999999999999999,0.0,-0.5402521981126022,16,0.25,0.0,0.0,,,2.0
noisy,1.19,0.0,-0.3787922528486914,16,0.25,0.0,0.0,,,1.0
noisy,1.28,0.0,-0.7241504323841582,16,0.25,0.0,0.0,,,2.0
noisy,1.3699999999999999,0.0,-0.4957293077992985,16,0.25,0.0,0.0,,,2.0
noisy,1.46,0.0,-0.5959427418577102,16,0.25,0.0,0.0,,,1.0
noisy,1.5499999999999998,0.0,-0.47344398221866807,16,0.25,0.0,0.0,,,4.0
noisy,1.64,0.0,-0.6231835695977915,16,0.25,0.0,0.0,,,5.0
noisy,1.73,0.0,-0.7093449899953216,16,0.25,0.0,0.0,,,1.0
noisy,1.8199999999999998,0.0,-0.4177437530100419,16,0.25,0.0,0.0,,,1.0
noisy,1.91,0.0,-0.5118134141959629,16,0.25,0.0,0.0,,,2.0
noisy,2.0,0.0,-0.819585803148557,16,0.25,0.0,0.0,,,3.0
noisy,0.2,0.0,-0.3587626430579674,17,0.25,0.0,0.0,,,2.0
noisy,0.29000000000000004,0.0,-0.33454026622677774,17,0.25,0.0,0.0,,,1.0
noisy,0.38,0.0,-0.3831772027164704,17,0.25,0.0,0.0,,,1.0
noisy,0.47000000000000003,0.0,-0.47430306932902666,17,0.25,0.0,0.0,,,2.0
noisy,0.56,0.0,-0.3322402115924959,17,0.25,0.0,0.0,,,1.0
noisy,0.6499999999999999,0.0,-0.3157203467945297,17,0.25,0.0,0.0,,,1.0
noisy,0.74,0.0,-0.41825475067314155,17,0.25,0.0,0.0,,,1.0
noisy,0.8300000000000001,0.0,-0.33739640407278526,17,0.25,0.0,0.0,,,1.0
noisy,0.9199999999999999,0.0,-0.4043369086260625,17,0.25,0.0,0.0,,,1.0
noisy,1.01,0.0,-0.38665183315463875,17,0.25,0.0,0.0,,,1.0
noisy,1.0999999999999999,0.0,-0.5072958731218709,17,0.25,0.0,0.0,,,3.0
noisy,1.19,0.0,-0.4994742493840791,17,0.25,0.0,0.0,,,2.0
noisy,1.28,0.0,-0.6139623100654016,17,0.25,0.0,0.0,,,3.0
noisy,1.3699999999999999,0.0,-0.4118211278983204,17,0.25,0.0,0.0,,,1.0
noisy,1.46,0.0,-0.4546330705894393,17,0.25,0.0,0.0,,,1.0
noisy,1.5499999999999998,0.0,-0.16518116870543523,17,0.25,0.0,0.07549282730816359,,,2.0
noisy,1.64,0.0,-0.7571244821151946,17,0.25,0.0,0.0,,,1.0
noisy,1.73,0.0,-0.4750070883204993,17,0.25,0.0,0.0,,,4.0
noisy,1.8199999999999998,0.0,-0.7105956462149333,17,0.25,0.0,0.0,,,1.0
noisy,1.91,0.0,-0.6611644136641968,17,0.25,0.0,0.0,,,5.0
noisy,2.0,0.0,-0.8373617742291466,17,0.25,0.0,0.0,,,2.0
noisy,0.2,0.0,-0.5679639842544469,18,0.25,0.0,0.0,,,1.0
noisy,0.29000000000000004,0.0,-0.27542945446464895,18,0.25,0.0,0.021169466875469983,,,2.0
noisy,0.38,0.0,-0.41961168992525355,18,0.25,0.0,0.0,,,1.0
noisy,0.47000000000000003,0.0,-0.608622489866509,18,0.25,0.0,0.0,,,1.0
noisy,0.56,0.0,-0.21468518261379513,18,0.25,0.0,0.03830852449517973,,,0.0
noisy,0.6499999999999999,0.0,-0.5392948227932272,18,0.25,0.0,0.0,,,2.0
noisy,0.74,0.0,-0.5238558382861369,18,0.25,0.0,0.0,,,1.0
noisy,0.8300000000000001,0.0,-0.35317090369081816,18,0.25,0.0,0.0,,,1.0
noisy,0.9199999999999999,0.0,-0.5170423244395952,18,0.25,0.0,0.0,,,2.0
noisy,1.01,0.0,-0.4464699692453891,18,0.25,0.0,0.0,,,1.0
noisy,1.0999999999999999,0.0,-0.46178798682566785,18,0.25,0.0,0.0,,,1.0
noisy,1.19,0.0,-0.5198669127033889,18,0.25,0.0,0.0,,,2.0
noisy,1.28,0.0,-0.3690600856243915,18,0.25,0.0,0.043343501310926444,,,1.0
noisy,1.3699999999999999,0.0,-0.48957747532164103,18,0.25,0.0,0.0,,,3.0
noisy,1.46,0.0,-0.4735967549844928,18,0.25,0.0,0.0,,,2.0
noisy,1.5499999999999998,0.0,-0.5782974556562794,18,0.25,0.0,0.0,,,2.0
noisy,1.64,0.0,-0.4671281076610085,18,0.25,0.0,0.0,,,2.0
noisy,1.73,0.0,-0.2860151759461907,18,0.25,0.0,0.05948654736012472,,,1.0
noisy,1.8199999999999998,0.0,-0.49064693791882674,18,0.25,0.0,0.0,,,1.0
noisy,1.91,0.0,-0.6069208131128587,18,0.25,0.0,0.0,,,3.0
noisy,2.0,0.0,-0.45082085991858795,18,0.25,0.0,0.0,,,1.0
noisy,0.2,0.0,-0.49740031843593163,19,0.25,0.0,0.0,,,2.0
noisy,0.29000000000000004,0.0,-0.48947468334463246,19,0.25,0.0,0.0,,,1.0
noisy,0.38,0.0,-0.9698533694128987,19,0.25,0.0,0.0,,,1.0
noisy,0.47000000000000003,0.0,-0.45406045784972565,19,0.25,0.0,0.0,,,2.0
noisy,0.56,0.0,-0.5120480500889295,19,0.25,0.0,0.0,,,1.0
noisy,0.6499999999999999,0.0,-0.21144355900189446,19,0.25,0.0,0.02346965815627488,,,0.0
noisy,0.74,0.0,-0.5127033909403554,19,0.25,0.0,0.0,,,2.0
noisy,0.8300000000000001,0.0,-0.4709375359389269,19,0.25,0.0,0.0,,,1.0
noisy,0.9199999999999999,0.0,-0.4659369853306155,19,0.25,0.0,0.0,,,1.0
noisy,1.01,0.0,-0.14971785039597565,19,0.25,0.0,0.05021426675264395,,,1.0
noisy,1.0999999999999999,0.0,-0.5546534060073623,19,0.25,0.0,0.0,,,2.0
noisy,1.19,0.0,-0.47869522059829556,19,0.25,0.0,0.0,,,1.0
noisy,1.28,0.0,-0.5666481773474521,19,0.25,0.0,0.0,,,1.0
noisy,1.3699999999999999,0.0,-0.5404940042708609,19,0.25,0.0,0.0,,,1.0
noisy,1.46,0.0,-0.27604603495303265,19,0.25,0.0,0.04978271097019318,,,2.0
noisy,1.5499999999999998,0.0,-0.6413815823526511,19,0.25,0.0,0.0,,,1.0
noisy,1.64,0.0,-0.8188806104147727,19,0.25,0.0,0.0,,,1.0
noisy,1.73,0.0,-0.7426401995328606,19,0.25,0.0,0.0,,,2.0
noisy,1.8199999999999998,0.0,-0.6335509917501035,19,0.25,0.0,0.0,,,1.0
noisy,1.91,0.0,0.041656429589161846,19,0.25,0.0,0.07569562108385804,,,1.0
noisy,2.0,0.0,-0.7489103160493418,19,0.25,0.0,0.0,,,1.0
noisy,0.2,0.0,-0.15633535406097893,1,0.5,0.0,0.0,,,13.0
noisy,0.29000000000000004,0.0,-0.11986962899240157,1,0.5,0.0,0.0,,,10.0
noisy,0.38,0.0,-0.15030796776328748,1,0.5,0.0,0.0,,,4.0
noisy,0.47000000000000003,0.0,-0.05926988270373082,1,0.5,0.0,0.0,,,6.0
noisy,0.56,0.0,0.0074305822541109795,1,0.5,0.0,0.021292104161759032,,,5.0
noisy,0.6499999999999999,0.0,0.03657202377098661,1,0.5,0.0,0.023932027101407856,,,9.0
noisy,0.74,0.0,0.004861757370930684,1,0.5,0.0,0.013468904844526869,,,8.0
noisy,0.8300000000000001,0.0,0.05647771504381558,1,0.5,0.0,0.043035244803613926,,,5.0
noisy,0.9199999999999999,0.0,0.0050221006840204625,1,0.5,0.0,0.006635481837217396,,,7.0
noisy,1.01,0.0,0.027831049151171596,1,0.5,0.0,0.03018900828491113,,,5.0
noisy,1.0999999999999999,0.0,0.06942881643807884,1,0.5,0.0,0.03079009123774112,,,5.0
noisy,1.19,0.0,0.01452876856444296,1,0.5,0.0,0.01750283578173669,,,8.0
noisy,1.28,0.0,0.005539825001884722,1,0.5,0.0,0.03770135347251888,,,6.0
noisy,1.3699999999999999,0.0,0.09128047752997341,1,0.5,0.0,0.07728516340723543,,,7.0
noisy,1.46,0.0,0.11520859545897545,1,0.5,0.0,0.04142233986397028,,,4.0
noisy,1.5499999999999998,0.0,-0.01240119208319311,1,0.5,0.0,0.016937961243481677,,,6.0
noisy,1.64,0.0,0.08233549039344384,1,0.5,0.0,0.046746236673931844,,,7.0
noisy,1.73,0.0,0.013719855937684558,1,0.5,0.0,0.015937305375149344,,,5.0
noisy,1.8199999999999998,0.0,0.07730891743921153,1,0.5,0.0,0.0469654353186113,,,2.0
noisy,1.91,0.0,0.12625818235710948,1,0.5,0.0,0.03286221757345575,,,7.0
noisy,2.0,0.0,0.10233694912890029,1,0.5,0.0,0.04723963553993818,,,4.0
noisy,0.2,0.0,-0.36388783611782743,2,0.5,0.0,0.0,,,10.0
noisy,0.29000000000000004,0.0,-0.36945104512634136,2,0.5,0.0,0.0,,,3.0
noisy,0.38,0.0,-0.21918808318734806,2,0.5,0.0,0.0,,,5.0
noisy,0.47000000000000003,0.0,-0.15730797856202242,2,0.5,0.0,0.00029948272388638736,,,1.0
noisy,0.56,0.0,-0.21691024396167072,2,0.5,0.0,0.0,,,3.0
noisy,0.6499999999999999,0.0,-0.13546523274018693,2,0.5,0.0,0.0,,,2.0
noisy,0.74,0.0,-0.2228123191956104,2,0.5,0.0,0.0,,,4.0
noisy,0.8300000000000001,0.0,-0.15470729298326039,2,0.5,0.0,0.0,,,4.0
noisy,0.9199999999999999,0.0,-0.26840044392322365,2,0.5,0.0,0.0,,,2.0
noisy,1.01,0.0,-0.20397160577018417,2,0.5,0.0,0.0,,,2.0
noisy,1.0999999999999999,0.0,-0.22987807160504073,2,0.5,0.0,0.0,,,2.0
noisy,1.19,0.0,-0.15860943007848818,2,0.5,0.0,0.0,,,5.0
noisy,1.28,0.0,-0.17473000515328782,2,0.5,0.0,0.0,,,5.0
noisy,1.3699999999999999,0.0,-0.199246751678114,2,0.5,0.0,0.0,,,5.0
noisy,1.46,0.0,-0.4420104308077735,2,0.5,0.0,2.9262489015131373e-05,,,4.0
noisy,1.5499999999999998,0.0,-0.15349685826512205,2,0.5,0.0,0.04940094793250224,,,5.0
noisy,1.64,0.0,-0.21127246819571133,2,0.5,0.0,0.0,,,5.0
noisy,1.73,0.0,-0.24300292928089426,2,0.5,0.0,0.0,,,3.0
noisy,1.8199999999999998,0.0,-0.3187578543551335,2,0.5,0.0,0.0,,,4.0
noisy,1.91,0.0,-0.23083917348791172,2,0.5,0.0,0.0014413099532814195,,,6.0
noisy,2.0,0.0,-0.3105487722410666,2,0.5,0.0,0.0,,,5.0
noisy,0.2,0.0,-0.02455736319114025,3,0.5,0.0,0.0,,,0.0
noisy,0.29000000000000004,0.0,-0.03543766630693566,3,0.5,0.0,0.0,,,0.0
noisy,0.38,0.0,0.04769781991120034,3,0.5,0.0,0.09086514422747309,,,0.0
noisy,0.47000000000000003,0.0,0.09938456878755274,3,0.5,0.0,0.11108906788034124,,,0.0
noisy,0.56,0.0,0.33082886814825524,3,0.5,0.0,0.1229230222015599,,,0.0
noisy,0.6499999999999999,0.0,0.3197062575999546,3,0.5,0.0,0.12460602695109504,,,0.0
noisy,0.74,0.0,0.43406504096864196,3,0.5,0.0,0.12988769258445154,,,0.0
noisy,0.8300000000000001,0.0,0.4685676645229926,3,0.5,0.0,0.14018440167335525,,,0.0
noisy,0.9199999999999999,0.0,0.5465909105822571,3,0.5,0.0,0.14675800246540346,,,0.0
noisy,1.01,0.0,0.4803340480581532,3,0.5,0.0,0.13339771800787845,,,0.0
noisy,1.0999999999999999,0.0,0.5894007168459932,3,0.5,0.0,0.14605418983535987,,,0.0
noisy,1.19,0.0,0.5884357570628532,3,0.5,0.0,0.14250323821315145,,,0.0
noisy,1.28,0.0,0.6323235251510514,3,0.5,0.0,0.1489647965808992,,,0.0
noisy,1.3699999999999999,0.0,0.6463726499835882,3,0.5,0.0,0.14889248617995743,,,0.0
noisy,1.46,0.0,0.6467167080771451,3,0.5,0.0,0.14889089262423133,,,0.0
noisy,1.5499999999999998,0.0,0.6513190923333827,3,0.5,0.0,0.14795482567871113,,,0.0
noisy,1.64,0.0,0.6578859703604155,3,0.5,0.0,0.14392946905995596,,,0.0
noisy,1.73,0.0,0.6828652155468639,3,0.5,0.0,0.15142584004316206,,,0.0
noisy,1.8199999999999998,0.0,0.6077595122559369,3,0.5,0.0,0.14404583762608547,,,0.0
noisy,1.91,0.0,0.688860264102761,3,0.5,0.0,0.14877400327592696,,,0.0
noisy,2.0,0.0,0.6403792328349662,3,0.5,0.0,0.14637879726975514,,,0.0
noisy,0.2,0.0,0.00469390570863007,4,0.5,1.0,0.11502800621028662,,,0.0
noisy,0.29000000000000004,0.0,0.006372726592938756,4,0.5,1.0,0.14577115197854745,,,0.0
noisy,0.38,0.0,0.036732068573127004,4,0.5,0.0,0.17111797927476466,,,0.0
noisy,0.47000000000000003,0.0,0.06044701894004468,4,0.5,0.0,0.17275427175109656,,,0.0
noisy,0.56,0.0,0.08548567988271749,4,0.5,0.0,0.1768130829415666,,,0.0
noisy,0.6499999999999999,0.0,0.12635979966348299,4,0.5,0.0,0.1760922785370898,,,0.0
noisy,0.74,0.0,0.3044395427229196,4,0.5,0.0,0.17224968416207995,,,0.0
noisy,0.8300000000000001,0.0,0.3972070150594966,4,0.5,0.0,0.17626043645562683,,,0.0
noisy,0.9199999999999999,0.0,0.5064766593372126,4,0.5,0.0,0.17409839185593753,,,0.0
noisy,1.01,0.0,0.556317381787745,4,0.5,0.0,0.17304987138202574,,,0.0
noisy,1.0999999999999999,0.0,0.6068873043343225,4,0.5,0.0,0.17417964010119905,,,0.0
noisy,1.19,0.0,0.6776538320552552,4,0.5,0.0,0.17481933927334414,,,0.0
noisy,1.28,0.0,0.7140029112502498,4,0.5,0.0,0.1762483430964153,,,0.0
noisy,1.3699999999999999,0.0,0.6795301869046928,4,0.5,0.0,0.17644637221988324,,,0.0
noisy,1.46,0.0,0.7267832383069862,4,0.5,0.0,0.17573056155025138,,,0.0
noisy,1.5499999999999998,0.0,0.6912516578521691,4,0.5,0.0,0.1742529915355635,,,0.0
noisy,1.64,0.0,0.7597393454063545,4,0.5,0.0,0.1754707444666866,,,0.0
noisy,1.73,0.0,0.7298272621960323,4,0.5,0.0,0.17775729885905758,,,0.0
noisy,1.8199999999999998,0.0,0.7576478282614842,4,0.5,0.0,0.17877608241071977,,,0.0
noisy,1.91,0.0,0.7671876579235617,4,0.5,0.0,0.1758415871826571,,,0.0
noisy,2.0,0.0,0.7166982272052591,4,0.5,0.0,0.17748982296941174,,,0.0
noisy,0.2,0.0,-0.057518567131615704,5,0.5,0.0,0.0,,,0.0
noisy,0.29000000000000004,0.0,-0.06879805276974735,5,0.5,0.0,0.0,,,0.0
noisy,0.38,0.0,-0.023786518985456345,5,0.5,0.0,0.006679297383900563,,,0.0
noisy,0.47000000000000003,0.0,0.027964878108640484,5,0.5,0.0,0.01839613878643717,,,0.0
noisy,0.56,0.0,0.04586281834432018,5,0.5,0.0,0.008815378222093367,,,0.0
noisy,0.6499999999999999,0.0,0.028236993981675857,5,0.5,0.0,0.01098352818784435,,,0.0
noisy,0.74,0.0,0.08929612320935375,5,0.5,0.0,0.009556506306367847,,,0.0
noisy,0.8300000000000001,0.0,0.042069292966997,5,0.5,0.0,0.016005689990306566,,,0.0
noisy,0.9199999999999999,0.0,-0.0034081817741262225,5,0.5,0.0,0.017069595591395436,,,0.0
noisy,1.01,0.0,0.04081030659163241,5,0.5,0.0,0.007849238103685846,,,0.0
noisy,1.0999999999999999,0.0,0.11837770158826764,5,0.5,0.0,0.01731366678571939,,,0.0
noisy,1.19,0.0,-0.012127281383922961,5,0.5,0.0,0.0022098316418230693,,,0.0
noisy,1.28,0.0,0.05660255365774441,5,0.5,0.0,0.01111262047593114,,,0.0
noisy,1.3699999999999999,0.0,0.09089525330589089,5,0.5,0.0,0.016881619373936965,,,0.0
noisy,1.46,0.0,0.06351929704445482,5,0.5,0.0,0.015102228712787331,,,0.0
noisy,1.5499999999999998,0.0,0.1103466463892484,5,0.5,0.0,0.0184050779216419,,,0.0
noisy,1.64,0.0,0.08077031348569085,5,0.5,0.0,0.012920123464314258,,,0.0
noisy,1.73,0.0,0.15349586577552599,5,0.5,0.0,0.020809685325734035,,,0.0
noisy,1.8199999999999998,0.0,0.09555987371762253,5,0.5,0.0,0.01354323381142713,,,0.0
noisy,1.91,0.0,0.09424076456887409,5,0.5,0.0,0.012051715666923972,,,0.0
noisy,2.0,0.0,0.08670171193815507,5,0.5,0.0,0.019879028944423362,,,0.0
noisy,0.2,0.0,-0.06016882194375378,6,0.5,0.0,0.0,,,0.0
noisy,0.29000000000000004,0.0,-0.05599505683307412,6,0.5,0.0,0.0,,,0.0
noisy,0.38,0.0,-0.047313661124447015,6,0.5,0.0,0.0,,,0.0
noisy,0.47000000000000003,0.0,-0.04624811700612543,6,0.5,0.0,0.0,,,0.0
noisy,0.56,0.0,-0.04410449935619648,6,0.5,0.0,0.0,,,0.0
noisy,0.6499999999999999,0.0,-0.04525914167105321,6,0.5,0.0,0.0,,,0.0
noisy,0.74,0.0,-0.043196468176177234,6,0.5,0.0,0.0,,,0.0
noisy,0.8300000000000001,0.0,-0.05256321871328155,6,0.5,0.0,0.0,,,0.0
noisy,0.9199999999999999,0.0,-0.042145756425227755,6,0.5,0.0,0.0,,,0.0
noisy,1.01,0.0,-0.056221635131325796,6,0.5,0.0,0.0,,,0.0
noisy,1.0999999999999999,0.0,-0.044337654702588096,6,0.5,0.0,0.0,,,0.0
noisy,1.19,0.0,-0.03904154767229507,6,0.5,0.0,0.0,,,0.0
noisy,1.28,0.0,-0.050051508185752804,6,0.5,0.0,0.0,,,0.0
noisy,1.3699999999999999,0.0,-0.042720076197898554,6,0.5,0.0,0.0,,,0.0
noisy,1.46,0.0,-0.018892788198799332,6,0.5,0.0,0.0,,,0.0
noisy,1.5499999999999998,0.0,-0.03730720025256265,6,0.5,0.0,0.0,,,0.0
noisy,1.64,0.0,-0.04575518254030309,6,0.5,0.0,0.0,,,0.0
noisy,1.73,0.0,-0.061886802515154216,6,0.5,0.0,0.0,,,0.0
noisy,1.8199999999999998,0.0,-0.04327833579195508,6,0.5,0.0,0.0,,,0.0
noisy,1.91,0.0,-0.05085462504464536,6,0.5,0.0,0.0,,,0.0
noisy,2.0,0.0,-0.04436098612875239,6,0.5,0.0,0.0,,,0.0
noisy,0.2,0.0,-0.014211174543716731,7,0.5,0.0,0.00012674312451959506,,,0.0
noisy,0.29000000000000004,0.0,-0.010544757139079696,7,0.5,0.0,0.00022330603268400426,,,0.0
noisy,0.38,0.0,0.001021424139520261,7,0.5,0.0,0.0003075710516549649,,,0.0
noisy,0.47000000000000003,0.0,-0.008238048657426772,7,0.5,0.0,0.0003075977184005724,,,0.0
noisy,0.56,0.0,0.00172386609233923,7,0.5,0.0,0.00022613841204629397,,,0.0
noisy,0.6499999999999999,0.0,-0.0014766085846399403,7,0.5,0.0,0.00023293547999644545,,,0.0
noisy,0.74,0.0,0.01660917858336523,7,0.5,0.0,0.00023240526553826952,,,0.0
noisy,0.8300000000000001,0.0,-0.008496998729014056,7,0.5,0.0,0.00021852058681433512,,,0.0
noisy,0.9199999999999999,0.0,-0.015184387941575743,7,0.5,0.0,0.00016033889239070148,,,0.0
noisy,1.01,0.0,-0.010389619325400466,7,0.5,0.0,0.0002646184676766545,,,0.0
noisy,1.0999999999999999,0.0,-0.006965699854769474,7,0.5,0.0,0.00017903652218893476,,,0.0
noisy,1.19,0.0,0.021961111429693956,7,0.5,0.0,0.00025922286321368877,,,0.0
noisy,1.28,0.0,0.011587220086615654,7,0.5,0.0,0.0002171562555464194,,,0.0
noisy,1.3699999999999999,0.0,0.0034986346967272783,7,0.5,0.0,0.00022264931871703812,,,0.0
noisy,1.46,0.0,-0.012095422854468213,7,0.5,0.0,0.00017995234537168518,,,0.0
noisy,1.5499999999999998,0.0,0.0016495390072238773,7,0.5,0.0,0.0003225720018587927,,,0.0
noisy,1.64,0.0,0.016469851914025214,7,0.5,0.0,0.00025968183614426965,,,0.0
noisy,1.73,0.0,0.01795428840806625,7,0.5,0.0,0.00018940233110156102,,,0.0
noisy,1.8199999999999998,0.0,0.01312234661594324,7,0.5,0.0,0.00015281523700277347,,,0.0
noisy,1.91,0.0,0.008635184295553898,7,0.5,0.0,9.887176772637672e-05,,,0.0
noisy,2.0,0.0,-0.00785396231286575,7,0.5,0.0,6.647756217527471e-05,,,0.0
noisy,0.2,0.0,-0.03997782663943803,8,0.5,0.0,0.0,,,0.0
noisy,0.29000000000000004,0.0,-0.02935339976967023,8,0.5,0.0,0.0,,,0.0
noisy,0.38,0.0,-0.026316221673164015,8,0.5,0.0,0.0,,,0.0
noisy,0.47000000000000003,0.0,-0.0361140260961784,8,0.5,0.0,0.0,,,0.0
noisy,0.56,0.0,-0.031107945265315313,8,0.5,0.0,0.0,,,0.0
noisy,0.6499999999999999,0.0,-0.033189213370400046,8,0.5,0.0,0.0,,,0.0
noisy,0.74,0.0,-0.03436901373723049,8,0.5,0.0,0.0,,,0.0
noisy,0.8300000000000001,0.0,-0.028243133205334437,8,0.5,0.0,0.0,,,0.0
noisy,0.9199999999999999,0.0,-0.02213918816170536,8,0.5,0.0,0.0,,,0.0
noisy,1.01,0.0,-0.03777567627933865,8,0.5,0.0,0.0,,,0.0
noisy,1.0999999999999999,0.0,-0.03740163385676962,8,0.5,0.0,0.0,,,0.0
noisy,1.19,0.0,-0.02761334100472067,8,0.5,0.0,0.0,,,0.0
noisy,1.28,0.0,-0.02660730608390634,8,0.5,0.0,0.0,,,0.0
noisy,1.3699999999999999,0.0,-0.015270308069352747,8,0.5,0.0,0.0,,,0.0
noisy,1.46,0.0,-0.03278403510077053,8,0.5,0.0,0.0,,,0.0
noisy,1.5499999999999998,0.0,-0.03830978549861038,8,0.5,0.0,0.0,,,0.0
noisy,1.64,0.0,-0.03930545957855381,8,0.5,0.0,0.0,,,0.0
noisy,1.73,0.0,-0.03795400984184039,8,0.5,0.0,0.0,,,0.0
noisy,1.8199999999999998,0.0,-0.04348179918116535,8,0.5,0.0,0.0,,,0.0
noisy,1.91,0.0,-0.042929690559307315,8,0.5,0.0,0.0,,,0.0
noisy,2.0,0.0,-0.038126075819681825,8,0.5,0.0,0.0,,,0.0
noisy,0.2,0.0,-0.20962941517321074,9,0.5,0.0,0.0,,,0.0
noisy,0.29000000000000004,0.0,-0.2119850867769756,9,0.5,0.0,0.0,,,0.0
noisy,0.38,0.0,-0.20886793823332703,9,0.5,0.0,0.0,,,0.0
noisy,0.47000000000000003,0.0,-0.21300445607202412,9,0.5,0.0,0.0,,,0.0
noisy,0.56,0.0,-0.2045700066283166,9,0.5,0.0,0.0,,,0.0
noisy,0.6499999999999999,0.0,-0.19291933371727957,9,0.5,0.0,0.0,,,0.0
noisy,0.74,0.0,-0.20488841880301653,9,0.5,0.0,0.0,,,0.0
noisy,0.8300000000000001,0.0,-0.19205480590200508,9,0.5,0.0,0.0,,,0.0
noisy,0.9199999999999999,0.0,-0.20407120842140988,9,0.5,0.0,0.0,,,0.0
noisy,1.01,0.0,-0.1971886466300351,9,0.5,0.0,0.0,,,0.0
noisy,1.0999999999999999,0.0,-0.19593934332339683,9,0.5,0.0,0.0,,,0.0
noisy,1.19,0.0,-0.19328863779072095,9,0.5,0.0,0.0,,,0.0
noisy,1.28,0.0,-0.1967346194477112,9,0.5,0.0,0.0,,,0.0
noisy,1.3699999999999999,0.0,-0.21865238643973742,9,0.5,0.0,0.0,,,0.0
noisy,1.46,0.0,-0.21512633867544917,9,0.5,0.0,0.0,,,0.0
noisy,1.5499999999999998,0.0,-0.21224732465876786,9,0.5,0.0,0.0,,,0.0
noisy,1.64,0.0,-0.21889699053532352,9,0.5,0.0,0.0,,,0.0
noisy,1.73,0.0,-0.2096639013388036,9,0.5,0.0,0.0,,,0.0
noisy,1.8199999999999998,0.0,-0.2145559693735379,9,0.5,0.0,0.0,,,0.0
noisy,1.91,0.0,-0.21953411558099437,9,0.5,0.0,0.0,,,0.0
noisy,2.0,0.0,-0.20854646959201525,9,0.5,0.0,0.0,,,0.0
noisy,0.2,0.0,0.34603534396095403,10,0.5,0.0,0.0035674194839424365,,,0.0
noisy,0.29000000000000004,0.0,0.35211609065784993,10,0.5,0.0,0.0037886533219513695,,,0.0
noisy,0.38,0.0,0.3722954651480288,10,0.5,0.0,0.0038977591888111215,,,0.0
noisy,0.47000000000000003,0.0,0.3352624657803332,10,0.5,0.0,0.00352213873242831,,,0.0
noisy,0.56,0.0,0.34117160451790723,10,0.5,0.0,0.003498568652693601,,,0.0
noisy,0.6499999999999999,0.0,0.3476108456320903,10,0.5,0.0,0.0036080407212198333,,,0.0
noisy,0.74,0.0,0.3512783406233839,10,0.5,0.0,0.003746510184290783,,,0.0
noisy,0.8300000000000001,0.0,0.33436070105010796,10,0.5,0.0,0.0034360350983845085,,,0.0
noisy,0.9199999999999999,0.0,0.3179006705659129,10,0.5,0.0,0.0032405852348175363,,,0.0
noisy,1.01,0.0,0.31792385730332456,10,0.5,0.0,0.003251269236934676,,,0.0
noisy,1.0999999999999999,0.0,0.3175640140030905,10,0.5,0.0,0.0032754216395570403,,,0.0
noisy,1.19,0.0,0.3294013859543545,10,0.5,0.0,0.0035994992934191552,,,0.0
noisy,1.28,0.0,0.3026400091458779,10,0.5,0.0,0.0032537225118662756,,,0.0
noisy,1.3699999999999999,0.0,0.29740425244334623,10,0.5,0.0,0.0030712287623682988,,,0.0
noisy,1.46,0.0,0.30625822645683093,10,0.5,0.0,0.003389758953511482,,,0.0
noisy,1.5499999999999998,0.0,0.31285835524165684,10,0.5,0.0,0.0032374198072602283,,,0.0
noisy,1.64,0.0,0.3044866983621778,10,0.5,0.0,0.0032863042950921043,,,0.0
noisy,1.73,0.0,0.29719858809940375,10,0.5,0.0,0.003035382301741566,,,0.0
noisy,1.8199999999999998,0.0,0.30675607268886335,10,0.5,0.0,0.0032881208686637,,,0.0
noisy,1.91,0.0,0.3058107868157622,10,0.5,0.0,0.0031217122326116157,,,0.0
noisy,2.0,0.0,0.29848704765864853,10,0.5,0.0,0.0032583953599708824,,,0.0
noisy,0.2,0.0,-0.12268808168274044,11,0.5,0.0,0.0,,,0.0
noisy,0.29000000000000004,0.0,-0.08438836213457211,11,0.5,0.0,0.0,,,0.0
noisy,0.38,0.0,-0.08067652401515513,11,0.5,0.0,0.0,,,0.0
noisy,0.47000000000000003,0.0,-0.09754748158340752,11,0.5,0.0,0.0,,,0.0
noisy,0.56,0.0,-0.1030758145689244,11,0.5,0.0,0.0,,,0.0
noisy,0.6499999999999999,0.0,-0.10722883660397109,11,0.5,0.0,0.0,,,0.0
noisy,0.74,0.0,-0.09092910315917252,11,0.5,0.0,0.0,,,0.0
noisy,0.8300000000000001,0.0,-0.12044704817882908,11,0.5,0.0,0.0,,,0.0
noisy,0.9199999999999999,0.0,-0.12308011647962273,11,0.5,0.0,0.0,,,0.0
noisy,1.01,0.0,-0.13283247831234557,11,0.5,0.0,0.0,,,0.0
noisy,1.0999999999999999,0.0,-0.1174677889608375,11,0.5,0.0,0.0,,,0.0
noisy,1.19,0.0,-0.1315195493794941,11,0.5,0.0,0.0,,,0.0
noisy,1.28,0.0,-0.1535901777466222,11,0.5,0.0,0.0,,,0.0
noisy,1.3699999999999999,0.0,-0.14577082622790147,11,0.5,0.0,0.0,,,0.0
noisy,1.46,0.0,-0.11640679595793424,11,0.5,0.0,0.0,,,0.0
noisy,1.5499999999999998,0.0,-0.14850666004084656,11,0.5,0.0,0.0,,,0.0
noisy,1.64,0.0,-0.15119115719798087,11,0.5,0.0,0.0,,,0.0
noisy,1.73,0.0,-0.15004066946759928,11,0.5,0.0,0.0,,,0.0
noisy,1.8199999999999998,0.0,-0.1380946621634053,11,0.5,0.0,0.0,,,0.0
noisy,1.91,0.0,-0.17053486576202567,11,0.5,0.0,0.0,,,0.0
noisy,2.0,0.0,-0.15365262465622173,11,0.5,0.0,0.0,,,0.0
noisy,0.2,0.0,-0.050345210690446895,12,0.5,0.0,0.0,,,0.0
noisy,0.29000000000000004,0.0,-0.05208934261590037,12,0.5,0.0,0.0,,,0.0
noisy,0.38,0.0,-0.048119539758667174,12,0.5,0.0,0.0,,,0.0
noisy,0.47000000000000003,0.0,-0.05591437225332158,12,0.5,0.0,0.0,,,0.0
noisy,0.56,0.0,-0.05261928570805489,12,0.5,0.0,0.0,,,0.0
noisy,0.6499999999999999,0.0,-0.06193850357408373,12,0.5,0.0,0.0,,,0.0
noisy,0.74,0.0,-0.05346619942035561,12,0.5,0.0,0.0,,,0.0
noisy,0.8300000000000001,0.0,-0.06293827321222034,12,0.5,0.0,0.0,,,0.0
noisy,0.9199999999999999,0.0,-0.059489831859554636,12,0.5,0.0,0.0,,,0.0
noisy,1.01,0.0,-0.06395542671266169,12,0.5,0.0,0.0,,,0.0
noisy,1.0999999999999999,0.0,-0.05411937051144917,12,0.5,0.0,0.0,,,0.0
noisy,1.19,0.0,-0.0614474762929374,12,0.5,0.0,0.0,,,0.0
noisy,1.28,0.0,-0.05930074515394788,12,0.5,0.0,0.0,,,0.0
noisy,1.3699999999999999,0.0,-0.05476869923392039,12,0.5,0.0,0.0,,,0.0
noisy,1.46,0.0,-0.06677193809175368,12,0.5,0.0,0.0,,,0.0
noisy,1.5499999999999998,0.0,-0.06165653756757716,12,0.5,0.0,0.0,,,0.0
noisy,1.64,0.0,-0.0644965789177016,12,0.5,0.0,0.0,,,0.0
noisy,1.73,0.0,-0.06416159508351986,12,0.5,0.0,0.0,,,0.0
noisy,1.8199999999999998,0.0,-0.06384887396958684,12,0.5,0.0,0.0,,,0.0
noisy,1.91,0.0,-0.07032116425032213,12,0.5,0.0,0.0,,,0.0
noisy,2.0,0.0,-0.07324392909453643,12,0.5,0.0,0.0,,,0.0
noisy,0.2,0.0,0.0041502460625728295,13,0.5,0.0,0.00012776221503853953,,,0.0
noisy,0.29000000000000004,0.0,-0.003706932908641394,13,0.5,0.0,3.7008277224565565e-05,,,0.0
noisy,0.38,0.0,0.011027562464641802,13,0.5,0.0,0.00018418635451497825,,,0.0
noisy,0.47000000000000003,0.0,0.011922018073096114,13,0.5,0.0,0.00016646935857739391,,,0.0
noisy,0.56,0.0,0.010595971939509301,13,0.5,0.0,0.0002069075611496238,,,0.0
noisy,0.6499999999999999,0.0,0.0018650102658009122,13,0.5,0.0,5.865903634737962e-05,,,0.0
noisy,0.74,0.0,-0.000826833378804708,13,0.5,0.0,1.9867253306152785e-05,,,0.0
noisy,0.8300000000000001,0.0,0.0008278481256675292,13,0.5,0.0,3.081172179579044e-05,,,0.0
noisy,0.9199999999999999,0.0,0.002425028037173718,13,0.5,0.0,9.416152831528191e-05,,,0.0
noisy,1.01,0.0,-0.0007938468993592846,13,0.5,0.0,6.545985514077235e-05,,,0.0
noisy,1.0999999999999999,0.0,0.0019784666006565144,13,0.5,0.0,6.292997682258626e-05,,,0.0
noisy,1.19,0.0,-0.0009444144297969295,13,0.5,0.0,6.967874339646526e-05,,,0.0
noisy,1.28,0.0,-0.007485326926882023,13,0.5,0.0,0.0,,,0.0
noisy,1.3699999999999999,0.0,-0.006020003531602136,13,0.5,0.0,0.0,,,0.0
noisy,1.46,0.0,-0.010565334256161582,13,0.5,0.0,0.0,,,0.0
noisy,1.5499999999999998,0.0,-0.010571258944422748,13,0.5,0.0,0.0,,,0.0
noisy,1.64,0.0,-0.012275511456806327,13,0.5,0.0,0.0,,,0.0
noisy,1.73,0.0,-0.014069056799085045,13,0.5,0.0,0.0,,,0.0
noisy,1.8199999999999998,0.0,-0.013521654236352036,13,0.5,0.0,0.0,,,0.0
noisy,1.91,0.0,-0.014215753482034467,13,0.5,0.0,0.0,,,0.0
noisy,2.0,0.0,-0.02287509242319859,13,0.5,0.0,0.0,,,0.0
noisy,0.2,0.0,-0.05263688087022823,14,0.5,0.0,0.0,,,0.0
noisy,0.29000000000000004,0.0,-0.03051841461321253,14,0.5,0.0,0.0,,,0.0
noisy,0.38,0.0,-0.04429802239892511,14,0.5,0.0,0.0,,,0.0
noisy,0.47000000000000003,0.0,-0.044466266545434265,14,0.5,0.0,0.0,,,0.0
noisy,0.56,0.0,-0.020728597859739278,14,0.5,0.0,0.0,,,0.0
noisy,0.6499999999999999,0.0,-0.03812413177519163,14,0.5,0.0,0.0,,,0.0
noisy,0.74,0.0,-0.03860816543270829,14,0.5,0.0,0.0,,,0.0
noisy,0.8300000000000001,0.0,-0.034523420445964764,14,0.5,0.0,0.0,,,0.0
noisy,0.9199999999999999,0.0,-0.03506929281125759,14,0.5,0.0,0.0,,,0.0
noisy,1.01,0.0,-0.034023341997857205,14,0.5,0.0,0.0,,,0.0
noisy,1.0999999999999999,0.0,-0.04631568487393931,14,0.5,0.0,0.0,,,0.0
noisy,1.19,0.0,-0.040015333067802014,14,0.5,0.0,0.0,,,0.0
noisy,1.28,0.0,-0.03290362348498448,14,0.5,0.0,0.0,,,0.0
noisy,1.3699999999999999,0.0,-0.05636931858009517,14,0.5,0.0,0.0,,,0.0
noisy,1.46,0.0,-0.02952442501949536,14,0.5,0.0,0.0,,,0.0
noisy,1.5499999999999998,0.0,-0.044611456555898536,14,0.5,0.0,0.0,,,0.0
noisy,1.64,0.0,-0.04737486912837966,14,0.5,0.0,0.0,,,0.0
noisy,1.73,0.0,-0.050646666927970145,14,0.5,0.0,0.0,,,0.0
noisy,1.8199999999999998,0.0,-0.03391378804821666,14,0.5,0.0,0.0,,,0.0
noisy,1.91,0.0,-0.052094464233405496,14,0.5,0.0,0.0,,,0.0
noisy,2.0,0.0,-0.0441362347166965,14,0.5,0.0,0.0,,,0.0
noisy,0.2,0.0,-0.024965898796307145,15,0.5,0.0,0.0,,,0.0
noisy,0.29000000000000004,0.0,-0.020212914152928564,15,0.5,0.0,0.0,,,0.0
noisy,0.38,0.0,-0.016402988668981936,15,0.5,0.0,0.0,,,0.0
noisy,0.47000000000000003,0.0,-0.017220142257648337,15,0.5,0.0,0.0,,,0.0
noisy,0.56,0.0,-0.013918224443550434,15,0.5,0.0,0.0,,,0.0
noisy,0.6499999999999999,0.0,-0.03510210774387107,15,0.5,0.0,0.0,,,0.0
noisy,0.74,0.0,-0.02662728068986892,15,0.5,0.0,0.0,,,0.0
noisy,0.8300000000000001,0.0,-0.026807023034845705,15,0.5,0.0,0.0,,,0.0
noisy,0.9199999999999999,0.0,-0.01882502294125971,15,0.5,0.0,0.0,,,0.0
noisy,1.01,0.0,-0.009000392376773516,15,0.5,0.0,1.9929703950745174e-05,,,0.0
noisy,1.0999999999999999,0.0,-0.023250018791843175,15,0.5,0.0,0.0,,,0.0
noisy,1.19,0.0,-0.025161929733866394,15,0.5,0.0,0.0,,,0.0
noisy,1.28,0.0,-0.02160916552935041,15,0.5,0.0,0.0,,,0.0
noisy,1.3699999999999999,0.0,-0.016779372833884285,15,0.5,0.0,4.622009440503568e-05,,,0.0
noisy,1.46,0.0,-0.02852057885015219,15,0.5,0.0,0.0,,,0.0
noisy,1.5499999999999998,0.0,-0.026104026259392805,15,0.5,0.0,0.0,,,0.0
noisy,1.64,0.0,-0.019772626953915264,15,0.5,0.0,0.0,,,0.0
noisy,1.73,0.0,-0.045297344334361604,15,0.5,0.0,0.0,,,0.0
noisy,1.8199999999999998,0.0,-0.03372961778246081,15,0.5,0.0,0.0,,,0.0
noisy,1.91,0.0,-0.0358800463526131,15,0.5,0.0,0.0,,,0.0
noisy,2.0,0.0,-0.03544068535062506,15,0.5,0.0,0.0,,,0.0
noisy,0.2,0.0,-0.6308924055131654,16,0.5,0.0,0.0,,,0.0
noisy,0.29000000000000004,0.0,-0.630261785292639,16,0.5,0.0,0.0,,,0.0
noisy,0.38,0.0,-0.6325532637352919,16,0.5,0.0,0.0,,,0.0
noisy,0.47000000000000003,0.0,-0.6306599210812371,16,0.5,0.0,0.0,,,0.0
noisy,0.56,0.0,-0.6301277378112876,16,0.5,0.0,0.0,,,0.0
noisy,0.6499999999999999,0.0,-0.6317814046205132,16,0.5,0.0,0.0,,,0.0
noisy,0.74,0.0,-0.6304786441265965,16,0.5,0.0,0.0,,,0.0
noisy,0.8300000000000001,0.0,-0.6298024934013463,16,0.5,0.0,0.0,,,0.0
noisy,0.9199999999999999,0.0,-0.6289739258873874,16,0.5,0.0,0.0,,,0.0
noisy,1.01,0.0,-0.6315511781711881,16,0.5,0.0,0.0,,,0.0
noisy,1.0999999999999999,0.0,-0.6318110423224789,16,0.5,0.0,0.0,,,0.0
noisy,1.19,0.0,-0.6314880266419279,16,0.5,0.0,0.0,,,0.0
noisy,1.28,0.0,-0.6297596199834125,16,0.5,0.0,0.0,,,0.0
noisy,1.3699999999999999,0.0,-0.6302717711212454,16,0.5,0.0,0.0,,,0.0
noisy,1.46,0.0,-0.6317192063841478,16,0.5,0.0,0.0,,,0.0
noisy,1.5499999999999998,0.0,-0.6285343984748928,16,0.5,0.0,0.0,,,0.0
noisy,1.64,0.0,-0.6271999863142987,16,0.5,0.0,0.0,,,0.0
noisy,1.73,0.0,-0.6265120434181779,16,0.5,0.0,0.0,,,0.0
noisy,1.8199999999999998,0.0,-0.6281269398772805,16,0.5,0.0,0.0,,,0.0
noisy,1.91,0.0,-0.6271920637441529,16,0.5,0.0,0.0,,,0.0
noisy,2.0,0.0,-0.6284816124886957,16,0.5,0.0,0.0,,,0.0
noisy,0.2,0.0,-0.015973690984749638,17,0.5,0.0,0.0,,,0.0
noisy,0.29000000000000004,0.0,-0.015986601661205406,17,0.5,0.0,0.0,,,0.0
noisy,0.38,0.0,-0.01596010335927962,17,0.5,0.0,0.0,,,0.0
noisy,0.47000000000000003,0.0,-0.01597294953438946,17,0.5,0.0,0.0,,,0.0
noisy,0.56,0.0,-0.015978771002207594,17,0.5,0.0,0.0,,,0.0
noisy,0.6499999999999999,0.0,-0.015954165491376016,17,0.5,0.0,0.0,,,0.0
noisy,0.74,0.0,-0.01597680489502767,17,0.5,0.0,0.0,,,0.0
noisy,0.8300000000000001,0.0,-0.016015158941480482,17,0.5,0.0,0.0,,,0.0
noisy,0.9199999999999999,0.0,-0.015959304316353572,17,0.5,0.0,0.0,,,0.0
noisy,1.01,0.0,-0.016003625758237952,17,0.5,0.0,0.0,,,0.0
noisy,1.0999999999999999,0.0,-0.015954642020629208,17,0.5,0.0,0.0,,,0.0
noisy,1.19,0.0,-0.015946937979524692,17,0.5,0.0,0.0,,,0.0
noisy,1.28,0.0,-0.01595714488589481,17,0.5,0.0,0.0,,,0.0
noisy,1.3699999999999999,0.0,-0.015979296972438023,17,0.5,0.0,0.0,,,0.0
noisy,1.46,0.0,-0.016017966751108958,17,0.5,0.0,0.0,,,0.0
noisy,1.5499999999999998,0.0,-0.0159900152453108,17,0.5,0.0,0.0,,,0.0
noisy,1.64,0.0,-0.016022962249813807,17,0.5,0.0,0.0,,,0.0
noisy,1.73,0.0,-0.01599791360745435,17,0.5,0.0,0.0,,,0.0
noisy,1.8199999999999998,0.0,-0.016022832580428387,17,0.5,0.0,0.0,,,0.0
noisy,1.91,0.0,-0.016026018229905906,17,0.5,0.0,0.0,,,0.0
noisy,2.0,0.0,-0.016010784199082775,17,0.5,0.0,0.0,,,0.0
noisy,0.2,0.0,-0.8563526721405091,18,0.5,0.0,0.0,,,0.0
noisy,0.29000000000000004,0.0,-0.8560225462911529,18,0.5,0.0,0.0,,,0.0
noisy,0.38,0.0,-0.8563566651015891,18,0.5,0.0,0.0,,,0.0
noisy,0.47000000000000003,0.0,-0.85650715877422,18,0.5,0.0,0.0,,,0.0
noisy,0.56,0.0,-0.855874726460501,18,0.5,0.0,0.0,,,0.0
noisy,0.6499999999999999,0.0,-0.8558653403043266,18,0.5,0.0,0.0,,,0.0
noisy,0.74,0.0,-0.8564854492416408,18,0.5,0.0,0.0,,,0.0
noisy,0.8300000000000001,0.0,-0.8563762513739035,18,0.5,0.0,0.0,,,0.0
noisy,0.9199999999999999,0.0,-0.8562261158347253,18,0.5,0.0,0.0,,,0.0
noisy,1.01,0.0,-0.8562878036871568,18,0.5,0.0,0.0,,,0.0
noisy,1.0999999999999999,0.0,-0.8566182098662658,18,0.5,0.0,0.0,,,0.0
noisy,1.19,0.0,-0.855977971275277,18,0.5,0.0,0.0,,,0.0
noisy,1.28,0.0,-0.8560211492121635,18,0.5,0.0,0.0,,,0.0
noisy,1.3699999999999999,0.0,-0.8564686253193033,18,0.5,0.0,0.0,,,0.0
noisy,1.46,0.0,-0.8562038245796711,18,0.5,0.0,0.0,,,0.0
noisy,1.5499999999999998,0.0,-0.8566769988439503,18,0.5,0.0,0.0,,,0.0
noisy,1.64,0.0,-0.8566208158740651,18,0.5,0.0,0.0,,,0.0
noisy,1.73,0.0,-0.8570285142924735,18,0.5,0.0,0.0,,,0.0
noisy,1.8199999999999998,0.0,-0.8563083292035994,18,0.5,0.0,0.0,,,0.0
noisy,1.91,0.0,-0.8561676490880399,18,0.5,0.0,0.0,,,0.0
noisy,2.0,0.0,-0.8567957165172427,18,0.5,0.0,0.0,,,0.0
noisy,0.2,0.0,-0.04094633547045336,19,0.5,0.0,0.0,,,0.0
noisy,0.29000000000000004,0.0,-0.05456147983247684,19,0.5,0.0,0.0,,,0.0
noisy,0.38,0.0,-0.05769694068792653,19,0.5,0.0,0.0,,,0.0
noisy,0.47000000000000003,0.0,-0.04124318004785104,19,0.5,0.0,0.0,,,0.0
noisy,0.56,0.0,-0.03467074245676818,19,0.5,0.0,0.0,,,0.0
noisy,0.6499999999999999,0.0,-0.03723777419749712,19,0.5,0.0,0.0,,,0.0
noisy,0.74,0.0,-0.04742333913446955,19,0.5,0.0,0.0,,,0.0
noisy,0.8300000000000001,0.0,-0.052913100778665324,19,0.5,0.0,0.0,,,0.0
noisy,0.9199999999999999,0.0,-0.0379417144553971,19,0.5,0.0,0.0,,,0.0
noisy,1.01,0.0,-0.032357105773832065,19,0.5,0.0,0.0,,,0.0
noisy,1.0999999999999999,0.0,-0.035711830826671294,19,0.5,0.0,0.0,,,0.0
noisy,1.19,0.0,-0.03295042637032585,19,0.5,0.0,0.0,,,0.0
noisy,1.28,0.0,-0.02972696421659469,19,0.5,0.0,0.0,,,0.0
noisy,1.3699999999999999,0.0,-0.027629046048238032,19,0.5,0.0,2.929968675006454e-06,,,0.0
noisy,1.46,0.0,-0.03878412289371503,19,0.5,0.0,0.0,,,0.0
noisy,1.5499999999999998,0.0,-0.02994784625475634,19,0.5,0.0,0.0,,,0.0
noisy,1.64,0.0,-0.04084704558365886,19,0.5,0.0,0.0,,,0.0
noisy,1.73,0.0,-0.05381174094728703,19,0.5,0.0,0.0,,,0.0
noisy,1.8199999999999998,0.0,-0.041759643652663415,19,0.5,0.0,0.0,,,0.0
noisy,1.91,0.0,-0.03296457452307162,19,0.5,0.0,0.0,,,0.0
noisy,2.0,0.0,-0.05657939486685085,19,0.5,0.0,0.0,,,0.0
noisy,0.2,0.0,0.21699419344533352,1,1.0,1.0,4.379870278178507,,,382.0
noisy,0.29000000000000004,0.0,0.3015236299391328,1,1.0,1.0,6.0639497082261675,,,398.0
noisy,0.38,0.0,0.3849709331828635,1,1.0,1.0,7.767987776640735,,,493.0
noisy,0.47000000000000003,0.0,0.4663632451259246,1,1.0,1.0,9.38524259699556,,,463.0
noisy,0.56,0.0,0.5557148213736464,1,1.0,1.0,9.905136043886877,,,459.0
noisy,0.6499999999999999,0.0,0.638287545364986,1,1.0,1.0,9.906029079449265,,,440.0
noisy,0.74,0.0,0.7217334102180465,1,1.0,1.0,9.90555640521436,,,437.0
noisy,0.8300000000000001,0.0,0.8065817516736639,1,1.0,1.0,9.907726042645901,,,381.0
noisy,0.9199999999999999,0.0,0.9051715797579708,1,1.0,1.0,9.908260425289516,,,397.0
noisy,1.01,0.0,0.9948870532883435,1,1.0,1.0,9.90869438687424,,,351.0
noisy,1.0999999999999999,0.0,1.0746128784604707,1,1.0,1.0,9.909729612770553,,,319.0
noisy,1.19,0.0,1.159896300112087,1,1.0,1.0,9.910990945100654,,,290.0
noisy,1.28,0.0,1.2440355192726797,1,1.0,1.0,9.90453570689799,,,294.0
noisy,1.3699999999999999,0.0,1.3219458104737087,1,1.0,1.0,9.90831152063851,,,284.0
noisy,1.46,0.0,1.4208914839480233,1,1.0,1.0,9.90468507889068,,,265.0
noisy,1.5499999999999998,0.0,1.496219067631783,1,1.0,1.0,9.913555458158347,,,242.0
noisy,1.64,0.0,1.5767630953635574,1,1.0,1.0,9.911863560670204,,,224.0
noisy,1.73,0.0,1.653439790782313,1,1.0,1.0,9.905447172530367,,,229.0
noisy,1.8199999999999998,0.0,1.749622843426139,1,1.0,1.0,9.91112628182977,,,229.0
noisy,1.91,0.0,1.8172844956311927,1,1.0,1.0,9.912507975770076,,,224.0
noisy,2.0,0.0,1.896771449052532,1,1.0,1.0,9.913060556065435,,,188.0
noisy,0.2,0.0,0.21675784066259518,2,1.0,1.0,4.377735743971928,,,375.0
noisy,0.29000000000000004,0.0,0.30058432834058446,2,1.0,1.0,6.071732079947766,,,348.0
noisy,0.38,0.0,0.3875389874562825,2,1.0,1.0,7.808792096652965,,,449.0
noisy,0.47000000000000003,0.0,0.47591860902306155,2,1.0,1.0,9.565755308270198,,,485.0
noisy,0.56,0.0,0.5540526692239743,2,1.0,1.0,9.904326137723459,,,505.0
noisy,0.6499999999999999,0.0,0.6358366393075525,2,1.0,1.0,9.905127459954862,,,461.0
noisy,0.74,0.0,0.7223122668372479,2,1.0,1.0,9.90355470366769,,,387.0
noisy,0.8300000000000001,0.0,0.8056743077704881,2,1.0,1.0,9.905204730618518,,,368.0
noisy,0.9199999999999999,0.0,0.898276165137073,2,1.0,1.0,9.908443864594544,,,367.0
noisy,1.01,0.0,0.9914980008268843,2,1.0,1.0,9.90887078188616,,,323.0
noisy,1.0999999999999999,0.0,1.0777110569250405,2,1.0,1.0,9.907327267665638,,,319.0
noisy,1.19,0.0,1.1578292067754807,2,1.0,1.0,9.91009054135408,,,296.0
noisy,1.28,0.0,1.2477721329322977,2,1.0,1.0,9.906455329021508,,,277.0
noisy,1.3699999999999999,0.0,1.3212508740119884,2,1.0,1.0,9.909706568806191,,,261.0
noisy,1.46,0.0,1.4069670986396854,2,1.0,1.0,9.913722964889441,,,231.0
noisy,1.5499999999999998,0.0,1.4944884113927361,2,1.0,1.0,9.913849542573507,,,210.0
noisy,1.64,0.0,1.5765301123444064,2,1.0,1.0,9.910834082081815,,,222.0
noisy,1.73,0.0,1.6638440586683305,2,1.0,1.0,9.907069378842758,,,221.0
noisy,1.8199999999999998,0.0,1.5905378644040253,2,1.0,0.6666666666666666,9.90902104678252,,,20.0
noisy,1.91,0.0,1.8294721175486783,2,1.0,1.0,9.915106944107318,,,190.0
noisy,2.0,0.0,1.9098789193815071,2,1.0,1.0,9.916132531616185,,,192.0
noisy,0.2,0.0,0.21609907000282472,3,1.0,1.0,4.404558774340142,,,391.0
noisy,0.29000000000000004,0.0,0.30297261217424903,3,1.0,1.0,6.097337528436747,,,458.0
noisy,0.38,0.0,0.3827146287812721,3,1.0,1.0,7.722779206355537,,,440.0
noisy,0.47000000000000003,0.0,0.47043077233062025,3,1.0,1.0,9.528268174385007,,,525.0
noisy,0.56,0.0,0.551898622756288,3,1.0,1.0,9.904460264256661,,,525.0
noisy,0.6499999999999999,0.0,0.6367946745946704,3,1.0,1.0,9.90351907712963,,,469.0
noisy,0.74,0.0,0.7213156534166923,3,1.0,1.0,9.905530250721046,,,431.0
noisy,0.8300000000000001,0.0,0.805378422502342,3,1.0,1.0,9.904571163508484,,,400.0
noisy,0.9199999999999999,0.0,0.8981604130582698,3,1.0,1.0,9.907398963362619,,,389.0
noisy,1.01,0.0,0.9878305798610509,3,1.0,1.0,9.902327400396539,,,351.0
noisy,1.0999999999999999,0.0,1.0737416886175062,3,1.0,1.0,9.909044677977503,,,327.0
noisy,1.19,0.0,1.1595199483548038,3,1.0,1.0,9.903965263930347,,,306.0
noisy,1.28,0.0,1.2461181812123534,3,1.0,1.0,9.904717617424556,,,279.0
noisy,1.3699999999999999,0.0,1.3304812515668187,3,1.0,1.0,9.908076434679982,,,246.0
noisy,1.46,0.0,1.4135360347135026,3,1.0,1.0,9.907704859002951,,,267.0
noisy,1.5499999999999998,0.0,1.4905017825704407,3,1.0,1.0,9.912243513883583,,,244.0
noisy,1.64,0.0,1.5827918230414137,3,1.0,1.0,9.910906529313763,,,228.0
noisy,1.73,0.0,1.6602646485508303,3,1.0,1.0,9.907794262722312,,,216.0
noisy,1.8199999999999998,0.0,1.743133734324487,3,1.0,1.0,9.915559764930865,,,208.0
noisy,1.91,0.0,1.8244856472724382,3,1.0,1.0,9.910756049737145,,,201.0
noisy,2.0,0.0,1.9202754008120106,3,1.0,1.0,9.909165581053122,,,184.0
noisy,0.2,0.0,0.21656276090751012,4,1.0,1.0,4.396226074809054,,,410.0
noisy,0.29000000000000004,0.0,0.3006283562578908,4,1.0,1.0,6.10870340691094,,,400.0
noisy,0.38,0.0,0.3859302435565082,4,1.0,1.0,7.740090374228343,,,491.0
noisy,0.47000000000000003,0.0,0.4657347833643284,4,1.0,1.0,9.353983608900208,,,496.0
noisy,0.56,0.0,0.5519912017329195,4,1.0,1.0,9.90297749808108,,,467.0
noisy,0.6499999999999999,0.0,0.6371257944007932,4,1.0,1.0,9.904330262674842,,,457.0
noisy,0.74,0.0,0.7246991741622738,4,1.0,1.0,9.907033064290545,,,437.0
noisy,0.8300000000000001,0.0,0.809393108141816,4,1.0,1.0,9.906033858624392,,,371.0
noisy,0.9199999999999999,0.0,0.900096351185112,4,1.0,1.0,9.908724100593163,,,341.0
noisy,1.01,0.0,0.9888019954441182,4,1.0,1.0,9.90535786797046,,,356.0
noisy,1.0999999999999999,0.0,1.075005427055033,4,1.0,1.0,9.90866158219267,,,292.0
noisy,1.19,0.0,1.1671821481066427,4,1.0,1.0,9.908388349107357,,,275.0
noisy,1.28,0.0,1.240475015499873,4,1.0,1.0,9.907281339950805,,,285.0
noisy,1.3699999999999999,0.0,1.3290296814882476,4,1.0,1.0,9.911331335353358,,,292.0
noisy,1.46,0.0,1.4172594634242432,4,1.0,1.0,9.909842040920537,,,234.0
noisy,1.5499999999999998,0.0,1.4970255185829109,4,1.0,1.0,9.906783460904782,,,265.0
noisy,1.64,0.0,1.581453890170806,4,1.0,1.0,9.907490177879756,,,206.0
noisy,1.73,0.0,1.6618109913544707,4,1.0,1.0,9.908394505971899,,,228.0
noisy,1.8199999999999998,0.0,1.6148718687641954,4,1.0,0.6666666666666666,9.90521366076249,,,28.0
noisy,1.91,0.0,1.8371107925351435,4,1.0,1.0,9.91098479509285,,,182.0
noisy,2.0,0.0,1.9203930171650458,4,1.0,1.0,9.919265201853637,,,192.0
noisy,0.2,0.0,0.217687465727899,5,1.0,1.0,4.486022693619192,,,391.0
noisy,0.29000000000000004,0.0,0.30511554447071515,5,1.0,1.0,6.153178054983885,,,422.0
noisy,0.38,0.0,0.3811070179651897,5,1.0,1.0,7.699260809150026,,,501.0
noisy,0.47000000000000003,0.0,0.46918604537050596,5,1.0,1.0,9.522520658874024,,,533.0
noisy,0.56,0.0,0.5514794250472977,5,1.0,1.0,9.903106752188878,,,512.0
noisy,0.6499999999999999,0.0,0.6406855693906456,5,1.0,1.0,9.904267836910812,,,395.0
noisy,0.74,0.0,0.7215157772558604,5,1.0,1.0,9.906815010221578,,,441.0
noisy,0.8300000000000001,0.0,0.8108173210143369,5,1.0,1.0,9.904922579442273,,,395.0
noisy,0.9199999999999999,0.0,0.8934343915809705,5,1.0,1.0,9.907793084145265,,,342.0
noisy,1.01,0.0,0.9856379612415337,5,1.0,1.0,9.909411099093335,,,353.0
noisy,1.0999999999999999,0.0,1.0783617049049405,5,1.0,1.0,9.908858024612519,,,336.0
noisy,1.19,0.0,1.1680489899181878,5,1.0,1.0,9.911750664739206,,,335.0
noisy,1.28,0.0,1.2589461784035827,5,1.0,1.0,9.912142322939467,,,238.0
noisy,1.3699999999999999,0.0,1.3281731158939252,5,1.0,1.0,9.906705055216618,,,276.0
noisy,1.46,0.0,1.4139388923062735,5,1.0,1.0,9.913878780884387,,,253.0
noisy,1.5499999999999998,0.0,1.4946049114301598,5,1.0,1.0,9.914183846315408,,,247.0
noisy,1.64,0.0,1.5826060943916682,5,1.0,1.0,9.912045259462113,,,232.0
noisy,1.73,0.0,1.6635445659230843,5,1.0,1.0,9.911925052333968,,,232.0
noisy,1.8199999999999998,0.0,1.7412705330238218,5,1.0,1.0,9.915181193252517,,,206.0
noisy,1.91,0.0,1.8245347132175478,5,1.0,1.0,9.916614005425124,,,192.0
noisy,2.0,0.0,1.89797164824872,5,1.0,1.0,9.910846281886235,,,173.0
noisy,0.2,0.0,0.21575570812659764,6,1.0,1.0,4.412927354233695,,,387.0
noisy,0.29000000000000004,0.0,0.2981555023309445,6,1.0,1.0,5.9769306144920265,,,400.0
noisy,0.38,0.0,0.38177343356562715,6,1.0,1.0,7.6806368145065145,,,461.0
noisy,0.47000000000000003,0.0,0.4644138345472506,6,1.0,1.0,9.352133993342765,,,497.0
noisy,0.56,0.0,0.5528120425751891,6,1.0,1.0,9.903292265160788,,,492.0
noisy,0.6499999999999999,0.0,0.6360754027398485,6,1.0,1.0,9.902631894619288,,,450.0
noisy,0.74,0.0,0.7218945189632661,6,1.0,1.0,9.906704184081981,,,442.0
noisy,0.8300000000000001,0.0,0.8040518838069519,6,1.0,1.0,9.905104345920037,,,390.0
noisy,0.9199999999999999,0.0,0.9024525311278123,6,1.0,1.0,9.908369839712426,,,350.0
noisy,1.01,0.0,0.9919890742647531,6,1.0,1.0,9.904539143484412,,,342.0
noisy,1.0999999999999999,0.0,1.0766476414867079,6,1.0,1.0,9.910636121011391,,,314.0
noisy,1.19,0.0,1.1759814362173024,6,1.0,1.0,9.91088944711477,,,283.0
noisy,1.28,0.0,1.2433781924709193,6,1.0,1.0,9.910327541576333,,,301.0
noisy,1.3699999999999999,0.0,1.3227682335391717,6,1.0,1.0,9.911111349455117,,,264.0
noisy,1.46,0.0,1.4123911885144187,6,1.0,1.0,9.909143199448803,,,263.0
noisy,1.5499999999999998,0.0,1.4916560198101327,6,1.0,1.0,9.909191088029205,,,227.0
noisy,1.64,0.0,1.5881701426477708,6,1.0,1.0,9.916565372674448,,,239.0
noisy,1.73,0.0,1.6667249024483437,6,1.0,1.0,9.916256099432447,,,214.0
noisy,1.8199999999999998,0.0,1.6253984529413834,6,1.0,0.6666666666666666,9.917037986380624,,,232.0
noisy,1.91,0.0,1.6888554575495422,6,1.0,0.6666666666666666,9.917492986953434,,,208.0
noisy,2.0,0.0,1.90231852297151,6,1.0,1.0,9.91848904004978,,,182.0
noisy,0.2,0.0,0.21851163443398255,7,1.0,1.0,4.4087884346244985,,,370.0
noisy,0.29000000000000004,0.0,0.30288439133689815,7,1.0,1.0,6.069832753097659,,,414.0
noisy,0.38,0.0,0.38632021509562403,7,1.0,1.0,7.806621556768421,,,495.0
noisy,0.47000000000000003,0.0,0.46755448479732803,7,1.0,1.0,9.374989784219927,,,454.0
noisy,0.56,0.0,0.5542051421126081,7,1.0,1.0,9.90243843212718,,,443.0
noisy,0.6499999999999999,0.0,0.6355804596780117,7,1.0,1.0,9.904150577770084,,,409.0
noisy,0.74,0.0,0.7225849091455006,7,1.0,1.0,9.905262026408836,,,440.0
noisy,0.8300000000000001,0.0,0.8082810132013307,7,1.0,1.0,9.90614695839918,,,392.0
noisy,0.9199999999999999,0.0,0.8941592631722647,7,1.0,1.0,9.906286751712422,,,340.0
noisy,1.01,0.0,0.9859978307528294,7,1.0,1.0,9.907244433360708,,,396.0
noisy,1.0999999999999999,0.0,1.0679151149990849,7,1.0,1.0,9.909371848763804,,,319.0
noisy,1.19,0.0,1.1554972361549363,7,1.0,1.0,9.908678081021652,,,313.0
noisy,1.28,0.0,1.2465132473101885,7,1.0,1.0,9.912020767282327,,,274.0
noisy,1.3699999999999999,0.0,1.2211355646319522,7,1.0,0.6666666666666666,9.904135241638425,,,265.0
noisy,1.46,0.0,1.4066631761279529,7,1.0,1.0,9.912081366193119,,,246.0
noisy,1.5499999999999998,0.0,1.4950841052667876,7,1.0,1.0,9.910574702963128,,,238.0
noisy,1.64,0.0,1.5744694927754843,7,1.0,1.0,9.912122996391552,,,230.0
noisy,1.73,0.0,1.6459470536637653,7,1.0,0.6666666666666666,9.909631873156215,,,222.0
noisy,1.8199999999999998,0.0,1.5739017947275311,7,1.0,0.6666666666666666,9.910558161919035,,,201.0
noisy,1.91,0.0,1.8252758257094663,7,1.0,1.0,9.91844699467228,,,191.0
noisy,2.0,0.0,1.7431792845255503,7,1.0,0.6666666666666666,9.902410643438216,,,177.0
noisy,0.2,0.0,0.21350579727251806,8,1.0,1.0,4.358391961518331,,,324.0
noisy,0.29000000000000004,0.0,0.29812523219259196,8,1.0,1.0,5.9879319275185825,,,436.0
noisy,0.38,0.0,0.3854876678161314,8,1.0,1.0,7.753475417503496,,,464.0
noisy,0.47000000000000003,0.0,0.4658172078491655,8,1.0,1.0,9.34875172363377,,,475.0
noisy,0.56,0.0,0.5531737078804156,8,1.0,1.0,9.903884741470758,,,471.0
noisy,0.6499999999999999,0.0,0.6357108351391546,8,1.0,1.0,9.90538317402557,,,409.0
noisy,0.74,0.0,0.7215432138392471,8,1.0,1.0,9.906995554610653,,,404.0
noisy,0.8300000000000001,0.0,0.8073268288962524,8,1.0,1.0,9.90057484867827,,,397.0
noisy,0.9199999999999999,0.0,0.8965155345384946,8,1.0,1.0,9.903951491504461,,,349.0
noisy,1.01,0.0,0.9870226085273345,8,1.0,1.0,9.904637385428115,,,348.0
noisy,1.0999999999999999,0.0,1.0669009501300113,8,1.0,1.0,9.910643316571445,,,335.0
noisy,1.19,0.0,1.1581954294108538,8,1.0,1.0,9.908558668478607,,,294.0
noisy,1.28,0.0,1.2459527482137878,8,1.0,1.0,9.909476454878952,,,303.0
noisy,1.3699999999999999,0.0,1.326233938701674,8,1.0,1.0,9.913005012456777,,,273.0
noisy,1.46,0.0,1.4143911298946676,8,1.0,1.0,9.912374052506678,,,213.0
noisy,1.5499999999999998,0.0,1.490692675709741,8,1.0,1.0,9.914732579415363,,,250.0
noisy,1.64,0.0,1.58368829130497,8,1.0,1.0,9.91270091006084,,,225.0
noisy,1.73,0.0,1.5365049982211858,8,1.0,0.6666666666666666,9.916799948186982,,,40.0
noisy,1.8199999999999998,0.0,1.7370564190083144,8,1.0,1.0,9.91511289229158,,,214.0
noisy,1.91,0.0,1.6922351226077936,8,1.0,0.6666666666666666,9.917755681210842,,,35.0
noisy,2.0,0.0,1.9190579097230838,8,1.0,1.0,9.919752028407508,,,185.0
noisy,0.2,0.0,0.2157187488326353,9,1.0,1.0,4.3281097424579205,,,420.0
noisy,0.29000000000000004,0.0,0.3003996201381545,9,1.0,1.0,6.0276697711731515,,,435.0
noisy,0.38,0.0,0.382343903907919,9,1.0,1.0,7.6551798218547225,,,450.0
noisy,0.47000000000000003,0.0,0.46543568101590793,9,1.0,1.0,9.335919480853622,,,535.0
noisy,0.56,0.0,0.5539076907462661,9,1.0,1.0,9.905021473093841,,,479.0
noisy,0.6499999999999999,0.0,0.6384633399416805,9,1.0,1.0,9.904531895155143,,,453.0
noisy,0.74,0.0,0.722170966551469,9,1.0,1.0,9.90646972895954,,,407.0
noisy,0.8300000000000001,0.0,0.8091940671078159,9,1.0,1.0,9.903819934241142,,,363.0
noisy,0.9199999999999999,0.0,0.9043184343378557,9,1.0,1.0,9.909444916517524,,,370.0
noisy,1.01,0.0,0.9869424742702787,9,1.0,1.0,9.908829389273444,,,334.0
noisy,1.0999999999999999,0.0,1.0710525559697124,9,1.0,1.0,9.908060854124809,,,327.0
noisy,1.19,0.0,1.1569163687377568,9,1.0,1.0,9.911053327034386,,,319.0
noisy,1.28,0.0,1.136656807051222,9,1.0,0.6666666666666666,9.909091814099028,,,297.0
noisy,1.3699999999999999,0.0,1.320248867993585,9,1.0,1.0,9.907925676404894,,,267.0
noisy,1.46,0.0,1.221592054056486,9,1.0,0.3333333333333333,9.901286270728757,,,286.0
noisy,1.5499999999999998,0.0,1.4874860429847476,9,1.0,1.0,9.91221095696207,,,258.0
noisy,1.64,0.0,1.4536048748328942,9,1.0,0.6666666666666666,9.90399677710368,,,229.0
noisy,1.73,0.0,1.6576355204818702,9,1.0,1.0,9.91677620224581,,,224.0
noisy,1.8199999999999998,0.0,1.445537802454723,9,1.0,0.3333333333333333,9.910947713474782,,,29.0
noisy,1.91,0.0,1.3986626758595178,9,1.0,0.0,1.570638389429005,,,32.0
noisy,2.0,0.0,1.8783510397688328,9,1.0,1.0,9.908914927799346,,,174.0
noisy,0.2,0.0,0.21999033385451935,10,1.0,1.0,4.433523771461764,,,402.0
noisy,0.29000000000000004,0.0,0.2970759320215923,10,1.0,1.0,6.00352645996093,,,428.0
noisy,0.38,0.0,0.38242700020554476,10,1.0,1.0,7.694336064529728,,,497.0
noisy,0.47000000000000003,0.0,0.46786111767098865,10,1.0,1.0,9.454512051854438,,,487.0
noisy,0.56,0.0,0.5548635955705695,10,1.0,1.0,9.90541003021779,,,513.0
noisy,0.6499999999999999,0.0,0.6357781376542694,10,1.0,0.6666666666666666,9.90468949518316,,,465.0
noisy,0.74,0.0,0.7176304243657802,10,1.0,1.0,9.907073500059585,,,446.0
noisy,0.8300000000000001,0.0,0.8072508215462931,10,1.0,1.0,9.90801754264139,,,405.0
noisy,0.9199999999999999,0.0,0.8955902921865383,10,1.0,1.0,9.90615195403221,,,364.0
noisy,1.01,0.0,0.9887119273841253,10,1.0,1.0,9.908448379409528,,,330.0
noisy,1.0999999999999999,0.0,1.0600554622064342,10,1.0,1.0,9.90832706179195,,,332.0
noisy,1.19,0.0,1.158247523706421,10,1.0,1.0,9.910649069556063,,,296.0
noisy,1.28,0.0,1.2409060822184257,10,1.0,1.0,9.910549489076704,,,280.0
noisy,1.3699999999999999,0.0,1.2190017990832944,10,1.0,0.6666666666666666,9.906684106187061,,,29.0
noisy,1.46,0.0,1.4079837690389336,10,1.0,1.0,9.913668488355363,,,232.0
noisy,1.5499999999999998,0.0,1.3823325378321212,10,1.0,0.6666666666666666,9.900872432966944,,,31.0
noisy,1.64,0.0,1.5839744678498358,10,1.0,1.0,9.9166800416549,,,235.0
noisy,1.73,0.0,1.6516030966213968,10,1.0,1.0,9.916472148672707,,,219.0
noisy,1.8199999999999998,0.0,1.4296990462726622,10,1.0,0.3333333333333333,9.916987371029654,,,185.0
noisy,1.91,0.0,1.818324305461423,10,1.0,1.0,9.910818589027249,,,175.0
noisy,2.0,0.0,1.8802459311705153,10,1.0,0.6666666666666666,9.918313257694717,,,151.0
noisy,0.2,0.0,0.2169470636968601,11,1.0,1.0,4.368824046324205,,,401.0
noisy,0.29000000000000004,0.0,0.2994355085866313,11,1.0,1.0,6.0825492142932,,,449.0
noisy,0.38,0.0,0.38749094057109423,11,1.0,1.0,7.803492886282838,,,507.0
noisy,0.47000000000000003,0.0,0.4674422368252789,11,1.0,1.0,9.44352168365586,,,511.0
noisy,0.56,0.0,0.5495848903950167,11,1.0,1.0,9.9052369010556,,,487.0
noisy,0.6499999999999999,0.0,0.6365308951395152,11,1.0,0.3333333333333333,9.904831877422483,,,419.0
noisy,0.74,0.0,0.7210450949226132,11,1.0,1.0,9.904227360319393,,,378.0
noisy,0.8300000000000001,0.0,0.8071799275230392,11,1.0,1.0,9.901844338242382,,,387.0
noisy,0.9199999999999999,0.0,0.8921445990249149,11,1.0,1.0,9.908715938046498,,,343.0
noisy,1.01,0.0,0.98327218449023,11,1.0,0.6666666666666666,9.905839957759754,,,361.0
noisy,1.0999999999999999,0.0,1.0752069310115198,11,1.0,0.6666666666666666,9.90352285299651,,,318.0
noisy,1.19,0.0,1.1566898502052798,11,1.0,1.0,9.9102255334586,,,309.0
noisy,1.28,0.0,1.2404372522589606,11,1.0,0.6666666666666666,9.91272973245861,,,279.0
noisy,1.3699999999999999,0.0,1.3211145663915145,11,1.0,0.6666666666666666,9.912879764031912,,,257.0
noisy,1.46,0.0,1.4018434489321479,11,1.0,1.0,9.913437417785056,,,262.0
noisy,1.5499999999999998,0.0,1.4855411995939802,11,1.0,0.6666666666666666,9.91127579347837,,,233.0
noisy,1.64,0.0,1.568294242656548,11,1.0,1.0,9.91225275646361,,,232.0
noisy,1.73,0.0,1.397845164850317,11,1.0,0.3333333333333333,9.902522181014385,,,32.0
noisy,1.8199999999999998,0.0,1.7200476536086313,11,1.0,1.0,9.912501224869162,,,216.0
noisy,1.91,0.0,1.6780090091377098,11,1.0,0.3333333333333333,9.910008898467037,,,210.0
noisy,2.0,0.0,1.893774985414635,11,1.0,0.6666666666666666,9.919824423148082,,,187.0
noisy,0.2,0.0,0.21871009331965185,12,1.0,1.0,4.426543207476916,,,365.0
noisy,0.29000000000000004,0.0,0.3013329513877645,12,1.0,1.0,6.049224158598488,,,426.0
noisy,0.38,0.0,0.38486581637939815,12,1.0,1.0,7.73412050448814,,,478.0
noisy,0.47000000000000003,0.0,0.4676384717556117,12,1.0,1.0,9.448778761918794,,,531.0
noisy,0.56,0.0,0.5483352494456947,12,1.0,0.3333333333333333,9.902580496892995,,,443.0
noisy,0.6499999999999999,0.0,0.6339807573966026,12,1.0,0.3333333333333333,9.90409475721894,,,432.0
noisy,0.74,0.0,0.7188721465959745,12,1.0,0.3333333333333333,9.90656519384935,,,438.0
noisy,0.8300000000000001,0.0,0.8058307089729221,12,1.0,0.0,9.853608292335302,,,424.0
noisy,0.9199999999999999,0.0,0.891563270221631,12,1.0,0.3333333333333333,9.9078825207019,,,372.0
noisy,1.01,0.0,0.9773061307082044,12,1.0,0.3333333333333333,9.900440014537557,,,361.0
noisy,1.0999999999999999,0.0,1.0752055845569173,12,1.0,0.3333333333333333,9.90458398283412,,,304.0
noisy,1.19,0.0,1.1600642768186888,12,1.0,1.0,9.91047697383561,,,290.0
noisy,1.28,0.0,1.241269798074683,12,1.0,0.3333333333333333,9.907867061174626,,,273.0
noisy,1.3699999999999999,0.0,1.3207188628627717,12,1.0,0.6666666666666666,9.909993495388479,,,294.0
noisy,1.46,0.0,1.1702917921401967,12,1.0,0.3333333333333333,9.909487606205174,,,252.0
noisy,1.5499999999999998,0.0,1.352582288406128,12,1.0,0.3333333333333333,9.912564912313405,,,242.0
noisy,1.64,0.0,1.5793073581032315,12,1.0,0.6666666666666666,9.913920207285752,,,223.0
noisy,1.73,0.0,1.4952865047999806,12,1.0,0.3333333333333333,9.915224370193755,,,206.0
noisy,1.8199999999999998,0.0,1.538400321667351,12,1.0,0.3333333333333333,9.913677157274542,,,16.0
noisy,1.91,0.0,1.8165695098883747,12,1.0,0.3333333333333333,9.916045186999142,,,204.0
noisy,2.0,0.0,1.4799723525451682,12,1.0,0.0,9.761350216779457,,,13.0
noisy,0.2,0.0,0.21695616141397753,13,1.0,1.0,4.442881854742981,,,387.0
noisy,0.29000000000000004,0.0,0.29866481273996476,13,1.0,1.0,6.024619679196689,,,402.0
noisy,0.38,0.0,0.38147481385054105,13,1.0,1.0,7.682342731558243,,,426.0
noisy,0.47000000000000003,0.0,0.4654711300186445,13,1.0,1.0,9.43620023113762,,,489.0
noisy,0.56,0.0,0.5516258047243016,13,1.0,0.3333333333333333,9.903140800692379,,,457.0
noisy,0.6499999999999999,0.0,0.6349317906969253,13,1.0,0.0,9.655859827993993,,,442.0
noisy,0.74,0.0,0.7203549852686457,13,1.0,0.0,9.677718314538794,,,402.0
noisy,0.8300000000000001,0.0,0.8028814606456534,13,1.0,0.0,9.708891129773077,,,355.0
noisy,0.9199999999999999,0.0,0.892747260349957,13,1.0,0.0,9.769593059076614,,,343.0
noisy,1.01,0.0,0.9860793655906533,13,1.0,0.0,9.827328281108729,,,351.0
noisy,1.0999999999999999,0.0,1.0697574652626571,13,1.0,0.0,9.653706730399414,,,326.0
noisy,1.19,0.0,1.053364554133778,13,1.0,0.6666666666666666,9.905649537136494,,,307.0
noisy,1.28,0.0,1.2285835138351138,13,1.0,0.3333333333333333,9.91280182468255,,,270.0
noisy,1.3699999999999999,0.0,1.2234551940781502,13,1.0,0.0,9.694119023144989,,,270.0
noisy,1.46,0.0,1.2611246090763306,13,1.0,0.0,9.793275163906788,,,260.0
noisy,1.5499999999999998,0.0,1.4854250686599577,13,1.0,0.6666666666666666,9.91178586284093,,,244.0
noisy,1.64,0.0,1.5639838055356636,13,1.0,0.0,9.768534205885695,,,230.0
noisy,1.73,0.0,1.2739085092132931,13,1.0,0.0,9.65469892897816,,,210.0
noisy,1.8199999999999998,0.0,1.2623734163944433,13,1.0,0.0,9.666367827717242,,,20.0
noisy,1.91,0.0,1.3615183358952565,13,1.0,0.0,9.66064499095526,,,205.0
noisy,2.0,0.0,1.7191027937604375,13,1.0,0.0,9.657800514455134,,,32.0
noisy,0.2,0.0,0.21636893685449587,14,1.0,1.0,4.4030113106839055,,,428.0
noisy,0.29000000000000004,0.0,0.30118954148518196,14,1.0,1.0,6.081806678875258,,,430.0
noisy,0.38,0.0,0.38232608804587764,14,1.0,1.0,7.7155165181348675,,,501.0
noisy,0.47000000000000003,0.0,0.4712636049458095,14,1.0,1.0,9.50123438912906,,,466.0
noisy,0.56,0.0,0.5499097532110655,14,1.0,0.0,9.65472933889519,,,479.0
noisy,0.6499999999999999,0.0,0.6331327389347213,14,1.0,0.0,9.653990362267761,,,453.0
noisy,0.74,0.0,0.7223031243787751,14,1.0,0.0,9.656421205698642,,,429.0
noisy,0.8300000000000001,0.0,0.8068796210823338,14,1.0,0.0,9.655363880284755,,,383.0
noisy,0.9199999999999999,0.0,0.8940764283190589,14,1.0,0.0,9.65833654496856,,,349.0
noisy,1.01,0.0,0.981876580502061,14,1.0,0.0,9.65898613338628,,,322.0
noisy,1.0999999999999999,0.0,0.9709961508333841,14,1.0,0.0,9.652900702378298,,,307.0
noisy,1.19,0.0,1.150594829853701,14,1.0,0.0,9.655503359365085,,,300.0
noisy,1.28,0.0,1.2233962683115436,14,1.0,0.0,9.658485225496289,,,271.0
noisy,1.3699999999999999,0.0,1.3177081568694586,14,1.0,0.0,9.655807877933919,,,256.0
noisy,1.46,0.0,1.1844341748002811,14,1.0,0.0,9.660889962413497,,,24.0
noisy,1.5499999999999998,0.0,1.1733098588889097,14,1.0,0.0,9.662114702779814,,,216.0
noisy,1.64,0.0,1.430487810907569,14,1.0,0.0,9.654249636815003,,,23.0
noisy,1.73,0.0,1.2949866309614495,14,1.0,0.0,9.658220129910736,,,228.0
noisy,1.8199999999999998,0.0,1.2612040358396464,14,1.0,0.0,9.6588847567843,,,20.0
noisy,1.91,0.0,1.6156315976868203,14,1.0,0.0,9.666768633002949,,,192.0
noisy,2.0,0.0,1.5006960917380872,14,1.0,0.0,9.669259126489463,,,15.0
noisy,0.2,0.0,0.21552435993563598,15,1.0,1.0,4.369928414201947,,,391.0
noisy,0.29000000000000004,0.0,0.299301320939751,15,1.0,1.0,6.033416583050815,,,380.0
noisy,0.38,0.0,0.3826217809033488,15,1.0,1.0,7.690959784745748,,,479.0
noisy,0.47000000000000003,0.0,0.4660471791838982,15,1.0,1.0,9.336574220671157,,,488.0
noisy,0.56,0.0,0.5509275914176883,15,1.0,0.0,9.655325267321533,,,456.0
noisy,0.6499999999999999,0.0,0.6352807136416,15,1.0,0.0,9.655143543706998,,,474.0
noisy,0.74,0.0,0.7215185798207829,15,1.0,0.0,9.655632093694413,,,377.0
noisy,0.8300000000000001,0.0,0.8072513715670078,15,1.0,0.0,9.65587573205097,,,373.0
noisy,0.9199999999999999,0.0,0.8923563879277784,15,1.0,0.0,9.656506304674435,,,323.0
noisy,1.01,0.0,0.9775077044764489,15,1.0,0.0,9.659183993116704,,,320.0
noisy,1.0999999999999999,0.0,1.0673877946919827,15,1.0,0.0,9.657515850902735,,,304.0
noisy,1.19,0.0,1.047796709086958,15,1.0,0.0,9.65625694249746,,,295.0
noisy,1.28,0.0,1.1423139900473391,15,1.0,0.0,9.65670139411378,,,282.0
noisy,1.3699999999999999,0.0,0.9061328185385317,15,1.0,0.0,0.8759057103021287,,,26.0
noisy,1.46,0.0,1.2154526114464967,15,1.0,0.0,9.662381320691829,,,261.0
noisy,1.5499999999999998,0.0,1.244546753608027,15,1.0,0.0,9.65684063837207,,,19.0
noisy,1.64,0.0,1.069890883750542,15,1.0,0.0,1.1589955301660007,,,13.0
noisy,1.73,0.0,1.1604820722623583,15,1.0,0.0,1.3941416102336606,,,10.0
noisy,1.8199999999999998,0.0,1.0723541442955957,15,1.0,0.0,1.2051838891536037,,,12.0
noisy,1.91,0.0,1.3471479570927043,15,1.0,0.0,9.65972013973873,,,8.0
noisy,2.0,0.0,1.160027793690919,15,1.0,0.0,1.409062863606149,,,5.0
noisy,0.2,0.0,0.21770356399334378,16,1.0,1.0,4.421758689418401,,,357.0
noisy,0.29000000000000004,0.0,0.2985859121945016,16,1.0,1.0,6.023432709274146,,,468.0
noisy,0.38,0.0,0.38241318294780197,16,1.0,1.0,7.686354235873852,,,432.0
noisy,0.47000000000000003,0.0,0.46781880955915023,16,1.0,1.0,9.500543041730944,,,555.0
noisy,0.56,0.0,0.5479032760836876,16,1.0,0.0,9.65517096209265,,,445.0
noisy,0.6499999999999999,0.0,0.6389072795058327,16,1.0,0.0,9.656415872995277,,,395.0
noisy,0.74,0.0,0.7206597756827823,16,1.0,0.0,9.656589612561108,,,393.0
noisy,0.8300000000000001,0.0,0.8096240991658449,16,1.0,0.0,9.657331414653394,,,388.0
noisy,0.9199999999999999,0.0,0.8959661085744884,16,1.0,0.0,9.655344043338793,,,349.0
noisy,1.01,0.0,0.7979037816244032,16,1.0,0.0,9.656297366988788,,,10.0
noisy,1.0999999999999999,0.0,0.9650657432362518,16,1.0,0.0,9.654501264410618,,,7.0
noisy,1.19,0.0,1.152017412452299,16,1.0,0.0,9.65605150188756,,,283.0
noisy,1.28,0.0,0.8661235982336818,16,1.0,0.0,1.1037235593612331,,,12.0
noisy,1.3699999999999999,0.0,1.0658677429477792,16,1.0,0.0,9.658102354190786,,,267.0
noisy,1.46,0.0,1.1232761165081155,16,1.0,0.0,9.661914654745448,,,26.0
noisy,1.5499999999999998,0.0,0.9811687690915263,16,1.0,0.0,1.0766192333483338,,,12.0
noisy,1.64,0.0,0.9819106356341541,16,1.0,0.0,1.4620761763375834,,,6.0
noisy,1.73,0.0,1.0707668500714165,16,1.0,0.0,1.0190100906097443,,,16.0
noisy,1.8199999999999998,0.0,0.9388624406114708,16,1.0,0.0,0.5923059051031963,,,5.0
noisy,1.91,0.0,0.8878036704367256,16,1.0,0.0,0.4503127155019259,,,5.0
noisy,2.0,0.0,1.292229986476068,16,1.0,0.0,9.659635153128912,,,12.0
noisy,0.2,0.0,0.21598469730885805,17,1.0,1.0,4.367671992337795,,,390.0
noisy,0.29000000000000004,0.0,0.2995129174325946,17,1.0,0.6666666666666666,5.973894476992818,,,408.0
noisy,0.38,0.0,0.381660997054788,17,1.0,1.0,7.652010408232118,,,460.0
noisy,0.47000000000000003,0.0,0.4721421421822923,17,1.0,1.0,9.530357399832038,,,517.0
noisy,0.56,0.0,0.5526919699890374,17,1.0,0.0,9.655470936186745,,,440.0
noisy,0.6499999999999999,0.0,0.634018408612231,17,1.0,0.0,9.654945897452274,,,444.0
noisy,0.74,0.0,0.7178915334111062,17,1.0,0.0,9.655555975575252,,,402.0
noisy,0.8300000000000001,0.0,0.8056139994930903,17,1.0,0.0,9.654447057282548,,,352.0
noisy,0.9199999999999999,0.0,0.8930484661475148,17,1.0,0.0,9.65840253882822,,,338.0
noisy,1.01,0.0,0.9748977083676603,17,1.0,0.0,9.655938380215526,,,334.0
noisy,1.0999999999999999,0.0,1.0640498500769073,17,1.0,0.0,9.657132041278999,,,336.0
noisy,1.19,0.0,0.9806887762793685,17,1.0,0.0,9.658798705570117,,,10.0
noisy,1.28,0.0,1.1135094082556558,17,1.0,0.0,9.658450105308603,,,300.0
noisy,1.3699999999999999,0.0,1.195963507585768,17,1.0,0.0,9.662710023836752,,,21.0
noisy,1.46,0.0,1.1504574301111108,17,1.0,0.0,9.66002619000692,,,13.0
noisy,1.5499999999999998,0.0,1.251399591145284,17,1.0,0.0,9.655570888643727,,,31.0
noisy,1.64,0.0,1.050976794930903,17,1.0,0.0,1.0978952977791598,,,26.0
noisy,1.73,0.0,1.0470829728487576,17,1.0,0.0,1.0471778539859078,,,7.0
noisy,1.8199999999999998,0.0,0.9769555308163193,17,1.0,0.0,0.5060344276408362,,,11.0
noisy,1.91,0.0,1.0044689007746543,17,1.0,0.0,0.600655329516909,,,12.0
noisy,2.0,0.0,1.0930447547218793,17,1.0,0.0,1.1643704126602454,,,11.0
noisy,0.2,0.0,0.21701896358046383,18,1.0,1.0,4.3710993971251675,,,373.0
noisy,0.29000000000000004,0.0,0.300828741469652,18,1.0,1.0,6.135031806540652,,,406.0
noisy,0.38,0.0,0.3822505319928067,18,1.0,1.0,7.680418280419406,,,482.0
noisy,0.47000000000000003,0.0,0.47191354847545336,18,1.0,1.0,9.577001213251085,,,490.0
noisy,0.56,0.0,0.5558615024673218,18,1.0,0.0,9.654576276041208,,,466.0
noisy,0.6499999999999999,0.0,0.6328985875576004,18,1.0,0.0,9.651885143210537,,,395.0
noisy,0.74,0.0,0.71645519060251,18,1.0,0.0,9.656502955175402,,,413.0
noisy,0.8300000000000001,0.0,0.8037786170173079,18,1.0,0.0,9.65628089519131,,,402.0
noisy,0.9199999999999999,0.0,0.8995151252842121,18,1.0,0.0,9.65840944282236,,,356.0
noisy,1.01,0.0,0.9776953503929299,18,1.0,0.0,9.65404007904137,,,325.0
noisy,1.0999999999999999,0.0,0.9361770962110804,18,1.0,0.0,9.657596041892118,,,319.0
noisy,1.19,0.0,1.0429788005001006,18,1.0,0.0,9.65747455219007,,,37.0
noisy,1.28,0.0,1.1248462660124934,18,1.0,0.0,9.656883437481525,,,306.0
noisy,1.3699999999999999,0.0,0.8333513806141196,18,1.0,0.0,1.0865717118498401,,,25.0
noisy,1.46,0.0,1.1813382557470558,18,1.0,0.0,9.652187386832223,,,26.0
noisy,1.5499999999999998,0.0,0.9664177483873776,18,1.0,0.0,0.9797842053789347,,,22.0
noisy,1.64,0.0,1.3794450239953646,18,1.0,0.0,9.664299386553585,,,239.0
noisy,1.73,0.0,1.1035941671133536,18,1.0,0.0,1.0607225773937672,,,6.0
noisy,1.8199999999999998,0.0,1.2282746384054157,18,1.0,0.0,9.655413515510942,,,7.0
noisy,1.91,0.0,1.0334428261855866,18,1.0,0.0,0.8088227099336661,,,12.0
noisy,2.0,0.0,1.1164730234128264,18,1.0,0.0,1.2533641628974508,,,6.0
noisy,0.2,0.0,0.2188979220031054,19,1.0,1.0,4.406641307026188,,,403.0
noisy,0.29000000000000004,0.0,0.29843394692163566,19,1.0,1.0,6.032171761106608,,,366.0
noisy,0.38,0.0,0.37945251527358675,19,1.0,0.6666666666666666,7.704142098133125,,,214.0
noisy,0.47000000000000003,0.0,0.46623192523512075,19,1.0,1.0,9.473020245022653,,,544.0
noisy,0.56,0.0,0.5503628163118698,19,1.0,0.0,9.652166785697682,,,495.0
noisy,0.6499999999999999,0.0,0.6390574010236935,19,1.0,0.0,9.652520860863754,,,447.0
noisy,0.74,0.0,0.7175853917181573,19,1.0,0.0,9.655489954385109,,,401.0
noisy,0.8300000000000001,0.0,0.8062693916574633,19,1.0,0.0,9.655936839064443,,,403.0
noisy,0.9199999999999999,0.0,0.8991827049207962,19,1.0,0.0,9.65897059012206,,,386.0
noisy,1.01,0.0,0.9871279513337091,19,1.0,0.0,9.656114738316324,,,290.0
noisy,1.0999999999999999,0.0,1.0682703903456703,19,1.0,0.0,9.654691090444206,,,300.0
noisy,1.19,0.0,1.1497019238822683,19,1.0,0.0,9.658399506448667,,,217.0
noisy,1.28,0.0,1.2258805012932836,19,1.0,0.0,9.658569275392322,,,280.0
noisy,1.3699999999999999,0.0,1.0852267611435047,19,1.0,0.0,9.651747723166245,,,30.0
noisy,1.46,0.0,1.305161064868105,19,1.0,0.0,9.662288824737418,,,25.0
noisy,1.5499999999999998,0.0,1.0988073530920284,19,1.0,0.0,1.0855151406044328,,,15.0
noisy,1.64,0.0,0.9120067769368446,19,1.0,0.0,0.4822606999233505,,,14.0
noisy,1.73,0.0,1.1598242817992177,19,1.0,0.0,1.2876367834484297,,,24.0
noisy,1.8199999999999998,0.0,0.97219096714127,19,1.0,0.0,1.0652705984441444,,,12.0
noisy,1.91,0.0,0.9581731666532006,19,1.0,0.0,0.9682756971249762,,,14.0
noisy,2.0,0.0,1.0333720092831642,19,1.0,0.0,0.6080917487114978,,,4.0
noisy,0.2,0.0,0.2193567397600399,1,2.0,1.0,4.533434657970117,,,384.0
noisy,0.29000000000000004,0.0,0.3005167087883222,1,2.0,1.0,6.067134720828845,,,463.0
noisy,0.38,0.0,0.3876455884645616,1,2.0,1.0,7.778732598600157,,,499.0
noisy,0.47000000000000003,0.0,0.4717155587381125,1,2.0,1.0,9.575641229667061,,,522.0
noisy,0.56,0.0,0.5529474445368353,1,2.0,1.0,9.902043341214922,,,495.0
noisy,0.6499999999999999,0.0,0.6406480669616988,1,2.0,1.0,9.903090605671839,,,480.0
noisy,0.74,0.0,0.7211420555309788,1,2.0,1.0,9.906726020439015,,,409.0
noisy,0.8300000000000001,0.0,0.8146194899905908,1,2.0,1.0,9.903718643335628,,,376.0
noisy,0.9199999999999999,0.0,0.8958535752161425,1,2.0,1.0,9.909449832603231,,,398.0
noisy,1.01,0.0,0.9841871573671135,1,2.0,1.0,9.909947699050813,,,360.0
noisy,1.0999999999999999,0.0,1.076135264182877,1,2.0,1.0,9.90616263676458,,,313.0
noisy,1.19,0.0,1.1632286999545187,1,2.0,1.0,9.910303697406487,,,319.0
noisy,1.28,0.0,1.2391089136201598,1,2.0,1.0,9.907562005223845,,,295.0
noisy,1.3699999999999999,0.0,1.3274350702734916,1,2.0,1.0,9.910258752323218,,,258.0
noisy,1.46,0.0,1.409861889729484,1,2.0,1.0,9.91199452241949,,,277.0
noisy,1.5499999999999998,0.0,1.4928528652809525,1,2.0,1.0,9.91081053658851,,,240.0
noisy,1.64,0.0,1.5798824305040726,1,2.0,1.0,9.911776513662959,,,220.0
noisy,1.73,0.0,1.6480153587592357,1,2.0,1.0,9.913544985076673,,,201.0
noisy,1.8199999999999998,0.0,1.7376700961977882,1,2.0,1.0,9.917414359052742,,,206.0
noisy,1.91,0.0,1.8214135854588331,1,2.0,1.0,9.909328129031456,,,176.0
noisy,2.0,0.0,1.8955188427029093,1,2.0,1.0,9.918215431866905,,,182.0
noisy,0.2,0.0,0.2136756001598059,2,2.0,1.0,4.315960858287734,,,392.0
noisy,0.29000000000000004,0.0,0.2996626392676232,2,2.0,1.0,6.040077219683345,,,465.0
noisy,0.38,0.0,0.384715602116885,2,2.0,1.0,7.774778450645895,,,518.0
noisy,0.47000000000000003,0.0,0.4712575464379605,2,2.0,1.0,9.641704291253186,,,485.0
noisy,0.56,0.0,0.5531650768060998,2,2.0,1.0,9.903520190842595,,,471.0
noisy,0.6499999999999999,0.0,0.6336880506874425,2,2.0,1.0,9.904873776696196,,,520.0
noisy,0.74,0.0,0.7230685096322723,2,2.0,1.0,9.90683045710666,,,434.0
noisy,0.8300000000000001,0.0,0.8070546325477247,2,2.0,1.0,9.907137602636181,,,378.0
noisy,0.9199999999999999,0.0,0.9034796685980897,2,2.0,1.0,9.906842652853932,,,377.0
noisy,1.01,0.0,0.9859895750224753,2,2.0,1.0,9.904007922596648,,,356.0
noisy,1.0999999999999999,0.0,1.0740093318863033,2,2.0,1.0,9.909602198022387,,,347.0
noisy,1.19,0.0,1.1568607193110954,2,2.0,1.0,9.904933921342435,,,311.0
noisy,1.28,0.0,1.251632384412724,2,2.0,1.0,9.907984069710775,,,293.0
noisy,1.3699999999999999,0.0,1.3319313836256848,2,2.0,1.0,9.913777916479644,,,267.0
noisy,1.46,0.0,1.4133972120346037,2,2.0,1.0,9.912646213824793,,,245.0
noisy,1.5499999999999998,0.0,1.4944339276661562,2,2.0,1.0,9.910888962774475,,,235.0
noisy,1.64,0.0,1.5874724567723224,2,2.0,1.0,9.913818845947258,,,234.0
noisy,1.73,0.0,1.6577483139837506,2,2.0,1.0,9.91324540161171,,,217.0
noisy,1.8199999999999998,0.0,1.7366775670037657,2,2.0,1.0,9.915746830569999,,,209.0
noisy,1.91,0.0,1.819197583653775,2,2.0,1.0,9.917667056309819,,,178.0
noisy,2.0,0.0,1.921994060998647,2,2.0,1.0,9.913419108236466,,,164.0
noisy,0.2,0.0,0.2194926163243672,3,2.0,1.0,4.457244745749868,,,395.0
noisy,0.29000000000000004,0.0,0.3000382452152695,3,2.0,1.0,6.096448613555201,,,436.0
noisy,0.38,0.0,0.38262668910033854,3,2.0,1.0,7.674586983897677,,,467.0
noisy,0.47000000000000003,0.0,0.47271524979658003,3,2.0,1.0,9.572087369740286,,,545.0
noisy,0.56,0.0,0.5513572321086265,3,2.0,1.0,9.90437147305413,,,515.0
noisy,0.6499999999999999,0.0,0.6386791730434563,3,2.0,1.0,9.903393782797881,,,482.0
noisy,0.74,0.0,0.7206813567295546,3,2.0,1.0,9.906523933594052,,,441.0
noisy,0.8300000000000001,0.0,0.814042590756573,3,2.0,1.0,9.905389620391288,,,415.0
noisy,0.9199999999999999,0.0,0.8951502132254859,3,2.0,1.0,9.907114464640442,,,393.0
noisy,1.01,0.0,0.9870401475467325,3,2.0,1.0,9.908779058792913,,,365.0
noisy,1.0999999999999999,0.0,1.0770083956905283,3,2.0,1.0,9.90755944890894,,,306.0
noisy,1.19,0.0,1.1609939173899957,3,2.0,1.0,9.911509222723044,,,339.0
noisy,1.28,0.0,1.247299997239618,3,2.0,1.0,9.911534264406203,,,312.0
noisy,1.3699999999999999,0.0,1.3255428858558487,3,2.0,1.0,9.908436496571749,,,284.0
noisy,1.46,0.0,1.4084140784924397,3,2.0,1.0,9.90957101487601,,,263.0
noisy,1.5499999999999998,0.0,1.4929522475638892,3,2.0,1.0,9.904495025613317,,,259.0
noisy,1.64,0.0,1.5854947551489484,3,2.0,1.0,9.912505158518297,,,209.0
noisy,1.73,0.0,1.659904470337186,3,2.0,1.0,9.914683171757593,,,240.0
noisy,1.8199999999999998,0.0,1.7484084786268248,3,2.0,1.0,9.917271877451997,,,208.0
noisy,1.91,0.0,1.8311041266663661,3,2.0,1.0,9.915599346182054,,,195.0
noisy,2.0,0.0,1.9174131328963264,3,2.0,1.0,9.916908875138326,,,168.0
noisy,0.2,0.0,0.21912902166483547,4,2.0,1.0,4.496613351994445,,,391.0
noisy,0.29000000000000004,0.0,0.299486764648319,4,2.0,1.0,6.026305412435323,,,405.0
noisy,0.38,0.0,0.38290901791483245,4,2.0,1.0,7.671523448831227,,,457.0
noisy,0.47000000000000003,0.0,0.4701780033931034,4,2.0,1.0,9.553711642291562,,,574.0
noisy,0.56,0.0,0.5494922007314726,4,2.0,1.0,9.902766975544877,,,522.0
noisy,0.6499999999999999,0.0,0.6374111734348605,4,2.0,1.0,9.904208049623072,,,492.0
noisy,0.74,0.0,0.7226368531482558,4,2.0,1.0,9.905611168990566,,,457.0
noisy,0.8300000000000001,0.0,0.806736410082865,4,2.0,1.0,9.902925911486179,,,433.0
noisy,0.9199999999999999,0.0,0.8964724604101804,4,2.0,1.0,9.903605708648739,,,384.0
noisy,1.01,0.0,0.9889559480192386,4,2.0,1.0,9.909930555841418,,,359.0
noisy,1.0999999999999999,0.0,1.0796939957597786,4,2.0,1.0,9.909333559706374,,,300.0
noisy,1.19,0.0,1.1582356510571723,4,2.0,1.0,9.904447944363096,,,310.0
noisy,1.28,0.0,1.242130393989769,4,2.0,1.0,9.906504845847966,,,303.0
noisy,1.3699999999999999,0.0,1.3257504262220587,4,2.0,1.0,9.906213332206006,,,297.0
noisy,1.46,0.0,1.4164902498515843,4,2.0,1.0,9.912633596521264,,,251.0
noisy,1.5499999999999998,0.0,1.4939972018183933,4,2.0,1.0,9.911510735687271,,,238.0
noisy,1.64,0.0,1.5811165129521207,4,2.0,1.0,9.90621764692877,,,247.0
noisy,1.73,0.0,1.6644808033272638,4,2.0,1.0,9.912868616970535,,,211.0
noisy,1.8199999999999998,0.0,1.7384540121039074,4,2.0,1.0,9.904846349020342,,,199.0
noisy,1.91,0.0,1.8238623776198446,4,2.0,1.0,9.91855455533298,,,197.0
noisy,2.0,0.0,1.9096903777847472,4,2.0,1.0,9.916305680309515,,,166.0
noisy,0.2,0.0,0.21945231485121552,5,2.0,1.0,4.465138909344589,,,407.0
noisy,0.29000000000000004,0.0,0.30186378160777694,5,2.0,1.0,6.14887192440277,,,424.0
noisy,0.38,0.0,0.38284680768887247,5,2.0,1.0,7.728473344878994,,,528.0
noisy,0.47000000000000003,0.0,0.46900408643122365,5,2.0,1.0,9.444179038171649,,,515.0
noisy,0.56,0.0,0.5539762496104365,5,2.0,1.0,9.905386593116248,,,523.0
noisy,0.6499999999999999,0.0,0.6357364418071674,5,2.0,1.0,9.903295215934538,,,440.0
noisy,0.74,0.0,0.7227216940004212,5,2.0,1.0,9.90583354970542,,,454.0
noisy,0.8300000000000001,0.0,0.8106616127499513,5,2.0,1.0,9.906555858937748,,,440.0
noisy,0.9199999999999999,0.0,0.8988029962900845,5,2.0,1.0,9.908672594877949,,,393.0
noisy,1.01,0.0,0.9878631092780247,5,2.0,1.0,9.907920672083574,,,376.0
noisy,1.0999999999999999,0.0,1.0721815376155093,5,2.0,1.0,9.906143305588827,,,291.0
noisy,1.19,0.0,1.1579648286677071,5,2.0,1.0,9.90881079944787,,,300.0
noisy,1.28,0.0,1.2438787460210785,5,2.0,1.0,9.90907021019908,,,277.0
noisy,1.3699999999999999,0.0,1.3227901917478422,5,2.0,1.0,9.913095439169426,,,267.0
noisy,1.46,0.0,1.4152851586358874,5,2.0,1.0,9.912482978644597,,,262.0
noisy,1.5499999999999998,0.0,1.5007841322396562,5,2.0,1.0,9.906682159753423,,,241.0
noisy,1.64,0.0,1.4208647932267418,5,2.0,0.6666666666666666,9.912892231379892,,,227.0
noisy,1.73,0.0,1.668245920442643,5,2.0,1.0,9.914307500411585,,,231.0
noisy,1.8199999999999998,0.0,1.7394209329009804,5,2.0,1.0,9.916989151134601,,,204.0
noisy,1.91,0.0,1.823698439903138,5,2.0,1.0,9.91616897992045,,,208.0
noisy,2.0,0.0,1.8963040234686528,5,2.0,1.0,9.915842524935057,,,190.0
noisy,0.2,0.0,0.21747908822134868,6,2.0,1.0,4.364858329530183,,,409.0
noisy,0.29000000000000004,0.0,0.29770619329737147,6,2.0,1.0,5.977189145928498,,,433.0
noisy,0.38,0.0,0.38667719091841785,6,2.0,1.0,7.78073142495949,,,474.0
noisy,0.47000000000000003,0.0,0.4632316386322599,6,2.0,1.0,9.421614310506326,,,535.0
noisy,0.56,0.0,0.556658832244856,6,2.0,1.0,9.904678206427203,,,496.0
noisy,0.6499999999999999,0.0,0.6363893727671832,6,2.0,1.0,9.905972882809733,,,472.0
noisy,0.74,0.0,0.7264088774418006,6,2.0,1.0,9.905838246726333,,,409.0
noisy,0.8300000000000001,0.0,0.8110300146556364,6,2.0,1.0,9.90576506934002,,,396.0
noisy,0.9199999999999999,0.0,0.9001123613667893,6,2.0,1.0,9.906402911700013,,,406.0
noisy,1.01,0.0,0.9868040621345733,6,2.0,1.0,9.90965253605422,,,356.0
noisy,1.0999999999999999,0.0,1.076578513907655,6,2.0,1.0,9.909893816068212,,,331.0
noisy,1.19,0.0,1.154814669770227,6,2.0,1.0,9.905866081953208,,,318.0
noisy,1.28,0.0,1.2369631846173947,6,2.0,1.0,9.91086731932242,,,329.0
noisy,1.3699999999999999,0.0,1.3303637471042091,6,2.0,1.0,9.902924560318725,,,286.0
noisy,1.46,0.0,1.4062253970139196,6,2.0,1.0,9.912190784548377,,,252.0
noisy,1.5499999999999998,0.0,1.5016171349333878,6,2.0,1.0,9.91064162908604,,,228.0
noisy,1.64,0.0,1.427641861345517,6,2.0,0.6666666666666666,9.915640608197295,,,23.0
noisy,1.73,0.0,1.6657370056516083,6,2.0,1.0,9.915277500719585,,,222.0
noisy,1.8199999999999998,0.0,1.7404078357324728,6,2.0,1.0,9.905432244579732,,,205.0
noisy,1.91,0.0,1.8258092039194187,6,2.0,1.0,9.909998114112172,,,191.0
noisy,2.0,0.0,1.7885574128196025,6,2.0,0.6666666666666666,9.90468788564767,,,23.0
noisy,0.2,0.0,0.2173879426318263,7,2.0,1.0,4.381177025667863,,,415.0
noisy,0.29000000000000004,0.0,0.30260023676370373,7,2.0,1.0,6.116497875225302,,,433.0
noisy,0.38,0.0,0.3834677678591443,7,2.0,1.0,7.7239035727864165,,,510.0
noisy,0.47000000000000003,0.0,0.47224929172649005,7,2.0,1.0,9.64504145444512,,,509.0
noisy,0.56,0.0,0.5515316617430176,7,2.0,1.0,9.90489067030791,,,541.0
noisy,0.6499999999999999,0.0,0.6379940219960248,7,2.0,1.0,9.905074912034612,,,447.0
noisy,0.74,0.0,0.7183620733338265,7,2.0,1.0,9.905234837424223,,,429.0
noisy,0.8300000000000001,0.0,0.806368936520404,7,2.0,1.0,9.907765515413233,,,426.0
noisy,0.9199999999999999,0.0,0.8954822702729324,7,2.0,1.0,9.907170664411566,,,394.0
noisy,1.01,0.0,0.9844257516388586,7,2.0,1.0,9.907896985370115,,,361.0
noisy,1.0999999999999999,0.0,1.0727135174264453,7,2.0,1.0,9.909990854560794,,,309.0
noisy,1.19,0.0,1.161445030474291,7,2.0,1.0,9.907558750195687,,,279.0
noisy,1.28,0.0,1.1553305123589996,7,2.0,0.6666666666666666,9.909682496107731,,,279.0
noisy,1.3699999999999999,0.0,1.3286720051546714,7,2.0,1.0,9.90425188091703,,,293.0
noisy,1.46,0.0,1.4087294122983876,7,2.0,1.0,9.90553766895067,,,267.0
noisy,1.5499999999999998,0.0,1.4904283860709695,7,2.0,1.0,9.914564642159828,,,253.0
noisy,1.64,0.0,1.5774656963515659,7,2.0,1.0,9.915965764200621,,,265.0
noisy,1.73,0.0,1.655579204876337,7,2.0,1.0,9.913112693207493,,,208.0
noisy,1.8199999999999998,0.0,1.5775326069325626,7,2.0,0.6666666666666666,9.91526462425956,,,34.0
noisy,1.91,0.0,1.8308256529397309,7,2.0,1.0,9.908927673735215,,,179.0
noisy,2.0,0.0,1.7445737082110488,7,2.0,0.6666666666666666,9.918316035958602,,,181.0
noisy,0.2,0.0,0.21658810383106877,8,2.0,1.0,4.41786016613102,,,395.0
noisy,0.29000000000000004,0.0,0.29836136793823154,8,2.0,1.0,6.037944213787907,,,427.0
noisy,0.38,0.0,0.3861942748647918,8,2.0,1.0,7.8622709539242095,,,482.0
noisy,0.47000000000000003,0.0,0.46475767984212085,8,2.0,1.0,9.39688859633819,,,539.0
noisy,0.56,0.0,0.5497732392189397,8,2.0,1.0,9.905189559979823,,,534.0
noisy,0.6499999999999999,0.0,0.634248240306857,8,2.0,1.0,9.90580047018179,,,450.0
noisy,0.74,0.0,0.7226641762359177,8,2.0,1.0,9.905524694846347,,,445.0
noisy,0.8300000000000001,0.0,0.8097694491433985,8,2.0,1.0,9.907883774703834,,,413.0
noisy,0.9199999999999999,0.0,0.8987840581999703,8,2.0,1.0,9.906274335492533,,,403.0
noisy,1.01,0.0,0.9934393240871756,8,2.0,1.0,9.905914320439967,,,339.0
noisy,1.0999999999999999,0.0,1.0790516664412764,8,2.0,1.0,9.904667483763841,,,332.0
noisy,1.19,0.0,1.1680569964934373,8,2.0,1.0,9.908341424594779,,,301.0
noisy,1.28,0.0,1.1297547823106968,8,2.0,0.6666666666666666,9.904442799498302,,,24.0
noisy,1.3699999999999999,0.0,1.3203142131335792,8,2.0,1.0,9.912416489288754,,,265.0
noisy,1.46,0.0,1.3033879033731133,8,2.0,0.6666666666666666,9.914349540349672,,,23.0
noisy,1.5499999999999998,0.0,1.494904180373984,8,2.0,1.0,9.915358754434047,,,224.0
noisy,1.64,0.0,1.5769455545728501,8,2.0,1.0,9.910831729487777,,,221.0
noisy,1.73,0.0,1.4879922956152367,8,2.0,0.6666666666666666,9.906423232236397,,,18.0
noisy,1.8199999999999998,0.0,1.55992343520312,8,2.0,0.3333333333333333,9.903306880558022,,,168.0
noisy,1.91,0.0,1.5980111923201392,8,2.0,0.6666666666666666,9.915348867914968,,,174.0
noisy,2.0,0.0,1.9016056100619467,8,2.0,1.0,9.914892749077106,,,166.0
noisy,0.2,0.0,0.21869463587884955,9,2.0,1.0,4.432239482689473,,,396.0
noisy,0.29000000000000004,0.0,0.30246394246790403,9,2.0,1.0,6.110634148967858,,,437.0
noisy,0.38,0.0,0.38348075610832594,9,2.0,1.0,7.730025366096141,,,476.0
noisy,0.47000000000000003,0.0,0.46624599085765733,9,2.0,1.0,9.410497557505861,,,559.0
noisy,0.56,0.0,0.5513939676559843,9,2.0,1.0,9.903947547370173,,,514.0
noisy,0.6499999999999999,0.0,0.6381942487696755,9,2.0,1.0,9.90374142992767,,,472.0
noisy,0.74,0.0,0.7227920265920611,9,2.0,1.0,9.905377485680058,,,450.0
noisy,0.8300000000000001,0.0,0.8076764044869718,9,2.0,1.0,9.90342702799995,,,408.0
noisy,0.9199999999999999,0.0,0.8933366190938917,9,2.0,1.0,9.908184637146448,,,371.0
noisy,1.01,0.0,0.9818415165016451,9,2.0,1.0,9.905540188862368,,,347.0
noisy,1.0999999999999999,0.0,1.0750012310222579,9,2.0,1.0,9.908256611616203,,,328.0
noisy,1.19,0.0,1.1611811591093206,9,2.0,1.0,9.909038864965957,,,312.0
noisy,1.28,0.0,1.2401801313064038,9,2.0,1.0,9.910026672312187,,,279.0
noisy,1.3699999999999999,0.0,1.2151219986171184,9,2.0,0.6666666666666666,9.908097221226951,,,23.0
noisy,1.46,0.0,1.401116541181306,9,2.0,1.0,9.91227940806671,,,279.0
noisy,1.5499999999999998,0.0,1.4893551555599835,9,2.0,1.0,9.913801760561206,,,239.0
noisy,1.64,0.0,1.5695342111618142,9,2.0,1.0,9.915150894064688,,,247.0
noisy,1.73,0.0,1.6562101922367563,9,2.0,1.0,9.909756180160977,,,223.0
noisy,1.8199999999999998,0.0,1.7420127418796965,9,2.0,1.0,9.911688202913494,,,207.0
noisy,1.91,0.0,1.6673335654635955,9,2.0,0.6666666666666666,9.910163662539604,,,200.0
noisy,2.0,0.0,1.8900929639569164,9,2.0,1.0,9.917153470392412,,,173.0
noisy,0.2,0.0,0.21733681285529635,10,2.0,1.0,4.3800510564537,,,411.0
noisy,0.29000000000000004,0.0,0.3016699306741562,10,2.0,1.0,6.084690237243186,,,419.0
noisy,0.38,0.0,0.3840571216343034,10,2.0,1.0,7.70352935685281,,,460.0
noisy,0.47000000000000003,0.0,0.4680087852052394,10,2.0,1.0,9.440014697097334,,,543.0
noisy,0.56,0.0,0.5529438653828956,10,2.0,1.0,9.904504552456983,,,502.0
noisy,0.6499999999999999,0.0,0.6358230019302645,10,2.0,1.0,9.903577687550179,,,500.0
noisy,0.74,0.0,0.7216809880600733,10,2.0,1.0,9.904899542323612,,,428.0
noisy,0.8300000000000001,0.0,0.8092683009527021,10,2.0,1.0,9.906498106837132,,,395.0
noisy,0.9199999999999999,0.0,0.8929440471816473,10,2.0,1.0,9.908614818871447,,,378.0
noisy,1.01,0.0,0.9832502739817571,10,2.0,1.0,9.908000903857104,,,362.0
noisy,1.0999999999999999,0.0,1.071453125684225,10,2.0,1.0,9.911106249139051,,,339.0
noisy,1.19,0.0,1.1586655261420151,10,2.0,1.0,9.910389454880315,,,309.0
noisy,1.28,0.0,1.242755610608537,10,2.0,1.0,9.912619251652208,,,279.0
noisy,1.3699999999999999,0.0,1.320586377253745,10,2.0,1.0,9.90834367166344,,,270.0
noisy,1.46,0.0,1.4016432525604554,10,2.0,1.0,9.909568464333407,,,277.0
noisy,1.5499999999999998,0.0,1.3894696780793108,10,2.0,0.6666666666666666,9.907457468860622,,,221.0
noisy,1.64,0.0,1.4569901561772702,10,2.0,0.6666666666666666,9.910483724121846,,,25.0
noisy,1.73,0.0,1.6452735917099857,10,2.0,1.0,9.9135202250951,,,239.0
noisy,1.8199999999999998,0.0,1.7341991297038917,10,2.0,1.0,9.915816045841666,,,202.0
noisy,1.91,0.0,1.8162326843295433,10,2.0,1.0,9.91688665463841,,,192.0
noisy,2.0,0.0,1.8891247794204784,10,2.0,1.0,9.909173929203488,,,185.0
noisy,0.2,0.0,0.22027067845920723,11,2.0,1.0,4.504978958579293,,,416.0
noisy,0.29000000000000004,0.0,0.3010444513104646,11,2.0,1.0,6.052950952366588,,,437.0
noisy,0.38,0.0,0.38264182036043204,11,2.0,1.0,7.68124391803323,,,472.0
noisy,0.47000000000000003,0.0,0.47184846176253115,11,2.0,1.0,9.473108867681512,,,536.0
noisy,0.56,0.0,0.5554724310825276,11,2.0,1.0,9.90393009565391,,,491.0
noisy,0.6499999999999999,0.0,0.6361764443987298,11,2.0,1.0,9.902402065977606,,,509.0
noisy,0.74,0.0,0.7215416616274685,11,2.0,1.0,9.906272347872125,,,415.0
noisy,0.8300000000000001,0.0,0.8052247317977171,11,2.0,1.0,9.907295328851335,,,424.0
noisy,0.9199999999999999,0.0,0.8907911717857,11,2.0,1.0,9.907087095319975,,,399.0
noisy,1.01,0.0,0.9868286085534644,11,2.0,1.0,9.90739052382141,,,344.0
noisy,1.0999999999999999,0.0,1.0873277412481654,11,2.0,1.0,9.904227053500835,,,311.0
noisy,1.19,0.0,1.1518913113642115,11,2.0,1.0,9.91054064867455,,,307.0
noisy,1.28,0.0,1.2402419936398366,11,2.0,1.0,9.91097302490383,,,301.0
noisy,1.3699999999999999,0.0,1.3177840644170848,11,2.0,1.0,9.9103634138027,,,241.0
noisy,1.46,0.0,1.4117109662754768,11,2.0,0.6666666666666666,9.90861022195383,,,287.0
noisy,1.5499999999999998,0.0,1.488525557575693,11,2.0,1.0,9.90628715833268,,,257.0
noisy,1.64,0.0,1.5776227234114628,11,2.0,1.0,9.914473347823309,,,227.0
noisy,1.73,0.0,1.6480634975636363,11,2.0,1.0,9.907310620054986,,,221.0
noisy,1.8199999999999998,0.0,1.730853420677656,11,2.0,1.0,9.909153537622238,,,202.0
noisy,1.91,0.0,1.6923403189123423,11,2.0,0.6666666666666666,9.910234759424455,,,190.0
noisy,2.0,0.0,1.8981030024608472,11,2.0,1.0,9.908415794530807,,,171.0
noisy,0.2,0.0,0.2215279244363447,12,2.0,1.0,4.4787718339537586,,,392.0
noisy,0.29000000000000004,0.0,0.29879167583044003,12,2.0,1.0,6.056944029105364,,,414.0
noisy,0.38,0.0,0.3818719369620525,12,2.0,1.0,7.7180676548319065,,,443.0
noisy,0.47000000000000003,0.0,0.46719171565804857,12,2.0,1.0,9.396705454518328,,,543.0
noisy,0.56,0.0,0.5544679634541178,12,2.0,1.0,9.90308373635811,,,512.0
noisy,0.6499999999999999,0.0,0.6303033146249557,12,2.0,1.0,9.905979051519926,,,493.0
noisy,0.74,0.0,0.7193984644354353,12,2.0,1.0,9.907195843379657,,,443.0
noisy,0.8300000000000001,0.0,0.803921589272187,12,2.0,1.0,9.908009610325017,,,381.0
noisy,0.9199999999999999,0.0,0.8943697305949657,12,2.0,1.0,9.906261513993233,,,381.0
noisy,1.01,0.0,0.9825751447567043,12,2.0,1.0,9.909610496908037,,,337.0
noisy,1.0999999999999999,0.0,1.0642132962995383,12,2.0,1.0,9.904252998103876,,,293.0
noisy,1.19,0.0,1.1605524582740132,12,2.0,1.0,9.904330659161435,,,309.0
noisy,1.28,0.0,1.2435050220390933,12,2.0,1.0,9.912192086430379,,,301.0
noisy,1.3699999999999999,0.0,1.326204445877474,12,2.0,1.0,9.908874871292445,,,268.0
noisy,1.46,0.0,1.4001507778658329,12,2.0,1.0,9.913668463063996,,,273.0
noisy,1.5499999999999998,0.0,1.3848023162281358,12,2.0,0.6666666666666666,9.913986949204325,,,230.0
noisy,1.64,0.0,1.570078245195947,12,2.0,1.0,9.915301825052905,,,207.0
noisy,1.73,0.0,1.6435998364663773,12,2.0,1.0,9.915507804563347,,,209.0
noisy,1.8199999999999998,0.0,1.724068751537142,12,2.0,1.0,9.91214151616373,,,224.0
noisy,1.91,0.0,1.8099229022427947,12,2.0,1.0,9.916394831326071,,,174.0
noisy,2.0,0.0,1.689062615720976,12,2.0,0.6666666666666666,9.909141869152524,,,157.0
noisy,0.2,0.0,0.219414895865748,13,2.0,1.0,4.484153056110631,,,396.0
noisy,0.29000000000000004,0.0,0.2992843182894463,13,2.0,1.0,5.994793981157034,,,434.0
noisy,0.38,0.0,0.3813777106910831,13,2.0,1.0,7.694191310614394,,,495.0
noisy,0.47000000000000003,0.0,0.4676124050644928,13,2.0,1.0,9.425573568314404,,,543.0
noisy,0.56,0.0,0.5498134246117579,13,2.0,1.0,9.905002895344182,,,524.0
noisy,0.6499999999999999,0.0,0.636378980053134,13,2.0,1.0,9.904962201367294,,,446.0
noisy,0.74,0.0,0.7204275541677863,13,2.0,1.0,9.904006159042318,,,447.0
noisy,0.8300000000000001,0.0,0.8084946224181236,13,2.0,1.0,9.907305120166734,,,467.0
noisy,0.9199999999999999,0.0,0.8985492626018639,13,2.0,1.0,9.906675604157174,,,397.0
noisy,1.01,0.0,0.9799606929944019,13,2.0,1.0,9.907094104809879,,,386.0
noisy,1.0999999999999999,0.0,1.066822784323992,13,2.0,1.0,9.910326930089695,,,346.0
noisy,1.19,0.0,1.1545291581565162,13,2.0,1.0,9.911282980369645,,,331.0
noisy,1.28,0.0,1.0991748276662474,13,2.0,0.6666666666666666,9.912471737882896,,,24.0
noisy,1.3699999999999999,0.0,1.3148264238906175,13,2.0,1.0,9.913460391307028,,,269.0
noisy,1.46,0.0,1.4039351200170678,13,2.0,1.0,9.909670955646106,,,258.0
noisy,1.5499999999999998,0.0,1.47988694772054,13,2.0,1.0,9.913392041715678,,,259.0
noisy,1.64,0.0,1.4487957385325236,13,2.0,0.6666666666666666,9.916385596172521,,,222.0
noisy,1.73,0.0,1.4332599085209967,13,2.0,0.6666666666666666,9.913606784166983,,,14.0
noisy,1.8199999999999998,0.0,1.396521305474418,13,2.0,0.3333333333333333,9.902335090480456,,,216.0
noisy,1.91,0.0,1.5936257694124905,13,2.0,0.6666666666666666,9.916435466058873,,,186.0
noisy,2.0,0.0,1.1722862119303563,13,2.0,0.0,1.1685673964090844,,,13.0
noisy,0.2,0.0,0.2156655751434247,14,2.0,1.0,4.354246879112894,,,375.0
noisy,0.29000000000000004,0.0,0.29984020359712765,14,2.0,1.0,6.096912853578317,,,445.0
noisy,0.38,0.0,0.38166868951481664,14,2.0,1.0,7.680765622851107,,,522.0
noisy,0.47000000000000003,0.0,0.47079238722496836,14,2.0,1.0,9.496715290334283,,,602.0
noisy,0.56,0.0,0.5512670702281389,14,2.0,1.0,9.90346273963073,,,484.0
noisy,0.6499999999999999,0.0,0.6345994288967559,14,2.0,1.0,9.905767337664782,,,482.0
noisy,0.74,0.0,0.7163655946987769,14,2.0,1.0,9.90314866136072,,,470.0
noisy,0.8300000000000001,0.0,0.8079191990342568,14,2.0,1.0,9.905598716897975,,,400.0
noisy,0.9199999999999999,0.0,0.8899448382713177,14,2.0,1.0,9.90881839873637,,,366.0
noisy,1.01,0.0,0.9796611474906606,14,2.0,1.0,9.907611045873441,,,390.0
noisy,1.0999999999999999,0.0,1.0661270999439754,14,2.0,1.0,9.907316355700978,,,320.0
noisy,1.19,0.0,1.149812712683346,14,2.0,1.0,9.90607438238633,,,302.0
noisy,1.28,0.0,1.2432247080111274,14,2.0,1.0,9.90429206162319,,,304.0
noisy,1.3699999999999999,0.0,1.1757843427540575,14,2.0,0.6666666666666666,9.913851599316517,,,273.0
noisy,1.46,0.0,1.3114004352947022,14,2.0,0.6666666666666666,9.905671819005189,,,247.0
noisy,1.5499999999999998,0.0,1.331678652318816,14,2.0,0.6666666666666666,9.913092375858307,,,27.0
noisy,1.64,0.0,1.0248361927710998,14,2.0,0.0,0.7415620206803073,,,14.0
noisy,1.73,0.0,1.346074533350438,14,2.0,0.3333333333333333,9.90522999930521,,,25.0
noisy,1.8199999999999998,0.0,1.1938276487208894,14,2.0,0.0,1.357742201639672,,,8.0
noisy,1.91,0.0,1.3493367254998752,14,2.0,0.3333333333333333,9.900131145639685,,,27.0
noisy,2.0,0.0,1.3431671600474402,14,2.0,0.3333333333333333,9.915045979399306,,,174.0
noisy,0.2,0.0,0.2174513433767149,15,2.0,1.0,4.3967458850230035,,,358.0
noisy,0.29000000000000004,0.0,0.3001536136876865,15,2.0,1.0,6.15643304072364,,,484.0
noisy,0.38,0.0,0.3801081549466225,15,2.0,1.0,7.6567850904458,,,495.0
noisy,0.47000000000000003,0.0,0.46266127196239,15,2.0,1.0,9.318176736351893,,,539.0
noisy,0.56,0.0,0.5529359961965096,15,2.0,1.0,9.904525902322945,,,486.0
noisy,0.6499999999999999,0.0,0.6352983742931065,15,2.0,1.0,9.904773598972856,,,453.0
noisy,0.74,0.0,0.719687558186687,15,2.0,1.0,9.904963196010167,,,433.0
noisy,0.8300000000000001,0.0,0.8035889633103884,15,2.0,1.0,9.90744760305991,,,411.0
noisy,0.9199999999999999,0.0,0.8958392459595483,15,2.0,1.0,9.907869966595337,,,360.0
noisy,1.01,0.0,0.9773487261503471,15,2.0,1.0,9.908464318631058,,,368.0
noisy,1.0999999999999999,0.0,1.073880677226431,15,2.0,1.0,9.907131714749786,,,316.0
noisy,1.19,0.0,1.0452802200827693,15,2.0,0.6666666666666666,9.909806009243779,,,16.0
noisy,1.28,0.0,1.025777328886323,15,2.0,0.3333333333333333,9.901266128485426,,,322.0
noisy,1.3699999999999999,0.0,1.1768967727257094,15,2.0,0.6666666666666666,9.91337816710839,,,262.0
noisy,1.46,0.0,1.0959855110314074,15,2.0,0.3333333333333333,9.903574444845349,,,21.0
noisy,1.5499999999999998,0.0,1.1181311631243587,15,2.0,0.3333333333333333,9.907398905620841,,,10.0
noisy,1.64,0.0,0.9455457773472701,15,2.0,0.0,0.6258870539292086,,,12.0
noisy,1.73,0.0,1.0144934950673274,15,2.0,0.0,0.7999017932319284,,,13.0
noisy,1.8199999999999998,0.0,1.0549778306846973,15,2.0,0.0,1.1017286886882096,,,8.0
noisy,1.91,0.0,1.1038958075325296,15,2.0,0.0,0.7648793464651337,,,18.0
noisy,2.0,0.0,1.0166619526974907,15,2.0,0.0,0.7033226077878157,,,8.0
noisy,0.2,0.0,0.21527235766442607,16,2.0,1.0,4.376277699408682,,,406.0
noisy,0.29000000000000004,0.0,0.30279708668301925,16,2.0,1.0,6.1142032770967525,,,431.0
noisy,0.38,0.0,0.3791521157849584,16,2.0,1.0,7.625257880647311,,,489.0
noisy,0.47000000000000003,0.0,0.46665399447716616,16,2.0,1.0,9.536598252903593,,,583.0
noisy,0.56,0.0,0.5498626028325684,16,2.0,1.0,9.904602448317506,,,492.0
noisy,0.6499999999999999,0.0,0.6332820521799717,16,2.0,1.0,9.903086489419346,,,462.0
noisy,0.74,0.0,0.7188615010946823,16,2.0,1.0,9.907022770122088,,,434.0
noisy,0.8300000000000001,0.0,0.8070192494758047,16,2.0,1.0,9.907360435735887,,,392.0
noisy,0.9199999999999999,0.0,0.8933166812991251,16,2.0,1.0,9.906362463488879,,,354.0
noisy,1.01,0.0,0.9868788706055809,16,2.0,1.0,9.908941282657423,,,386.0
noisy,1.0999999999999999,0.0,1.0645114586716395,16,2.0,1.0,9.910030075005338,,,313.0
noisy,1.19,0.0,1.025907584940905,16,2.0,0.6666666666666666,9.907777854007627,,,300.0
noisy,1.28,0.0,1.1224301949540083,16,2.0,0.6666666666666666,9.90489889748275,,,303.0
noisy,1.3699999999999999,0.0,1.3344266262126807,16,2.0,1.0,9.91305934128914,,,264.0
noisy,1.46,0.0,1.134699049636181,16,2.0,0.3333333333333333,9.909828912948607,,,20.0
noisy,1.5499999999999998,0.0,1.1218532314785823,16,2.0,0.3333333333333333,9.90104133121114,,,14.0
noisy,1.64,0.0,1.2045245572746566,16,2.0,0.3333333333333333,9.907311743022222,,,21.0
noisy,1.73,0.0,1.0171127514099476,16,2.0,0.0,0.6290855425562476,,,13.0
noisy,1.8199999999999998,0.0,1.0672417144277098,16,2.0,0.0,0.839607576987947,,,12.0
noisy,1.91,0.0,1.110468599901407,16,2.0,0.0,0.7718884306635189,,,15.0
noisy,2.0,0.0,1.0306363748177947,16,2.0,0.0,0.7093901772153807,,,9.0
noisy,0.2,0.0,0.21854032185837927,17,2.0,1.0,4.448805012926039,,,435.0
noisy,0.29000000000000004,0.0,0.30545913040975864,17,2.0,1.0,6.113932624810988,,,441.0
noisy,0.38,0.0,0.383418858291838,17,2.0,1.0,7.695148952143014,,,452.0
noisy,0.47000000000000003,0.0,0.4664549298657343,17,2.0,1.0,9.432885507478817,,,551.0
noisy,0.56,0.0,0.5589024721785552,17,2.0,1.0,9.902228205864478,,,480.0
noisy,0.6499999999999999,0.0,0.6383813481339362,17,2.0,1.0,9.905314348660376,,,473.0
noisy,0.74,0.0,0.7214481432496095,17,2.0,1.0,9.904630289998373,,,451.0
noisy,0.8300000000000001,0.0,0.8061408836572541,17,2.0,1.0,9.908115722486048,,,451.0
noisy,0.9199999999999999,0.0,0.8956012559543277,17,2.0,1.0,9.906049189467156,,,360.0
noisy,1.01,0.0,0.8833917972381773,17,2.0,0.6666666666666666,9.906739709649969,,,326.0
noisy,1.0999999999999999,0.0,1.0671153252729477,17,2.0,1.0,9.908434579809379,,,342.0
noisy,1.19,0.0,1.1525296404745793,17,2.0,1.0,9.906966222308853,,,308.0
noisy,1.28,0.0,1.1045028957699896,17,2.0,0.6666666666666666,9.910895064010084,,,14.0
noisy,1.3699999999999999,0.0,1.060587692363548,17,2.0,0.3333333333333333,9.910950229320248,,,26.0
noisy,1.46,0.0,1.1325154452689608,17,2.0,0.3333333333333333,9.912890873070314,,,15.0
noisy,1.5499999999999998,0.0,1.117007653629318,17,2.0,0.3333333333333333,9.907126891068717,,,231.0
noisy,1.64,0.0,0.9814924600835887,17,2.0,0.0,0.9046572602198197,,,8.0
noisy,1.73,0.0,1.190042106941823,17,2.0,0.3333333333333333,9.900317820781956,,,211.0
noisy,1.8199999999999998,0.0,0.8662089670483003,17,2.0,0.0,0.4402858818983101,,,4.0
noisy,1.91,0.0,0.9737885396872712,17,2.0,0.0,0.6785457794324158,,,5.0
noisy,2.0,0.0,1.0403562344793305,17,2.0,0.0,0.7717474673979788,,,14.0
noisy,0.2,0.0,0.21979488487915586,18,2.0,1.0,4.482857977031722,,,343.0
noisy,0.29000000000000004,0.0,0.30007089707282675,18,2.0,1.0,6.050976980745075,,,456.0
noisy,0.38,0.0,0.38465198561900493,18,2.0,1.0,7.718651744531119,,,467.0
noisy,0.47000000000000003,0.0,0.4680947869238479,18,2.0,1.0,9.504615171161708,,,524.0
noisy,0.56,0.0,0.5521147238648245,18,2.0,1.0,9.9036998603371,,,524.0
noisy,0.6499999999999999,0.0,0.6347968276452906,18,2.0,1.0,9.90546978749795,,,449.0
noisy,0.74,0.0,0.723881078894034,18,2.0,1.0,9.904094245171143,,,431.0
noisy,0.8300000000000001,0.0,0.8036734683282214,18,2.0,1.0,9.905559848612429,,,411.0
noisy,0.9199999999999999,0.0,0.8934988516628289,18,2.0,1.0,9.905751466435746,,,394.0
noisy,1.01,0.0,0.9744516935433615,18,2.0,1.0,9.909770600143613,,,381.0
noisy,1.0999999999999999,0.0,1.0672341191266204,18,2.0,1.0,9.910694986007918,,,332.0
noisy,1.19,0.0,1.0610990394460627,18,2.0,0.6666666666666666,9.910088350220626,,,303.0
noisy,1.28,0.0,1.0919048084065386,18,2.0,0.6666666666666666,9.906700251085596,,,295.0
noisy,1.3699999999999999,0.0,0.9445924721340905,18,2.0,0.0,0.901706073381276,,,31.0
noisy,1.46,0.0,1.0504726412640208,18,2.0,0.0,1.2233602378904997,,,23.0
noisy,1.5499999999999998,0.0,0.9757681870918374,18,2.0,0.0,0.8134758020993106,,,25.0
noisy,1.64,0.0,0.9299276416995502,18,2.0,0.0,0.6926687596254409,,,13.0
noisy,1.73,0.0,1.0530274088572684,18,2.0,0.0,0.9751190426766535,,,7.0
noisy,1.8199999999999998,0.0,1.1353336595677626,18,2.0,0.0,0.9000362592528601,,,17.0
noisy,1.91,0.0,0.9251516160421759,18,2.0,0.0,0.7314273397216271,,,4.0
noisy,2.0,0.0,1.038590000091292,18,2.0,0.0,0.5594400665263378,,,7.0
noisy,0.2,0.0,0.21821824747610963,19,2.0,1.0,4.417502050301513,,,378.0
noisy,0.29000000000000004,0.0,0.30120767388874475,19,2.0,1.0,6.093725837185358,,,459.0
noisy,0.38,0.0,0.38476309795671043,19,2.0,1.0,7.73967520215594,,,492.0
noisy,0.47000000000000003,0.0,0.46705260899383233,19,2.0,1.0,9.394969303418431,,,525.0
noisy,0.56,0.0,0.5480560267419282,19,2.0,1.0,9.905274262521727,,,498.0
noisy,0.6499999999999999,0.0,0.637464286750403,19,2.0,1.0,9.905845350335728,,,427.0
noisy,0.74,0.0,0.7182011578000741,19,2.0,1.0,9.907416185837931,,,453.0
noisy,0.8300000000000001,0.0,0.8028395831826041,19,2.0,1.0,9.904784582459358,,,408.0
noisy,0.9199999999999999,0.0,0.8865758705668686,19,2.0,1.0,9.90411804808117,,,391.0
noisy,1.01,0.0,0.9877438000016232,19,2.0,1.0,9.910453100866134,,,342.0
noisy,1.0999999999999999,0.0,0.9493730922381921,19,2.0,0.6666666666666666,9.906601692413,,,346.0
noisy,1.19,0.0,1.1489702689457744,19,2.0,1.0,9.910621740542146,,,323.0
noisy,1.28,0.0,0.8417069951308099,19,2.0,0.0,0.593364357216507,,,6.0
noisy,1.3699999999999999,0.0,1.1293979016142086,19,2.0,0.3333333333333333,9.906887374561022,,,23.0
noisy,1.46,0.0,0.9396398300277857,19,2.0,0.0,0.7449610169368532,,,18.0
noisy,1.5499999999999998,0.0,1.2644747740850595,19,2.0,0.3333333333333333,9.912765757119638,,,20.0
noisy,1.64,0.0,1.2879477779391648,19,2.0,0.3333333333333333,9.90843584105669,,,238.0
noisy,1.73,0.0,1.2075428796389283,19,2.0,0.3333333333333333,9.902070212867107,,,6.0
noisy,1.8199999999999998,0.0,1.0192740762673387,19,2.0,0.0,1.0771737851138763,,,29.0
noisy,1.91,0.0,0.9403975763312374,19,2.0,0.0,0.8897267199811154,,,27.0
noisy,2.0,0.0,0.9331924673360956,19,2.0,0.0,0.44112966987036156,,,8.0
