demo type,cmd speed,angle,mean speed,noise level,resolution,success,max range,trial_no,symmetry index,steps taken
noisy,0.2,0.0,0.22092719652619208,1,0.25,1.0,4.546792017564091,,,631.0
noisy,0.29000000000000004,0.0,0.2957686349117666,1,0.25,1.0,5.985247248554155,,,632.0
noisy,0.38,0.0,0.3876364919568649,1,0.25,1.0,7.850235478137347,,,599.0
noisy,0.47000000000000003,0.0,0.4703251398592738,1,0.25,1.0,9.464416389595868,,,620.0
noisy,0.56,0.0,0.5558529937588368,1,0.25,1.0,9.90455735995666,,,593.0
noisy,0.6499999999999999,0.0,0.6452755864485751,1,0.25,1.0,9.906084697890458,,,527.0
noisy,0.74,0.0,0.7307061328286458,1,0.25,1.0,9.90291728104543,,,465.0
noisy,0.8300000000000001,0.0,0.8220237658494242,1,0.25,1.0,9.903521928185274,,,391.0
noisy,0.9199999999999999,0.0,0.9027968542235003,1,0.25,1.0,9.907829598669773,,,376.0
noisy,1.01,0.0,0.9959192935190889,1,0.25,1.0,9.909115334695803,,,369.0
noisy,1.0999999999999999,0.0,1.0705544643244649,1,0.25,1.0,9.910331109295965,,,319.0
noisy,1.19,0.0,1.160647509680971,1,0.25,1.0,9.911486393881948,,,263.0
noisy,1.28,0.0,1.2500336419587537,1,0.25,1.0,9.910722151582977,,,224.0
noisy,1.3699999999999999,0.0,1.330842220309115,1,0.25,1.0,9.909759859563081,,,244.0
noisy,1.46,0.0,1.4079184835762575,1,0.25,1.0,9.908173383925583,,,202.0
noisy,1.5499999999999998,0.0,1.4949129397322658,1,0.25,1.0,9.908716688746285,,,206.0
noisy,1.64,0.0,1.5803845599045527,1,0.25,1.0,9.915110818248937,,,202.0
noisy,1.73,0.0,1.4730778935350992,1,0.25,0.6666666666666666,9.914927731712737,,,167.0
noisy,1.8199999999999998,0.0,1.7507048281207582,1,0.25,1.0,9.915662534410039,,,184.0
noisy,1.91,0.0,1.655386678694331,1,0.25,0.6666666666666666,9.91635339870893,,,173.0
noisy,2.0,0.0,1.6664502528761445,1,0.25,0.6666666666666666,9.912115047247884,,,4.0
noisy,0.2,0.0,-0.5824656256265032,2,0.25,0.0,0.0,,,3.0
noisy,0.29000000000000004,0.0,-0.42760425676969543,2,0.25,0.0,0.0,,,4.0
noisy,0.38,0.0,-0.6368494464416041,2,0.25,0.0,0.0,,,5.0
noisy,0.47000000000000003,0.0,-0.4917778874415107,2,0.25,0.0,0.014308233548615679,,,6.0
noisy,0.56,0.0,-0.4136829962028177,2,0.25,0.0,0.0,,,4.0
noisy,0.6499999999999999,0.0,-0.3756619992662553,2,0.25,0.0,0.0,,,3.0
noisy,0.74,0.0,-0.6386282261748472,2,0.25,0.0,0.0,,,3.0
noisy,0.8300000000000001,0.0,-0.4077856754244124,2,0.25,0.0,0.0,,,5.0
noisy,0.9199999999999999,0.0,-0.3909135378475632,2,0.25,0.0,0.0,,,5.0
noisy,1.01,0.0,-0.5679452514377678,2,0.25,0.0,0.0,,,8.0
noisy,1.0999999999999999,0.0,-0.5844948357361449,2,0.25,0.0,0.0,,,3.0
noisy,1.19,0.0,-0.4156895632962443,2,0.25,0.0,0.0,,,5.0
noisy,1.28,0.0,-0.18989027396570246,2,0.25,0.0,0.0,,,3.0
noisy,1.3699999999999999,0.0,-0.3646310078860138,2,0.25,0.0,0.0,,,5.0
noisy,1.46,0.0,-0.4278243090507514,2,0.25,0.0,0.0,,,5.0
noisy,1.5499999999999998,0.0,-0.4250719849918747,2,0.25,0.0,0.0,,,5.0
noisy,1.64,0.0,-0.27086583383849766,2,0.25,0.0,0.007812943967993775,,,5.0
noisy,1.73,0.0,-0.438720617254355,2,0.25,0.0,0.0,,,6.0
noisy,1.8199999999999998,0.0,-0.3074585786281352,2,0.25,0.0,0.0,,,4.0
noisy,1.91,0.0,-0.40802735794897105,2,0.25,0.0,0.0,,,5.0
noisy,2.0,0.0,-0.42426871283627027,2,0.25,0.0,0.0,,,3.0
noisy,0.2,0.0,-0.4636998184655036,3,0.25,0.0,0.0,,,6.0
noisy,0.29000000000000004,0.0,-0.6418999462941773,3,0.25,0.0,0.0,,,6.0
noisy,0.38,0.0,-0.4222675240845999,3,0.25,0.0,0.0,,,6.0
noisy,0.47000000000000003,0.0,-0.4716574448808217,3,0.25,0.0,0.0,,,5.0
noisy,0.56,0.0,-0.44792602442027074,3,0.25,0.0,0.0,,,5.0
noisy,0.6499999999999999,0.0,-0.4715020512176477,3,0.25,0.0,0.0,,,4.0
noisy,0.74,0.0,-0.4167305413572417,3,0.25,0.0,0.0,,,5.0
noisy,0.8300000000000001,0.0,-0.42593631831529954,3,0.25,0.0,0.0,,,6.0
noisy,0.9199999999999999,0.0,-0.5937368463996067,3,0.25,0.0,0.0,,,5.0
noisy,1.01,0.0,-0.38993113478725827,3,0.25,0.0,0.0,,,5.0
noisy,1.0999999999999999,0.0,-0.40090545966556873,3,0.25,0.0,0.0,,,5.0
noisy,1.19,0.0,-0.4053958243060077,3,0.25,0.0,0.0,,,8.0
noisy,1.28,0.0,-0.2415268078321536,3,0.25,0.0,0.002981687192008263,,,5.0
noisy,1.3699999999999999,0.0,-0.3964290947578002,3,0.25,0.0,0.0,,,7.0
noisy,1.46,0.0,-0.30050197583711413,3,0.25,0.0,0.0,,,9.0
noisy,1.5499999999999998,0.0,-0.3210591607968168,3,0.25,0.0,0.0,,,5.0
noisy,1.64,0.0,-0.3664917147010252,3,0.25,0.0,0.0,,,7.0
noisy,1.73,0.0,-0.3887125078251736,3,0.25,0.0,0.0,,,4.0
noisy,1.8199999999999998,0.0,-0.4007227712052321,3,0.25,0.0,0.0,,,4.0
noisy,1.91,0.0,-0.36827345263389305,3,0.25,0.0,0.0,,,7.0
noisy,2.0,0.0,-0.39670728507816183,3,0.25,0.0,0.0,,,4.0
noisy,0.2,0.0,-0.27011658314731674,4,0.25,0.0,0.0,,,6.0
noisy,0.29000000000000004,0.0,-0.24908161619171995,4,0.25,0.0,0.0,,,5.0
noisy,0.38,0.0,-0.32440088025424485,4,0.25,0.0,0.0,,,4.0
noisy,0.47000000000000003,0.0,-0.22559949609380084,4,0.25,0.0,0.0,,,3.0
noisy,0.56,0.0,-0.23183253529467052,4,0.25,0.0,0.0,,,4.0
noisy,0.6499999999999999,0.0,-0.3672929504585675,4,0.25,0.0,0.0,,,5.0
noisy,0.74,0.0,-0.33233274127756024,4,0.25,0.0,0.0,,,3.0
noisy,0.8300000000000001,0.0,-0.3636116407908596,4,0.25,0.0,0.0,,,2.0
noisy,0.9199999999999999,0.0,-0.2562464203046677,4,0.25,0.0,0.0,,,4.0
noisy,1.01,0.0,-0.3322399613565087,4,0.25,0.0,0.0,,,3.0
noisy,1.0999999999999999,0.0,-0.2800767790886042,4,0.25,0.0,0.0,,,5.0
noisy,1.19,0.0,-0.2704559381984484,4,0.25,0.0,0.0,,,2.0
noisy,1.28,0.0,-0.3369609945254049,4,0.25,0.0,0.0,,,2.0
noisy,1.3699999999999999,0.0,-0.3811690071601918,4,0.25,0.0,0.0,,,1.0
noisy,1.46,0.0,-0.3306643820931238,4,0.25,0.0,0.0,,,3.0
noisy,1.5499999999999998,0.0,-0.26096388980732904,4,0.25,0.0,0.0,,,3.0
noisy,1.64,0.0,-0.33630340364675826,4,0.25,0.0,0.0,,,1.0
noisy,1.73,0.0,-0.26432028727926143,4,0.25,0.0,0.0,,,4.0
noisy,1.8199999999999998,0.0,-0.3645195574997677,4,0.25,0.0,0.0,,,2.0
noisy,1.91,0.0,-0.2921018610591241,4,0.25,0.0,0.0,,,4.0
noisy,2.0,0.0,-0.3602168691052781,4,0.25,0.0,0.0,,,3.0
noisy,0.2,0.0,-0.22046064933712084,5,0.25,0.0,0.0,,,6.0
noisy,0.29000000000000004,0.0,-0.334293116160495,5,0.25,0.0,0.0,,,7.0
noisy,0.38,0.0,-0.31799730584094776,5,0.25,0.0,0.0,,,5.0
noisy,0.47000000000000003,0.0,-0.22737984494821586,5,0.25,0.0,0.0,,,4.0
noisy,0.56,0.0,-0.20521845788218993,5,0.25,0.0,0.0,,,6.0
noisy,0.6499999999999999,0.0,-0.213532985883323,5,0.25,0.0,0.0,,,11.0
noisy,0.74,0.0,-0.16259191840825776,5,0.25,0.0,0.0,,,9.0
noisy,0.8300000000000001,0.0,-0.12739462213635247,5,0.25,0.0,0.024784413302491162,,,15.0
noisy,0.9199999999999999,0.0,-0.12791526754574328,5,0.25,0.0,0.0,,,6.0
noisy,1.01,0.0,-0.191599153023717,5,0.25,0.0,0.0,,,6.0
noisy,1.0999999999999999,0.0,-0.20228953423548282,5,0.25,0.0,0.0,,,5.0
noisy,1.19,0.0,-0.2004682280751372,5,0.25,0.0,0.0,,,5.0
noisy,1.28,0.0,-0.12430163833147122,5,0.25,0.0,0.0,,,4.0
noisy,1.3699999999999999,0.0,-0.19789197330091501,5,0.25,0.0,0.0,,,2.0
noisy,1.46,0.0,-0.10826200133973334,5,0.25,0.0,0.025371785755911078,,,5.0
noisy,1.5499999999999998,0.0,-0.18758964219745725,5,0.25,0.0,0.0,,,4.0
noisy,1.64,0.0,-0.12113299574528678,5,0.25,0.0,0.0,,,6.0
noisy,1.73,0.0,-0.18098640293420662,5,0.25,0.0,0.0,,,5.0
noisy,1.8199999999999998,0.0,-0.11807085267090241,5,0.25,0.0,0.0,,,5.0
noisy,1.91,0.0,-0.1735717494375452,5,0.25,0.0,0.0,,,3.0
noisy,2.0,0.0,-0.1097027005283543,5,0.25,0.0,0.0,,,7.0
noisy,0.2,0.0,-0.28726460974419377,6,0.25,0.0,0.0,,,8.0
noisy,0.29000000000000004,0.0,-0.3013986975452772,6,0.25,0.0,0.0,,,6.0
noisy,0.38,0.0,-0.1973734538644669,6,0.25,0.0,0.0,,,8.0
noisy,0.47000000000000003,0.0,-0.16279406544946298,6,0.25,0.0,0.0,,,5.0
noisy,0.56,0.0,-0.17878296569155008,6,0.25,0.0,0.0,,,6.0
noisy,0.6499999999999999,0.0,-0.11880854426717453,6,0.25,0.0,0.0016107186333328628,,,14.0
noisy,0.74,0.0,-0.15105754459282036,6,0.25,0.0,0.00425487410229038,,,8.0
noisy,0.8300000000000001,0.0,-0.032789274044747296,6,0.25,0.0,0.039900331475482054,,,11.0
noisy,0.9199999999999999,0.0,-0.10188291150083688,6,0.25,0.0,0.0033732892133683193,,,8.0
noisy,1.01,0.0,-0.08974427081194432,6,0.25,0.0,0.0021586408158669763,,,3.0
noisy,1.0999999999999999,0.0,-0.16416389144731,6,0.25,0.0,0.0,,,8.0
noisy,1.19,0.0,-0.0958169500845404,6,0.25,0.0,0.0,,,8.0
noisy,1.28,0.0,-0.13132268678849188,6,0.25,0.0,0.0,,,7.0
noisy,1.3699999999999999,0.0,-0.05441820795058081,6,0.25,0.0,0.01720363776293121,,,12.0
noisy,1.46,0.0,-0.0497794318425669,6,0.25,0.0,0.004297122842494816,,,11.0
noisy,1.5499999999999998,0.0,-0.05425728697885573,6,0.25,0.0,0.011672139664581326,,,5.0
noisy,1.64,0.0,-0.02364779615919074,6,0.25,0.0,0.009965475920507604,,,10.0
noisy,1.73,0.0,-0.0054327886547855435,6,0.25,0.0,0.008966697798400682,,,6.0
noisy,1.8199999999999998,0.0,-0.15208526597754612,6,0.25,0.0,0.0,,,6.0
noisy,1.91,0.0,0.12660442841249078,6,0.25,0.0,0.07077943051831992,,,7.0
noisy,2.0,0.0,0.12445560042009869,6,0.25,0.0,0.04402755250068813,,,6.0
noisy,0.2,0.0,-0.12997481422105106,7,0.25,0.0,0.0,,,8.0
noisy,0.29000000000000004,0.0,-0.11361147936904348,7,0.25,0.0,0.055802520366031096,,,11.0
noisy,0.38,0.0,-0.10466960479985205,7,0.25,0.0,0.027180158536862113,,,8.0
noisy,0.47000000000000003,0.0,-0.17806010811050343,7,0.25,0.0,0.0,,,5.0
noisy,0.56,0.0,-0.1429318226634813,7,0.25,0.0,0.0,,,6.0
noisy,0.6499999999999999,0.0,-0.0033967301898374393,7,0.25,0.0,0.004965122202327164,,,5.0
noisy,0.74,0.0,0.018436594585724966,7,0.25,0.0,0.012815233129254857,,,11.0
noisy,0.8300000000000001,0.0,-0.06132743516014594,7,0.25,0.0,0.018647349093247514,,,9.0
noisy,0.9199999999999999,0.0,-0.014263119948064548,7,0.25,0.0,0.024757139401436652,,,8.0
noisy,1.01,0.0,-0.06067378189381132,7,0.25,0.0,0.05968808906383795,,,7.0
noisy,1.0999999999999999,0.0,-0.0695696936943941,7,0.25,0.0,0.018776570047246716,,,7.0
noisy,1.19,0.0,0.06070787634770535,7,0.25,0.0,0.02157399309069307,,,6.0
noisy,1.28,0.0,0.07915506213828565,7,0.25,0.0,0.049592460356233256,,,9.0
noisy,1.3699999999999999,0.0,0.11582743307081324,7,0.25,0.0,0.0625825058182285,,,7.0
noisy,1.46,0.0,-0.028478626157832893,7,0.25,0.0,0.018374134629617227,,,6.0
noisy,1.5499999999999998,0.0,0.06521645767356377,7,0.25,0.0,0.018037036136612165,,,5.0
noisy,1.64,0.0,0.12767438653183152,7,0.25,0.0,0.035616478704523315,,,5.0
noisy,1.73,0.0,0.24716747340887688,7,0.25,0.0,0.16806590971487922,,,10.0
noisy,1.8199999999999998,0.0,0.14153768571318712,7,0.25,0.0,0.03518188447852395,,,3.0
noisy,1.91,0.0,-0.022476823658063805,7,0.25,0.0,0.018096215351566122,,,5.0
noisy,2.0,0.0,0.19623434952036897,7,0.25,0.0,0.08572566419285911,,,7.0
noisy,0.2,0.0,-0.26308368166515,8,0.25,0.0,0.0,,,3.0
noisy,0.29000000000000004,0.0,-0.346670340174087,8,0.25,0.0,0.0,,,7.0
noisy,0.38,0.0,-0.13762353389520485,8,0.25,0.0,0.0,,,6.0
noisy,0.47000000000000003,0.0,-0.1644493996263414,8,0.25,0.0,0.0,,,4.0
noisy,0.56,0.0,-0.16329885660191465,8,0.25,0.0,0.006465207555120133,,,6.0
noisy,0.6499999999999999,0.0,-0.29094307940029096,8,0.25,0.0,0.0,,,5.0
noisy,0.74,0.0,-0.39026696861033616,8,0.25,0.0,0.0,,,4.0
noisy,0.8300000000000001,0.0,-0.28249256493594066,8,0.25,0.0,0.0,,,9.0
noisy,0.9199999999999999,0.0,-0.404466710471644,8,0.25,0.0,0.0,,,7.0
noisy,1.01,0.0,-0.3222626174825515,8,0.25,0.0,0.0,,,7.0
noisy,1.0999999999999999,0.0,-0.4627906675472264,8,0.25,0.0,0.0,,,13.0
noisy,1.19,0.0,-0.3835151092296387,8,0.25,0.0,0.0,,,5.0
noisy,1.28,0.0,-0.3271672088926827,8,0.25,0.0,0.0,,,3.0
noisy,1.3699999999999999,0.0,-0.2237998051087038,8,0.25,0.0,0.0,,,5.0
noisy,1.46,0.0,-0.2910252082173426,8,0.25,0.0,0.0,,,8.0
noisy,1.5499999999999998,0.0,-0.32872463207075664,8,0.25,0.0,0.0,,,7.0
noisy,1.64,0.0,-0.5208356077035053,8,0.25,0.0,0.0,,,18.0
noisy,1.73,0.0,-0.42965135762170464,8,0.25,0.0,0.0,,,9.0
noisy,1.8199999999999998,0.0,-0.5312500711584499,8,0.25,0.0,0.0,,,4.0
noisy,1.91,0.0,-0.17905216538104016,8,0.25,0.0,0.0,,,7.0
noisy,2.0,0.0,-0.13833383671497324,8,0.25,0.0,0.007230474950051166,,,5.0
noisy,0.2,0.0,-0.6014713693381591,9,0.25,0.0,0.0,,,18.0
noisy,0.29000000000000004,0.0,-0.7866218186632309,9,0.25,0.0,0.0,,,8.0
noisy,0.38,0.0,-0.5977213059216234,9,0.25,0.0,0.0,,,5.0
noisy,0.47000000000000003,0.0,-0.6188555274025177,9,0.25,0.0,0.0,,,5.0
noisy,0.56,0.0,-0.8498557233841817,9,0.25,0.0,0.0,,,10.0
noisy,0.6499999999999999,0.0,-0.6151978564608643,9,0.25,0.0,0.0,,,5.0
noisy,0.74,0.0,-0.6830525603688091,9,0.25,0.0,0.0,,,6.0
noisy,0.8300000000000001,0.0,-0.6552020012530827,9,0.25,0.0,0.0,,,3.0
noisy,0.9199999999999999,0.0,-0.7061752457046439,9,0.25,0.0,0.0,,,4.0
noisy,1.01,0.0,-0.640618536303727,9,0.25,0.0,0.0,,,3.0
noisy,1.0999999999999999,0.0,-0.7860367124408443,9,0.25,0.0,0.0,,,4.0
noisy,1.19,0.0,-0.6946707578724372,9,0.25,0.0,0.0,,,7.0
noisy,1.28,0.0,-0.6488293977855201,9,0.25,0.0,0.0,,,4.0
noisy,1.3699999999999999,0.0,-0.5597265072427009,9,0.25,0.0,0.0,,,4.0
noisy,1.46,0.0,-0.6760187211572201,9,0.25,0.0,0.0,,,4.0
noisy,1.5499999999999998,0.0,-0.8848244734356094,9,0.25,0.0,0.0,,,8.0
noisy,1.64,0.0,-0.5866342936663645,9,0.25,0.0,0.0,,,4.0
noisy,1.73,0.0,-0.7507164135118698,9,0.25,0.0,0.0,,,8.0
noisy,1.8199999999999998,0.0,-0.6334004196277121,9,0.25,0.0,0.0,,,2.0
noisy,1.91,0.0,-0.6763044237816803,9,0.25,0.0,0.0,,,3.0
noisy,2.0,0.0,-0.6979687467575219,9,0.25,0.0,0.0,,,6.0
noisy,0.2,0.0,-0.7866376506934385,10,0.25,0.0,0.0,,,14.0
noisy,0.29000000000000004,0.0,-0.8025764280241791,10,0.25,0.0,0.0,,,5.0
noisy,0.38,0.0,-1.0513184193805618,10,0.25,0.0,0.0,,,6.0
noisy,0.47000000000000003,0.0,-0.7934652571312372,10,0.25,0.0,0.0,,,7.0
noisy,0.56,0.0,-0.876841587314325,10,0.25,0.0,0.0,,,8.0
noisy,0.6499999999999999,0.0,-0.8391350214324249,10,0.25,0.0,0.0,,,13.0
noisy,0.74,0.0,-0.7989082581434572,10,0.25,0.0,0.0,,,4.0
noisy,0.8300000000000001,0.0,-0.7196633311394436,10,0.25,0.0,0.0,,,3.0
noisy,0.9199999999999999,0.0,-0.7072340093735523,10,0.25,0.0,0.0,,,8.0
noisy,1.01,0.0,-0.7798285956980312,10,0.25,0.0,0.0,,,3.0
noisy,1.0999999999999999,0.0,-0.8511942681495824,10,0.25,0.0,0.0,,,5.0
noisy,1.19,0.0,-0.7416280041884501,10,0.25,0.0,0.0,,,2.0
noisy,1.28,0.0,-0.6571079734406587,10,0.25,0.0,0.0,,,4.0
noisy,1.3699999999999999,0.0,-0.7881252172965018,10,0.25,0.0,0.0,,,2.0
noisy,1.46,0.0,-0.7352602234849502,10,0.25,0.0,0.0,,,3.0
noisy,1.5499999999999998,0.0,-0.677887349758285,10,0.25,0.0,0.0,,,2.0
noisy,1.64,0.0,-0.6993099173261182,10,0.25,0.0,0.0,,,3.0
noisy,1.73,0.0,-0.6677438867090718,10,0.25,0.0,0.0,,,2.0
noisy,1.8199999999999998,0.0,-0.6714784674627158,10,0.25,0.0,0.0,,,4.0
noisy,1.91,0.0,-0.7310287519664302,10,0.25,0.0,0.0,,,3.0
noisy,2.0,0.0,-0.8578046894916662,10,0.25,0.0,0.0,,,5.0
noisy,0.2,0.0,-1.0419484498489193,11,0.25,0.0,0.0,,,6.0
noisy,0.29000000000000004,0.0,-0.9245359377082717,11,0.25,0.0,0.0,,,7.0
noisy,0.38,0.0,-0.9125535652295915,11,0.25,0.0,0.0,,,4.0
noisy,0.47000000000000003,0.0,-0.7859808179856739,11,0.25,0.0,0.0,,,10.0
noisy,0.56,0.0,-0.8654129613145015,11,0.25,0.0,0.0,,,10.0
noisy,0.6499999999999999,0.0,-0.796223934537904,11,0.25,0.0,0.0,,,4.0
noisy,0.74,0.0,-0.9995081210051991,11,0.25,0.0,0.0,,,7.0
noisy,0.8300000000000001,0.0,-0.8700292046189414,11,0.25,0.0,0.0,,,5.0
noisy,0.9199999999999999,0.0,-0.9720208483100566,11,0.25,0.0,0.0,,,6.0
noisy,1.01,0.0,-0.7924021389510857,11,0.25,0.0,0.0,,,7.0
noisy,1.0999999999999999,0.0,-0.9366013299588487,11,0.25,0.0,0.0,,,6.0
noisy,1.19,0.0,-0.8913363572859955,11,0.25,0.0,0.0,,,4.0
noisy,1.28,0.0,-0.924678012448321,11,0.25,0.0,0.0,,,4.0
noisy,1.3699999999999999,0.0,-0.9325527656383888,11,0.25,0.0,0.0,,,4.0
noisy,1.46,0.0,-0.8120294707071624,11,0.25,0.0,0.0,,,4.0
noisy,1.5499999999999998,0.0,-0.7939599473949429,11,0.25,0.0,0.0,,,3.0
noisy,1.64,0.0,-0.8972354697622819,11,0.25,0.0,0.0,,,4.0
noisy,1.73,0.0,-1.1305199090991833,11,0.25,0.0,0.0,,,9.0
noisy,1.8199999999999998,0.0,-0.7875228184454635,11,0.25,0.0,0.0,,,4.0
noisy,1.91,0.0,-0.839668579958786,11,0.25,0.0,0.0,,,4.0
noisy,2.0,0.0,-0.831146585574085,11,0.25,0.0,0.0,,,3.0
noisy,0.2,0.0,-0.8707838672878081,12,0.25,0.0,0.0,,,9.0
noisy,0.29000000000000004,0.0,-1.0020516910360178,12,0.25,0.0,0.0,,,3.0
noisy,0.38,0.0,-0.7318196236450821,12,0.25,0.0,0.0,,,3.0
noisy,0.47000000000000003,0.0,-1.13496935738286,12,0.25,0.0,0.0,,,3.0
noisy,0.56,0.0,-0.8715248779943909,12,0.25,0.0,0.0,,,8.0
noisy,0.6499999999999999,0.0,-1.0357551811360193,12,0.25,0.0,0.0,,,4.0
noisy,0.74,0.0,-0.8952563375030218,12,0.25,0.0,0.0,,,3.0
noisy,0.8300000000000001,0.0,-0.9999253539386306,12,0.25,0.0,0.0,,,6.0
noisy,0.9199999999999999,0.0,-0.9290277390475096,12,0.25,0.0,0.0,,,4.0
noisy,1.01,0.0,-0.9222786535248266,12,0.25,0.0,0.0,,,3.0
noisy,1.0999999999999999,0.0,-1.1073605834724154,12,0.25,0.0,0.0,,,3.0
noisy,1.19,0.0,-0.9430243327277478,12,0.25,0.0,0.0,,,2.0
noisy,1.28,0.0,-0.7630801497533478,12,0.25,0.0,0.0,,,3.0
noisy,1.3699999999999999,0.0,-0.9833737835614381,12,0.25,0.0,0.0,,,4.0
noisy,1.46,0.0,-0.9420255056833461,12,0.25,0.0,0.0,,,5.0
noisy,1.5499999999999998,0.0,-0.9400917423030535,12,0.25,0.0,0.0,,,4.0
noisy,1.64,0.0,-1.0024300666528598,12,0.25,0.0,0.0,,,4.0
noisy,1.73,0.0,-0.9708087560646508,12,0.25,0.0,0.0,,,3.0
noisy,1.8199999999999998,0.0,-0.9413716453402493,12,0.25,0.0,0.0,,,3.0
noisy,1.91,0.0,-1.0322821114063319,12,0.25,0.0,0.0,,,3.0
noisy,2.0,0.0,-0.9604403922503059,12,0.25,0.0,0.0,,,3.0
noisy,0.2,0.0,-1.063354903012325,13,0.25,0.0,0.0,,,11.0
noisy,0.29000000000000004,0.0,-1.0158385844914801,13,0.25,0.0,0.0,,,7.0
noisy,0.38,0.0,-0.9789891496321325,13,0.25,0.0,0.0,,,7.0
noisy,0.47000000000000003,0.0,-0.9662466508016282,13,0.25,0.0,0.0,,,2.0
noisy,0.56,0.0,-1.1079086987680784,13,0.25,0.0,0.0,,,5.0
noisy,0.6499999999999999,0.0,-0.8552887066837959,13,0.25,0.0,0.0,,,3.0
noisy,0.74,0.0,-1.0059819979954356,13,0.25,0.0,0.0,,,4.0
noisy,0.8300000000000001,0.0,-1.0288753188276454,13,0.25,0.0,0.0,,,9.0
noisy,0.9199999999999999,0.0,-0.8736948548711081,13,0.25,0.0,0.0,,,2.0
noisy,1.01,0.0,-0.8723691591620254,13,0.25,0.0,0.0,,,1.0
noisy,1.0999999999999999,0.0,-0.9891634371190229,13,0.25,0.0,0.0,,,3.0
noisy,1.19,0.0,-1.0153181462334946,13,0.25,0.0,0.0,,,2.0
noisy,1.28,0.0,-1.156968953998479,13,0.25,0.0,0.0,,,3.0
noisy,1.3699999999999999,0.0,-0.9894226705389878,13,0.25,0.0,0.0,,,3.0
noisy,1.46,0.0,-0.8937627059816434,13,0.25,0.0,0.0,,,1.0
noisy,1.5499999999999998,0.0,-0.9220477072244947,13,0.25,0.0,0.0,,,1.0
noisy,1.64,0.0,-1.0501079390921213,13,0.25,0.0,0.0,,,4.0
noisy,1.73,0.0,-1.0040882703063478,13,0.25,0.0,0.0,,,1.0
noisy,1.8199999999999998,0.0,-1.0849202018153294,13,0.25,0.0,0.0,,,8.0
noisy,1.91,0.0,-1.0057639776838903,13,0.25,0.0,0.0,,,3.0
noisy,2.0,0.0,-1.0965552910780454,13,0.25,0.0,0.0,,,3.0
noisy,0.2,0.0,-0.8842112157585095,14,0.25,0.0,0.0,,,5.0
noisy,0.29000000000000004,0.0,-0.9844440607002601,14,0.25,0.0,0.0,,,5.0
noisy,0.38,0.0,-1.0102443497119644,14,0.25,0.0,0.0,,,4.0
noisy,0.47000000000000003,0.0,-0.9917892745205653,14,0.25,0.0,0.0,,,1.0
noisy,0.56,0.0,-0.973302436207215,14,0.25,0.0,0.0,,,4.0
noisy,0.6499999999999999,0.0,-0.9386553800982971,14,0.25,0.0,0.0,,,1.0
noisy,0.74,0.0,-0.9919835166906185,14,0.25,0.0,0.0,,,1.0
noisy,0.8300000000000001,0.0,-0.9376588412279956,14,0.25,0.0,0.0,,,2.0
noisy,0.9199999999999999,0.0,-0.9677780928571753,14,0.25,0.0,0.0,,,4.0
noisy,1.01,0.0,-1.025593093887567,14,0.25,0.0,0.0,,,7.0
noisy,1.0999999999999999,0.0,-1.0863683596005982,14,0.25,0.0,0.0,,,5.0
noisy,1.19,0.0,-0.8373560554272714,14,0.25,0.0,0.0,,,2.0
noisy,1.28,0.0,-0.8760031632806792,14,0.25,0.0,0.0,,,3.0
noisy,1.3699999999999999,0.0,-1.0603320664827045,14,0.25,0.0,0.0,,,4.0
noisy,1.46,0.0,-0.879478482494919,14,0.25,0.0,0.0,,,3.0
noisy,1.5499999999999998,0.0,-0.9976944806742883,14,0.25,0.0,0.0,,,4.0
noisy,1.64,0.0,-0.9399477907102184,14,0.25,0.0,0.0,,,3.0
noisy,1.73,0.0,-0.9688340449500696,14,0.25,0.0,0.0,,,1.0
noisy,1.8199999999999998,0.0,-1.121979911613377,14,0.25,0.0,0.0,,,2.0
noisy,1.91,0.0,-1.0188958820693603,14,0.25,0.0,0.0,,,2.0
noisy,2.0,0.0,-0.9669112138881778,14,0.25,0.0,0.0,,,2.0
noisy,0.2,0.0,-0.9376675902499448,15,0.25,0.0,0.0,,,4.0
noisy,0.29000000000000004,0.0,-0.8723860204741136,15,0.25,0.0,0.0,,,3.0
noisy,0.38,0.0,-1.0089569237729599,15,0.25,0.0,0.0,,,3.0
noisy,0.47000000000000003,0.0,-1.0029985180430188,15,0.25,0.0,0.0,,,4.0
noisy,0.56,0.0,-0.8660717357000696,15,0.25,0.0,0.0,,,2.0
noisy,0.6499999999999999,0.0,-0.943270643604912,15,0.25,0.0,0.0,,,4.0
noisy,0.74,0.0,-0.8813850576686054,15,0.25,0.0,0.0,,,5.0
noisy,0.8300000000000001,0.0,-0.881493301772522,15,0.25,0.0,0.0,,,2.0
noisy,0.9199999999999999,0.0,-0.9845097896622704,15,0.25,0.0,0.0,,,3.0
noisy,1.01,0.0,-0.916427213036011,15,0.25,0.0,0.0,,,4.0
noisy,1.0999999999999999,0.0,-0.9860223638525888,15,0.25,0.0,0.0,,,6.0
noisy,1.19,0.0,-1.001376050234694,15,0.25,0.0,0.0,,,2.0
noisy,1.28,0.0,-1.0035614370258894,15,0.25,0.0,0.0,,,3.0
noisy,1.3699999999999999,0.0,-0.9367370379527609,15,0.25,0.0,0.0,,,2.0
noisy,1.46,0.0,-0.9850094355715684,15,0.25,0.0,0.0,,,5.0
noisy,1.5499999999999998,0.0,-0.9435307015466776,15,0.25,0.0,0.0,,,2.0
noisy,1.64,0.0,-0.9528977282702847,15,0.25,0.0,0.0,,,3.0
noisy,1.73,0.0,-0.9742694552693805,15,0.25,0.0,0.0,,,3.0
noisy,1.8199999999999998,0.0,-0.9188092827439164,15,0.25,0.0,0.0,,,3.0
noisy,1.91,0.0,-0.9396252374330013,15,0.25,0.0,0.0,,,3.0
noisy,2.0,0.0,-0.8935665810388129,15,0.25,0.0,0.0,,,4.0
noisy,0.2,0.0,-1.1230370488757475,16,0.25,0.0,0.0,,,6.0
noisy,0.29000000000000004,0.0,-0.8722211694229101,16,0.25,0.0,0.0,,,4.0
noisy,0.38,0.0,-0.9441651681689351,16,0.25,0.0,0.0,,,2.0
noisy,0.47000000000000003,0.0,-0.8554378198219457,16,0.25,0.0,0.0,,,4.0
noisy,0.56,0.0,-0.9690115720674838,16,0.25,0.0,0.0,,,4.0
noisy,0.6499999999999999,0.0,-0.9204006451083743,16,0.25,0.0,0.0,,,3.0
noisy,0.74,0.0,-0.8291025100783204,16,0.25,0.0,0.0,,,2.0
noisy,0.8300000000000001,0.0,-1.025989912389585,16,0.25,0.0,0.0,,,4.0
noisy,0.9199999999999999,0.0,-0.8770976321681552,16,0.25,0.0,0.0,,,4.0
noisy,1.01,0.0,-0.9185216612313895,16,0.25,0.0,0.0,,,2.0
noisy,1.0999999999999999,0.0,-0.7757160310617882,16,0.25,0.0,0.0,,,3.0
noisy,1.19,0.0,-1.008472239532748,16,0.25,0.0,0.0,,,1.0
noisy,1.28,0.0,-0.7386351379552348,16,0.25,0.0,0.0,,,2.0
noisy,1.3699999999999999,0.0,-0.8078505163934923,16,0.25,0.0,0.0,,,3.0
noisy,1.46,0.0,-1.003823530488159,16,0.25,0.0,0.0,,,4.0
noisy,1.5499999999999998,0.0,-0.9547485216554495,16,0.25,0.0,0.0,,,4.0
noisy,1.64,0.0,-0.8962776375040543,16,0.25,0.0,0.0,,,2.0
noisy,1.73,0.0,-0.8652541960619308,16,0.25,0.0,0.0,,,2.0
noisy,1.8199999999999998,0.0,-0.8823908078975858,16,0.25,0.0,0.0,,,3.0
noisy,1.91,0.0,-0.8766225916085603,16,0.25,0.0,0.0,,,3.0
noisy,2.0,0.0,-0.893098878716939,16,0.25,0.0,0.0,,,1.0
noisy,0.2,0.0,-0.8779696156839353,17,0.25,0.0,0.0,,,1.0
noisy,0.29000000000000004,0.0,-0.9117912459430273,17,0.25,0.0,0.0,,,6.0
noisy,0.38,0.0,-0.9655640583411351,17,0.25,0.0,0.0,,,2.0
noisy,0.47000000000000003,0.0,-1.0359270697419627,17,0.25,0.0,0.0,,,2.0
noisy,0.56,0.0,-1.102618710868201,17,0.25,0.0,0.0,,,3.0
noisy,0.6499999999999999,0.0,-0.9138537324409458,17,0.25,0.0,0.0,,,3.0
noisy,0.74,0.0,-0.7262204748278175,17,0.25,0.0,0.0,,,1.0
noisy,0.8300000000000001,0.0,-0.8549171140918702,17,0.25,0.0,0.0,,,4.0
noisy,0.9199999999999999,0.0,-0.9318111434524251,17,0.25,0.0,0.0,,,1.0
noisy,1.01,0.0,-0.8900181470829592,17,0.25,0.0,0.0,,,2.0
noisy,1.0999999999999999,0.0,-0.8851275458440591,17,0.25,0.0,0.0,,,2.0
noisy,1.19,0.0,-0.9509575954948283,17,0.25,0.0,0.0,,,2.0
noisy,1.28,0.0,-0.8687491988433201,17,0.25,0.0,0.0,,,4.0
noisy,1.3699999999999999,0.0,-0.9823155117308104,17,0.25,0.0,0.0,,,4.0
noisy,1.46,0.0,-1.0603232884255174,17,0.25,0.0,0.0,,,3.0
noisy,1.5499999999999998,0.0,-1.0302153675086245,17,0.25,0.0,0.0,,,3.0
noisy,1.64,0.0,-0.9525168650373897,17,0.25,0.0,0.0,,,3.0
noisy,1.73,0.0,-0.8747905953735975,17,0.25,0.0,0.0,,,3.0
noisy,1.8199999999999998,0.0,-0.8252454978690502,17,0.25,0.0,0.0,,,3.0
noisy,1.91,0.0,-0.9731119727826384,17,0.25,0.0,0.0,,,3.0
noisy,2.0,0.0,-0.7942432928660595,17,0.25,0.0,0.0,,,2.0
noisy,0.2,0.0,-0.837572551807844,18,0.25,0.0,0.0,,,3.0
noisy,0.29000000000000004,0.0,-0.7959783334657455,18,0.25,0.0,0.0,,,2.0
noisy,0.38,0.0,-0.8859234489133091,18,0.25,0.0,0.0,,,2.0
noisy,0.47000000000000003,0.0,-0.9513141928152754,18,0.25,0.0,0.0,,,2.0
noisy,0.56,0.0,-0.8660716448937572,18,0.25,0.0,0.0,,,1.0
noisy,0.6499999999999999,0.0,-0.8064441120065254,18,0.25,0.0,0.0,,,2.0
noisy,0.74,0.0,-0.8677834067132862,18,0.25,0.0,0.0,,,2.0
noisy,0.8300000000000001,0.0,-0.9084770272600281,18,0.25,0.0,0.0,,,1.0
noisy,0.9199999999999999,0.0,-0.8945366177417003,18,0.25,0.0,0.0,,,1.0
noisy,1.01,0.0,-0.8588449557174115,18,0.25,0.0,0.0,,,1.0
noisy,1.0999999999999999,0.0,-0.9069730213008246,18,0.25,0.0,0.0,,,2.0
noisy,1.19,0.0,-0.7527550246520035,18,0.25,0.0,0.0,,,2.0
noisy,1.28,0.0,-0.8870235158690156,18,0.25,0.0,0.0,,,3.0
noisy,1.3699999999999999,0.0,-0.9020490901799555,18,0.25,0.0,0.0,,,2.0
noisy,1.46,0.0,-0.8367514172597422,18,0.25,0.0,0.0,,,2.0
noisy,1.5499999999999998,0.0,-0.9185885113059267,18,0.25,0.0,0.0,,,3.0
noisy,1.64,0.0,-0.8570804646917131,18,0.25,0.0,0.0,,,2.0
noisy,1.73,0.0,-0.8705134115555957,18,0.25,0.0,0.0,,,2.0
noisy,1.8199999999999998,0.0,-0.86228222280739,18,0.25,0.0,0.0,,,1.0
noisy,1.91,0.0,-0.8429401364006922,18,0.25,0.0,0.0,,,4.0
noisy,2.0,0.0,-0.8084748813967023,18,0.25,0.0,0.0,,,2.0
noisy,0.2,0.0,-0.4871847395056809,19,0.25,0.0,0.0,,,3.0
noisy,0.29000000000000004,0.0,-1.0099255716209004,19,0.25,0.0,0.0,,,1.0
noisy,0.38,0.0,-0.8730900517780729,19,0.25,0.0,0.0,,,1.0
noisy,0.47000000000000003,0.0,-0.9152866273321708,19,0.25,0.0,0.0,,,2.0
noisy,0.56,0.0,-0.8483310616080715,19,0.25,0.0,0.0,,,1.0
noisy,0.6499999999999999,0.0,-0.8319775764250089,19,0.25,0.0,0.0,,,1.0
noisy,0.74,0.0,-0.6951521630132524,19,0.25,0.0,0.0,,,2.0
noisy,0.8300000000000001,0.0,-0.8854322306223569,19,0.25,0.0,0.0,,,2.0
noisy,0.9199999999999999,0.0,-0.8597591488254971,19,0.25,0.0,0.0,,,1.0
noisy,1.01,0.0,-0.9244782284771245,19,0.25,0.0,0.0,,,2.0
noisy,1.0999999999999999,0.0,-0.7773814667147317,19,0.25,0.0,0.0,,,4.0
noisy,1.19,0.0,-0.9457408330447334,19,0.25,0.0,0.0,,,1.0
noisy,1.28,0.0,-0.9213085929381818,19,0.25,0.0,0.0,,,2.0
noisy,1.3699999999999999,0.0,-0.8674599097242147,19,0.25,0.0,0.0,,,2.0
noisy,1.46,0.0,-0.9301428901464807,19,0.25,0.0,0.0,,,1.0
noisy,1.5499999999999998,0.0,-0.9585464621446036,19,0.25,0.0,0.0,,,1.0
noisy,1.64,0.0,-0.9470852917011604,19,0.25,0.0,0.0,,,3.0
noisy,1.73,0.0,-0.8711028604219152,19,0.25,0.0,0.0,,,1.0
noisy,1.8199999999999998,0.0,-0.9045260023565879,19,0.25,0.0,0.0,,,1.0
noisy,1.91,0.0,-0.8656610364671339,19,0.25,0.0,0.0,,,1.0
noisy,2.0,0.0,-0.9394782541611212,19,0.25,0.0,0.0,,,1.0
noisy,0.2,0.0,-0.2596906319443006,1,0.5,0.0,0.0,,,8.0
noisy,0.29000000000000004,0.0,-0.13781612130232035,1,0.5,0.0,0.020759241311710797,,,7.0
noisy,0.38,0.0,-0.25269934160754587,1,0.5,0.0,0.0,,,8.0
noisy,0.47000000000000003,0.0,-0.12127223670780703,1,0.5,0.0,0.0,,,6.0
noisy,0.56,0.0,0.05831383766160426,1,0.5,0.0,0.04706988081922944,,,6.0
noisy,0.6499999999999999,0.0,-0.08091250508446278,1,0.5,0.0,0.0028052987670482057,,,11.0
noisy,0.74,0.0,-0.060677641438502204,1,0.5,0.0,0.00893866727792303,,,6.0
noisy,0.8300000000000001,0.0,-0.07209925333940036,1,0.5,0.0,0.0029983310461541754,,,10.0
noisy,0.9199999999999999,0.0,0.11415162426391286,1,0.5,0.0,0.10863937913001755,,,8.0
noisy,1.01,0.0,-0.018351877047359508,1,0.5,0.0,0.07557362861819446,,,11.0
noisy,1.0999999999999999,0.0,0.08052261591550584,1,0.5,0.0,0.08816819480016264,,,8.0
noisy,1.19,0.0,-0.1424471146190168,1,0.5,0.0,0.0,,,6.0
noisy,1.28,0.0,-0.013948318461597851,1,0.5,0.0,0.011797866911114854,,,8.0
noisy,1.3699999999999999,0.0,0.08245267584923706,1,0.5,0.0,0.02778538791773832,,,7.0
noisy,1.46,0.0,-0.06883285660395927,1,0.5,0.0,0.0005053539440468144,,,9.0
noisy,1.5499999999999998,0.0,0.18978962909578068,1,0.5,0.0,0.05613033737651081,,,9.0
noisy,1.64,0.0,0.056866515324560746,1,0.5,0.0,0.051264595957655326,,,9.0
noisy,1.73,0.0,0.03991086541957415,1,0.5,0.0,0.04123182184700094,,,8.0
noisy,1.8199999999999998,0.0,-0.05348557120843725,1,0.5,0.0,0.0,,,7.0
noisy,1.91,0.0,0.11576601826114936,1,0.5,0.0,0.07771549517243392,,,8.0
noisy,2.0,0.0,0.12006546212650877,1,0.5,0.0,0.045824873671967976,,,3.0
noisy,0.2,0.0,-0.37494195741765074,2,0.5,0.0,0.0,,,4.0
noisy,0.29000000000000004,0.0,-0.5779927271665933,2,0.5,0.0,0.0,,,3.0
noisy,0.38,0.0,-0.23602729424254823,2,0.5,0.0,0.0,,,9.0
noisy,0.47000000000000003,0.0,-0.3021226656375025,2,0.5,0.0,0.0,,,4.0
noisy,0.56,0.0,-0.35750565855820077,2,0.5,0.0,0.0,,,5.0
noisy,0.6499999999999999,0.0,-0.23673102802147514,2,0.5,0.0,0.0,,,6.0
noisy,0.74,0.0,-0.26733788384147567,2,0.5,0.0,0.0,,,5.0
noisy,0.8300000000000001,0.0,-0.4471523860906541,2,0.5,0.0,0.0,,,5.0
noisy,0.9199999999999999,0.0,-0.25509701655822636,2,0.5,0.0,0.0,,,7.0
noisy,1.01,0.0,-0.4763960681520673,2,0.5,0.0,0.0,,,6.0
noisy,1.0999999999999999,0.0,-0.4182680916848378,2,0.5,0.0,0.0,,,4.0
noisy,1.19,0.0,-0.40189222934985547,2,0.5,0.0,0.0,,,5.0
noisy,1.28,0.0,-0.1676172961870697,2,0.5,0.0,0.0022560186903582444,,,5.0
noisy,1.3699999999999999,0.0,-0.27855480965279344,2,0.5,0.0,0.050349690629609305,,,3.0
noisy,1.46,0.0,-0.2978926159785673,2,0.5,0.0,0.0,,,3.0
noisy,1.5499999999999998,0.0,-0.22323480286800548,2,0.5,0.0,0.0,,,5.0
noisy,1.64,0.0,-0.2734519362713565,2,0.5,0.0,0.0,,,4.0
noisy,1.73,0.0,-0.336347137901476,2,0.5,0.0,0.0,,,3.0
noisy,1.8199999999999998,0.0,-0.562004180323243,2,0.5,0.0,0.0,,,3.0
noisy,1.91,0.0,-0.3561769890674813,2,0.5,0.0,0.0,,,4.0
noisy,2.0,0.0,-0.3261865412852822,2,0.5,0.0,0.0,,,4.0
noisy,0.2,0.0,0.02358554866802105,3,0.5,0.0,0.04974161459908159,,,0.0
noisy,0.29000000000000004,0.0,0.02554501629004414,3,0.5,0.0,0.07734630914864855,,,0.0
noisy,0.38,0.0,0.0028210179771596794,3,0.5,0.0,0.038369115151458626,,,0.0
noisy,0.47000000000000003,0.0,0.1402854584060742,3,0.5,0.0,0.09442170864753757,,,0.0
noisy,0.56,0.0,0.14334894949537827,3,0.5,0.0,0.09008752874251977,,,0.0
noisy,0.6499999999999999,0.0,0.13213228970198296,3,0.5,0.0,0.10114706044700586,,,0.0
noisy,0.74,0.0,0.23102923249049312,3,0.5,0.0,0.12027573257922891,,,0.0
noisy,0.8300000000000001,0.0,0.24244421420670206,3,0.5,0.0,0.11254322159244184,,,0.0
noisy,0.9199999999999999,0.0,0.2597260282272854,3,0.5,0.0,0.11346791606393404,,,0.0
noisy,1.01,0.0,0.3051692692084084,3,0.5,0.0,0.1298041059654252,,,0.0
noisy,1.0999999999999999,0.0,0.305230854942845,3,0.5,0.0,0.1337116491111176,,,0.0
noisy,1.19,0.0,0.39995077515382427,3,0.5,0.0,0.13633064475541715,,,0.0
noisy,1.28,0.0,0.35652526694564174,3,0.5,0.0,0.13421092039355076,,,0.0
noisy,1.3699999999999999,0.0,0.4114836622606773,3,0.5,0.0,0.13539425272081687,,,0.0
noisy,1.46,0.0,0.4711786062799624,3,0.5,0.0,0.14402612355183364,,,0.0
noisy,1.5499999999999998,0.0,0.4812942210238113,3,0.5,0.0,0.14394486668382475,,,0.0
noisy,1.64,0.0,0.5119275108132624,3,0.5,0.0,0.14825190675428385,,,0.0
noisy,1.73,0.0,0.5514569669087258,3,0.5,0.0,0.1461239286304127,,,0.0
noisy,1.8199999999999998,0.0,0.5620705165299497,3,0.5,0.0,0.14928906680003737,,,0.0
noisy,1.91,0.0,0.6214209726106166,3,0.5,0.0,0.1507058525183495,,,0.0
noisy,2.0,0.0,0.5783065809506522,3,0.5,0.0,0.15208619214576263,,,0.0
noisy,0.2,0.0,0.23124979330791687,4,0.5,0.0,0.16431156572344124,,,0.0
noisy,0.29000000000000004,0.0,0.23007669175151735,4,0.5,0.0,0.1649331879041339,,,0.0
noisy,0.38,0.0,0.24454034611227868,4,0.5,0.0,0.16470738929320736,,,0.0
noisy,0.47000000000000003,0.0,0.2755593446588341,4,0.5,0.0,0.16572098140698466,,,0.0
noisy,0.56,0.0,0.31639586450692486,4,0.5,0.0,0.16355927000889114,,,0.0
noisy,0.6499999999999999,0.0,0.3048806503854767,4,0.5,0.0,0.16524088369530548,,,0.0
noisy,0.74,0.0,0.2995221792210332,4,0.5,0.0,0.163643493419786,,,0.0
noisy,0.8300000000000001,0.0,0.3476100907506375,4,0.5,0.0,0.1623874530210203,,,0.0
noisy,0.9199999999999999,0.0,0.3476971512497499,4,0.5,0.0,0.1661897657473442,,,0.0
noisy,1.01,0.0,0.3602125259098455,4,0.5,0.0,0.1639686364212541,,,0.0
noisy,1.0999999999999999,0.0,0.3765180561096109,4,0.5,0.0,0.16443511186548568,,,0.0
noisy,1.19,0.0,0.377071802720134,4,0.5,0.0,0.16358378991279965,,,0.0
noisy,1.28,0.0,0.4378357410309935,4,0.5,0.0,0.16329564075502964,,,0.0
noisy,1.3699999999999999,0.0,0.43506298653407,4,0.5,0.0,0.16553603080697019,,,0.0
noisy,1.46,0.0,0.4635922322038528,4,0.5,0.0,0.1648545204167681,,,0.0
noisy,1.5499999999999998,0.0,0.4739278283402688,4,0.5,0.0,0.16302667915185085,,,0.0
noisy,1.64,0.0,0.5144684926208338,4,0.5,0.0,0.1647553200275363,,,0.0
noisy,1.73,0.0,0.530498795973294,4,0.5,0.0,0.1654410563019063,,,0.0
noisy,1.8199999999999998,0.0,0.6200803014846881,4,0.5,0.0,0.16689014126685275,,,0.0
noisy,1.91,0.0,0.573427986755682,4,0.5,0.0,0.16800153504929302,,,0.0
noisy,2.0,0.0,0.647026743018576,4,0.5,0.0,0.16881589287729462,,,0.0
noisy,0.2,0.0,-0.37770411958411804,5,0.5,0.0,0.0,,,0.0
noisy,0.29000000000000004,0.0,-0.31299954314990447,5,0.5,0.0,0.0,,,0.0
noisy,0.38,0.0,-0.3745461041297105,5,0.5,0.0,0.0,,,0.0
noisy,0.47000000000000003,0.0,-0.2876361426434338,5,0.5,0.0,0.0,,,0.0
noisy,0.56,0.0,-0.2632009226142384,5,0.5,0.0,0.0,,,0.0
noisy,0.6499999999999999,0.0,-0.3154018762206336,5,0.5,0.0,0.0,,,0.0
noisy,0.74,0.0,-0.21652498062445158,5,0.5,0.0,0.0,,,0.0
noisy,0.8300000000000001,0.0,-0.15027167587758564,5,0.5,0.0,0.0,,,0.0
noisy,0.9199999999999999,0.0,-0.15029957317740492,5,0.5,0.0,0.0,,,0.0
noisy,1.01,0.0,-0.14458359978397184,5,0.5,0.0,0.0,,,0.0
noisy,1.0999999999999999,0.0,-0.2482910297866526,5,0.5,0.0,0.0,,,0.0
noisy,1.19,0.0,-0.1447529453223938,5,0.5,0.0,0.0,,,0.0
noisy,1.28,0.0,-0.006527388730477275,5,0.5,0.0,0.002636920501019802,,,0.0
noisy,1.3699999999999999,0.0,-0.0605253071234621,5,0.5,0.0,0.0013197272413421896,,,0.0
noisy,1.46,0.0,-0.13376263205641373,5,0.5,0.0,0.0,,,0.0
noisy,1.5499999999999998,0.0,-0.12233355974834277,5,0.5,0.0,0.005946418081107843,,,0.0
noisy,1.64,0.0,0.07838531576623663,5,0.5,0.0,0.052372484075302865,,,0.0
noisy,1.73,0.0,-0.025447590220688817,5,0.5,0.0,0.00590502929883965,,,0.0
noisy,1.8199999999999998,0.0,-0.12062863792778755,5,0.5,0.0,0.0,,,0.0
noisy,1.91,0.0,-0.03765538038436949,5,0.5,0.0,0.025873623389032287,,,0.0
noisy,2.0,0.0,0.2599113290257514,5,0.5,0.0,0.057929447672766435,,,0.0
noisy,0.2,0.0,-0.18543310381378042,6,0.5,0.0,0.0,,,0.0
noisy,0.29000000000000004,0.0,-0.1872392437259295,6,0.5,0.0,0.0,,,0.0
noisy,0.38,0.0,-0.18558765368555663,6,0.5,0.0,0.0,,,0.0
noisy,0.47000000000000003,0.0,-0.20151142308471506,6,0.5,0.0,0.0,,,0.0
noisy,0.56,0.0,-0.17517984177308357,6,0.5,0.0,0.0,,,0.0
noisy,0.6499999999999999,0.0,-0.1822686404995381,6,0.5,0.0,0.0,,,0.0
noisy,0.74,0.0,-0.18451460442093123,6,0.5,0.0,0.0,,,0.0
noisy,0.8300000000000001,0.0,-0.1789517188560712,6,0.5,0.0,0.0,,,0.0
noisy,0.9199999999999999,0.0,-0.18004648836729167,6,0.5,0.0,0.0,,,0.0
noisy,1.01,0.0,-0.18307140914556444,6,0.5,0.0,0.0,,,0.0
noisy,1.0999999999999999,0.0,-0.18902986360402432,6,0.5,0.0,0.0,,,0.0
noisy,1.19,0.0,-0.18295918520954155,6,0.5,0.0,0.0,,,0.0
noisy,1.28,0.0,-0.17907441496881957,6,0.5,0.0,0.0,,,0.0
noisy,1.3699999999999999,0.0,-0.17526504822922037,6,0.5,0.0,0.0,,,0.0
noisy,1.46,0.0,-0.18764578906553578,6,0.5,0.0,0.0,,,0.0
noisy,1.5499999999999998,0.0,-0.17867818823907824,6,0.5,0.0,0.0,,,0.0
noisy,1.64,0.0,-0.18196646871633282,6,0.5,0.0,0.0,,,0.0
noisy,1.73,0.0,-0.1813742372230246,6,0.5,0.0,0.0,,,0.0
noisy,1.8199999999999998,0.0,-0.17618786071784973,6,0.5,0.0,0.0,,,0.0
noisy,1.91,0.0,-0.16749027948964892,6,0.5,0.0,0.0,,,0.0
noisy,2.0,0.0,-0.1733200130597415,6,0.5,0.0,0.0,,,0.0
noisy,0.2,0.0,-0.003895587528365774,7,0.5,0.0,0.00010321419606823274,,,0.0
noisy,0.29000000000000004,0.0,0.011832666700489216,7,0.5,0.0,0.00022298189707611763,,,0.0
noisy,0.38,0.0,0.009878373415004344,7,0.5,0.0,0.00021501474360697366,,,0.0
noisy,0.47000000000000003,0.0,0.011989423403416194,7,0.5,0.0,0.00019983814077746405,,,0.0
noisy,0.56,0.0,-0.007983481705962222,7,0.5,0.0,0.00015247155364383818,,,0.0
noisy,0.6499999999999999,0.0,0.015197248881669042,7,0.5,0.0,0.0002378496567897048,,,0.0
noisy,0.74,0.0,0.014907195759848035,7,0.5,0.0,0.0001923744344168247,,,0.0
noisy,0.8300000000000001,0.0,0.021552666700947593,7,0.5,0.0,0.000223543120567419,,,0.0
noisy,0.9199999999999999,0.0,0.03709412047179917,7,0.5,0.0,0.0008018393956710692,,,0.0
noisy,1.01,0.0,0.01742319847706175,7,0.5,0.0,0.00018986207872186947,,,0.0
noisy,1.0999999999999999,0.0,0.0187657407229013,7,0.5,0.0,0.0002564684776418006,,,0.0
noisy,1.19,0.0,0.016124133169563525,7,0.5,0.0,0.00024849605463109095,,,0.0
noisy,1.28,0.0,0.020609856434708567,7,0.5,0.0,0.0002524114987579678,,,0.0
noisy,1.3699999999999999,0.0,0.024612916605188,7,0.5,0.0,0.00025762475437226986,,,0.0
noisy,1.46,0.0,0.021471707158016735,7,0.5,0.0,0.0002585851803674407,,,0.0
noisy,1.5499999999999998,0.0,0.02323935134989688,7,0.5,0.0,0.00027498498585503935,,,0.0
noisy,1.64,0.0,0.022351007195931843,7,0.5,0.0,0.00023871170753080506,,,0.0
noisy,1.73,0.0,0.02414491181391025,7,0.5,0.0,0.0003027367467376532,,,0.0
noisy,1.8199999999999998,0.0,0.024147229675383408,7,0.5,0.0,0.0002799045148218322,,,0.0
noisy,1.91,0.0,0.03863186373071526,7,0.5,0.0,0.0008003025102430223,,,0.0
noisy,2.0,0.0,0.0301637336553361,7,0.5,0.0,0.00031636517309714717,,,0.0
noisy,0.2,0.0,-0.13187736350487833,8,0.5,0.0,0.0,,,0.0
noisy,0.29000000000000004,0.0,-0.1404009611678355,8,0.5,0.0,0.0,,,0.0
noisy,0.38,0.0,-0.13813692462989138,8,0.5,0.0,0.0,,,0.0
noisy,0.47000000000000003,0.0,-0.12353667238350961,8,0.5,0.0,0.0,,,0.0
noisy,0.56,0.0,-0.11737452837380664,8,0.5,0.0,0.0,,,0.0
noisy,0.6499999999999999,0.0,-0.136679154072734,8,0.5,0.0,0.0,,,0.0
noisy,0.74,0.0,-0.12965098589211368,8,0.5,0.0,0.0,,,0.0
noisy,0.8300000000000001,0.0,-0.1289629918290144,8,0.5,0.0,0.0,,,0.0
noisy,0.9199999999999999,0.0,-0.13684585205646863,8,0.5,0.0,0.0,,,0.0
noisy,1.01,0.0,-0.12525691822340224,8,0.5,0.0,0.0,,,0.0
noisy,1.0999999999999999,0.0,-0.12426702151304321,8,0.5,0.0,0.0,,,0.0
noisy,1.19,0.0,-0.12998975701255508,8,0.5,0.0,0.0,,,0.0
noisy,1.28,0.0,-0.12591981721017706,8,0.5,0.0,0.0,,,0.0
noisy,1.3699999999999999,0.0,-0.12565126321267578,8,0.5,0.0,0.0,,,0.0
noisy,1.46,0.0,-0.12838416158107738,8,0.5,0.0,0.0,,,0.0
noisy,1.5499999999999998,0.0,-0.12720402497494865,8,0.5,0.0,0.0,,,0.0
noisy,1.64,0.0,-0.13164964845873392,8,0.5,0.0,0.0,,,0.0
noisy,1.73,0.0,-0.127992212715363,8,0.5,0.0,0.0,,,0.0
noisy,1.8199999999999998,0.0,-0.12332693111280763,8,0.5,0.0,0.0,,,0.0
noisy,1.91,0.0,-0.12643899869459754,8,0.5,0.0,0.0,,,0.0
noisy,2.0,0.0,-0.11396042079778941,8,0.5,0.0,0.0,,,0.0
noisy,0.2,0.0,-0.32161635798033017,9,0.5,0.0,0.0,,,0.0
noisy,0.29000000000000004,0.0,-0.3260786004226944,9,0.5,0.0,0.0,,,0.0
noisy,0.38,0.0,-0.32830471789949045,9,0.5,0.0,0.0,,,0.0
noisy,0.47000000000000003,0.0,-0.31804201046282904,9,0.5,0.0,0.0,,,0.0
noisy,0.56,0.0,-0.3234118485626827,9,0.5,0.0,0.0,,,0.0
noisy,0.6499999999999999,0.0,-0.31912397645312984,9,0.5,0.0,0.0,,,0.0
noisy,0.74,0.0,-0.3079975096499336,9,0.5,0.0,0.0,,,0.0
noisy,0.8300000000000001,0.0,-0.3110559897457103,9,0.5,0.0,0.0,,,0.0
noisy,0.9199999999999999,0.0,-0.3219089339083792,9,0.5,0.0,0.0,,,0.0
noisy,1.01,0.0,-0.3263537278763236,9,0.5,0.0,0.0,,,0.0
noisy,1.0999999999999999,0.0,-0.3174215708759895,9,0.5,0.0,0.0,,,0.0
noisy,1.19,0.0,-0.31879503609588977,9,0.5,0.0,0.0,,,0.0
noisy,1.28,0.0,-0.3233776178634728,9,0.5,0.0,0.0,,,0.0
noisy,1.3699999999999999,0.0,-0.3130954989422244,9,0.5,0.0,0.0,,,0.0
noisy,1.46,0.0,-0.3223004405852488,9,0.5,0.0,0.0,,,0.0
noisy,1.5499999999999998,0.0,-0.30913192757050956,9,0.5,0.0,0.0,,,0.0
noisy,1.64,0.0,-0.3221459958171822,9,0.5,0.0,0.0,,,0.0
noisy,1.73,0.0,-0.31445547438246063,9,0.5,0.0,0.0,,,0.0
noisy,1.8199999999999998,0.0,-0.3183437910445402,9,0.5,0.0,0.0,,,0.0
noisy,1.91,0.0,-0.3115987726254579,9,0.5,0.0,0.0,,,0.0
noisy,2.0,0.0,-0.3256672155720355,9,0.5,0.0,0.0,,,0.0
noisy,0.2,0.0,0.42172021123072106,10,0.5,0.0,0.00440538824009292,,,0.0
noisy,0.29000000000000004,0.0,0.45429225547382424,10,0.5,0.0,0.004704845993701208,,,0.0
noisy,0.38,0.0,0.4655101356881395,10,0.5,0.0,0.0049065540948899965,,,0.0
noisy,0.47000000000000003,0.0,0.4581504336506576,10,0.5,0.0,0.004795765821370854,,,0.0
noisy,0.56,0.0,0.4347424791355892,10,0.5,0.0,0.004394107683339186,,,0.0
noisy,0.6499999999999999,0.0,0.46289192268319224,10,0.5,0.0,0.004734928214274026,,,0.0
noisy,0.74,0.0,0.4428348944302713,10,0.5,0.0,0.004533302474246592,,,0.0
noisy,0.8300000000000001,0.0,0.47128676811645337,10,0.5,0.0,0.00492044971488061,,,0.0
noisy,0.9199999999999999,0.0,0.45896081322635,10,0.5,0.0,0.004764190183905208,,,0.0
noisy,1.01,0.0,0.4746374848621823,10,0.5,0.0,0.004861438341270572,,,0.0
noisy,1.0999999999999999,0.0,0.4541688716459534,10,0.5,0.0,0.004925987072521268,,,0.0
noisy,1.19,0.0,0.4413889764826778,10,0.5,0.0,0.004516262753996463,,,0.0
noisy,1.28,0.0,0.4673906099782628,10,0.5,0.0,0.004769898547332242,,,0.0
noisy,1.3699999999999999,0.0,0.46984428378453363,10,0.5,0.0,0.004831829688636338,,,0.0
noisy,1.46,0.0,0.4541723561341822,10,0.5,0.0,0.00468648255873171,,,0.0
noisy,1.5499999999999998,0.0,0.4622991085667445,10,0.5,0.0,0.004819073245075041,,,0.0
noisy,1.64,0.0,0.48232524956271033,10,0.5,0.0,0.004981613945227643,,,0.0
noisy,1.73,0.0,0.4552234227899117,10,0.5,0.0,0.004806775577558893,,,0.0
noisy,1.8199999999999998,0.0,0.4416201939344275,10,0.5,0.0,0.004776867199657269,,,0.0
noisy,1.91,0.0,0.44414992781626733,10,0.5,0.0,0.004608891897591734,,,0.0
noisy,2.0,0.0,0.4551078934854375,10,0.5,0.0,0.004897917664459372,,,0.0
noisy,0.2,0.0,-0.0021369951053949406,11,0.5,0.0,0.00023844190922309806,,,0.0
noisy,0.29000000000000004,0.0,0.01057392192362138,11,0.5,0.0,0.00027847285575436026,,,0.0
noisy,0.38,0.0,0.04348001630162843,11,0.5,0.0,0.0009711165554996371,,,0.0
noisy,0.47000000000000003,0.0,0.023838418306671296,11,0.5,0.0,0.0007617029515821862,,,0.0
noisy,0.56,0.0,0.035635663954773605,11,0.5,0.0,0.0008128252615347811,,,0.0
noisy,0.6499999999999999,0.0,0.05352424724728141,11,0.5,0.0,0.0007663483197057036,,,0.0
noisy,0.74,0.0,0.02826295119261919,11,0.5,0.0,0.0006232609589947832,,,0.0
noisy,0.8300000000000001,0.0,0.014562472176982201,11,0.5,0.0,0.0002837593850758143,,,0.0
noisy,0.9199999999999999,0.0,0.03954442756895647,11,0.5,0.0,0.0008807662486743028,,,0.0
noisy,1.01,0.0,0.03610448284811879,11,0.5,0.0,0.0006077652071826776,,,0.0
noisy,1.0999999999999999,0.0,0.045925478180154765,11,0.5,0.0,0.000688898515168063,,,0.0
noisy,1.19,0.0,0.030945971374548048,11,0.5,0.0,0.0005148713310288294,,,0.0
noisy,1.28,0.0,0.004589056449015368,11,0.5,0.0,0.0004667875901813311,,,0.0
noisy,1.3699999999999999,0.0,0.02204942572730609,11,0.5,0.0,0.0003366034886534061,,,0.0
noisy,1.46,0.0,0.007544913651611152,11,0.5,0.0,0.00040007934343128115,,,0.0
noisy,1.5499999999999998,0.0,0.03430860163884139,11,0.5,0.0,0.0005847282539970173,,,0.0
noisy,1.64,0.0,0.03991525344715759,11,0.5,0.0,0.0006093107793543897,,,0.0
noisy,1.73,0.0,-0.0014853730617910659,11,0.5,0.0,0.00031677638258451307,,,0.0
noisy,1.8199999999999998,0.0,0.02549970187219555,11,0.5,0.0,0.0005836492101409865,,,0.0
noisy,1.91,0.0,0.017822001672737436,11,0.5,0.0,0.0007101940824673328,,,0.0
noisy,2.0,0.0,0.012832663026286197,11,0.5,0.0,0.0004307354614023492,,,0.0
noisy,0.2,0.0,-0.05082588300377389,12,0.5,0.0,0.0,,,0.0
noisy,0.29000000000000004,0.0,-0.040334282927084665,12,0.5,0.0,0.0,,,0.0
noisy,0.38,0.0,-0.03816800765236597,12,0.5,0.0,0.0,,,0.0
noisy,0.47000000000000003,0.0,-0.049107124843568294,12,0.5,0.0,0.0,,,0.0
noisy,0.56,0.0,-0.041898277405737094,12,0.5,0.0,0.0,,,0.0
noisy,0.6499999999999999,0.0,-0.04210750908126779,12,0.5,0.0,0.0,,,0.0
noisy,0.74,0.0,-0.04038513230499777,12,0.5,0.0,0.0,,,0.0
noisy,0.8300000000000001,0.0,-0.03766620257545881,12,0.5,0.0,0.0,,,0.0
noisy,0.9199999999999999,0.0,-0.037242985793221724,12,0.5,0.0,0.0,,,0.0
noisy,1.01,0.0,-0.03657925846094407,12,0.5,0.0,0.0,,,0.0
noisy,1.0999999999999999,0.0,-0.03858231124178693,12,0.5,0.0,0.0,,,0.0
noisy,1.19,0.0,-0.037746076649444155,12,0.5,0.0,0.0,,,0.0
noisy,1.28,0.0,-0.03648515952111612,12,0.5,0.0,0.0,,,0.0
noisy,1.3699999999999999,0.0,-0.036763119081285,12,0.5,0.0,0.0,,,0.0
noisy,1.46,0.0,-0.0374444338925826,12,0.5,0.0,0.0,,,0.0
noisy,1.5499999999999998,0.0,-0.03645029495681708,12,0.5,0.0,0.0,,,0.0
noisy,1.64,0.0,-0.03622036630316758,12,0.5,0.0,0.0,,,0.0
noisy,1.73,0.0,-0.03592524096696387,12,0.5,0.0,0.0,,,0.0
noisy,1.8199999999999998,0.0,-0.03632637128775263,12,0.5,0.0,0.0,,,0.0
noisy,1.91,0.0,-0.03651931193459653,12,0.5,0.0,0.0,,,0.0
noisy,2.0,0.0,-0.03648927972879068,12,0.5,0.0,0.0,,,0.0
noisy,0.2,0.0,-0.054448070835024544,13,0.5,0.0,0.0,,,0.0
noisy,0.29000000000000004,0.0,-0.049849174662668555,13,0.5,0.0,0.0,,,0.0
noisy,0.38,0.0,-0.05534033304836442,13,0.5,0.0,0.0,,,0.0
noisy,0.47000000000000003,0.0,-0.05174751117037574,13,0.5,0.0,0.0,,,0.0
noisy,0.56,0.0,-0.05095906024001474,13,0.5,0.0,0.0,,,0.0
noisy,0.6499999999999999,0.0,-0.05229382705542924,13,0.5,0.0,0.0,,,0.0
noisy,0.74,0.0,-0.04812432692181978,13,0.5,0.0,0.0,,,0.0
noisy,0.8300000000000001,0.0,-0.046604124998387876,13,0.5,0.0,0.0,,,0.0
noisy,0.9199999999999999,0.0,-0.04802349278511403,13,0.5,0.0,0.0,,,0.0
noisy,1.01,0.0,-0.04588373643647372,13,0.5,0.0,0.0,,,0.0
noisy,1.0999999999999999,0.0,-0.045409856590108544,13,0.5,0.0,0.0,,,0.0
noisy,1.19,0.0,-0.04792214500992159,13,0.5,0.0,0.0,,,0.0
noisy,1.28,0.0,-0.048501123470955,13,0.5,0.0,0.0,,,0.0
noisy,1.3699999999999999,0.0,-0.04877205984038429,13,0.5,0.0,0.0,,,0.0
noisy,1.46,0.0,-0.04696401891239047,13,0.5,0.0,0.0,,,0.0
noisy,1.5499999999999998,0.0,-0.0493192871460483,13,0.5,0.0,0.0,,,0.0
noisy,1.64,0.0,-0.04604514785180679,13,0.5,0.0,0.0,,,0.0
noisy,1.73,0.0,-0.050096049231845935,13,0.5,0.0,0.0,,,0.0
noisy,1.8199999999999998,0.0,-0.04561408207543329,13,0.5,0.0,0.0,,,0.0
noisy,1.91,0.0,-0.04681715051008845,13,0.5,0.0,0.0,,,0.0
noisy,2.0,0.0,-0.04858905347428102,13,0.5,0.0,0.0,,,0.0
noisy,0.2,0.0,-0.15818946407764714,14,0.5,0.0,0.0,,,0.0
noisy,0.29000000000000004,0.0,-0.15902641931583741,14,0.5,0.0,0.0,,,0.0
noisy,0.38,0.0,-0.16438297571292163,14,0.5,0.0,0.0,,,0.0
noisy,0.47000000000000003,0.0,-0.16331496236802898,14,0.5,0.0,0.0,,,0.0
noisy,0.56,0.0,-0.16626621362043872,14,0.5,0.0,0.0,,,0.0
noisy,0.6499999999999999,0.0,-0.1585390989469078,14,0.5,0.0,0.0,,,0.0
noisy,0.74,0.0,-0.15423796353473732,14,0.5,0.0,0.0,,,0.0
noisy,0.8300000000000001,0.0,-0.1616992352268083,14,0.5,0.0,0.0,,,0.0
noisy,0.9199999999999999,0.0,-0.17099254030383407,14,0.5,0.0,0.0,,,0.0
noisy,1.01,0.0,-0.16264382015511022,14,0.5,0.0,0.0,,,0.0
noisy,1.0999999999999999,0.0,-0.1566760494138428,14,0.5,0.0,0.0,,,0.0
noisy,1.19,0.0,-0.1603181486470827,14,0.5,0.0,0.0,,,0.0
noisy,1.28,0.0,-0.16316879454799668,14,0.5,0.0,0.0,,,0.0
noisy,1.3699999999999999,0.0,-0.14504698903133414,14,0.5,0.0,0.0,,,0.0
noisy,1.46,0.0,-0.15780104144839566,14,0.5,0.0,0.0,,,0.0
noisy,1.5499999999999998,0.0,-0.17051002114080227,14,0.5,0.0,0.0,,,0.0
noisy,1.64,0.0,-0.16558265867682412,14,0.5,0.0,0.0,,,0.0
noisy,1.73,0.0,-0.1455395175135603,14,0.5,0.0,0.0,,,0.0
noisy,1.8199999999999998,0.0,-0.15367416448208363,14,0.5,0.0,0.0,,,0.0
noisy,1.91,0.0,-0.15465393162178886,14,0.5,0.0,0.0,,,0.0
noisy,2.0,0.0,-0.1445093182448596,14,0.5,0.0,0.0,,,0.0
noisy,0.2,0.0,-0.12193133794624655,15,0.5,0.0,0.0,,,0.0
noisy,0.29000000000000004,0.0,-0.11671696525601845,15,0.5,0.0,0.0,,,0.0
noisy,0.38,0.0,-0.12513348639003788,15,0.5,0.0,0.0,,,0.0
noisy,0.47000000000000003,0.0,-0.11994916885387101,15,0.5,0.0,0.0,,,0.0
noisy,0.56,0.0,-0.12300864701205867,15,0.5,0.0,0.0,,,0.0
noisy,0.6499999999999999,0.0,-0.11606990682923042,15,0.5,0.0,0.0,,,0.0
noisy,0.74,0.0,-0.12927418543922312,15,0.5,0.0,0.0,,,0.0
noisy,0.8300000000000001,0.0,-0.12581863101173815,15,0.5,0.0,0.0,,,0.0
noisy,0.9199999999999999,0.0,-0.12397032743105568,15,0.5,0.0,0.0,,,0.0
noisy,1.01,0.0,-0.13000709272937652,15,0.5,0.0,0.0,,,0.0
noisy,1.0999999999999999,0.0,-0.12118945911476225,15,0.5,0.0,0.0,,,0.0
noisy,1.19,0.0,-0.1194730286954585,15,0.5,0.0,0.0,,,0.0
noisy,1.28,0.0,-0.11911183992368397,15,0.5,0.0,0.0,,,0.0
noisy,1.3699999999999999,0.0,-0.11353641129646508,15,0.5,0.0,0.0,,,0.0
noisy,1.46,0.0,-0.12222285967295927,15,0.5,0.0,0.0,,,0.0
noisy,1.5499999999999998,0.0,-0.12081598559924772,15,0.5,0.0,0.0,,,0.0
noisy,1.64,0.0,-0.11967440856366472,15,0.5,0.0,0.0,,,0.0
noisy,1.73,0.0,-0.12491673084729608,15,0.5,0.0,0.0,,,0.0
noisy,1.8199999999999998,0.0,-0.12607711419117365,15,0.5,0.0,0.0,,,0.0
noisy,1.91,0.0,-0.11690349848017574,15,0.5,0.0,0.0,,,0.0
noisy,2.0,0.0,-0.12488737789919058,15,0.5,0.0,0.0,,,0.0
noisy,0.2,0.0,-0.6150923519411037,16,0.5,0.0,0.0,,,0.0
noisy,0.29000000000000004,0.0,-0.6167189605971698,16,0.5,0.0,0.0,,,0.0
noisy,0.38,0.0,-0.6155748971000327,16,0.5,0.0,0.0,,,0.0
noisy,0.47000000000000003,0.0,-0.6162542327890311,16,0.5,0.0,0.0,,,0.0
noisy,0.56,0.0,-0.6136759270851484,16,0.5,0.0,0.0,,,0.0
noisy,0.6499999999999999,0.0,-0.6144822290898344,16,0.5,0.0,0.0,,,0.0
noisy,0.74,0.0,-0.6136466307824671,16,0.5,0.0,0.0,,,0.0
noisy,0.8300000000000001,0.0,-0.6142829623465714,16,0.5,0.0,0.0,,,0.0
noisy,0.9199999999999999,0.0,-0.6150741932965199,16,0.5,0.0,0.0,,,0.0
noisy,1.01,0.0,-0.6144204132481113,16,0.5,0.0,0.0,,,0.0
noisy,1.0999999999999999,0.0,-0.6134320696895484,16,0.5,0.0,0.0,,,0.0
noisy,1.19,0.0,-0.6153354744551252,16,0.5,0.0,0.0,,,0.0
noisy,1.28,0.0,-0.6144339013880726,16,0.5,0.0,0.0,,,0.0
noisy,1.3699999999999999,0.0,-0.6152077327043671,16,0.5,0.0,0.0,,,0.0
noisy,1.46,0.0,-0.6140929762814614,16,0.5,0.0,0.0,,,0.0
noisy,1.5499999999999998,0.0,-0.6141516229357673,16,0.5,0.0,0.0,,,0.0
noisy,1.64,0.0,-0.6150788863443569,16,0.5,0.0,0.0,,,0.0
noisy,1.73,0.0,-0.6138718032212842,16,0.5,0.0,0.0,,,0.0
noisy,1.8199999999999998,0.0,-0.6140801891665735,16,0.5,0.0,0.0,,,0.0
noisy,1.91,0.0,-0.6132075017772283,16,0.5,0.0,0.0,,,0.0
noisy,2.0,0.0,-0.6143320833334521,16,0.5,0.0,0.0,,,0.0
noisy,0.2,0.0,-0.0163022404930204,17,0.5,0.0,0.0,,,0.0
noisy,0.29000000000000004,0.0,-0.016338139636414683,17,0.5,0.0,0.0,,,0.0
noisy,0.38,0.0,-0.016286518614495527,17,0.5,0.0,0.0,,,0.0
noisy,0.47000000000000003,0.0,-0.01631634805254196,17,0.5,0.0,0.0,,,0.0
noisy,0.56,0.0,-0.01631260793151868,17,0.5,0.0,0.0,,,0.0
noisy,0.6499999999999999,0.0,-0.016317002663575105,17,0.5,0.0,0.0,,,0.0
noisy,0.74,0.0,-0.016295227908281574,17,0.5,0.0,0.0,,,0.0
noisy,0.8300000000000001,0.0,-0.016315769933925556,17,0.5,0.0,0.0,,,0.0
noisy,0.9199999999999999,0.0,-0.016328389771317127,17,0.5,0.0,0.0,,,0.0
noisy,1.01,0.0,-0.01630598902493295,17,0.5,0.0,0.0,,,0.0
noisy,1.0999999999999999,0.0,-0.016308652778224842,17,0.5,0.0,0.0,,,0.0
noisy,1.19,0.0,-0.016326409867900692,17,0.5,0.0,0.0,,,0.0
noisy,1.28,0.0,-0.01633495917943102,17,0.5,0.0,0.0,,,0.0
noisy,1.3699999999999999,0.0,-0.01633004690573592,17,0.5,0.0,0.0,,,0.0
noisy,1.46,0.0,-0.016308604342917237,17,0.5,0.0,0.0,,,0.0
noisy,1.5499999999999998,0.0,-0.016310543828728135,17,0.5,0.0,0.0,,,0.0
noisy,1.64,0.0,-0.016312133070275844,17,0.5,0.0,0.0,,,0.0
noisy,1.73,0.0,-0.016328649428543368,17,0.5,0.0,0.0,,,0.0
noisy,1.8199999999999998,0.0,-0.016267487972249573,17,0.5,0.0,0.0,,,0.0
noisy,1.91,0.0,-0.016320935668255585,17,0.5,0.0,0.0,,,0.0
noisy,2.0,0.0,-0.016328352539037597,17,0.5,0.0,0.0,,,0.0
noisy,0.2,0.0,-0.8596420256881926,18,0.5,0.0,0.0,,,0.0
noisy,0.29000000000000004,0.0,-0.8594233732978173,18,0.5,0.0,0.0,,,0.0
noisy,0.38,0.0,-0.8597292242324821,18,0.5,0.0,0.0,,,0.0
noisy,0.47000000000000003,0.0,-0.8594451669324751,18,0.5,0.0,0.0,,,0.0
noisy,0.56,0.0,-0.8598272126768126,18,0.5,0.0,0.0,,,0.0
noisy,0.6499999999999999,0.0,-0.8598899038898559,18,0.5,0.0,0.0,,,0.0
noisy,0.74,0.0,-0.8595754763224983,18,0.5,0.0,0.0,,,0.0
noisy,0.8300000000000001,0.0,-0.8598439205533452,18,0.5,0.0,0.0,,,0.0
noisy,0.9199999999999999,0.0,-0.8597180481677368,18,0.5,0.0,0.0,,,0.0
noisy,1.01,0.0,-0.8597055513905797,18,0.5,0.0,0.0,,,0.0
noisy,1.0999999999999999,0.0,-0.8598431724178278,18,0.5,0.0,0.0,,,0.0
noisy,1.19,0.0,-0.859710406377261,18,0.5,0.0,0.0,,,0.0
noisy,1.28,0.0,-0.8598713528698726,18,0.5,0.0,0.0,,,0.0
noisy,1.3699999999999999,0.0,-0.8596507773503674,18,0.5,0.0,0.0,,,0.0
noisy,1.46,0.0,-0.8596496923293406,18,0.5,0.0,0.0,,,0.0
noisy,1.5499999999999998,0.0,-0.859744316112173,18,0.5,0.0,0.0,,,0.0
noisy,1.64,0.0,-0.8595153445473414,18,0.5,0.0,0.0,,,0.0
noisy,1.73,0.0,-0.859624462704268,18,0.5,0.0,0.0,,,0.0
noisy,1.8199999999999998,0.0,-0.8594249638237631,18,0.5,0.0,0.0,,,0.0
noisy,1.91,0.0,-0.859465990437585,18,0.5,0.0,0.0,,,0.0
noisy,2.0,0.0,-0.8599428818594294,18,0.5,0.0,0.0,,,0.0
noisy,0.2,0.0,-0.15187891494598985,19,0.5,0.0,0.0,,,0.0
noisy,0.29000000000000004,0.0,-0.16988961773724634,19,0.5,0.0,0.0,,,0.0
noisy,0.38,0.0,-0.15124356069828854,19,0.5,0.0,0.0,,,0.0
noisy,0.47000000000000003,0.0,-0.16525272713451775,19,0.5,0.0,0.0,,,0.0
noisy,0.56,0.0,-0.15518119573035727,19,0.5,0.0,0.0,,,0.0
noisy,0.6499999999999999,0.0,-0.15439964783090607,19,0.5,0.0,0.0,,,0.0
noisy,0.74,0.0,-0.15984700452208722,19,0.5,0.0,0.0,,,0.0
noisy,0.8300000000000001,0.0,-0.1599836510950032,19,0.5,0.0,0.0,,,0.0
noisy,0.9199999999999999,0.0,-0.1591748885809818,19,0.5,0.0,0.0,,,0.0
noisy,1.01,0.0,-0.14959011402626923,19,0.5,0.0,0.0,,,0.0
noisy,1.0999999999999999,0.0,-0.15480007656113562,19,0.5,0.0,0.0,,,0.0
noisy,1.19,0.0,-0.1442831241549705,19,0.5,0.0,0.0,,,0.0
noisy,1.28,0.0,-0.15212763796871676,19,0.5,0.0,0.0,,,0.0
noisy,1.3699999999999999,0.0,-0.15980094890366167,19,0.5,0.0,0.0,,,0.0
noisy,1.46,0.0,-0.16172225696229733,19,0.5,0.0,0.0,,,0.0
noisy,1.5499999999999998,0.0,-0.15318007339472842,19,0.5,0.0,0.0,,,0.0
noisy,1.64,0.0,-0.1554087018024331,19,0.5,0.0,0.0,,,0.0
noisy,1.73,0.0,-0.15660736352758087,19,0.5,0.0,0.0,,,0.0
noisy,1.8199999999999998,0.0,-0.14853599447137567,19,0.5,0.0,0.0,,,0.0
noisy,1.91,0.0,-0.14913028481555157,19,0.5,0.0,0.0,,,0.0
noisy,2.0,0.0,-0.1484486196614243,19,0.5,0.0,0.0,,,0.0
noisy,0.2,0.0,0.22449543819739315,1,1.0,1.0,4.682335772294438,,,656.0
noisy,0.29000000000000004,0.0,0.29933337382904635,1,1.0,1.0,6.1198464736145635,,,740.0
noisy,0.38,0.0,0.39049106708178183,1,1.0,1.0,7.876394468799924,,,711.0
noisy,0.47000000000000003,0.0,0.47186072872916957,1,1.0,1.0,9.486237654945095,,,737.0
noisy,0.56,0.0,0.5568373484152245,1,1.0,1.0,9.903672327246015,,,655.0
noisy,0.6499999999999999,0.0,0.6366770571347464,1,1.0,1.0,9.903053958604637,,,595.0
noisy,0.74,0.0,0.7289491581247899,1,1.0,1.0,9.903962014751114,,,509.0
noisy,0.8300000000000001,0.0,0.8154469398464897,1,1.0,1.0,9.907325686646331,,,431.0
noisy,0.9199999999999999,0.0,0.9084681386847401,1,1.0,1.0,9.909308087678328,,,387.0
noisy,1.01,0.0,0.9906783991437771,1,1.0,1.0,9.9091041276667,,,385.0
noisy,1.0999999999999999,0.0,1.0791160555252535,1,1.0,1.0,9.909733621873107,,,312.0
noisy,1.19,0.0,1.1650224514630658,1,1.0,1.0,9.908532765835384,,,283.0
noisy,1.28,0.0,1.2324917308978796,1,1.0,1.0,9.907484628143875,,,281.0
noisy,1.3699999999999999,0.0,1.3339035329445845,1,1.0,1.0,9.907516250314009,,,260.0
noisy,1.46,0.0,1.4188134731299094,1,1.0,1.0,9.910874778392817,,,242.0
noisy,1.5499999999999998,0.0,1.5029773833122821,1,1.0,1.0,9.910217494234162,,,216.0
noisy,1.64,0.0,1.5812325638655296,1,1.0,1.0,9.911244056253027,,,191.0
noisy,1.73,0.0,1.6784276992960756,1,1.0,1.0,9.914198023811963,,,210.0
noisy,1.8199999999999998,0.0,1.7680132921255982,1,1.0,1.0,9.917818204694338,,,145.0
noisy,1.91,0.0,1.8485906279604425,1,1.0,1.0,9.919334492791831,,,152.0
noisy,2.0,0.0,1.9163637420523656,1,1.0,1.0,9.914207511613036,,,152.0
noisy,0.2,0.0,0.21930549559244908,2,1.0,1.0,4.485865259963563,,,645.0
noisy,0.29000000000000004,0.0,0.298294428375834,2,1.0,1.0,6.200810563779772,,,665.0
noisy,0.38,0.0,0.3826534399325882,2,1.0,1.0,7.717965577176824,,,763.0
noisy,0.47000000000000003,0.0,0.4711039301602642,2,1.0,1.0,9.475550179123964,,,721.0
noisy,0.56,0.0,0.5530114655268122,2,1.0,1.0,9.902686135184746,,,682.0
noisy,0.6499999999999999,0.0,0.6453160855678428,2,1.0,1.0,9.904504143159789,,,553.0
noisy,0.74,0.0,0.7292494823156684,2,1.0,1.0,9.903361188910502,,,504.0
noisy,0.8300000000000001,0.0,0.817176809550688,2,1.0,1.0,9.90757916284502,,,411.0
noisy,0.9199999999999999,0.0,0.8991575856364253,2,1.0,1.0,9.907732829983633,,,416.0
noisy,1.01,0.0,0.987668099937241,2,1.0,1.0,9.90398288007867,,,355.0
noisy,1.0999999999999999,0.0,1.074253222657333,2,1.0,1.0,9.910065343337441,,,336.0
noisy,1.19,0.0,1.1660965225101503,2,1.0,1.0,9.9081275135387,,,286.0
noisy,1.28,0.0,1.251150430317351,2,1.0,1.0,9.90716208086385,,,270.0
noisy,1.3699999999999999,0.0,1.331493301573492,2,1.0,1.0,9.912473593108931,,,251.0
noisy,1.46,0.0,1.4163975734975718,2,1.0,1.0,9.909350987402812,,,224.0
noisy,1.5499999999999998,0.0,1.497612986328767,2,1.0,1.0,9.905853571210066,,,207.0
noisy,1.64,0.0,1.5973849198799694,2,1.0,1.0,9.90515859291585,,,205.0
noisy,1.73,0.0,1.6824942934146578,2,1.0,1.0,9.910122078633021,,,200.0
noisy,1.8199999999999998,0.0,1.765400768822282,2,1.0,1.0,9.916532924313222,,,150.0
noisy,1.91,0.0,1.8584785344878085,2,1.0,1.0,9.905339189230057,,,150.0
noisy,2.0,0.0,1.7768649415368545,2,1.0,0.6666666666666666,9.916005269703392,,,13.0
noisy,0.2,0.0,0.22255677541394867,3,1.0,1.0,4.5719056520016546,,,724.0
noisy,0.29000000000000004,0.0,0.3012003930464139,3,1.0,1.0,6.140009737339341,,,691.0
noisy,0.38,0.0,0.3880542923296612,3,1.0,1.0,7.801718780937203,,,724.0
noisy,0.47000000000000003,0.0,0.47142934375580664,3,1.0,1.0,9.591086336492804,,,699.0
noisy,0.56,0.0,0.5553616061128389,3,1.0,1.0,9.904930054116546,,,654.0
noisy,0.6499999999999999,0.0,0.6459478116059557,3,1.0,1.0,9.903390795813111,,,593.0
noisy,0.74,0.0,0.7346164774687926,3,1.0,1.0,9.907739178677415,,,470.0
noisy,0.8300000000000001,0.0,0.8181215657641223,3,1.0,1.0,9.907945949821686,,,427.0
noisy,0.9199999999999999,0.0,0.904909250492549,3,1.0,1.0,9.902749950017103,,,389.0
noisy,1.01,0.0,0.9893676568303973,3,1.0,1.0,9.908595123328874,,,344.0
noisy,1.0999999999999999,0.0,1.0780673121490132,3,1.0,1.0,9.908310633430586,,,349.0
noisy,1.19,0.0,1.1676460901822387,3,1.0,1.0,9.901844319563063,,,308.0
noisy,1.28,0.0,1.247787105716161,3,1.0,1.0,9.905279358149064,,,281.0
noisy,1.3699999999999999,0.0,1.3419304646602603,3,1.0,1.0,9.911705692627343,,,268.0
noisy,1.46,0.0,1.4113556694033826,3,1.0,1.0,9.911977656169743,,,237.0
noisy,1.5499999999999998,0.0,1.49607579246451,3,1.0,1.0,9.909523197118128,,,218.0
noisy,1.64,0.0,1.598595882187964,3,1.0,1.0,9.91364568089599,,,212.0
noisy,1.73,0.0,1.6732544293713942,3,1.0,1.0,9.9090659399242,,,173.0
noisy,1.8199999999999998,0.0,1.7616605872013127,3,1.0,1.0,9.914942186437445,,,179.0
noisy,1.91,0.0,1.837694177559804,3,1.0,1.0,9.916643628129362,,,180.0
noisy,2.0,0.0,1.922163832577527,3,1.0,1.0,9.906974418916718,,,154.0
noisy,0.2,0.0,0.2225514697541576,4,1.0,1.0,4.61354649573179,,,693.0
noisy,0.29000000000000004,0.0,0.2972722894100453,4,1.0,1.0,6.0113909146712805,,,699.0
noisy,0.38,0.0,0.383085148766932,4,1.0,1.0,7.752067248967815,,,704.0
noisy,0.47000000000000003,0.0,0.4751485629756937,4,1.0,1.0,9.682893198581631,,,702.0
noisy,0.56,0.0,0.5556668211989192,4,1.0,1.0,9.903831719592777,,,627.0
noisy,0.6499999999999999,0.0,0.6382485269156075,4,1.0,1.0,9.904615645547171,,,587.0
noisy,0.74,0.0,0.7310899968088534,4,1.0,1.0,9.906898790267718,,,458.0
noisy,0.8300000000000001,0.0,0.8156842167611346,4,1.0,1.0,9.906092908833473,,,448.0
noisy,0.9199999999999999,0.0,0.9001055814741695,4,1.0,1.0,9.907728045839702,,,391.0
noisy,1.01,0.0,0.9858167473366836,4,1.0,1.0,9.905458875113407,,,342.0
noisy,1.0999999999999999,0.0,1.074087468399047,4,1.0,1.0,9.904496466649361,,,325.0
noisy,1.19,0.0,1.1606344034214886,4,1.0,1.0,9.910866913422645,,,286.0
noisy,1.28,0.0,1.246216336284412,4,1.0,1.0,9.911575910845082,,,275.0
noisy,1.3699999999999999,0.0,1.3360810967066996,4,1.0,1.0,9.909461615363906,,,235.0
noisy,1.46,0.0,1.4168546720691808,4,1.0,1.0,9.907681838943581,,,220.0
noisy,1.5499999999999998,0.0,1.5142682240223622,4,1.0,1.0,9.912377351097032,,,222.0
noisy,1.64,0.0,1.5935894912976059,4,1.0,1.0,9.9131654340307,,,172.0
noisy,1.73,0.0,1.672015944139467,4,1.0,1.0,9.911375446424872,,,181.0
noisy,1.8199999999999998,0.0,1.7643154401034236,4,1.0,1.0,9.915116101699331,,,158.0
noisy,1.91,0.0,1.8407677135434624,4,1.0,1.0,9.919402412850918,,,181.0
noisy,2.0,0.0,1.9285083686893965,4,1.0,1.0,9.918156388002247,,,150.0
noisy,0.2,0.0,0.22021447454189005,5,1.0,1.0,4.432888186032838,,,665.0
noisy,0.29000000000000004,0.0,0.3103542242232741,5,1.0,1.0,6.238079551758431,,,687.0
noisy,0.38,0.0,0.38733527261474476,5,1.0,1.0,7.859611987653717,,,674.0
noisy,0.47000000000000003,0.0,0.46740689037321764,5,1.0,1.0,9.480801753096236,,,726.0
noisy,0.56,0.0,0.5618456930697852,5,1.0,1.0,9.904673470078707,,,659.0
noisy,0.6499999999999999,0.0,0.636609242685117,5,1.0,1.0,9.905507823536727,,,588.0
noisy,0.74,0.0,0.7223069919280753,5,1.0,1.0,9.90677985764536,,,495.0
noisy,0.8300000000000001,0.0,0.8154159095424595,5,1.0,1.0,9.905462179763878,,,422.0
noisy,0.9199999999999999,0.0,0.8945167755156632,5,1.0,1.0,9.907916878813268,,,409.0
noisy,1.01,0.0,0.987780959287525,5,1.0,1.0,9.907018172774148,,,364.0
noisy,1.0999999999999999,0.0,1.0686587123855313,5,1.0,1.0,9.905466422286132,,,338.0
noisy,1.19,0.0,1.1694797503036312,5,1.0,1.0,9.910731351101086,,,280.0
noisy,1.28,0.0,1.2565182463232107,5,1.0,1.0,9.912647625832168,,,242.0
noisy,1.3699999999999999,0.0,1.3422110975700947,5,1.0,1.0,9.907885017937334,,,243.0
noisy,1.46,0.0,1.4255315370702426,5,1.0,1.0,9.911241310800335,,,220.0
noisy,1.5499999999999998,0.0,1.5179017200405909,5,1.0,1.0,9.911462884064282,,,201.0
noisy,1.64,0.0,1.5940031443440905,5,1.0,1.0,9.90638432262182,,,207.0
noisy,1.73,0.0,1.676007294747467,5,1.0,1.0,9.91435852192121,,,170.0
noisy,1.8199999999999998,0.0,1.7699214103438647,5,1.0,1.0,9.907396021610484,,,173.0
noisy,1.91,0.0,1.6834533496298485,5,1.0,0.6666666666666666,9.909036363551895,,,8.0
noisy,2.0,0.0,1.918988329714441,5,1.0,1.0,9.915157696949729,,,155.0
noisy,0.2,0.0,0.2165237836990891,6,1.0,1.0,4.398661131410392,,,701.0
noisy,0.29000000000000004,0.0,0.30057351797493465,6,1.0,1.0,6.1198070262459465,,,678.0
noisy,0.38,0.0,0.3916160826112011,6,1.0,1.0,8.000179267355342,,,726.0
noisy,0.47000000000000003,0.0,0.467634461482722,6,1.0,1.0,9.420868875948557,,,706.0
noisy,0.56,0.0,0.556873469460444,6,1.0,1.0,9.905223666948636,,,659.0
noisy,0.6499999999999999,0.0,0.6467702083256442,6,1.0,1.0,9.904435828115991,,,580.0
noisy,0.74,0.0,0.7271969211386201,6,1.0,1.0,9.907470121798902,,,508.0
noisy,0.8300000000000001,0.0,0.8184738511784383,6,1.0,1.0,9.907124593834794,,,420.0
noisy,0.9199999999999999,0.0,0.8961327666359061,6,1.0,1.0,9.908507029991593,,,419.0
noisy,1.01,0.0,0.9880547154042812,6,1.0,1.0,9.908388966778555,,,368.0
noisy,1.0999999999999999,0.0,1.0775224847645266,6,1.0,1.0,9.911849612070808,,,341.0
noisy,1.19,0.0,1.156868334875471,6,1.0,1.0,9.90612411661026,,,327.0
noisy,1.28,0.0,1.2438088702266565,6,1.0,1.0,9.90875910355473,,,247.0
noisy,1.3699999999999999,0.0,1.343792381114439,6,1.0,1.0,9.911751852871884,,,250.0
noisy,1.46,0.0,1.4071793086536262,6,1.0,1.0,9.90963261887861,,,236.0
noisy,1.5499999999999998,0.0,1.502363093587319,6,1.0,1.0,9.909954865024988,,,189.0
noisy,1.64,0.0,1.6012022444576057,6,1.0,1.0,9.909616643491002,,,196.0
noisy,1.73,0.0,1.6671330917085339,6,1.0,1.0,9.912010980009445,,,186.0
noisy,1.8199999999999998,0.0,1.4439336698958571,6,1.0,0.3333333333333333,9.905174169263288,,,16.0
noisy,1.91,0.0,1.8301838606924001,6,1.0,1.0,9.915949114814158,,,161.0
noisy,2.0,0.0,1.9159751686116604,6,1.0,1.0,9.92042202534177,,,151.0
noisy,0.2,0.0,0.21503236863534828,7,1.0,1.0,4.38222901447146,,,667.0
noisy,0.29000000000000004,0.0,0.30507907272609963,7,1.0,1.0,6.193887511829851,,,680.0
noisy,0.38,0.0,0.38376313291002945,7,1.0,1.0,7.686319258149401,,,693.0
noisy,0.47000000000000003,0.0,0.469433517314582,7,1.0,1.0,9.447490350932148,,,711.0
noisy,0.56,0.0,0.5547432707684083,7,1.0,1.0,9.905067273937442,,,633.0
noisy,0.6499999999999999,0.0,0.6419528786704617,7,1.0,1.0,9.903526058613926,,,563.0
noisy,0.74,0.0,0.7284674366928102,7,1.0,1.0,9.906342980686555,,,492.0
noisy,0.8300000000000001,0.0,0.809150203477,7,1.0,1.0,9.907828476750778,,,443.0
noisy,0.9199999999999999,0.0,0.9053516800554285,7,1.0,1.0,9.908477738053529,,,402.0
noisy,1.01,0.0,0.9937715587757596,7,1.0,1.0,9.909303945943712,,,369.0
noisy,1.0999999999999999,0.0,1.0805668319485644,7,1.0,1.0,9.909675145512171,,,329.0
noisy,1.19,0.0,1.1504224284862155,7,1.0,1.0,9.911424746823846,,,276.0
noisy,1.28,0.0,1.2392413956414579,7,1.0,1.0,9.908804854185183,,,265.0
noisy,1.3699999999999999,0.0,1.3331527637427658,7,1.0,1.0,9.910866913342675,,,252.0
noisy,1.46,0.0,1.4165684215638101,7,1.0,1.0,9.909268864487846,,,232.0
noisy,1.5499999999999998,0.0,1.510828978689003,7,1.0,1.0,9.906427859122008,,,199.0
noisy,1.64,0.0,1.592504247215606,7,1.0,1.0,9.91354320031855,,,193.0
noisy,1.73,0.0,1.676994792392943,7,1.0,1.0,9.916721423751454,,,199.0
noisy,1.8199999999999998,0.0,1.7627195909950597,7,1.0,1.0,9.915030362945734,,,177.0
noisy,1.91,0.0,1.6476511017073252,7,1.0,0.6666666666666666,9.915197117898307,,,166.0
noisy,2.0,0.0,1.8368162278341844,7,1.0,0.6666666666666666,9.918873243029902,,,144.0
noisy,0.2,0.0,0.21479047720548547,8,1.0,1.0,4.531700152520561,,,650.0
noisy,0.29000000000000004,0.0,0.3019344554841227,8,1.0,1.0,6.148051328927675,,,668.0
noisy,0.38,0.0,0.3882662653856541,8,1.0,1.0,7.86350005273616,,,686.0
noisy,0.47000000000000003,0.0,0.4702372196475833,8,1.0,1.0,9.533723599325524,,,722.0
noisy,0.56,0.0,0.5559875565395973,8,1.0,1.0,9.906509351115824,,,632.0
noisy,0.6499999999999999,0.0,0.6439829738085886,8,1.0,1.0,9.906271095692526,,,573.0
noisy,0.74,0.0,0.733519769801736,8,1.0,1.0,9.903314342442133,,,506.0
noisy,0.8300000000000001,0.0,0.8137835306951805,8,1.0,1.0,9.907773957700872,,,457.0
noisy,0.9199999999999999,0.0,0.9063608967293417,8,1.0,1.0,9.908172164494314,,,415.0
noisy,1.01,0.0,0.9880153795256502,8,1.0,1.0,9.90359882609476,,,347.0
noisy,1.0999999999999999,0.0,1.073882983225517,8,1.0,1.0,9.907764193474433,,,330.0
noisy,1.19,0.0,1.1646960410907035,8,1.0,1.0,9.910537658693931,,,278.0
noisy,1.28,0.0,1.2518840266866318,8,1.0,1.0,9.909162359061169,,,287.0
noisy,1.3699999999999999,0.0,1.3314874928305973,8,1.0,1.0,9.90816483495731,,,243.0
noisy,1.46,0.0,1.4237984286905851,8,1.0,1.0,9.908655229581717,,,244.0
noisy,1.5499999999999998,0.0,1.5022247916387543,8,1.0,1.0,9.913038819478848,,,210.0
noisy,1.64,0.0,1.5835761626746763,8,1.0,1.0,9.91415240413776,,,187.0
noisy,1.73,0.0,1.6736151046235606,8,1.0,1.0,9.912083545413399,,,203.0
noisy,1.8199999999999998,0.0,1.7450565412985721,8,1.0,1.0,9.914640263757452,,,156.0
noisy,1.91,0.0,1.8615400337321066,8,1.0,1.0,9.904597525238131,,,165.0
noisy,2.0,0.0,1.9357646143431142,8,1.0,1.0,9.913978815146107,,,161.0
noisy,0.2,0.0,0.21674977434830425,9,1.0,1.0,4.4652704498711575,,,688.0
noisy,0.29000000000000004,0.0,0.30634731102408697,9,1.0,1.0,6.176887015369701,,,681.0
noisy,0.38,0.0,0.38578497578853055,9,1.0,1.0,7.765649639928687,,,688.0
noisy,0.47000000000000003,0.0,0.4734973611077145,9,1.0,1.0,9.630138160757287,,,717.0
noisy,0.56,0.0,0.5615039168163887,9,1.0,1.0,9.904696640813091,,,645.0
noisy,0.6499999999999999,0.0,0.640543267545565,9,1.0,1.0,9.903125935688754,,,596.0
noisy,0.74,0.0,0.7237225772296633,9,1.0,1.0,9.907818571666756,,,469.0
noisy,0.8300000000000001,0.0,0.8181582174252107,9,1.0,1.0,9.906559536354548,,,465.0
noisy,0.9199999999999999,0.0,0.9000775724044171,9,1.0,1.0,9.908068337688697,,,397.0
noisy,1.01,0.0,0.99564336360684,9,1.0,1.0,9.905450088304208,,,339.0
noisy,1.0999999999999999,0.0,1.0686277972600016,9,1.0,1.0,9.90895265925693,,,313.0
noisy,1.19,0.0,1.155866698613689,9,1.0,1.0,9.908618392341245,,,288.0
noisy,1.28,0.0,1.2548935895923192,9,1.0,1.0,9.907223791528818,,,268.0
noisy,1.3699999999999999,0.0,1.3305319012063628,9,1.0,1.0,9.910927110952894,,,238.0
noisy,1.46,0.0,1.4134135452178374,9,1.0,1.0,9.910442356390938,,,219.0
noisy,1.5499999999999998,0.0,1.5020006713074283,9,1.0,1.0,9.91031490573537,,,203.0
noisy,1.64,0.0,1.5909548160281808,9,1.0,1.0,9.913032410576973,,,196.0
noisy,1.73,0.0,1.6663589536962986,9,1.0,1.0,9.910352547746879,,,173.0
noisy,1.8199999999999998,0.0,1.762140912989506,9,1.0,1.0,9.915633973596599,,,186.0
noisy,1.91,0.0,1.842526468750482,9,1.0,1.0,9.916523085423096,,,156.0
noisy,2.0,0.0,1.9208535344307567,9,1.0,1.0,9.917845240490712,,,148.0
noisy,0.2,0.0,0.20956109131227604,10,1.0,1.0,4.333325846913376,,,715.0
noisy,0.29000000000000004,0.0,0.2951151245521108,10,1.0,1.0,6.041312471723377,,,687.0
noisy,0.38,0.0,0.38108259339481715,10,1.0,1.0,7.7150081765136385,,,674.0
noisy,0.47000000000000003,0.0,0.47095470985273497,10,1.0,1.0,9.505972535965142,,,782.0
noisy,0.56,0.0,0.5576374841899864,10,1.0,1.0,9.902606768549852,,,625.0
noisy,0.6499999999999999,0.0,0.6438889628487553,10,1.0,1.0,9.903549110511094,,,580.0
noisy,0.74,0.0,0.7312921018383968,10,1.0,1.0,9.907354317736337,,,485.0
noisy,0.8300000000000001,0.0,0.8171118341933804,10,1.0,0.6666666666666666,9.908537350399534,,,461.0
noisy,0.9199999999999999,0.0,0.8978694591009136,10,1.0,1.0,9.90717186915816,,,407.0
noisy,1.01,0.0,0.9877837392830927,10,1.0,1.0,9.904820364052712,,,343.0
noisy,1.0999999999999999,0.0,1.085816530572315,10,1.0,1.0,9.909936157009302,,,346.0
noisy,1.19,0.0,1.1684373660718037,10,1.0,1.0,9.906947282899592,,,296.0
noisy,1.28,0.0,1.2563525227751047,10,1.0,1.0,9.90972571215654,,,289.0
noisy,1.3699999999999999,0.0,1.3349620150112627,10,1.0,1.0,9.911470636361262,,,262.0
noisy,1.46,0.0,1.4063207879793314,10,1.0,1.0,9.914943029282783,,,237.0
noisy,1.5499999999999998,0.0,1.5026396562482447,10,1.0,1.0,9.914791051805322,,,214.0
noisy,1.64,0.0,1.5919896951182608,10,1.0,1.0,9.911880128335218,,,203.0
noisy,1.73,0.0,1.6724180833210982,10,1.0,0.6666666666666666,9.9154577023253,,,166.0
noisy,1.8199999999999998,0.0,1.75944430262063,10,1.0,1.0,9.916280389564903,,,171.0
noisy,1.91,0.0,1.8538158718508584,10,1.0,1.0,9.917640431540526,,,145.0
noisy,2.0,0.0,1.5590117467814528,10,1.0,0.6666666666666666,9.911051434663314,,,5.0
noisy,0.2,0.0,0.21742664851903926,11,1.0,1.0,4.514170884608949,,,682.0
noisy,0.29000000000000004,0.0,0.29813505358956893,11,1.0,1.0,6.078701163807831,,,697.0
noisy,0.38,0.0,0.3841846407836413,11,1.0,1.0,7.796227114163718,,,706.0
noisy,0.47000000000000003,0.0,0.46891862260766004,11,1.0,1.0,9.438916170798423,,,755.0
noisy,0.56,0.0,0.5541251189124379,11,1.0,1.0,9.902524622587093,,,654.0
noisy,0.6499999999999999,0.0,0.6457450468413487,11,1.0,0.6666666666666666,9.906712106218631,,,511.0
noisy,0.74,0.0,0.7290853213470893,11,1.0,0.3333333333333333,9.901992654607646,,,488.0
noisy,0.8300000000000001,0.0,0.8142065368067563,11,1.0,0.6666666666666666,9.901973670703905,,,463.0
noisy,0.9199999999999999,0.0,0.9015073759726393,11,1.0,1.0,9.904560510695276,,,414.0
noisy,1.01,0.0,0.978537127027158,11,1.0,1.0,9.904212908965793,,,380.0
noisy,1.0999999999999999,0.0,1.0715506285433978,11,1.0,0.6666666666666666,9.90423384824439,,,305.0
noisy,1.19,0.0,1.1606109654667414,11,1.0,1.0,9.911119991936866,,,308.0
noisy,1.28,0.0,1.2413512715018526,11,1.0,1.0,9.91083641956248,,,248.0
noisy,1.3699999999999999,0.0,1.3330458827205607,11,1.0,1.0,9.908757868946575,,,251.0
noisy,1.46,0.0,1.417883484179051,11,1.0,0.6666666666666666,9.909142510535554,,,233.0
noisy,1.5499999999999998,0.0,1.2449017554357213,11,1.0,0.6666666666666666,9.908317968294764,,,221.0
noisy,1.64,0.0,1.392063710438478,11,1.0,0.6666666666666666,9.90846740665644,,,192.0
noisy,1.73,0.0,1.436947753092186,11,1.0,0.6666666666666666,9.91063913286353,,,199.0
noisy,1.8199999999999998,0.0,1.2790932035601827,11,1.0,0.3333333333333333,9.917043778391122,,,5.0
noisy,1.91,0.0,1.8384179503740843,11,1.0,0.6666666666666666,9.91879008718046,,,149.0
noisy,2.0,0.0,1.9161355129317394,11,1.0,1.0,9.91516975271517,,,164.0
noisy,0.2,0.0,0.20744194401462193,12,1.0,1.0,4.309076498922434,,,651.0
noisy,0.29000000000000004,0.0,0.3045748891871438,12,1.0,1.0,6.140221414673252,,,720.0
noisy,0.38,0.0,0.3875870559187476,12,1.0,1.0,7.858118205104798,,,726.0
noisy,0.47000000000000003,0.0,0.46447565680210284,12,1.0,1.0,9.447177752055318,,,734.0
noisy,0.56,0.0,0.5622622160639094,12,1.0,0.3333333333333333,9.904272297696686,,,629.0
noisy,0.6499999999999999,0.0,0.638528546183736,12,1.0,0.6666666666666666,9.904638171223105,,,555.0
noisy,0.74,0.0,0.737875567488916,12,1.0,1.0,9.904015586911868,,,446.0
noisy,0.8300000000000001,0.0,0.8186555788631037,12,1.0,0.3333333333333333,9.907954961549146,,,426.0
noisy,0.9199999999999999,0.0,0.9036826188721204,12,1.0,0.0,9.651055791248096,,,409.0
noisy,1.01,0.0,0.9820937245916808,12,1.0,0.6666666666666666,9.908425307378122,,,343.0
noisy,1.0999999999999999,0.0,1.0710009854486506,12,1.0,0.6666666666666666,9.908802182115801,,,312.0
noisy,1.19,0.0,1.1565651906159637,12,1.0,0.3333333333333333,9.90443393358204,,,269.0
noisy,1.28,0.0,1.246329198834496,12,1.0,0.6666666666666666,9.908262336663867,,,301.0
noisy,1.3699999999999999,0.0,1.3309735722781264,12,1.0,0.3333333333333333,9.907647420315287,,,227.0
noisy,1.46,0.0,1.4312720402232222,12,1.0,0.6666666666666666,9.907584347028687,,,209.0
noisy,1.5499999999999998,0.0,1.2023086639239973,12,1.0,0.3333333333333333,9.902433075075825,,,196.0
noisy,1.64,0.0,1.349344448537179,12,1.0,0.6666666666666666,9.916990768681528,,,8.0
noisy,1.73,0.0,1.6659401878720512,12,1.0,0.3333333333333333,9.910639979302145,,,173.0
noisy,1.8199999999999998,0.0,1.7622012577215298,12,1.0,0.6666666666666666,9.915744662032779,,,171.0
noisy,1.91,0.0,1.7505118244270215,12,1.0,0.3333333333333333,9.918686848330657,,,17.0
noisy,2.0,0.0,1.6765407092626343,12,1.0,0.6666666666666666,9.917091819985638,,,134.0
noisy,0.2,0.0,0.2190325254687592,13,1.0,1.0,4.426097161880774,,,702.0
noisy,0.29000000000000004,0.0,0.3025396502012226,13,1.0,1.0,6.183024257782644,,,698.0
noisy,0.38,0.0,0.38511250369378813,13,1.0,1.0,7.731245931985657,,,724.0
noisy,0.47000000000000003,0.0,0.46978220356083006,13,1.0,1.0,9.512378713099267,,,712.0
noisy,0.56,0.0,0.5581314093027229,13,1.0,0.0,9.744329968328934,,,595.0
noisy,0.6499999999999999,0.0,0.6410189660282443,13,1.0,0.0,9.654223190315989,,,561.0
noisy,0.74,0.0,0.7248955920148599,13,1.0,0.0,9.689294327011735,,,502.0
noisy,0.8300000000000001,0.0,0.8120657091875697,13,1.0,0.0,9.65708751829609,,,427.0
noisy,0.9199999999999999,0.0,0.9055187097759262,13,1.0,0.0,9.657828662613968,,,389.0
noisy,1.01,0.0,0.9839093710545286,13,1.0,0.3333333333333333,9.907240590816086,,,325.0
noisy,1.0999999999999999,0.0,1.0827808174608173,13,1.0,0.0,9.86713368040187,,,311.0
noisy,1.19,0.0,1.1633249122597213,13,1.0,0.6666666666666666,9.90963901128344,,,312.0
noisy,1.28,0.0,1.2414159266108096,13,1.0,1.0,9.909581661162441,,,248.0
noisy,1.3699999999999999,0.0,1.3290300427020538,13,1.0,0.6666666666666666,9.913660938893527,,,235.0
noisy,1.46,0.0,1.4079336018023927,13,1.0,0.0,9.847215841611007,,,240.0
noisy,1.5499999999999998,0.0,1.5065241931356856,13,1.0,0.0,9.738316702092295,,,239.0
noisy,1.64,0.0,1.581800312366555,13,1.0,0.3333333333333333,9.90884012015907,,,194.0
noisy,1.73,0.0,1.6593472902337165,13,1.0,0.3333333333333333,9.902428083072687,,,174.0
noisy,1.8199999999999998,0.0,1.7494184164925972,13,1.0,0.3333333333333333,9.908013160280829,,,166.0
noisy,1.91,0.0,1.8306776738842057,13,1.0,0.6666666666666666,9.91615434091575,,,167.0
noisy,2.0,0.0,1.8964499209576358,13,1.0,0.0,9.862042137478298,,,145.0
noisy,0.2,0.0,0.222570159360948,14,1.0,1.0,4.60717707244155,,,697.0
noisy,0.29000000000000004,0.0,0.3020935108652089,14,1.0,1.0,6.131838124253865,,,697.0
noisy,0.38,0.0,0.3915886213118998,14,1.0,1.0,7.875892009542575,,,656.0
noisy,0.47000000000000003,0.0,0.4767401855232447,14,1.0,1.0,9.606186367476003,,,699.0
noisy,0.56,0.0,0.558175934679127,14,1.0,0.3333333333333333,9.90072926369702,,,592.0
noisy,0.6499999999999999,0.0,0.6452440258637857,14,1.0,0.0,9.654505646567689,,,555.0
noisy,0.74,0.0,0.7361562063035135,14,1.0,0.3333333333333333,9.901808542436475,,,465.0
noisy,0.8300000000000001,0.0,0.8205183942884214,14,1.0,0.0,9.759328796525908,,,383.0
noisy,0.9199999999999999,0.0,0.898914358056866,14,1.0,0.3333333333333333,9.907023514036325,,,443.0
noisy,1.01,0.0,0.991317723431573,14,1.0,0.0,9.663991669687865,,,337.0
noisy,1.0999999999999999,0.0,1.0823894585998357,14,1.0,0.3333333333333333,9.909585365060853,,,311.0
noisy,1.19,0.0,1.1608980970386404,14,1.0,0.0,9.840366807277773,,,286.0
noisy,1.28,0.0,1.2519337245054307,14,1.0,0.0,9.661348479328499,,,263.0
noisy,1.3699999999999999,0.0,1.3227911804471268,14,1.0,0.6666666666666666,9.911311860832084,,,249.0
noisy,1.46,0.0,1.4042316161386277,14,1.0,0.3333333333333333,9.91343870872461,,,220.0
noisy,1.5499999999999998,0.0,1.5060364866044116,14,1.0,0.3333333333333333,9.910459785553298,,,212.0
noisy,1.64,0.0,1.590225273981688,14,1.0,0.3333333333333333,9.904740168453943,,,192.0
noisy,1.73,0.0,1.343829718969361,14,1.0,0.0,9.901219540667924,,,1.0
noisy,1.8199999999999998,0.0,1.7582252692235574,14,1.0,0.3333333333333333,9.917092930633693,,,175.0
noisy,1.91,0.0,1.8228648279838264,14,1.0,0.0,9.662788628521103,,,160.0
noisy,2.0,0.0,1.9265956106200643,14,1.0,0.3333333333333333,9.906735986014322,,,155.0
noisy,0.2,0.0,0.21969372649961572,15,1.0,1.0,4.523169228829356,,,658.0
noisy,0.29000000000000004,0.0,0.30619015106021996,15,1.0,1.0,6.187516864808612,,,719.0
noisy,0.38,0.0,0.391489969222298,15,1.0,1.0,7.922154828324557,,,681.0
noisy,0.47000000000000003,0.0,0.47001990652656317,15,1.0,1.0,9.524766102378182,,,687.0
noisy,0.56,0.0,0.5587257527249921,15,1.0,0.0,9.655146446407102,,,607.0
noisy,0.6499999999999999,0.0,0.6432770593802981,15,1.0,0.0,9.655787383826606,,,557.0
noisy,0.74,0.0,0.73823771963083,15,1.0,0.0,9.773581131105958,,,453.0
noisy,0.8300000000000001,0.0,0.8119438891439402,15,1.0,0.0,9.668177708615215,,,406.0
noisy,0.9199999999999999,0.0,0.9038304800026217,15,1.0,0.0,9.655070384140755,,,372.0
noisy,1.01,0.0,0.9892743838302668,15,1.0,0.0,9.653334795120088,,,344.0
noisy,1.0999999999999999,0.0,1.0821981427465714,15,1.0,0.3333333333333333,9.90141925142403,,,298.0
noisy,1.19,0.0,1.1586276438814873,15,1.0,0.0,9.819565014602421,,,271.0
noisy,1.28,0.0,1.2560815965059688,15,1.0,0.3333333333333333,9.908278018182413,,,255.0
noisy,1.3699999999999999,0.0,1.326452579099947,15,1.0,0.0,9.660643678544552,,,236.0
noisy,1.46,0.0,1.4202806351760466,15,1.0,0.0,9.660496424238692,,,236.0
noisy,1.5499999999999998,0.0,1.4964506514857916,15,1.0,0.0,9.661241829341026,,,217.0
noisy,1.64,0.0,1.591468298117091,15,1.0,0.3333333333333333,9.916492051912149,,,204.0
noisy,1.73,0.0,1.6778628374010711,15,1.0,0.3333333333333333,9.913525015801296,,,172.0
noisy,1.8199999999999998,0.0,1.7537118007361652,15,1.0,0.0,9.668803721999119,,,155.0
noisy,1.91,0.0,1.492551084812157,15,1.0,0.0,9.87288763534061,,,164.0
noisy,2.0,0.0,1.3714497947088782,15,1.0,0.0,9.861815984179804,,,4.0
noisy,0.2,0.0,0.22569813849148215,16,1.0,1.0,4.626542693164811,,,702.0
noisy,0.29000000000000004,0.0,0.30547990735848013,16,1.0,0.6666666666666666,6.07549052228617,,,697.0
noisy,0.38,0.0,0.3891042644611156,16,1.0,1.0,7.811539160988498,,,720.0
noisy,0.47000000000000003,0.0,0.4734739311537006,16,1.0,0.6666666666666666,9.653606951425159,,,760.0
noisy,0.56,0.0,0.5570162803411016,16,1.0,0.0,9.655347857109119,,,651.0
noisy,0.6499999999999999,0.0,0.6463531927610394,16,1.0,0.0,9.656347481983621,,,548.0
noisy,0.74,0.0,0.7355343561957196,16,1.0,0.0,9.652636264195413,,,473.0
noisy,0.8300000000000001,0.0,0.8177348670711945,16,1.0,0.0,9.652638579998863,,,426.0
noisy,0.9199999999999999,0.0,0.9093994537849026,16,1.0,0.0,9.657835389632947,,,348.0
noisy,1.01,0.0,0.9927894903196707,16,1.0,0.0,9.655758408827941,,,334.0
noisy,1.0999999999999999,0.0,1.0747690646620496,16,1.0,0.0,9.883465828287816,,,313.0
noisy,1.19,0.0,1.1696920234158992,16,1.0,0.0,9.659604976843324,,,302.0
noisy,1.28,0.0,1.2522784926434056,16,1.0,0.0,9.655573080760988,,,246.0
noisy,1.3699999999999999,0.0,1.3361864234097904,16,1.0,0.0,9.65841301272718,,,231.0
noisy,1.46,0.0,1.2660481928837273,16,1.0,0.0,9.736290973295203,,,253.0
noisy,1.5499999999999998,0.0,1.4929292741818534,16,1.0,0.0,9.660886418327394,,,227.0
noisy,1.64,0.0,1.570223725099197,16,1.0,0.0,9.661567139564287,,,187.0
noisy,1.73,0.0,1.666482798753224,16,1.0,0.0,9.66668670532366,,,180.0
noisy,1.8199999999999998,0.0,1.7444465349250333,16,1.0,0.0,9.666487819161894,,,177.0
noisy,1.91,0.0,1.8281368331063999,16,1.0,0.0,9.665483469276248,,,172.0
noisy,2.0,0.0,1.9259008019227455,16,1.0,0.0,9.66488689062415,,,159.0
noisy,0.2,0.0,0.21811000891354226,17,1.0,1.0,4.478537478634323,,,714.0
noisy,0.29000000000000004,0.0,0.30342072136005066,17,1.0,1.0,6.2749010141093295,,,679.0
noisy,0.38,0.0,0.3844848196381854,17,1.0,1.0,7.716405895940935,,,702.0
noisy,0.47000000000000003,0.0,0.4705887845175652,17,1.0,1.0,9.620521098973208,,,694.0
noisy,0.56,0.0,0.5587318038625634,17,1.0,0.0,9.652710784268917,,,599.0
noisy,0.6499999999999999,0.0,0.6442543275050729,17,1.0,0.0,9.655826200213763,,,526.0
noisy,0.74,0.0,0.7338154195601221,17,1.0,0.0,9.656937813803369,,,499.0
noisy,0.8300000000000001,0.0,0.819153528811175,17,1.0,0.0,9.657316816229109,,,454.0
noisy,0.9199999999999999,0.0,0.8980086769440782,17,1.0,0.0,9.829578836128654,,,407.0
noisy,1.01,0.0,0.983963995469633,17,1.0,0.0,9.659004723644586,,,337.0
noisy,1.0999999999999999,0.0,1.0732752800338696,17,1.0,0.0,9.658771621452804,,,332.0
noisy,1.19,0.0,1.1485124548568109,17,1.0,0.0,9.662581571745484,,,309.0
noisy,1.28,0.0,1.2429701371399873,17,1.0,0.0,9.65392358821849,,,244.0
noisy,1.3699999999999999,0.0,1.3408665349855557,17,1.0,0.0,9.662311793235622,,,244.0
noisy,1.46,0.0,1.414946025062471,17,1.0,0.0,9.659972435062535,,,221.0
noisy,1.5499999999999998,0.0,1.4997618021019992,17,1.0,0.0,9.659624406375924,,,203.0
noisy,1.64,0.0,1.5758754757451323,17,1.0,0.0,9.660076400053534,,,195.0
noisy,1.73,0.0,1.6639924694301154,17,1.0,0.0,9.846053443551542,,,190.0
noisy,1.8199999999999998,0.0,1.746021812154866,17,1.0,0.0,9.66508195492428,,,169.0
noisy,1.91,0.0,1.7325306268737306,17,1.0,0.0,9.662682011872803,,,176.0
noisy,2.0,0.0,1.9177457510251834,17,1.0,0.0,9.665095408183422,,,161.0
noisy,0.2,0.0,0.22139343136188394,18,1.0,0.6666666666666666,4.329225625399478,,,667.0
noisy,0.29000000000000004,0.0,0.29601616929287694,18,1.0,0.3333333333333333,6.07788145442429,,,486.0
noisy,0.38,0.0,0.38720087113711027,18,1.0,0.3333333333333333,7.697290569317407,,,552.0
noisy,0.47000000000000003,0.0,0.471437207594307,18,1.0,0.6666666666666666,9.438004645074182,,,419.0
noisy,0.56,0.0,0.5554735233825293,18,1.0,0.0,9.652195505092871,,,637.0
noisy,0.6499999999999999,0.0,0.6410913127329805,18,1.0,0.0,9.653452180745346,,,553.0
noisy,0.74,0.0,0.7387821886071776,18,1.0,0.0,9.655754105860654,,,442.0
noisy,0.8300000000000001,0.0,0.8120158814635449,18,1.0,0.0,9.655289475519616,,,418.0
noisy,0.9199999999999999,0.0,0.8979862165339632,18,1.0,0.0,9.656699484579706,,,326.0
noisy,1.01,0.0,0.9930902250189496,18,1.0,0.0,9.655989005980459,,,340.0
noisy,1.0999999999999999,0.0,1.0766110165781655,18,1.0,0.0,9.656363730308243,,,321.0
noisy,1.19,0.0,1.1580033939241572,18,1.0,0.0,9.658386605418752,,,297.0
noisy,1.28,0.0,1.2347086461975927,18,1.0,0.0,9.65954572008059,,,98.0
noisy,1.3699999999999999,0.0,1.3345773943202337,18,1.0,0.0,9.654227515884987,,,227.0
noisy,1.46,0.0,1.42251447526695,18,1.0,0.0,9.664331333744498,,,231.0
noisy,1.5499999999999998,0.0,1.496467102069894,18,1.0,0.0,9.659670232873042,,,196.0
noisy,1.64,0.0,1.5784529637008786,18,1.0,0.0,9.658232753803219,,,173.0
noisy,1.73,0.0,1.6664443070665025,18,1.0,0.0,9.662040889264084,,,177.0
noisy,1.8199999999999998,0.0,1.7536026486587746,18,1.0,0.3333333333333333,9.904846390792182,,,166.0
noisy,1.91,0.0,1.7906691595733581,18,1.0,0.0,9.656063290466346,,,69.0
noisy,2.0,0.0,1.9116358120080321,18,1.0,0.0,9.665328521866803,,,152.0
noisy,0.2,0.0,0.21555375652617106,19,1.0,0.6666666666666666,4.264282941327912,,,613.0
noisy,0.29000000000000004,0.0,0.30509702989234794,19,1.0,0.6666666666666666,6.179620495483807,,,664.0
noisy,0.38,0.0,0.3914625957094932,19,1.0,0.0,6.520025037674663,,,614.0
noisy,0.47000000000000003,0.0,0.4755231147462507,19,1.0,0.6666666666666666,9.443514593173669,,,455.0
noisy,0.56,0.0,0.5607146440358988,19,1.0,0.0,9.65398557785141,,,657.0
noisy,0.6499999999999999,0.0,0.6388251642156731,19,1.0,0.0,9.653954791848305,,,358.0
noisy,0.74,0.0,0.7328404746876713,19,1.0,0.0,9.654060189992672,,,475.0
noisy,0.8300000000000001,0.0,0.8162858364442288,19,1.0,0.0,9.652658449816807,,,431.0
noisy,0.9199999999999999,0.0,0.8990006295839157,19,1.0,0.0,9.657387935489158,,,342.0
noisy,1.01,0.0,0.9913524080449058,19,1.0,0.0,9.656582499932524,,,335.0
noisy,1.0999999999999999,0.0,1.0750248493747585,19,1.0,0.0,9.65312025860232,,,216.0
noisy,1.19,0.0,1.1618329266678158,19,1.0,0.0,9.661211061037593,,,312.0
noisy,1.28,0.0,1.2433045489733954,19,1.0,0.0,9.658673274933397,,,269.0
noisy,1.3699999999999999,0.0,1.3388966717708197,19,1.0,0.0,9.653723777245764,,,230.0
noisy,1.46,0.0,1.4069794481316158,19,1.0,0.0,9.66236564573553,,,102.0
noisy,1.5499999999999998,0.0,1.4946996889691633,19,1.0,0.0,9.66508715281961,,,220.0
noisy,1.64,0.0,1.6006434807464187,19,1.0,0.0,9.66036348867551,,,190.0
noisy,1.73,0.0,1.669889822268603,19,1.0,0.0,9.665167386402446,,,177.0
noisy,1.8199999999999998,0.0,1.766511706976927,19,1.0,0.0,9.65843688648521,,,160.0
noisy,1.91,0.0,1.839455703519621,19,1.0,0.0,9.664211046144743,,,172.0
noisy,2.0,0.0,1.9126891026661053,19,1.0,0.0,9.66825664438719,,,168.0
noisy,0.2,0.0,0.216909671325199,1,2.0,1.0,4.372953703405062,,,744.0
noisy,0.29000000000000004,0.0,0.2992937071936663,1,2.0,1.0,6.0674146378611304,,,711.0
noisy,0.38,0.0,0.3916574262514225,1,2.0,1.0,7.860334766788332,,,784.0
noisy,0.47000000000000003,0.0,0.4660119635221547,1,2.0,1.0,9.447952986254315,,,723.0
noisy,0.56,0.0,0.5517532208687222,1,2.0,1.0,9.904426083929838,,,657.0
noisy,0.6499999999999999,0.0,0.638808316915133,1,2.0,1.0,9.905621005281628,,,563.0
noisy,0.74,0.0,0.7243437067618045,1,2.0,1.0,9.90294621174533,,,514.0
noisy,0.8300000000000001,0.0,0.8153438516294829,1,2.0,1.0,9.907579686914195,,,480.0
noisy,0.9199999999999999,0.0,0.9119163531094454,1,2.0,1.0,9.905606237477636,,,384.0
noisy,1.01,0.0,0.9867404274871462,1,2.0,1.0,9.907399023903409,,,353.0
noisy,1.0999999999999999,0.0,1.0829745888456435,1,2.0,1.0,9.907457243735625,,,318.0
noisy,1.19,0.0,1.1680621895003396,1,2.0,1.0,9.911929064393984,,,296.0
noisy,1.28,0.0,1.2466785257004833,1,2.0,1.0,9.91280519615627,,,275.0
noisy,1.3699999999999999,0.0,1.3387263247362775,1,2.0,1.0,9.909973434552136,,,245.0
noisy,1.46,0.0,1.4285623094474655,1,2.0,1.0,9.911964224284619,,,239.0
noisy,1.5499999999999998,0.0,1.5110775857517662,1,2.0,1.0,9.91421012026171,,,208.0
noisy,1.64,0.0,1.58955543240468,1,2.0,1.0,9.912263339374277,,,190.0
noisy,1.73,0.0,1.6714808805948655,1,2.0,1.0,9.916864598426534,,,167.0
noisy,1.8199999999999998,0.0,1.7491853060609148,1,2.0,1.0,9.91504713555867,,,179.0
noisy,1.91,0.0,1.8363742972173789,1,2.0,1.0,9.913966945139322,,,170.0
noisy,2.0,0.0,1.9310057101985854,1,2.0,1.0,9.916784942604854,,,146.0
noisy,0.2,0.0,0.2190420282586331,2,2.0,1.0,4.482826884590707,,,756.0
noisy,0.29000000000000004,0.0,0.29993974100284343,2,2.0,1.0,6.147169584265934,,,684.0
noisy,0.38,0.0,0.38221488088207006,2,2.0,1.0,7.740552538741918,,,742.0
noisy,0.47000000000000003,0.0,0.4732225075632475,2,2.0,1.0,9.577325469173376,,,748.0
noisy,0.56,0.0,0.5592583434563466,2,2.0,1.0,9.904594823493564,,,627.0
noisy,0.6499999999999999,0.0,0.6384878168366156,2,2.0,1.0,9.90765263255144,,,592.0
noisy,0.74,0.0,0.7304066585354304,2,2.0,1.0,9.90709580968702,,,465.0
noisy,0.8300000000000001,0.0,0.8223055102610891,2,2.0,1.0,9.90851864206715,,,400.0
noisy,0.9199999999999999,0.0,0.8992851661660355,2,2.0,1.0,9.908735721998212,,,374.0
noisy,1.01,0.0,0.9859992461025243,2,2.0,1.0,9.90994511449637,,,349.0
noisy,1.0999999999999999,0.0,1.0789246255678355,2,2.0,1.0,9.910671063588959,,,330.0
noisy,1.19,0.0,1.169391929483682,2,2.0,1.0,9.909248730341751,,,297.0
noisy,1.28,0.0,1.2517159683818877,2,2.0,1.0,9.908608822401552,,,263.0
noisy,1.3699999999999999,0.0,1.337833804169762,2,2.0,1.0,9.909730678419267,,,218.0
noisy,1.46,0.0,1.4199620385435068,2,2.0,1.0,9.913320509287836,,,223.0
noisy,1.5499999999999998,0.0,1.5178405949136018,2,2.0,1.0,9.913694874549455,,,222.0
noisy,1.64,0.0,1.5877315733240203,2,2.0,1.0,9.91546417513755,,,211.0
noisy,1.73,0.0,1.6795987224970743,2,2.0,1.0,9.915736652398953,,,189.0
noisy,1.8199999999999998,0.0,1.755371768245298,2,2.0,1.0,9.913831549842714,,,171.0
noisy,1.91,0.0,1.8487946106843383,2,2.0,1.0,9.91191077637627,,,171.0
noisy,2.0,0.0,1.9334701361563045,2,2.0,1.0,9.917523111889107,,,156.0
noisy,0.2,0.0,0.21615809313187048,3,2.0,1.0,4.499186688139146,,,692.0
noisy,0.29000000000000004,0.0,0.3086636510790497,3,2.0,1.0,6.231589635406239,,,681.0
noisy,0.38,0.0,0.38762228433563783,3,2.0,1.0,7.811516066928798,,,724.0
noisy,0.47000000000000003,0.0,0.47053973537131116,3,2.0,1.0,9.515563297753669,,,748.0
noisy,0.56,0.0,0.558448769603528,3,2.0,1.0,9.906063388346285,,,678.0
noisy,0.6499999999999999,0.0,0.636752473433759,3,2.0,1.0,9.905128538623641,,,572.0
noisy,0.74,0.0,0.7290065332647381,3,2.0,1.0,9.907237591645487,,,528.0
noisy,0.8300000000000001,0.0,0.8167204420795023,3,2.0,1.0,9.907735242494674,,,441.0
noisy,0.9199999999999999,0.0,0.9019600119794028,3,2.0,1.0,9.907223332303687,,,408.0
noisy,1.01,0.0,0.9854187781094783,3,2.0,1.0,9.904081153457833,,,351.0
noisy,1.0999999999999999,0.0,1.0805523686168768,3,2.0,1.0,9.908448508373947,,,333.0
noisy,1.19,0.0,1.1584270246419803,3,2.0,1.0,9.906864548825533,,,279.0
noisy,1.28,0.0,1.2628317947529035,3,2.0,1.0,9.909096194363155,,,264.0
noisy,1.3699999999999999,0.0,1.3413790115143183,3,2.0,1.0,9.906700717877868,,,222.0
noisy,1.46,0.0,1.4280725812204202,3,2.0,1.0,9.907518861591928,,,200.0
noisy,1.5499999999999998,0.0,1.4982957011301954,3,2.0,1.0,9.905594366472869,,,207.0
noisy,1.64,0.0,1.590525404086032,3,2.0,1.0,9.913586579712884,,,214.0
noisy,1.73,0.0,1.6797584125550644,3,2.0,1.0,9.91617330488188,,,183.0
noisy,1.8199999999999998,0.0,1.7698759987059123,3,2.0,1.0,9.915659737381816,,,173.0
noisy,1.91,0.0,1.843018196131714,3,2.0,1.0,9.9184410662053,,,170.0
noisy,2.0,0.0,1.9332887645511034,3,2.0,1.0,9.92067439517025,,,151.0
noisy,0.2,0.0,0.22011893470561716,4,2.0,1.0,4.424659823145563,,,687.0
noisy,0.29000000000000004,0.0,0.2935802484152943,4,2.0,1.0,6.101719346141646,,,710.0
noisy,0.38,0.0,0.38264560661196484,4,2.0,1.0,7.66312131438452,,,747.0
noisy,0.47000000000000003,0.0,0.47173022746284415,4,2.0,1.0,9.585030131993133,,,703.0
noisy,0.56,0.0,0.5577146329918635,4,2.0,1.0,9.904747106104216,,,675.0
noisy,0.6499999999999999,0.0,0.6390678661341845,4,2.0,1.0,9.904218952938171,,,596.0
noisy,0.74,0.0,0.731482140436739,4,2.0,1.0,9.906358787123077,,,508.0
noisy,0.8300000000000001,0.0,0.8236691574623198,4,2.0,1.0,9.90409653839268,,,427.0
noisy,0.9199999999999999,0.0,0.8955879939887769,4,2.0,1.0,9.90685634876324,,,402.0
noisy,1.01,0.0,0.9834137733977849,4,2.0,1.0,9.903315441735625,,,342.0
noisy,1.0999999999999999,0.0,1.0798258745057827,4,2.0,1.0,9.908996589870217,,,321.0
noisy,1.19,0.0,1.1586163046609712,4,2.0,1.0,9.911587490150513,,,292.0
noisy,1.28,0.0,1.2506377520841763,4,2.0,1.0,9.908644888770255,,,276.0
noisy,1.3699999999999999,0.0,1.3400655660274958,4,2.0,1.0,9.911722515141458,,,230.0
noisy,1.46,0.0,1.424271639234196,4,2.0,1.0,9.907158892051328,,,230.0
noisy,1.5499999999999998,0.0,1.5057255491212806,4,2.0,1.0,9.912338568752338,,,227.0
noisy,1.64,0.0,1.5919997711182363,4,2.0,1.0,9.911405856476417,,,194.0
noisy,1.73,0.0,1.6800435491398513,4,2.0,1.0,9.912725066564661,,,188.0
noisy,1.8199999999999998,0.0,1.751868641823975,4,2.0,1.0,9.914477120500598,,,194.0
noisy,1.91,0.0,1.8447461752459875,4,2.0,1.0,9.913967526688339,,,164.0
noisy,2.0,0.0,1.9163929191568776,4,2.0,1.0,9.917641435605438,,,152.0
noisy,0.2,0.0,0.22222948137462542,5,2.0,1.0,4.487875955733371,,,695.0
noisy,0.29000000000000004,0.0,0.296099398369526,5,2.0,1.0,6.000674796823495,,,747.0
noisy,0.38,0.0,0.3832719540206952,5,2.0,1.0,7.7586338469011515,,,726.0
noisy,0.47000000000000003,0.0,0.4691072549119228,5,2.0,1.0,9.506255273803607,,,757.0
noisy,0.56,0.0,0.5536593052695217,5,2.0,1.0,9.90357220933628,,,685.0
noisy,0.6499999999999999,0.0,0.646661818800128,5,2.0,1.0,9.90559745599708,,,591.0
noisy,0.74,0.0,0.7292637629856444,5,2.0,1.0,9.903176229888498,,,517.0
noisy,0.8300000000000001,0.0,0.8170793232817563,5,2.0,1.0,9.903662557381082,,,413.0
noisy,0.9199999999999999,0.0,0.909952341239688,5,2.0,1.0,9.907798944554566,,,409.0
noisy,1.01,0.0,0.99319326133097,5,2.0,1.0,9.903932873924093,,,346.0
noisy,1.0999999999999999,0.0,1.0837839015814799,5,2.0,1.0,9.909918849963223,,,328.0
noisy,1.19,0.0,1.173964630780343,5,2.0,1.0,9.907756227217911,,,291.0
noisy,1.28,0.0,1.2486957691856644,5,2.0,1.0,9.90901188443375,,,271.0
noisy,1.3699999999999999,0.0,1.333178069303294,5,2.0,1.0,9.913823620705463,,,227.0
noisy,1.46,0.0,1.4143439334939185,5,2.0,1.0,9.911089522884138,,,234.0
noisy,1.5499999999999998,0.0,1.5054717590017983,5,2.0,1.0,9.913724772787376,,,213.0
noisy,1.64,0.0,1.590871772604044,5,2.0,1.0,9.915733213039076,,,218.0
noisy,1.73,0.0,1.6831557298378883,5,2.0,1.0,9.915741334219346,,,183.0
noisy,1.8199999999999998,0.0,1.7658141418684676,5,2.0,1.0,9.910454784755036,,,164.0
noisy,1.91,0.0,1.8382341441688685,5,2.0,1.0,9.918320932213096,,,158.0
noisy,2.0,0.0,1.9181700573701577,5,2.0,1.0,9.917314622199457,,,157.0
noisy,0.2,0.0,0.21966370795600487,6,2.0,1.0,4.472287795185662,,,693.0
noisy,0.29000000000000004,0.0,0.3006056695362442,6,2.0,1.0,6.04042569722034,,,719.0
noisy,0.38,0.0,0.37990523695194406,6,2.0,1.0,7.67828352385844,,,702.0
noisy,0.47000000000000003,0.0,0.4698758033906945,6,2.0,1.0,9.464895244656542,,,707.0
noisy,0.56,0.0,0.5593276478473922,6,2.0,1.0,9.901966700496061,,,643.0
noisy,0.6499999999999999,0.0,0.6459780186065474,6,2.0,1.0,9.904132646217331,,,553.0
noisy,0.74,0.0,0.7341665413417519,6,2.0,1.0,9.905308658408206,,,471.0
noisy,0.8300000000000001,0.0,0.8113605682334087,6,2.0,1.0,9.906108102634636,,,418.0
noisy,0.9199999999999999,0.0,0.907800466761561,6,2.0,1.0,9.909899182265164,,,392.0
noisy,1.01,0.0,0.986785503246805,6,2.0,1.0,9.908394514325252,,,366.0
noisy,1.0999999999999999,0.0,1.0787763787737423,6,2.0,1.0,9.909402819954115,,,337.0
noisy,1.19,0.0,1.1606678775106432,6,2.0,1.0,9.909927498599936,,,307.0
noisy,1.28,0.0,1.2452480021678918,6,2.0,1.0,9.911419753038867,,,263.0
noisy,1.3699999999999999,0.0,1.3356140163843087,6,2.0,1.0,9.909835284341721,,,225.0
noisy,1.46,0.0,1.4255152362458379,6,2.0,1.0,9.91332369053761,,,226.0
noisy,1.5499999999999998,0.0,1.5066388533835535,6,2.0,1.0,9.915780018235694,,,206.0
noisy,1.64,0.0,1.588643597767102,6,2.0,1.0,9.910150456672886,,,202.0
noisy,1.73,0.0,1.6823030495697229,6,2.0,1.0,9.914637127009813,,,213.0
noisy,1.8199999999999998,0.0,1.7561317735923438,6,2.0,1.0,9.916300102125675,,,191.0
noisy,1.91,0.0,1.8357223977634032,6,2.0,1.0,9.917843941467664,,,157.0
noisy,2.0,0.0,1.9241666248126386,6,2.0,1.0,9.913254559837426,,,172.0
noisy,0.2,0.0,0.22039529033304597,7,2.0,1.0,4.52619503016976,,,711.0
noisy,0.29000000000000004,0.0,0.30388420952929746,7,2.0,1.0,6.178224764179013,,,674.0
noisy,0.38,0.0,0.3827234183965647,7,2.0,1.0,7.806395802421916,,,715.0
noisy,0.47000000000000003,0.0,0.4706554461313109,7,2.0,1.0,9.432776931515019,,,758.0
noisy,0.56,0.0,0.5560432028362791,7,2.0,1.0,9.904622633432624,,,618.0
noisy,0.6499999999999999,0.0,0.645550996347869,7,2.0,1.0,9.905733114288365,,,567.0
noisy,0.74,0.0,0.7317877342958331,7,2.0,1.0,9.90676983866901,,,506.0
noisy,0.8300000000000001,0.0,0.8189400192059342,7,2.0,1.0,9.905667883973248,,,421.0
noisy,0.9199999999999999,0.0,0.8944145399970275,7,2.0,1.0,9.906354544409098,,,394.0
noisy,1.01,0.0,0.9812022218286773,7,2.0,1.0,9.909419989549994,,,374.0
noisy,1.0999999999999999,0.0,1.073850681360211,7,2.0,1.0,9.906404381488974,,,334.0
noisy,1.19,0.0,1.1584997644691226,7,2.0,1.0,9.908738501477108,,,295.0
noisy,1.28,0.0,1.250373969500661,7,2.0,1.0,9.910538738759117,,,285.0
noisy,1.3699999999999999,0.0,1.3398547649391555,7,2.0,1.0,9.909594180902856,,,270.0
noisy,1.46,0.0,1.4186650926996915,7,2.0,1.0,9.912117581066354,,,227.0
noisy,1.5499999999999998,0.0,1.508910259701133,7,2.0,1.0,9.914448659968183,,,203.0
noisy,1.64,0.0,1.5969084937395293,7,2.0,1.0,9.91321279261279,,,182.0
noisy,1.73,0.0,1.6871418630128554,7,2.0,1.0,9.909604696108971,,,204.0
noisy,1.8199999999999998,0.0,1.5492097982720356,7,2.0,0.6666666666666666,9.917057329841933,,,7.0
noisy,1.91,0.0,1.8501612258455573,7,2.0,1.0,9.9052607828978,,,150.0
noisy,2.0,0.0,1.9176955742218997,7,2.0,1.0,9.910742517023465,,,165.0
noisy,0.2,0.0,0.21507043971359763,8,2.0,1.0,4.447774672506911,,,724.0
noisy,0.29000000000000004,0.0,0.30362516553562574,8,2.0,1.0,6.120741067774849,,,707.0
noisy,0.38,0.0,0.3867169713470218,8,2.0,1.0,7.772515376785518,,,792.0
noisy,0.47000000000000003,0.0,0.4730044616486319,8,2.0,1.0,9.547926273870724,,,750.0
noisy,0.56,0.0,0.5567227970280348,8,2.0,1.0,9.902962908732878,,,653.0
noisy,0.6499999999999999,0.0,0.6503177311776778,8,2.0,1.0,9.905845281699188,,,547.0
noisy,0.74,0.0,0.732351873714688,8,2.0,1.0,9.90644724529696,,,481.0
noisy,0.8300000000000001,0.0,0.817417865769035,8,2.0,1.0,9.907106996379152,,,447.0
noisy,0.9199999999999999,0.0,0.8977390865407413,8,2.0,1.0,9.906614127084222,,,379.0
noisy,1.01,0.0,0.9871668514366291,8,2.0,1.0,9.910343146399452,,,369.0
noisy,1.0999999999999999,0.0,1.0733972448939852,8,2.0,1.0,9.905821331666438,,,313.0
noisy,1.19,0.0,1.1615353219696252,8,2.0,1.0,9.904721659149985,,,307.0
noisy,1.28,0.0,1.2527185522393027,8,2.0,1.0,9.912273083102283,,,270.0
noisy,1.3699999999999999,0.0,1.3355197343010559,8,2.0,1.0,9.911900037753284,,,270.0
noisy,1.46,0.0,1.4371587683042364,8,2.0,1.0,9.912992645394992,,,229.0
noisy,1.5499999999999998,0.0,1.501850285233029,8,2.0,1.0,9.912498849513385,,,201.0
noisy,1.64,0.0,1.5867980079201296,8,2.0,1.0,9.915981750846164,,,194.0
noisy,1.73,0.0,1.690514621504845,8,2.0,1.0,9.915399410953293,,,190.0
noisy,1.8199999999999998,0.0,1.7511185815456913,8,2.0,1.0,9.916009088413952,,,164.0
noisy,1.91,0.0,1.773770770267964,8,2.0,0.6666666666666666,9.91416493694138,,,150.0
noisy,2.0,0.0,1.910014770316416,8,2.0,1.0,9.911287147779056,,,137.0
noisy,0.2,0.0,0.2172305896938973,9,2.0,1.0,4.493177244654312,,,700.0
noisy,0.29000000000000004,0.0,0.30787151101047666,9,2.0,1.0,6.232830097854886,,,688.0
noisy,0.38,0.0,0.37956721487353823,9,2.0,1.0,7.818939529818191,,,728.0
noisy,0.47000000000000003,0.0,0.4680013629495636,9,2.0,1.0,9.406971491499133,,,718.0
noisy,0.56,0.0,0.5581804401099575,9,2.0,1.0,9.905656174181168,,,705.0
noisy,0.6499999999999999,0.0,0.6400224133823692,9,2.0,1.0,9.906541005864202,,,572.0
noisy,0.74,0.0,0.7359663668876508,9,2.0,1.0,9.907119614147106,,,501.0
noisy,0.8300000000000001,0.0,0.8248960601675415,9,2.0,1.0,9.906855273923341,,,427.0
noisy,0.9199999999999999,0.0,0.9068720682294851,9,2.0,1.0,9.904857835121192,,,390.0
noisy,1.01,0.0,0.9854931387471435,9,2.0,1.0,9.908201729199671,,,359.0
noisy,1.0999999999999999,0.0,1.0743653556489121,9,2.0,1.0,9.906316857511406,,,303.0
noisy,1.19,0.0,1.1634418266589492,9,2.0,1.0,9.906353147159807,,,297.0
noisy,1.28,0.0,1.2421810295414895,9,2.0,1.0,9.910145715509653,,,278.0
noisy,1.3699999999999999,0.0,1.3177799918703668,9,2.0,1.0,9.910799048254535,,,254.0
noisy,1.46,0.0,1.4171012470102484,9,2.0,1.0,9.9083867043262,,,220.0
noisy,1.5499999999999998,0.0,1.3690149599061616,9,2.0,0.6666666666666666,9.910252980884827,,,10.0
noisy,1.64,0.0,1.5777241529885513,9,2.0,1.0,9.914319715062149,,,228.0
noisy,1.73,0.0,1.673669010059457,9,2.0,1.0,9.915630981466943,,,180.0
noisy,1.8199999999999998,0.0,1.7604932933601667,9,2.0,1.0,9.906994586871955,,,172.0
noisy,1.91,0.0,1.8492093606213988,9,2.0,1.0,9.909838310554415,,,145.0
noisy,2.0,0.0,1.923619121702222,9,2.0,1.0,9.911522091273495,,,129.0
noisy,0.2,0.0,0.21244101484027075,10,2.0,1.0,4.405216462994083,,,702.0
noisy,0.29000000000000004,0.0,0.30213738429870246,10,2.0,1.0,6.126269234532389,,,729.0
noisy,0.38,0.0,0.3893037834834819,10,2.0,1.0,7.884126486411717,,,707.0
noisy,0.47000000000000003,0.0,0.4715170653015388,10,2.0,1.0,9.531354439574105,,,762.0
noisy,0.56,0.0,0.5617974272471636,10,2.0,1.0,9.901942717031174,,,653.0
noisy,0.6499999999999999,0.0,0.6443043419556393,10,2.0,1.0,9.904219551596224,,,567.0
noisy,0.74,0.0,0.728225814118273,10,2.0,1.0,9.905742694098048,,,520.0
noisy,0.8300000000000001,0.0,0.8221744940726147,10,2.0,1.0,9.907376614753797,,,437.0
noisy,0.9199999999999999,0.0,0.9107016785009182,10,2.0,1.0,9.90664439651962,,,399.0
noisy,1.01,0.0,0.989823245901018,10,2.0,1.0,9.909601095299255,,,357.0
noisy,1.0999999999999999,0.0,1.079473613796801,10,2.0,1.0,9.909743232058805,,,326.0
noisy,1.19,0.0,1.1627242510108498,10,2.0,1.0,9.90801638089203,,,289.0
noisy,1.28,0.0,1.240004433792915,10,2.0,1.0,9.911864549400084,,,274.0
noisy,1.3699999999999999,0.0,1.3333350386399658,10,2.0,1.0,9.910097382593257,,,283.0
noisy,1.46,0.0,1.3981390365463646,10,2.0,1.0,9.913216595185164,,,232.0
noisy,1.5499999999999998,0.0,1.494401571231618,10,2.0,1.0,9.911878332654732,,,203.0
noisy,1.64,0.0,1.4997186291096298,10,2.0,0.6666666666666666,9.908092431930388,,,180.0
noisy,1.73,0.0,1.6838284877404124,10,2.0,1.0,9.916768867664166,,,176.0
noisy,1.8199999999999998,0.0,1.3717730109158348,10,2.0,0.3333333333333333,9.911528034289832,,,4.0
noisy,1.91,0.0,1.830886096726763,10,2.0,1.0,9.907140960593392,,,175.0
noisy,2.0,0.0,1.572731983979174,10,2.0,0.3333333333333333,9.904156298570902,,,3.0
noisy,0.2,0.0,0.22127272762970593,11,2.0,1.0,4.447686975727126,,,664.0
noisy,0.29000000000000004,0.0,0.30271085420536975,11,2.0,1.0,6.090371338288894,,,736.0
noisy,0.38,0.0,0.3842605629461393,11,2.0,1.0,7.766869189118579,,,732.0
noisy,0.47000000000000003,0.0,0.46926592126060235,11,2.0,1.0,9.412301448786307,,,742.0
noisy,0.56,0.0,0.5516433250869697,11,2.0,1.0,9.904002553072504,,,623.0
noisy,0.6499999999999999,0.0,0.6383933514956137,11,2.0,1.0,9.90236364623336,,,545.0
noisy,0.74,0.0,0.7242107654605502,11,2.0,1.0,9.905143817253888,,,520.0
noisy,0.8300000000000001,0.0,0.8165771516111088,11,2.0,1.0,9.907208928658536,,,468.0
noisy,0.9199999999999999,0.0,0.9086358491009636,11,2.0,1.0,9.90640889516759,,,399.0
noisy,1.01,0.0,0.9854541235435962,11,2.0,1.0,9.910308790757837,,,359.0
noisy,1.0999999999999999,0.0,1.069765164572859,11,2.0,1.0,9.91092931281145,,,336.0
noisy,1.19,0.0,1.1675057455209208,11,2.0,1.0,9.906577394747153,,,303.0
noisy,1.28,0.0,1.249763038720684,11,2.0,1.0,9.907639178780716,,,257.0
noisy,1.3699999999999999,0.0,1.3258685059627369,11,2.0,1.0,9.913735192972027,,,262.0
noisy,1.46,0.0,1.233829858350406,11,2.0,0.6666666666666666,9.914873968925672,,,226.0
noisy,1.5499999999999998,0.0,1.5008802023982708,11,2.0,1.0,9.910719450356478,,,209.0
noisy,1.64,0.0,1.5818190580794447,11,2.0,1.0,9.914271049508466,,,202.0
noisy,1.73,0.0,1.6796729484211574,11,2.0,1.0,9.915582224891008,,,204.0
noisy,1.8199999999999998,0.0,1.5530770415913964,11,2.0,0.6666666666666666,9.912086325368636,,,161.0
noisy,1.91,0.0,1.8528674883663176,11,2.0,1.0,9.918072232223754,,,149.0
noisy,2.0,0.0,1.78109646378771,11,2.0,0.6666666666666666,9.911430218104353,,,142.0
noisy,0.2,0.0,0.2131244333684382,12,2.0,1.0,4.4627277549591025,,,680.0
noisy,0.29000000000000004,0.0,0.3012080660244157,12,2.0,1.0,6.1068267108109735,,,719.0
noisy,0.38,0.0,0.3843077180468324,12,2.0,1.0,7.71670269180513,,,682.0
noisy,0.47000000000000003,0.0,0.4670654772280883,12,2.0,1.0,9.452153186768802,,,734.0
noisy,0.56,0.0,0.5644892333021366,12,2.0,1.0,9.901575548831332,,,667.0
noisy,0.6499999999999999,0.0,0.6417795350737268,12,2.0,1.0,9.903997578369307,,,529.0
noisy,0.74,0.0,0.7262356477002577,12,2.0,1.0,9.904956135426772,,,481.0
noisy,0.8300000000000001,0.0,0.8177897729670592,12,2.0,1.0,9.90812273704499,,,457.0
noisy,0.9199999999999999,0.0,0.9083124397664619,12,2.0,1.0,9.908395826981783,,,402.0
noisy,1.01,0.0,0.9909579970870966,12,2.0,1.0,9.909002878756839,,,369.0
noisy,1.0999999999999999,0.0,1.0645649922403322,12,2.0,1.0,9.908954080038349,,,342.0
noisy,1.19,0.0,1.16330987717295,12,2.0,1.0,9.909135320515817,,,274.0
noisy,1.28,0.0,1.2452059458666884,12,2.0,1.0,9.907902206477248,,,272.0
noisy,1.3699999999999999,0.0,1.3333737889108728,12,2.0,1.0,9.9077929784379,,,257.0
noisy,1.46,0.0,1.4213898383433143,12,2.0,1.0,9.908910923549799,,,222.0
noisy,1.5499999999999998,0.0,1.4901292794525383,12,2.0,1.0,9.91314487763642,,,205.0
noisy,1.64,0.0,1.3512026007870566,12,2.0,0.6666666666666666,9.905669319371558,,,3.0
noisy,1.73,0.0,1.6672370013652442,12,2.0,1.0,9.907969098615256,,,189.0
noisy,1.8199999999999998,0.0,1.75015504805499,12,2.0,1.0,9.90971416264165,,,161.0
noisy,1.91,0.0,1.8264783405940441,12,2.0,1.0,9.917267141803935,,,177.0
noisy,2.0,0.0,1.4505916883558037,12,2.0,0.3333333333333333,9.91931907553385,,,11.0
noisy,0.2,0.0,0.2164798204668722,13,2.0,1.0,4.525357708656379,,,718.0
noisy,0.29000000000000004,0.0,0.30787141958931796,13,2.0,1.0,6.416138772334104,,,708.0
noisy,0.38,0.0,0.3831979203031155,13,2.0,1.0,7.723113635337706,,,701.0
noisy,0.47000000000000003,0.0,0.4807835744847147,13,2.0,1.0,9.660331668761831,,,712.0
noisy,0.56,0.0,0.5531257315987764,13,2.0,1.0,9.904384188994753,,,679.0
noisy,0.6499999999999999,0.0,0.6419637955905165,13,2.0,1.0,9.903416353896887,,,532.0
noisy,0.74,0.0,0.7306536502414499,13,2.0,1.0,9.90590222544608,,,484.0
noisy,0.8300000000000001,0.0,0.814299297271325,13,2.0,1.0,9.905272746023291,,,442.0
noisy,0.9199999999999999,0.0,0.8998705870791892,13,2.0,1.0,9.907277801528213,,,371.0
noisy,1.01,0.0,0.9874840562312092,13,2.0,1.0,9.909856487818294,,,377.0
noisy,1.0999999999999999,0.0,1.0805673547633659,13,2.0,1.0,9.910598145368567,,,336.0
noisy,1.19,0.0,1.1591231109385347,13,2.0,1.0,9.90268382170833,,,270.0
noisy,1.28,0.0,1.2345156181150394,13,2.0,1.0,9.911844141925028,,,282.0
noisy,1.3699999999999999,0.0,1.3217657284525386,13,2.0,1.0,9.912845890828809,,,246.0
noisy,1.46,0.0,1.4176091537738162,13,2.0,1.0,9.908553552910941,,,229.0
noisy,1.5499999999999998,0.0,1.2949684596903297,13,2.0,0.6666666666666666,9.914667585683219,,,215.0
noisy,1.64,0.0,1.5853436154784346,13,2.0,1.0,9.916418372213274,,,181.0
noisy,1.73,0.0,1.4736679161938575,13,2.0,0.6666666666666666,9.906782902355227,,,195.0
noisy,1.8199999999999998,0.0,1.748457201904489,13,2.0,1.0,9.916702020273373,,,168.0
noisy,1.91,0.0,1.8254050715210859,13,2.0,1.0,9.917459254109405,,,165.0
noisy,2.0,0.0,1.9216018307707874,13,2.0,1.0,9.914954589735471,,,153.0
noisy,0.2,0.0,0.21316621316622242,14,2.0,1.0,4.425113895393526,,,691.0
noisy,0.29000000000000004,0.0,0.2983408980342583,14,2.0,1.0,6.043752784481047,,,634.0
noisy,0.38,0.0,0.3870112581850265,14,2.0,1.0,7.764162136035593,,,730.0
noisy,0.47000000000000003,0.0,0.4683873492308093,14,2.0,1.0,9.436181673482654,,,748.0
noisy,0.56,0.0,0.560407223569625,14,2.0,1.0,9.904577768565865,,,676.0
noisy,0.6499999999999999,0.0,0.6481630255802754,14,2.0,1.0,9.90495914973487,,,574.0
noisy,0.74,0.0,0.727486213178815,14,2.0,1.0,9.906486054749013,,,515.0
noisy,0.8300000000000001,0.0,0.8167172796732979,14,2.0,1.0,9.90207475986421,,,427.0
noisy,0.9199999999999999,0.0,0.9106595139744768,14,2.0,1.0,9.907296055835713,,,417.0
noisy,1.01,0.0,0.9922230186015427,14,2.0,1.0,9.908959701267978,,,350.0
noisy,1.0999999999999999,0.0,1.0702290311917264,14,2.0,1.0,9.907662066592517,,,336.0
noisy,1.19,0.0,1.1631556324677519,14,2.0,1.0,9.908481504195986,,,262.0
noisy,1.28,0.0,1.2484800087320165,14,2.0,1.0,9.907705846294993,,,272.0
noisy,1.3699999999999999,0.0,1.3341882813689872,14,2.0,1.0,9.90520980127071,,,253.0
noisy,1.46,0.0,1.416800844623717,14,2.0,1.0,9.906781119612242,,,213.0
noisy,1.5499999999999998,0.0,1.5012418342690916,14,2.0,1.0,9.914230878706517,,,200.0
noisy,1.64,0.0,1.5802136722223754,14,2.0,1.0,9.914970169301979,,,188.0
noisy,1.73,0.0,1.2584199392754,14,2.0,0.3333333333333333,9.911223388939455,,,6.0
noisy,1.8199999999999998,0.0,1.7535820998143974,14,2.0,1.0,9.913435352184822,,,185.0
noisy,1.91,0.0,1.8483923484133602,14,2.0,1.0,9.915614212527611,,,173.0
noisy,2.0,0.0,1.9300176597300542,14,2.0,1.0,9.909697351729703,,,144.0
noisy,0.2,0.0,0.21810179696677875,15,2.0,1.0,4.528617373475739,,,676.0
noisy,0.29000000000000004,0.0,0.3047614936393599,15,2.0,1.0,6.170950083166008,,,686.0
noisy,0.38,0.0,0.38554833221778595,15,2.0,1.0,7.738097673232955,,,716.0
noisy,0.47000000000000003,0.0,0.47416629870043153,15,2.0,1.0,9.574416118903716,,,760.0
noisy,0.56,0.0,0.5550721089261504,15,2.0,1.0,9.903435944295714,,,684.0
noisy,0.6499999999999999,0.0,0.6455194285647595,15,2.0,1.0,9.905668765889965,,,543.0
noisy,0.74,0.0,0.7297737882157245,15,2.0,1.0,9.906677792353271,,,491.0
noisy,0.8300000000000001,0.0,0.8203109200305412,15,2.0,1.0,9.904654993322252,,,442.0
noisy,0.9199999999999999,0.0,0.901799844676959,15,2.0,1.0,9.907964215118497,,,384.0
noisy,1.01,0.0,0.9889923482290376,15,2.0,1.0,9.907161024306946,,,338.0
noisy,1.0999999999999999,0.0,1.0755725159742018,15,2.0,1.0,9.910211172824303,,,320.0
noisy,1.19,0.0,1.1598814797261978,15,2.0,1.0,9.90883663294718,,,291.0
noisy,1.28,0.0,1.2536474789439835,15,2.0,1.0,9.910639438847468,,,273.0
noisy,1.3699999999999999,0.0,1.332534758537271,15,2.0,1.0,9.91159345918005,,,239.0
noisy,1.46,0.0,1.4223922201971553,15,2.0,1.0,9.9126954040253,,,199.0
noisy,1.5499999999999998,0.0,1.498571312826706,15,2.0,1.0,9.91102949045419,,,219.0
noisy,1.64,0.0,1.5904957571764513,15,2.0,1.0,9.916686896993133,,,151.0
noisy,1.73,0.0,1.6705132731541728,15,2.0,1.0,9.912025322432413,,,174.0
noisy,1.8199999999999998,0.0,1.7523665292971262,15,2.0,1.0,9.909687904803219,,,160.0
noisy,1.91,0.0,1.545135071757194,15,2.0,0.6666666666666666,9.918226345142607,,,2.0
noisy,2.0,0.0,1.9228473517258695,15,2.0,1.0,9.916552200287143,,,164.0
noisy,0.2,0.0,0.21649925814649315,16,2.0,1.0,4.4284583596940115,,,708.0
noisy,0.29000000000000004,0.0,0.29870982169193955,16,2.0,1.0,6.049074933316369,,,696.0
noisy,0.38,0.0,0.38641398102226737,16,2.0,1.0,7.902945203624897,,,724.0
noisy,0.47000000000000003,0.0,0.47371185687040823,16,2.0,1.0,9.520368212893636,,,692.0
noisy,0.56,0.0,0.5587481843621158,16,2.0,1.0,9.904598596426617,,,661.0
noisy,0.6499999999999999,0.0,0.6479405264557121,16,2.0,1.0,9.904984204951424,,,531.0
noisy,0.74,0.0,0.7350187606218214,16,2.0,1.0,9.905839627229385,,,507.0
noisy,0.8300000000000001,0.0,0.8137779776695516,16,2.0,1.0,9.907355427852181,,,459.0
noisy,0.9199999999999999,0.0,0.9020506562511909,16,2.0,1.0,9.908439548663452,,,412.0
noisy,1.01,0.0,0.9910033278210492,16,2.0,1.0,9.905944270033778,,,353.0
noisy,1.0999999999999999,0.0,1.075243382296378,16,2.0,1.0,9.911379111633645,,,299.0
noisy,1.19,0.0,1.1575497580867777,16,2.0,1.0,9.906463898354499,,,282.0
noisy,1.28,0.0,1.2387268215234997,16,2.0,1.0,9.907203978225873,,,255.0
noisy,1.3699999999999999,0.0,1.3352138271692837,16,2.0,1.0,9.909469640403541,,,272.0
noisy,1.46,0.0,1.4239896368708695,16,2.0,1.0,9.912934737309072,,,229.0
noisy,1.5499999999999998,0.0,1.507126520750442,16,2.0,1.0,9.909209746938185,,,180.0
noisy,1.64,0.0,1.582043536614438,16,2.0,1.0,9.904390785024447,,,192.0
noisy,1.73,0.0,1.6620978959437327,16,2.0,1.0,9.910131576301238,,,188.0
noisy,1.8199999999999998,0.0,1.7596862639916508,16,2.0,1.0,9.916361045592325,,,182.0
noisy,1.91,0.0,1.842841654889886,16,2.0,1.0,9.904727713740341,,,162.0
noisy,2.0,0.0,1.9204378908658672,16,2.0,1.0,9.917984636993149,,,174.0
noisy,0.2,0.0,0.22139206059441563,17,2.0,1.0,4.576807481195793,,,675.0
noisy,0.29000000000000004,0.0,0.30039342059988566,17,2.0,1.0,6.082465830135339,,,670.0
noisy,0.38,0.0,0.38306340975195424,17,2.0,1.0,7.759095699768551,,,771.0
noisy,0.47000000000000003,0.0,0.47474790980495357,17,2.0,1.0,9.583077731956497,,,695.0
noisy,0.56,0.0,0.5567133515670023,17,2.0,1.0,9.90137188985909,,,633.0
noisy,0.6499999999999999,0.0,0.6431923700336036,17,2.0,1.0,9.905353728097683,,,568.0
noisy,0.74,0.0,0.7322272355001279,17,2.0,1.0,9.906954955943638,,,501.0
noisy,0.8300000000000001,0.0,0.8093205567820093,17,2.0,1.0,9.904816052151125,,,469.0
noisy,0.9199999999999999,0.0,0.8990622881931459,17,2.0,1.0,9.909663106381215,,,394.0
noisy,1.01,0.0,0.9934703362084972,17,2.0,1.0,9.910636660707619,,,334.0
noisy,1.0999999999999999,0.0,1.0681019948700368,17,2.0,1.0,9.908104097488472,,,330.0
noisy,1.19,0.0,1.1618119304641625,17,2.0,1.0,9.909919370361289,,,294.0
noisy,1.28,0.0,1.2467053723359875,17,2.0,1.0,9.910637467481592,,,262.0
noisy,1.3699999999999999,0.0,1.3336221184460273,17,2.0,1.0,9.907292692059565,,,247.0
noisy,1.46,0.0,1.4118693708335621,17,2.0,1.0,9.912501324274972,,,233.0
noisy,1.5499999999999998,0.0,1.4949905587148697,17,2.0,1.0,9.91486060892386,,,221.0
noisy,1.64,0.0,1.6005531116058374,17,2.0,1.0,9.91037493038082,,,191.0
noisy,1.73,0.0,1.6701265602981241,17,2.0,1.0,9.914709736494768,,,185.0
noisy,1.8199999999999998,0.0,1.7516630217370963,17,2.0,1.0,9.916189459820083,,,180.0
noisy,1.91,0.0,1.8406988327156633,17,2.0,1.0,9.911587187102096,,,156.0
noisy,2.0,0.0,1.9120095702512743,17,2.0,1.0,9.920360123875152,,,145.0
noisy,0.2,0.0,0.22093106648449312,18,2.0,1.0,4.601990558311432,,,703.0
noisy,0.29000000000000004,0.0,0.3057326374211316,18,2.0,1.0,6.151732072336364,,,705.0
noisy,0.38,0.0,0.383179321438831,18,2.0,1.0,7.691584074915817,,,666.0
noisy,0.47000000000000003,0.0,0.4751382185642858,18,2.0,1.0,9.61525470152867,,,699.0
noisy,0.56,0.0,0.5607570220669272,18,2.0,1.0,9.905644758479907,,,633.0
noisy,0.6499999999999999,0.0,0.6469200864693581,18,2.0,1.0,9.90203824385321,,,577.0
noisy,0.74,0.0,0.7275916000161757,18,2.0,1.0,9.90489730934886,,,509.0
noisy,0.8300000000000001,0.0,0.8179022907226224,18,2.0,1.0,9.906532413800052,,,409.0
noisy,0.9199999999999999,0.0,0.9006016722286283,18,2.0,1.0,9.907985301593579,,,399.0
noisy,1.01,0.0,0.9927161789280149,18,2.0,1.0,9.908473597156854,,,348.0
noisy,1.0999999999999999,0.0,1.0734375514900252,18,2.0,1.0,9.909562126290508,,,328.0
noisy,1.19,0.0,1.1632321342422507,18,2.0,1.0,9.907742377012378,,,315.0
noisy,1.28,0.0,1.2476968855955606,18,2.0,1.0,9.907280379842955,,,284.0
noisy,1.3699999999999999,0.0,1.3287432164820803,18,2.0,1.0,9.910339203812413,,,243.0
noisy,1.46,0.0,1.4227542903084707,18,2.0,1.0,9.90861743337576,,,234.0
noisy,1.5499999999999998,0.0,1.5035598805750523,18,2.0,1.0,9.90638584006207,,,207.0
noisy,1.64,0.0,1.5893566518486104,18,2.0,1.0,9.907611142934664,,,208.0
noisy,1.73,0.0,1.6710410406636462,18,2.0,1.0,9.917204707879826,,,178.0
noisy,1.8199999999999998,0.0,1.7592778494371897,18,2.0,1.0,9.917417611722604,,,166.0
noisy,1.91,0.0,1.8478210963697324,18,2.0,1.0,9.91572929450915,,,154.0
noisy,2.0,0.0,1.9177038254360799,18,2.0,1.0,9.919326094402754,,,158.0
noisy,0.2,0.0,0.2167253311919056,19,2.0,1.0,4.479333156096577,,,702.0
noisy,0.29000000000000004,0.0,0.3049509620240936,19,2.0,1.0,6.177609091194254,,,722.0
noisy,0.38,0.0,0.3819239322324566,19,2.0,1.0,7.711321552910276,,,677.0
noisy,0.47000000000000003,0.0,0.4720670289885969,19,2.0,1.0,9.51552510670079,,,770.0
noisy,0.56,0.0,0.5590364059902361,19,2.0,1.0,9.90506494876353,,,611.0
noisy,0.6499999999999999,0.0,0.63964634745464,19,2.0,1.0,9.906005533723551,,,595.0
noisy,0.74,0.0,0.7307599904794347,19,2.0,1.0,9.906072163548542,,,516.0
noisy,0.8300000000000001,0.0,0.8164218568442884,19,2.0,1.0,9.907173210870779,,,430.0
noisy,0.9199999999999999,0.0,0.9050833150451595,19,2.0,1.0,9.902370768294682,,,375.0
noisy,1.01,0.0,0.9925535806962342,19,2.0,1.0,9.902311634498218,,,334.0
noisy,1.0999999999999999,0.0,1.0683652857261903,19,2.0,1.0,9.910159517209397,,,315.0
noisy,1.19,0.0,1.1645722204015263,19,2.0,1.0,9.910309844851206,,,317.0
noisy,1.28,0.0,1.2465912009199098,19,2.0,1.0,9.90791601915817,,,276.0
noisy,1.3699999999999999,0.0,1.3245716587361238,19,2.0,1.0,9.910851404079573,,,245.0
noisy,1.46,0.0,1.4140376570135436,19,2.0,1.0,9.911584427331485,,,213.0
noisy,1.5499999999999998,0.0,1.5064023039758083,19,2.0,1.0,9.908814205863184,,,209.0
noisy,1.64,0.0,1.6073565442830422,19,2.0,1.0,9.913797235513337,,,206.0
noisy,1.73,0.0,1.6572099268344127,19,2.0,1.0,9.906577446245947,,,200.0
noisy,1.8199999999999998,0.0,1.7589748906598903,19,2.0,1.0,9.91354910202015,,,179.0
noisy,1.91,0.0,1.8373351134009495,19,2.0,1.0,9.916918815922562,,,171.0
noisy,2.0,0.0,1.9185253078741809,19,2.0,1.0,9.915590915928153,,,147.0
