demo type,cmd speed,angle,mean speed,noise level,resolution,success,max range,trial_no,symmetry index,steps taken
noisy,0.2,0.0,0.14328823653367917,1,0.25,1.0,3.2361847670019417,,,479.0
noisy,0.29000000000000004,0.0,0.16121174085605228,1,0.25,1.0,3.4025588262662763,,,407.0
noisy,0.38,0.0,0.29462913144504893,1,0.25,1.0,7.088396374028504,,,233.0
noisy,0.47000000000000003,0.0,0.3802709979706251,1,0.25,1.0,9.901183711837813,,,381.0
noisy,0.56,0.0,0.41293681986756264,1,0.25,1.0,9.166003158240038,,,301.0
noisy,0.6499999999999999,0.0,0.5538186873617419,1,0.25,1.0,9.90483149972452,,,275.0
noisy,0.74,0.0,0.6211083046017867,1,0.25,1.0,9.906014424491742,,,263.0
noisy,0.8300000000000001,0.0,0.7281248091197793,1,0.25,1.0,9.907362515533631,,,248.0
noisy,0.9199999999999999,0.0,0.8162113732208315,1,0.25,1.0,9.906787146013082,,,90.0
noisy,1.01,0.0,0.9063931627433187,1,0.25,1.0,9.908155666959393,,,80.0
noisy,1.0999999999999999,0.0,1.0450572921130188,1,0.25,1.0,9.904019577354383,,,94.0
noisy,1.19,0.0,1.0988813301602152,1,0.25,1.0,9.906756377999654,,,46.0
noisy,1.28,0.0,1.1747182266031961,1,0.25,1.0,9.908836537709817,,,52.0
noisy,1.3699999999999999,0.0,1.2658307721064352,1,0.25,1.0,9.91081165394593,,,48.0
noisy,1.46,0.0,1.383366125280442,1,0.25,1.0,9.916437216195952,,,40.0
noisy,1.5499999999999998,0.0,1.4233339001358143,1,0.25,1.0,9.910134617449181,,,34.0
noisy,1.64,0.0,1.490418410521145,1,0.25,1.0,9.910132330630892,,,45.0
noisy,1.73,0.0,1.556336645214915,1,0.25,1.0,9.915933908708709,,,37.0
noisy,1.8199999999999998,0.0,1.590599323138952,1,0.25,1.0,9.914630205824649,,,39.0
noisy,1.91,0.0,1.3944838096022767,1,0.25,0.6666666666666666,9.91428914221304,,,48.0
noisy,2.0,0.0,1.7209722534093013,1,0.25,1.0,9.916641775588046,,,48.0
noisy,0.2,0.0,-0.023278736153002102,2,0.25,0.0,0.0,,,692.0
noisy,0.29000000000000004,0.0,-0.029290883519838207,2,0.25,0.0,0.0,,,605.0
noisy,0.38,0.0,-0.023533872266932838,2,0.25,0.0,0.0,,,592.0
noisy,0.47000000000000003,0.0,-0.041450105256527245,2,0.25,0.0,0.0,,,646.0
noisy,0.56,0.0,-0.03463843351227216,2,0.25,0.0,0.0,,,679.0
noisy,0.6499999999999999,0.0,-0.0389420499348064,2,0.25,0.0,0.0,,,697.0
noisy,0.74,0.0,-0.03560984382192129,2,0.25,0.0,0.0,,,575.0
noisy,0.8300000000000001,0.0,-0.04761363209773009,2,0.25,0.0,0.0,,,604.0
noisy,0.9199999999999999,0.0,-0.054751865759494,2,0.25,0.0,0.0,,,607.0
noisy,1.01,0.0,-0.046613625102097885,2,0.25,0.0,0.0,,,558.0
noisy,1.0999999999999999,0.0,-0.04632582016373283,2,0.25,0.0,0.0,,,528.0
noisy,1.19,0.0,-0.048470319187947065,2,0.25,0.0,0.0,,,487.0
noisy,1.28,0.0,-0.05052666401685624,2,0.25,0.0,0.0,,,538.0
noisy,1.3699999999999999,0.0,-0.0398791438864467,2,0.25,0.0,0.0,,,498.0
noisy,1.46,0.0,-0.061129871037728545,2,0.25,0.0,0.0,,,459.0
noisy,1.5499999999999998,0.0,-0.03363195804219141,2,0.25,0.0,0.0,,,469.0
noisy,1.64,0.0,-0.03432510873811211,2,0.25,0.0,0.0,,,427.0
noisy,1.73,0.0,-0.058774555452666,2,0.25,0.0,0.0,,,444.0
noisy,1.8199999999999998,0.0,-0.026820191857652147,2,0.25,0.0,0.0,,,462.0
noisy,1.91,0.0,-0.04459659015112829,2,0.25,0.0,0.0,,,387.0
noisy,2.0,0.0,-0.0521965350371534,2,0.25,0.0,0.0,,,403.0
noisy,0.2,0.0,-0.022413668564745467,3,0.25,0.0,0.0,,,625.0
noisy,0.29000000000000004,0.0,-0.025364554779302814,3,0.25,0.0,0.0,,,667.0
noisy,0.38,0.0,-0.020596884455401653,3,0.25,0.0,0.0,,,598.0
noisy,0.47000000000000003,0.0,-0.029555427988402393,3,0.25,0.0,0.0,,,347.0
noisy,0.56,0.0,-0.02202417116750181,3,0.25,0.0,0.0,,,611.0
noisy,0.6499999999999999,0.0,-0.027004200806337336,3,0.25,0.0,0.0,,,631.0
noisy,0.74,0.0,-0.018908843468004626,3,0.25,0.0,0.0,,,643.0
noisy,0.8300000000000001,0.0,-0.0264969795509423,3,0.25,0.0,0.0,,,627.0
noisy,0.9199999999999999,0.0,-0.03605076177423615,3,0.25,0.0,0.0,,,589.0
noisy,1.01,0.0,-0.029505765470211442,3,0.25,0.0,0.0,,,554.0
noisy,1.0999999999999999,0.0,-0.03645166429520017,3,0.25,0.0,0.0,,,588.0
noisy,1.19,0.0,-0.03542919297428018,3,0.25,0.0,0.0,,,566.0
noisy,1.28,0.0,-0.02923494030411548,3,0.25,0.0,0.0,,,508.0
noisy,1.3699999999999999,0.0,-0.03932771047561244,3,0.25,0.0,0.0,,,470.0
noisy,1.46,0.0,-0.045420686663393973,3,0.25,0.0,0.0,,,451.0
noisy,1.5499999999999998,0.0,-0.025406945279500937,3,0.25,0.0,0.0,,,476.0
noisy,1.64,0.0,-0.02480455647934245,3,0.25,0.0,0.0,,,455.0
noisy,1.73,0.0,-0.041276584808544035,3,0.25,0.0,0.0,,,439.0
noisy,1.8199999999999998,0.0,-0.0231967440828503,3,0.25,0.0,0.0,,,440.0
noisy,1.91,0.0,-0.019917842506655625,3,0.25,0.0,0.0,,,361.0
noisy,2.0,0.0,-0.04946368116687012,3,0.25,0.0,0.0,,,416.0
noisy,0.2,0.0,-0.02117488989018694,4,0.25,0.0,0.0,,,684.0
noisy,0.29000000000000004,0.0,-0.019114936406125636,4,0.25,0.0,0.0,,,722.0
noisy,0.38,0.0,-0.021004296152114858,4,0.25,0.0,0.0,,,625.0
noisy,0.47000000000000003,0.0,-0.01809221872558388,4,0.25,0.0,0.0,,,591.0
noisy,0.56,0.0,-0.015401933188237646,4,0.25,0.0,0.0,,,691.0
noisy,0.6499999999999999,0.0,-0.014128619612051516,4,0.25,0.0,0.0,,,667.0
noisy,0.74,0.0,-0.013235074723179316,4,0.25,0.0,0.0,,,626.0
noisy,0.8300000000000001,0.0,-0.022919171045076226,4,0.25,0.0,0.0,,,663.0
noisy,0.9199999999999999,0.0,-0.013065634449174378,4,0.25,0.0,0.0,,,589.0
noisy,1.01,0.0,-0.009905869494765672,4,0.25,0.0,0.0,,,544.0
noisy,1.0999999999999999,0.0,-0.032444322651260016,4,0.25,0.0,0.0,,,527.0
noisy,1.19,0.0,-0.0168099654068587,4,0.25,0.0,0.0,,,556.0
noisy,1.28,0.0,-0.01864671243839605,4,0.25,0.0,0.0,,,481.0
noisy,1.3699999999999999,0.0,-0.02263250426608336,4,0.25,0.0,0.0,,,473.0
noisy,1.46,0.0,-0.020170768621886794,4,0.25,0.0,0.0,,,455.0
noisy,1.5499999999999998,0.0,-0.02425531362500032,4,0.25,0.0,0.0,,,461.0
noisy,1.64,0.0,-0.01946106126569132,4,0.25,0.0,0.0,,,464.0
noisy,1.73,0.0,-0.057484241532741724,4,0.25,0.0,0.0,,,423.0
noisy,1.8199999999999998,0.0,-0.02360154174309867,4,0.25,0.0,0.0,,,412.0
noisy,1.91,0.0,-0.05596292860047067,4,0.25,0.0,0.0,,,375.0
noisy,2.0,0.0,-0.026666156165028806,4,0.25,0.0,0.0,,,334.0
noisy,0.2,0.0,-0.02182949084396241,5,0.25,0.0,0.0,,,605.0
noisy,0.29000000000000004,0.0,-0.019678841436038597,5,0.25,0.0,0.0,,,733.0
noisy,0.38,0.0,-0.016808678066757617,5,0.25,0.0,0.0,,,643.0
noisy,0.47000000000000003,0.0,-0.02029790267518425,5,0.25,0.0,0.0,,,512.0
noisy,0.56,0.0,-0.015627669192337792,5,0.25,0.0,0.0,,,616.0
noisy,0.6499999999999999,0.0,-0.012341004295253838,5,0.25,0.0,0.0,,,769.0
noisy,0.74,0.0,-0.011248842979891123,5,0.25,0.0,0.0,,,612.0
noisy,0.8300000000000001,0.0,-0.010844889010382856,5,0.25,0.0,0.0,,,669.0
noisy,0.9199999999999999,0.0,-0.01051222946227585,5,0.25,0.0,0.0,,,603.0
noisy,1.01,0.0,-0.011152370022546687,5,0.25,0.0,0.0,,,576.0
noisy,1.0999999999999999,0.0,-0.018561463250742618,5,0.25,0.0,0.0,,,517.0
noisy,1.19,0.0,-0.0096012253804909,5,0.25,0.0,0.0,,,511.0
noisy,1.28,0.0,-0.02104530777256114,5,0.25,0.0,0.0,,,502.0
noisy,1.3699999999999999,0.0,-0.010838865320798322,5,0.25,0.0,0.0,,,452.0
noisy,1.46,0.0,-0.011096412971303688,5,0.25,0.0,0.0,,,411.0
noisy,1.5499999999999998,0.0,-0.014828348083900773,5,0.25,0.0,0.0,,,401.0
noisy,1.64,0.0,-0.012931092209452287,5,0.25,0.0,0.0,,,423.0
noisy,1.73,0.0,-0.012855550052922498,5,0.25,0.0,0.0,,,415.0
noisy,1.8199999999999998,0.0,-0.01477703505296211,5,0.25,0.0,0.0,,,365.0
noisy,1.91,0.0,-0.013771408177617956,5,0.25,0.0,0.0,,,325.0
noisy,2.0,0.0,-0.052778574314999195,5,0.25,0.0,0.0,,,343.0
noisy,0.2,0.0,-0.01580813318918399,6,0.25,0.0,0.0,,,735.0
noisy,0.29000000000000004,0.0,-0.0206270129573721,6,0.25,0.0,0.0,,,617.0
noisy,0.38,0.0,-0.015474577390240022,6,0.25,0.0,0.0,,,607.0
noisy,0.47000000000000003,0.0,-0.016355185479218035,6,0.25,0.0,0.0,,,650.0
noisy,0.56,0.0,-0.01261594259962425,6,0.25,0.0,0.0,,,679.0
noisy,0.6499999999999999,0.0,-0.01199909296989308,6,0.25,0.0,0.0,,,660.0
noisy,0.74,0.0,-0.010264892394123185,6,0.25,0.0,0.0,,,670.0
noisy,0.8300000000000001,0.0,-0.008542942420722564,6,0.25,0.0,0.0,,,638.0
noisy,0.9199999999999999,0.0,-0.01038877422519262,6,0.25,0.0,0.0,,,633.0
noisy,1.01,0.0,-0.00960329159167717,6,0.25,0.0,0.0,,,600.0
noisy,1.0999999999999999,0.0,-0.007920770675492959,6,0.25,0.0,0.0,,,562.0
noisy,1.19,0.0,-0.02678237098861198,6,0.25,0.0,0.0,,,501.0
noisy,1.28,0.0,-0.007376381729533285,6,0.25,0.0,0.0,,,502.0
noisy,1.3699999999999999,0.0,-0.008963242683051806,6,0.25,0.0,0.0,,,417.0
noisy,1.46,0.0,-0.01344782684733671,6,0.25,0.0,0.0,,,467.0
noisy,1.5499999999999998,0.0,-0.007123915186514794,6,0.25,0.0,0.0,,,429.0
noisy,1.64,0.0,-0.008664719167722225,6,0.25,0.0,0.0,,,428.0
noisy,1.73,0.0,-0.010709445952149954,6,0.25,0.0,0.0,,,458.0
noisy,1.8199999999999998,0.0,-0.012330411211333115,6,0.25,0.0,0.0,,,444.0
noisy,1.91,0.0,-0.018074054447753743,6,0.25,0.0,0.0,,,338.0
noisy,2.0,0.0,-0.012058345878172958,6,0.25,0.0,0.0,,,325.0
noisy,0.2,0.0,-0.02172543200454842,7,0.25,0.0,0.0,,,613.0
noisy,0.29000000000000004,0.0,-0.01816092912282012,7,0.25,0.0,0.0,,,660.0
noisy,0.38,0.0,-0.01732623905604173,7,0.25,0.0,0.0,,,684.0
noisy,0.47000000000000003,0.0,-0.015988631446507594,7,0.25,0.0,0.0,,,578.0
noisy,0.56,0.0,-0.013683389254394154,7,0.25,0.0,0.0,,,671.0
noisy,0.6499999999999999,0.0,-0.009642666347355364,7,0.25,0.0,0.0,,,633.0
noisy,0.74,0.0,-0.00986031943586937,7,0.25,0.0,0.0,,,665.0
noisy,0.8300000000000001,0.0,-0.008448573562202554,7,0.25,0.0,0.0,,,679.0
noisy,0.9199999999999999,0.0,-0.008433587865816524,7,0.25,0.0,0.0,,,578.0
noisy,1.01,0.0,-0.006831549853643846,7,0.25,0.0,0.0,,,626.0
noisy,1.0999999999999999,0.0,-0.004198147436928285,7,0.25,0.0,0.0,,,544.0
noisy,1.19,0.0,-0.004466005389949733,7,0.25,0.0,0.0,,,542.0
noisy,1.28,0.0,-0.003511297179522996,7,0.25,0.0,0.0,,,491.0
noisy,1.3699999999999999,0.0,-0.0059973793730574085,7,0.25,0.0,0.0,,,402.0
noisy,1.46,0.0,-0.0060679768238783745,7,0.25,0.0,0.0,,,467.0
noisy,1.5499999999999998,0.0,-0.0062453833049133335,7,0.25,0.0,0.0,,,467.0
noisy,1.64,0.0,-0.0031733720687029325,7,0.25,0.0,0.0,,,393.0
noisy,1.73,0.0,-0.005839414230326303,7,0.25,0.0,0.0,,,374.0
noisy,1.8199999999999998,0.0,-0.008131469292888821,7,0.25,0.0,0.0,,,402.0
noisy,1.91,0.0,-0.007863662944310868,7,0.25,0.0,0.0,,,354.0
noisy,2.0,0.0,-0.009494304559835227,7,0.25,0.0,0.0,,,351.0
noisy,0.2,0.0,-0.01975013297091852,8,0.25,0.0,0.0,,,637.0
noisy,0.29000000000000004,0.0,-0.02209142154879012,8,0.25,0.0,0.0,,,673.0
noisy,0.38,0.0,-0.015998227256305463,8,0.25,0.0,0.0,,,652.0
noisy,0.47000000000000003,0.0,-0.015194911013299667,8,0.25,0.0,0.0,,,505.0
noisy,0.56,0.0,-0.009073006652694192,8,0.25,0.0,0.0,,,673.0
noisy,0.6499999999999999,0.0,-0.012043658850106156,8,0.25,0.0,0.0,,,627.0
noisy,0.74,0.0,-0.0102724239670949,8,0.25,0.0,0.0,,,635.0
noisy,0.8300000000000001,0.0,-0.00975412929494807,8,0.25,0.0,0.0,,,673.0
noisy,0.9199999999999999,0.0,-0.008400481742983907,8,0.25,0.0,0.0,,,600.0
noisy,1.01,0.0,-0.0024292534406639326,8,0.25,0.0,0.0,,,583.0
noisy,1.0999999999999999,0.0,-0.002000120054835324,8,0.25,0.0,0.0,,,504.0
noisy,1.19,0.0,-0.003656262267099475,8,0.25,0.0,0.0,,,541.0
noisy,1.28,0.0,-0.0021903702843175297,8,0.25,0.0,0.0,,,540.0
noisy,1.3699999999999999,0.0,-0.0021035545555388863,8,0.25,0.0,0.0,,,456.0
noisy,1.46,0.0,-0.0029538082092314005,8,0.25,0.0,0.0,,,519.0
noisy,1.5499999999999998,0.0,-0.0017732702122089073,8,0.25,0.0,0.0,,,405.0
noisy,1.64,0.0,-0.001245425311891222,8,0.25,0.0,0.0,,,412.0
noisy,1.73,0.0,-0.0024021345414075982,8,0.25,0.0,0.0,,,408.0
noisy,1.8199999999999998,0.0,-0.004651774386189724,8,0.25,0.0,0.0,,,398.0
noisy,1.91,0.0,-0.009381986326977258,8,0.25,0.0,0.0,,,378.0
noisy,2.0,0.0,-0.006887585161343978,8,0.25,0.0,0.0,,,384.0
noisy,0.2,0.0,0.30813394173611847,9,0.25,0.0,0.14127927208835783,,,3.0
noisy,0.29000000000000004,0.0,0.03091407953540695,9,0.25,0.0,0.011575292213953309,,,2.0
noisy,0.38,0.0,0.884467426265716,9,0.25,0.0,0.2846241924075033,,,1.0
noisy,0.47000000000000003,0.0,-0.008561192370609132,9,0.25,0.0,0.006437321043833436,,,1.0
noisy,0.56,0.0,0.5444512297333114,9,0.25,0.0,0.15631348586228702,,,2.0
noisy,0.6499999999999999,0.0,0.5158677302189655,9,0.25,0.0,0.16723359055339324,,,1.0
noisy,0.74,0.0,0.14478748781819809,9,0.25,0.0,0.03649010276296524,,,1.0
noisy,0.8300000000000001,0.0,0.055908830112545195,9,0.25,0.0,0.042265223073387516,,,1.0
noisy,0.9199999999999999,0.0,0.06872807304626755,9,0.25,0.0,0.021619538843894275,,,555.0
noisy,1.01,0.0,0.07107636419223957,9,0.25,0.0,0.0544599607943425,,,1.0
noisy,1.0999999999999999,0.0,-0.0013002355783779324,9,0.25,0.0,0.0,,,552.0
noisy,1.19,0.0,-0.00012974340465741552,9,0.25,0.6666666666666666,0.03183026240488888,,,511.0
noisy,1.28,0.0,0.0001209879133503149,9,0.25,0.6666666666666666,0.02071137353228987,,,546.0
noisy,1.3699999999999999,0.0,0.10752933524958626,9,0.25,0.3333333333333333,0.08236150374973901,,,458.0
noisy,1.46,0.0,-0.0032626430166297835,9,0.25,0.3333333333333333,0.0018025684529605838,,,443.0
noisy,1.5499999999999998,0.0,0.09351562210831883,9,0.25,0.3333333333333333,0.03085914715900537,,,468.0
noisy,1.64,0.0,-0.00014786176595770923,9,0.25,0.3333333333333333,0.01542172618946964,,,411.0
noisy,1.73,0.0,-0.0032285737990059623,9,0.25,0.0,0.0,,,652.0
noisy,1.8199999999999998,0.0,0.027773114763921216,9,0.25,0.0,0.009872456212000445,,,307.0
noisy,1.91,0.0,-0.003116941586831571,9,0.25,0.3333333333333333,0.02198046845281402,,,323.0
noisy,2.0,0.0,-0.6478712195182411,9,0.25,0.0,0.0,,,333.0
noisy,0.2,0.0,0.020894471267303313,10,0.25,0.0,0.012233370057280772,,,0.0
noisy,0.29000000000000004,0.0,1.472440607245226,10,0.25,0.3333333333333333,2.7985386112527864,,,1.0
noisy,0.38,0.0,1.2773974078486183,10,0.25,0.0,0.3021528499917968,,,3.0
noisy,0.47000000000000003,0.0,0.029163697211046984,10,0.25,0.0,0.018014822957237914,,,2.0
noisy,0.56,0.0,-0.5527385563266891,10,0.25,0.0,0.020114610807322884,,,604.0
noisy,0.6499999999999999,0.0,1.1045189485094378,10,0.25,0.0,0.159982342829828,,,1.0
noisy,0.74,0.0,0.14204248992137125,10,0.25,0.0,0.04042360275309014,,,1.0
noisy,0.8300000000000001,0.0,0.5900175654410542,10,0.25,0.0,0.16473073312789244,,,0.0
noisy,0.9199999999999999,0.0,0.06400146500527056,10,0.25,0.0,0.04786213423162497,,,572.0
noisy,1.01,0.0,0.2347088106375114,10,0.25,0.0,0.061610682474742925,,,1.0
noisy,1.0999999999999999,0.0,0.16385982171458283,10,0.25,0.6666666666666666,0.04890629151783672,,,1.0
noisy,1.19,0.0,0.2842853468546385,10,0.25,0.0,0.0739767389640126,,,1.0
noisy,1.28,0.0,0.9527802287714042,10,0.25,0.6666666666666666,0.3712495251315275,,,2.0
noisy,1.3699999999999999,0.0,0.3488616514495055,10,0.25,0.0,0.06185249623291725,,,0.0
noisy,1.46,0.0,0.11824417448088255,10,0.25,0.3333333333333333,0.08891736218665734,,,457.0
noisy,1.5499999999999998,0.0,-0.23253714389640967,10,0.25,0.3333333333333333,0.11791979295154688,,,1.0
noisy,1.64,0.0,0.5526925160655778,10,0.25,0.0,0.12580114698588124,,,1.0
noisy,1.73,0.0,1.0589988107959252,10,0.25,0.0,0.23278671949535437,,,1.0
noisy,1.8199999999999998,0.0,0.030487771563424495,10,0.25,0.6666666666666666,0.03886477180453483,,,455.0
noisy,1.91,0.0,0.34221105288844283,10,0.25,0.0,0.13588153445864548,,,319.0
noisy,2.0,0.0,0.13439036610822128,10,0.25,0.0,0.13997546472416578,,,320.0
noisy,0.2,0.0,0.6314701057464319,11,0.25,0.0,0.18206256219309022,,,1.0
noisy,0.29000000000000004,0.0,0.036718699027293904,11,0.25,0.0,0.025103211520397337,,,1.0
noisy,0.38,0.0,-0.07770484312217008,11,0.25,0.0,0.014309275518115856,,,1.0
noisy,0.47000000000000003,0.0,-0.20116636354118753,11,0.25,0.0,0.0,,,1.0
noisy,0.56,0.0,0.08854404117350866,11,0.25,0.0,0.034876180120613574,,,2.0
noisy,0.6499999999999999,0.0,0.5052423965837839,11,0.25,0.0,0.12555265940125962,,,0.0
noisy,0.74,0.0,0.5781384283484722,11,0.25,0.0,0.16320878614854853,,,0.0
noisy,0.8300000000000001,0.0,0.14098294433124375,11,0.25,0.0,0.04012449593251952,,,0.0
noisy,0.9199999999999999,0.0,0.5962701498423087,11,0.25,0.0,0.12485384432672209,,,1.0
noisy,1.01,0.0,0.3674405419172917,11,0.25,0.0,0.17637721299613693,,,12.0
noisy,1.0999999999999999,0.0,0.4464183450824661,11,0.25,0.3333333333333333,0.10045452519596781,,,1.0
noisy,1.19,0.0,0.4135327816032266,11,0.25,0.3333333333333333,0.0882374455819855,,,483.0
noisy,1.28,0.0,0.8563338755088526,11,0.25,0.0,0.1357722854249816,,,1.0
noisy,1.3699999999999999,0.0,-0.08901470305528786,11,0.25,0.0,0.04361592437281544,,,0.0
noisy,1.46,0.0,-0.2607843708193913,11,0.25,0.0,0.10649306402623848,,,0.0
noisy,1.5499999999999998,0.0,0.4039807136204087,11,0.25,0.0,0.10570815936131119,,,0.0
noisy,1.64,0.0,-0.138371233513639,11,0.25,0.0,0.028849918413524554,,,1.0
noisy,1.73,0.0,0.4301632590518086,11,0.25,0.0,0.10193680559706847,,,0.0
noisy,1.8199999999999998,0.0,0.360621471507089,11,0.25,0.0,0.1090226167259472,,,0.0
noisy,1.91,0.0,0.8602137506610582,11,0.25,0.0,0.19145507530355318,,,0.0
noisy,2.0,0.0,0.9928312481834842,11,0.25,0.0,0.24828311463375527,,,0.0
noisy,0.2,0.0,0.6284955050195596,12,0.25,0.0,0.19065148857564196,,,0.0
noisy,0.29000000000000004,0.0,1.1052849392050756,12,0.25,0.0,0.18648699659444015,,,1.0
noisy,0.38,0.0,0.7921092152668144,12,0.25,0.0,0.13302817314441623,,,0.0
noisy,0.47000000000000003,0.0,-0.6456647382432285,12,0.25,0.0,0.06689910114121102,,,1.0
noisy,0.56,0.0,0.060204921403480056,12,0.25,0.0,0.01675698156091942,,,0.0
noisy,0.6499999999999999,0.0,0.6645784158409872,12,0.25,0.0,0.1712666514020655,,,1.0
noisy,0.74,0.0,0.12230698420867141,12,0.25,0.0,0.03526579738449189,,,0.0
noisy,0.8300000000000001,0.0,0.9331306020566842,12,0.25,0.0,0.21576630810072644,,,0.0
noisy,0.9199999999999999,0.0,0.4198965973639502,12,0.25,0.0,0.1575018209107897,,,2.0
noisy,1.01,0.0,1.0528615873785454,12,0.25,0.0,0.22898888549816612,,,1.0
noisy,1.0999999999999999,0.0,0.5239084996309968,12,0.25,0.0,0.0710071306116719,,,0.0
noisy,1.19,0.0,0.6192524196513332,12,0.25,0.0,0.08977046939303089,,,1.0
noisy,1.28,0.0,0.11374730151238836,12,0.25,0.0,0.07295671026279235,,,1.0
noisy,1.3699999999999999,0.0,0.08458047543797102,12,0.25,0.0,0.09056472131990857,,,1.0
noisy,1.46,0.0,-0.49220057597390054,12,0.25,0.0,0.0853150069288737,,,0.0
noisy,1.5499999999999998,0.0,0.09393239528600911,12,0.25,0.0,0.08280232853054874,,,0.0
noisy,1.64,0.0,1.7340834785299004,12,0.25,0.3333333333333333,0.2593756057461765,,,1.0
noisy,1.73,0.0,1.3571008414709642,12,0.25,0.0,0.19585587175053032,,,0.0
noisy,1.8199999999999998,0.0,0.8483908441372003,12,0.25,0.0,0.11200064735388277,,,0.0
noisy,1.91,0.0,0.38556273845358985,12,0.25,0.0,0.10000957570171622,,,1.0
noisy,2.0,0.0,0.04204690783056927,12,0.25,0.0,0.05306402120581587,,,1.0
noisy,0.2,0.0,-0.3777789710397404,13,0.25,0.0,0.012927613108832831,,,0.0
noisy,0.29000000000000004,0.0,1.2937098440958057,13,0.25,0.0,0.34323051215144285,,,0.0
noisy,0.38,0.0,0.02369531071502522,13,0.25,0.0,0.008732809230330676,,,0.0
noisy,0.47000000000000003,0.0,-0.035466468322973725,13,0.25,0.0,0.0,,,0.0
noisy,0.56,0.0,0.14747465510983576,13,0.25,0.0,0.0227194168912358,,,0.0
noisy,0.6499999999999999,0.0,0.3499490117395645,13,0.25,0.0,0.06334112518099383,,,0.0
noisy,0.74,0.0,1.135966199509749,13,0.25,0.0,0.5286606613905186,,,0.0
noisy,0.8300000000000001,0.0,0.15305447098111602,13,0.25,0.0,0.05354789390597143,,,0.0
noisy,0.9199999999999999,0.0,0.22841679556771263,13,0.25,0.0,0.05783824473908192,,,0.0
noisy,1.01,0.0,0.23469934290654962,13,0.25,0.0,0.06323848055690307,,,0.0
noisy,1.0999999999999999,0.0,0.7370851879731554,13,0.25,0.0,0.14779580697310568,,,1.0
noisy,1.19,0.0,0.3004661608282515,13,0.25,0.0,0.07471789186897344,,,0.0
noisy,1.28,0.0,0.4564492329835319,13,0.25,0.0,0.0827683615421045,,,0.0
noisy,1.3699999999999999,0.0,0.3318963524629521,13,0.25,0.0,0.09619748684885913,,,0.0
noisy,1.46,0.0,0.39652344804435385,13,0.25,0.0,0.10707780040755088,,,0.0
noisy,1.5499999999999998,0.0,0.7929889847384753,13,0.25,0.0,0.11095848207035096,,,1.0
noisy,1.64,0.0,0.3886032265799451,13,0.25,0.0,0.10086334484935734,,,0.0
noisy,1.73,0.0,0.4304321121208255,13,0.25,0.0,0.11023833592696959,,,0.0
noisy,1.8199999999999998,0.0,0.440649062680827,13,0.25,0.0,0.11243424538605001,,,0.0
noisy,1.91,0.0,0.7761459927938388,13,0.25,0.0,0.12076299942157512,,,0.0
noisy,2.0,0.0,0.5382614166902785,13,0.25,0.0,0.12103843166439547,,,0.0
noisy,0.2,0.0,-0.0003466838671795317,14,0.25,0.0,0.0055774195549472706,,,0.0
noisy,0.29000000000000004,0.0,0.03824735709564749,14,0.25,0.0,0.022969429002545096,,,0.0
noisy,0.38,0.0,0.03951218998483555,14,0.25,0.0,0.022355371295663267,,,0.0
noisy,0.47000000000000003,0.0,0.04319776717616919,14,0.25,0.0,0.019503189790519432,,,0.0
noisy,0.56,0.0,0.10565083964186044,14,0.25,0.0,0.029045892242825846,,,0.0
noisy,0.6499999999999999,0.0,0.21653381107343636,14,0.25,0.0,0.03715807272455501,,,0.0
noisy,0.74,0.0,0.12310634311035844,14,0.25,0.0,0.03484903611389821,,,0.0
noisy,0.8300000000000001,0.0,0.1965533451568494,14,0.25,0.0,0.05548204416242842,,,0.0
noisy,0.9199999999999999,0.0,0.22406392235677655,14,0.25,0.0,0.05988686461078258,,,0.0
noisy,1.01,0.0,0.1374221978492635,14,0.25,0.0,0.05691589456309118,,,0.0
noisy,1.0999999999999999,0.0,0.2646246866216671,14,0.25,0.0,0.07125090240222083,,,0.0
noisy,1.19,0.0,0.30066367121586296,14,0.25,0.0,0.08341477253256933,,,0.0
noisy,1.28,0.0,0.8751136687120041,14,0.25,0.0,0.16173138609846527,,,2.0
noisy,1.3699999999999999,0.0,0.32916578372363986,14,0.25,0.0,0.09678593011292064,,,0.0
noisy,1.46,0.0,0.3173387729889025,14,0.25,0.0,0.09028481167246101,,,0.0
noisy,1.5499999999999998,0.0,0.3946827803898612,14,0.25,0.0,0.10683884137985811,,,0.0
noisy,1.64,0.0,0.42207558255950023,14,0.25,0.0,0.1050957289682885,,,0.0
noisy,1.73,0.0,0.40382628207321836,14,0.25,0.0,0.10048791987092437,,,0.0
noisy,1.8199999999999998,0.0,0.4314808887277626,14,0.25,0.0,0.10288495981114033,,,0.0
noisy,1.91,0.0,0.1267638094169953,14,0.25,0.0,0.12558556395989115,,,1.0
noisy,2.0,0.0,0.46870839548103876,14,0.25,0.0,0.11521802833091005,,,0.0
noisy,0.2,0.0,0.002174436115805046,15,0.25,0.0,0.007382062838271234,,,0.0
noisy,0.29000000000000004,0.0,-0.0017159708814055308,15,0.25,0.0,0.0087121342931038,,,0.0
noisy,0.38,0.0,-0.016998543809010596,15,0.25,0.0,0.0,,,539.0
noisy,0.47000000000000003,0.0,-0.02560320267691966,15,0.25,0.0,0.006092320399719115,,,0.0
noisy,0.56,0.0,0.09136044210766663,15,0.25,0.0,0.02423387300063928,,,0.0
noisy,0.6499999999999999,0.0,0.14120141914127676,15,0.25,0.0,0.038588860572366046,,,0.0
noisy,0.74,0.0,0.1520366973969238,15,0.25,0.0,0.04737223572257785,,,0.0
noisy,0.8300000000000001,0.0,0.1925860231167625,15,0.25,0.0,0.04850292269702404,,,0.0
noisy,0.9199999999999999,0.0,0.21750874409697754,15,0.25,0.0,0.05646121901615287,,,0.0
noisy,1.01,0.0,1.1451901167150824,15,0.25,0.0,0.9211467577261644,,,0.0
noisy,1.0999999999999999,0.0,0.2866868259386705,15,0.25,0.0,0.06725012337132044,,,0.0
noisy,1.19,0.0,0.28795692678419677,15,0.25,0.0,0.06862890505567057,,,0.0
noisy,1.28,0.0,0.3146698971988205,15,0.25,0.0,0.0790572917346641,,,0.0
noisy,1.3699999999999999,0.0,0.29480472323140977,15,0.25,0.0,0.0685600423679338,,,0.0
noisy,1.46,0.0,0.35101216697105686,15,0.25,0.0,0.0842220710141137,,,0.0
noisy,1.5499999999999998,0.0,0.6899739001711102,15,0.25,0.0,0.17852071841573833,,,0.0
noisy,1.64,0.0,0.40791002026110484,15,0.25,0.0,0.0979676551443375,,,0.0
noisy,1.73,0.0,0.505617635199997,15,0.25,0.0,0.09143835911570211,,,0.0
noisy,1.8199999999999998,0.0,0.4077951622016193,15,0.25,0.0,0.0989176940288444,,,0.0
noisy,1.91,0.0,0.4283092426098829,15,0.25,0.0,0.09947837408450629,,,0.0
noisy,2.0,0.0,0.4867510502801872,15,0.25,0.0,0.11233515604173396,,,0.0
noisy,0.2,0.0,0.03625608217543385,16,0.25,0.0,0.019342908332296706,,,0.0
noisy,0.29000000000000004,0.0,0.0184196620327114,16,0.25,0.0,0.013700085897076133,,,0.0
noisy,0.38,0.0,0.020824541203637702,16,0.25,0.0,0.007369500641615126,,,0.0
noisy,0.47000000000000003,0.0,0.05680954001663994,16,0.25,0.0,0.015267812791521397,,,0.0
noisy,0.56,0.0,0.12266197251535767,16,0.25,0.0,0.03505675906539733,,,0.0
noisy,0.6499999999999999,0.0,0.10436104089891429,16,0.25,0.0,0.029225136362877942,,,0.0
noisy,0.74,0.0,0.10025001810183705,16,0.25,0.0,0.027657503987204478,,,0.0
noisy,0.8300000000000001,0.0,0.18085988019961874,16,0.25,0.0,0.04225074541668204,,,0.0
noisy,0.9199999999999999,0.0,0.19470929010213078,16,0.25,0.0,0.04787985469798408,,,0.0
noisy,1.01,0.0,0.2284211011012841,16,0.25,0.0,0.05984487442097619,,,0.0
noisy,1.0999999999999999,0.0,0.28683325827288025,16,0.25,0.0,0.07291430911882411,,,0.0
noisy,1.19,0.0,0.2816546751333922,16,0.25,0.0,0.06921955665099787,,,0.0
noisy,1.28,0.0,0.3111605645013677,16,0.25,0.0,0.07703481888536044,,,0.0
noisy,1.3699999999999999,0.0,0.33906644228126526,16,0.25,0.0,0.08724032119563953,,,0.0
noisy,1.46,0.0,0.3600910579650867,16,0.25,0.0,0.08711839294942476,,,0.0
noisy,1.5499999999999998,0.0,0.37104126272554283,16,0.25,0.0,0.0869318556900944,,,0.0
noisy,1.64,0.0,0.38981549255094977,16,0.25,0.0,0.09973846063268212,,,0.0
noisy,1.73,0.0,0.36936450600169995,16,0.25,0.0,0.08483608376250684,,,0.0
noisy,1.8199999999999998,0.0,0.4399660498485154,16,0.25,0.0,0.1139065139428156,,,0.0
noisy,1.91,0.0,0.41394548601319675,16,0.25,0.0,0.09720273614754191,,,0.0
noisy,2.0,0.0,0.4488843369109404,16,0.25,0.0,0.10437726286938157,,,0.0
noisy,0.2,0.0,-0.03817404192428992,17,0.25,0.0,0.0,,,0.0
noisy,0.29000000000000004,0.0,0.07169088327613292,17,0.25,0.0,0.02271441758400543,,,0.0
noisy,0.38,0.0,-0.007727808540675846,17,0.25,0.0,0.007060641359537459,,,0.0
noisy,0.47000000000000003,0.0,0.04958855166652907,17,0.25,0.0,0.014237784487740806,,,0.0
noisy,0.56,0.0,0.06612478770522436,17,0.25,0.0,0.021862396060577764,,,0.0
noisy,0.6499999999999999,0.0,0.09048531261450116,17,0.25,0.0,0.02563748726087327,,,0.0
noisy,0.74,0.0,0.12079083348628102,17,0.25,0.0,0.03850906749080264,,,0.0
noisy,0.8300000000000001,0.0,0.1741249364820364,17,0.25,0.0,0.04543619083199286,,,0.0
noisy,0.9199999999999999,0.0,0.18924432030314184,17,0.25,0.0,0.04912398766259523,,,0.0
noisy,1.01,0.0,0.24378358551749188,17,0.25,0.0,0.06011445888449674,,,0.0
noisy,1.0999999999999999,0.0,0.2353418315186088,17,0.25,0.0,0.05693833946147019,,,0.0
noisy,1.19,0.0,0.26805794165182983,17,0.25,0.0,0.06146078456617368,,,0.0
noisy,1.28,0.0,0.2971256672941664,17,0.25,0.0,0.07009173959336946,,,0.0
noisy,1.3699999999999999,0.0,0.31315446697170585,17,0.25,0.0,0.07851491956864903,,,0.0
noisy,1.46,0.0,0.33176465401947314,17,0.25,0.0,0.07780835452897378,,,0.0
noisy,1.5499999999999998,0.0,0.365204283121646,17,0.25,0.0,0.08709641039058272,,,0.0
noisy,1.64,0.0,0.3740879570534878,17,0.25,0.0,0.08826712263289677,,,0.0
noisy,1.73,0.0,0.3934299882525507,17,0.25,0.0,0.08661648619718942,,,0.0
noisy,1.8199999999999998,0.0,0.4254421034040974,17,0.25,0.0,0.10139481140209756,,,0.0
noisy,1.91,0.0,0.3969721757977569,17,0.25,0.0,0.08873679550316853,,,0.0
noisy,2.0,0.0,0.4207883094475296,17,0.25,0.0,0.09425232595432724,,,0.0
noisy,0.2,0.0,-0.03783509504622906,18,0.25,0.0,0.0,,,0.0
noisy,0.29000000000000004,0.0,-0.01670581354581568,18,0.25,0.0,0.003145359733627653,,,0.0
noisy,0.38,0.0,0.01411759081960102,18,0.25,0.0,0.009985132440021157,,,0.0
noisy,0.47000000000000003,0.0,-0.04916094841997814,18,0.25,0.0,0.0,,,0.0
noisy,0.56,0.0,0.05022859975236737,18,0.25,0.0,0.024214292777010673,,,0.0
noisy,0.6499999999999999,0.0,0.05374273949569269,18,0.25,0.0,0.022809595812162093,,,0.0
noisy,0.74,0.0,0.14076426465990236,18,0.25,0.0,0.042620822265824525,,,0.0
noisy,0.8300000000000001,0.0,0.1750893246491145,18,0.25,0.0,0.04211916421529067,,,0.0
noisy,0.9199999999999999,0.0,0.20316621054110304,18,0.25,0.0,0.048935235384086784,,,0.0
noisy,1.01,0.0,0.2280231140646408,18,0.25,0.0,0.05244067870846166,,,0.0
noisy,1.0999999999999999,0.0,0.2305314582828872,18,0.25,0.0,0.05121118392193846,,,0.0
noisy,1.19,0.0,0.25183418040764805,18,0.25,0.0,0.053828920746659056,,,0.0
noisy,1.28,0.0,0.31608283778368224,18,0.25,0.0,0.07729136903036654,,,0.0
noisy,1.3699999999999999,0.0,0.3326282002314956,18,0.25,0.0,0.07729722026436633,,,0.0
noisy,1.46,0.0,0.31975583860224016,18,0.25,0.0,0.06880052713102851,,,0.0
noisy,1.5499999999999998,0.0,0.3769273439314576,18,0.25,0.0,0.08720652762823801,,,0.0
noisy,1.64,0.0,0.37281429817964845,18,0.25,0.0,0.08519190045991566,,,0.0
noisy,1.73,0.0,0.3987478319640161,18,0.25,0.0,0.0853014473438073,,,0.0
noisy,1.8199999999999998,0.0,0.3907736606406502,18,0.25,0.0,0.0865225166430829,,,0.0
noisy,1.91,0.0,0.4176479128546888,18,0.25,0.0,0.09188000506219304,,,0.0
noisy,2.0,0.0,0.4363071817030581,18,0.25,0.0,0.09447722973000212,,,0.0
noisy,0.2,0.0,0.006223097382425971,19,0.25,0.0,0.010930389148578835,,,0.0
noisy,0.29000000000000004,0.0,0.004294646202727311,19,0.25,0.0,0.012401276119874226,,,0.0
noisy,0.38,0.0,0.02601837283041497,19,0.25,0.0,0.009936626873969425,,,0.0
noisy,0.47000000000000003,0.0,0.026099685633600916,19,0.25,0.0,0.0154175207675888,,,0.0
noisy,0.56,0.0,0.03533443926262841,19,0.25,0.0,0.0165373760603453,,,0.0
noisy,0.6499999999999999,0.0,0.10857874479474604,19,0.25,0.0,0.028108002372614654,,,0.0
noisy,0.74,0.0,0.1124693159487735,19,0.25,0.0,0.026564546025337053,,,0.0
noisy,0.8300000000000001,0.0,0.17106797132735427,19,0.25,0.0,0.039903902433011375,,,0.0
noisy,0.9199999999999999,0.0,0.16769576296997535,19,0.25,0.0,0.04069178675247921,,,0.0
noisy,1.01,0.0,0.21875523633904323,19,0.25,0.0,0.050450546798485936,,,0.0
noisy,1.0999999999999999,0.0,0.26006194335684146,19,0.25,0.0,0.0548507882743474,,,0.0
noisy,1.19,0.0,0.27029280926802024,19,0.25,0.0,0.058198607419679034,,,0.0
noisy,1.28,0.0,0.2941274190643855,19,0.25,0.0,0.07276878391524573,,,0.0
noisy,1.3699999999999999,0.0,0.30920434606508684,19,0.25,0.0,0.07068575141365255,,,0.0
noisy,1.46,0.0,0.3332084953345848,19,0.25,0.0,0.07019057510228455,,,0.0
noisy,1.5499999999999998,0.0,0.33886480813339254,19,0.25,0.0,0.07331848225385629,,,0.0
noisy,1.64,0.0,0.3467302540738629,19,0.25,0.0,0.07719313044041434,,,0.0
noisy,1.73,0.0,0.4086635627309739,19,0.25,0.0,0.09248018322371471,,,0.0
noisy,1.8199999999999998,0.0,0.42213624470599626,19,0.25,0.0,0.08960629146868847,,,0.0
noisy,1.91,0.0,0.43601301837789075,19,0.25,0.0,0.09275794598147596,,,0.0
noisy,2.0,0.0,0.44416646877995053,19,0.25,0.0,0.09462950049012998,,,0.0
noisy,0.2,0.0,-0.04644165733689388,1,0.5,0.0,0.0,,,633.0
noisy,0.29000000000000004,0.0,-0.06521828123787286,1,0.5,0.0,0.0,,,732.0
noisy,0.38,0.0,-0.05046345985473958,1,0.5,0.0,0.0,,,705.0
noisy,0.47000000000000003,0.0,-0.04718243911559208,1,0.5,0.0,0.0,,,762.0
noisy,0.56,0.0,-0.05267624813514022,1,0.5,0.3333333333333333,0.015372181105481055,,,663.0
noisy,0.6499999999999999,0.0,-0.055286736715640716,1,0.5,0.0,0.0,,,711.0
noisy,0.74,0.0,-0.055870665112449584,1,0.5,0.0,0.0,,,676.0
noisy,0.8300000000000001,0.0,-0.06839218562277237,1,0.5,0.0,0.0,,,635.0
noisy,0.9199999999999999,0.0,-0.059157014234438414,1,0.5,0.0,0.0,,,657.0
noisy,1.01,0.0,-0.04406393689286354,1,0.5,0.0,0.0,,,555.0
noisy,1.0999999999999999,0.0,-0.05739679642022152,1,0.5,0.0,0.0,,,580.0
noisy,1.19,0.0,-0.05416483428089134,1,0.5,0.0,0.0,,,557.0
noisy,1.28,0.0,-0.05497866648702906,1,0.5,0.0,0.0,,,561.0
noisy,1.3699999999999999,0.0,-0.03827140074751929,1,0.5,0.0,0.0,,,534.0
noisy,1.46,0.0,-0.03690948057799365,1,0.5,0.0,0.0,,,532.0
noisy,1.5499999999999998,0.0,-0.03713785226403819,1,0.5,0.0,0.0,,,475.0
noisy,1.64,0.0,-0.06349605267196591,1,0.5,0.0,0.0,,,460.0
noisy,1.73,0.0,-0.05614274590639218,1,0.5,0.0,0.0,,,496.0
noisy,1.8199999999999998,0.0,-0.032118226951094224,1,0.5,0.0,0.0,,,506.0
noisy,1.91,0.0,-0.04710457577594104,1,0.5,0.0,0.0,,,469.0
noisy,2.0,0.0,-0.050184060580410465,1,0.5,0.0,0.0,,,420.0
noisy,0.2,0.0,-0.0450327435221278,2,0.5,0.0,0.0,,,628.0
noisy,0.29000000000000004,0.0,-0.055205810297518275,2,0.5,0.0,0.0,,,686.0
noisy,0.38,0.0,-0.06157620717854088,2,0.5,0.0,0.0,,,615.0
noisy,0.47000000000000003,0.0,-0.04867714588598632,2,0.5,0.0,0.0,,,701.0
noisy,0.56,0.0,-0.05655770292552431,2,0.5,0.0,0.0,,,661.0
noisy,0.6499999999999999,0.0,-0.059287502912425794,2,0.5,0.0,0.0,,,691.0
noisy,0.74,0.0,-0.06010206119057999,2,0.5,0.0,0.0,,,674.0
noisy,0.8300000000000001,0.0,-0.06454594074146713,2,0.5,0.0,0.0,,,599.0
noisy,0.9199999999999999,0.0,-0.05441870198812263,2,0.5,0.0,0.0,,,665.0
noisy,1.01,0.0,-0.04987470543858231,2,0.5,0.0,0.0,,,568.0
noisy,1.0999999999999999,0.0,-0.05359582517758926,2,0.5,0.0,0.0,,,529.0
noisy,1.19,0.0,-0.056237301322232654,2,0.5,0.0,0.0,,,561.0
noisy,1.28,0.0,-0.05172342726043407,2,0.5,0.0,0.0,,,588.0
noisy,1.3699999999999999,0.0,-0.0471026979209887,2,0.5,0.0,0.0,,,510.0
noisy,1.46,0.0,-0.0419267315680442,2,0.5,0.0,0.0,,,563.0
noisy,1.5499999999999998,0.0,-0.049073755717952715,2,0.5,0.0,0.0,,,460.0
noisy,1.64,0.0,-0.053914954775681645,2,0.5,0.0,0.0,,,504.0
noisy,1.73,0.0,-0.058418480313970754,2,0.5,0.0,0.0,,,487.0
noisy,1.8199999999999998,0.0,-0.055224056554384594,2,0.5,0.0,0.0,,,441.0
noisy,1.91,0.0,-0.0442667119899833,2,0.5,0.0,0.0,,,396.0
noisy,2.0,0.0,-0.04736610470660796,2,0.5,0.0,0.0,,,420.0
noisy,0.2,0.0,-0.06932010626241313,3,0.5,0.0,0.0,,,0.0
noisy,0.29000000000000004,0.0,-0.07315317378873278,3,0.5,0.0,0.0,,,0.0
noisy,0.38,0.0,-0.0726136287984176,3,0.5,0.0,0.0,,,0.0
noisy,0.47000000000000003,0.0,-0.08100090216786672,3,0.5,0.0,0.0,,,0.0
noisy,0.56,0.0,-0.08206709493311758,3,0.5,0.0,0.0,,,0.0
noisy,0.6499999999999999,0.0,-0.07418507013521358,3,0.5,0.0,0.0,,,0.0
noisy,0.74,0.0,-0.08173419091366185,3,0.5,0.0,0.0,,,0.0
noisy,0.8300000000000001,0.0,-0.07611864973953368,3,0.5,0.0,0.0,,,0.0
noisy,0.9199999999999999,0.0,-0.07838653323700308,3,0.5,0.0,0.0,,,0.0
noisy,1.01,0.0,-0.07485018989351866,3,0.5,0.0,0.0,,,0.0
noisy,1.0999999999999999,0.0,-0.0732043399742078,3,0.5,0.0,0.0,,,0.0
noisy,1.19,0.0,-0.0807312766146837,3,0.5,0.0,0.0,,,0.0
noisy,1.28,0.0,-0.07791606204489783,3,0.5,0.0,0.0,,,0.0
noisy,1.3699999999999999,0.0,-0.07110703683810259,3,0.5,0.0,0.0,,,0.0
noisy,1.46,0.0,-0.08182894011717358,3,0.5,0.0,0.0,,,0.0
noisy,1.5499999999999998,0.0,-0.0701427271875142,3,0.5,0.0,0.0,,,0.0
noisy,1.64,0.0,-0.07292175007833986,3,0.5,0.0,0.0,,,0.0
noisy,1.73,0.0,-0.07480043559433149,3,0.5,0.0,0.0,,,0.0
noisy,1.8199999999999998,0.0,-0.07456708930004256,3,0.5,0.0,0.0,,,0.0
noisy,1.91,0.0,-0.07870393210229283,3,0.5,0.0,0.0,,,0.0
noisy,2.0,0.0,-0.07288236553740211,3,0.5,0.0,0.0,,,0.0
noisy,0.2,0.0,-0.0009645209048062442,4,0.5,0.0,0.0,,,0.0
noisy,0.29000000000000004,0.0,-0.0010538290707537688,4,0.5,0.0,0.0,,,0.0
noisy,0.38,0.0,-0.0006569571464632252,4,0.5,0.0,0.0,,,0.0
noisy,0.47000000000000003,0.0,0.0004686272976253917,4,0.5,1.0,0.013900253792102886,,,0.0
noisy,0.56,0.0,-0.00013599543953222214,4,0.5,0.3333333333333333,0.0041973079649066745,,,0.0
noisy,0.6499999999999999,0.0,-0.0008122753081580236,4,0.5,0.0,0.0,,,0.0
noisy,0.74,0.0,-0.0005693314028841241,4,0.5,0.0,0.0,,,0.0
noisy,0.8300000000000001,0.0,-0.0007699504529558241,4,0.5,0.0,0.0,,,0.0
noisy,0.9199999999999999,0.0,-0.001317992662341198,4,0.5,0.0,0.0,,,0.0
noisy,1.01,0.0,-0.001570528606395472,4,0.5,0.0,0.0,,,0.0
noisy,1.0999999999999999,0.0,-0.0015205145891390298,4,0.5,0.0,0.0,,,0.0
noisy,1.19,0.0,-0.0012496106378293026,4,0.5,0.0,0.0,,,0.0
noisy,1.28,0.0,-0.0013151094883865327,4,0.5,0.0,0.0,,,0.0
noisy,1.3699999999999999,0.0,-0.0007559316464666707,4,0.5,0.0,0.0,,,0.0
noisy,1.46,0.0,-0.0004541854390147373,4,0.5,0.3333333333333333,0.005182753260883009,,,0.0
noisy,1.5499999999999998,0.0,-0.0002606662905037563,4,0.5,0.3333333333333333,0.0042945008829376845,,,0.0
noisy,1.64,0.0,5.882628335686643e-05,4,0.5,0.6666666666666666,0.008160355429410477,,,0.0
noisy,1.73,0.0,-0.0005703804986790347,4,0.5,0.0,0.0,,,0.0
noisy,1.8199999999999998,0.0,9.445747286746268e-05,4,0.5,1.0,0.004876636973624659,,,0.0
noisy,1.91,0.0,-0.000595024672735618,4,0.5,0.3333333333333333,0.012121749104564688,,,0.0
noisy,2.0,0.0,0.0007589597517658535,4,0.5,1.0,0.01856372376811782,,,0.0
noisy,0.2,0.0,-0.12295998166869875,5,0.5,0.0,0.0,,,0.0
noisy,0.29000000000000004,0.0,-0.04090882584637719,5,0.5,0.0,0.0,,,0.0
noisy,0.38,0.0,-0.37667925069366515,5,0.5,0.0,0.0,,,0.0
noisy,0.47000000000000003,0.0,-0.12488315134065642,5,0.5,0.0,0.0,,,0.0
noisy,0.56,0.0,-0.17014559436938537,5,0.5,0.0,0.0,,,0.0
noisy,0.6499999999999999,0.0,-0.07440317660823105,5,0.5,0.0,0.0,,,0.0
noisy,0.74,0.0,-0.08685177933272681,5,0.5,0.0,0.0,,,0.0
noisy,0.8300000000000001,0.0,-0.1586944940162408,5,0.5,0.0,0.0,,,0.0
noisy,0.9199999999999999,0.0,-0.08478726000426706,5,0.5,0.0,0.0,,,0.0
noisy,1.01,0.0,-0.07345753272519971,5,0.5,0.0,0.0,,,0.0
noisy,1.0999999999999999,0.0,-0.05857816131663345,5,0.5,0.0,0.0,,,0.0
noisy,1.19,0.0,-0.054232680865302245,5,0.5,0.0,0.0,,,0.0
noisy,1.28,0.0,-0.06703954796810459,5,0.5,0.0,0.0,,,0.0
noisy,1.3699999999999999,0.0,-0.06267106281013257,5,0.5,0.0,0.0,,,0.0
noisy,1.46,0.0,-0.08959801132997931,5,0.5,0.0,0.0,,,0.0
noisy,1.5499999999999998,0.0,-0.3023914989541316,5,0.5,0.0,0.0,,,0.0
noisy,1.64,0.0,-0.04227725253433343,5,0.5,0.0,0.0,,,0.0
noisy,1.73,0.0,-0.13607929615776893,5,0.5,0.0,0.0,,,0.0
noisy,1.8199999999999998,0.0,-0.03331952243882493,5,0.5,0.0,0.0015243040330539495,,,0.0
noisy,1.91,0.0,-0.1636057643102207,5,0.5,0.0,0.03948615288020858,,,0.0
noisy,2.0,0.0,-0.0340908670143099,5,0.5,0.0,0.0,,,0.0
noisy,0.2,0.0,-0.02369691852905752,6,0.5,0.0,0.0,,,0.0
noisy,0.29000000000000004,0.0,-0.024050737116428567,6,0.5,0.0,0.0,,,0.0
noisy,0.38,0.0,-0.018249507892453335,6,0.5,0.0,0.0,,,0.0
noisy,0.47000000000000003,0.0,-0.014474905012909602,6,0.5,0.0,0.0,,,0.0
noisy,0.56,0.0,-0.007507544719356436,6,0.5,0.0,0.0,,,0.0
noisy,0.6499999999999999,0.0,-0.015188435051580074,6,0.5,0.0,0.0,,,0.0
noisy,0.74,0.0,-0.013521621911938305,6,0.5,0.0,0.0,,,0.0
noisy,0.8300000000000001,0.0,-0.01617584328969734,6,0.5,0.0,0.0,,,0.0
noisy,0.9199999999999999,0.0,-0.018717093343236624,6,0.5,0.0,0.0,,,0.0
noisy,1.01,0.0,-0.013247365267324418,6,0.5,0.0,0.0,,,0.0
noisy,1.0999999999999999,0.0,-0.012886568286414934,6,0.5,0.0,0.0,,,0.0
noisy,1.19,0.0,-0.015601912932190253,6,0.5,0.0,0.0,,,0.0
noisy,1.28,0.0,-0.01161147374070444,6,0.5,0.0,0.0,,,0.0
noisy,1.3699999999999999,0.0,-0.026389699435091812,6,0.5,0.0,0.0,,,0.0
noisy,1.46,0.0,-0.03162341943145049,6,0.5,0.0,0.0,,,0.0
noisy,1.5499999999999998,0.0,-0.019144541800318122,6,0.5,0.0,0.0,,,0.0
noisy,1.64,0.0,-0.015600413552533715,6,0.5,0.0,0.0,,,0.0
noisy,1.73,0.0,-0.02464212971522048,6,0.5,0.0,0.0,,,0.0
noisy,1.8199999999999998,0.0,-0.025803494823107277,6,0.5,0.0,0.0,,,0.0
noisy,1.91,0.0,-0.02746079310778915,6,0.5,0.0,0.0,,,0.0
noisy,2.0,0.0,-0.023324104345049463,6,0.5,0.0,0.0,,,0.0
noisy,0.2,0.0,-0.022072834668019792,7,0.5,0.0,0.0,,,0.0
noisy,0.29000000000000004,0.0,-0.02478365960508742,7,0.5,0.0,0.0,,,0.0
noisy,0.38,0.0,-0.014239536317136856,7,0.5,0.0,8.909211176968703e-05,,,0.0
noisy,0.47000000000000003,0.0,-0.002722242281169237,7,0.5,0.0,8.045098986362606e-05,,,0.0
noisy,0.56,0.0,-0.008455687346014477,7,0.5,0.0,1.0028516656783023e-05,,,0.0
noisy,0.6499999999999999,0.0,-0.020653910662406214,7,0.5,0.0,0.0,,,0.0
noisy,0.74,0.0,-0.02405194456833735,7,0.5,0.0,0.0,,,0.0
noisy,0.8300000000000001,0.0,-0.01397073397902168,7,0.5,0.0,0.0,,,0.0
noisy,0.9199999999999999,0.0,-0.015915386859014804,7,0.5,0.0,0.0,,,0.0
noisy,1.01,0.0,-0.010977673033626373,7,0.5,0.0,0.0,,,0.0
noisy,1.0999999999999999,0.0,-0.002460260904556262,7,0.5,0.0,3.709683870646151e-05,,,0.0
noisy,1.19,0.0,-0.008577024064708564,7,0.5,0.0,0.0,,,0.0
noisy,1.28,0.0,-0.018568722598469128,7,0.5,0.0,0.0,,,0.0
noisy,1.3699999999999999,0.0,-0.021162275495171662,7,0.5,0.0,0.0,,,0.0
noisy,1.46,0.0,-0.025346875810437677,7,0.5,0.0,0.0,,,0.0
noisy,1.5499999999999998,0.0,-0.019474701718040107,7,0.5,0.0,0.0,,,0.0
noisy,1.64,0.0,-0.012676924546934282,7,0.5,0.0,2.688715262715316e-05,,,0.0
noisy,1.73,0.0,-0.018727616294415956,7,0.5,0.0,0.0,,,0.0
noisy,1.8199999999999998,0.0,-0.019205719912563434,7,0.5,0.0,0.0,,,0.0
noisy,1.91,0.0,-0.02551951114365025,7,0.5,0.0,0.0,,,0.0
noisy,2.0,0.0,-0.01931687439422708,7,0.5,0.0,0.0,,,0.0
noisy,0.2,0.0,-0.016926636740780755,8,0.5,0.0,0.0,,,0.0
noisy,0.29000000000000004,0.0,-0.02094854659363352,8,0.5,0.0,0.0,,,0.0
noisy,0.38,0.0,-0.016253110777761755,8,0.5,0.0,0.0,,,0.0
noisy,0.47000000000000003,0.0,-0.019724636718772948,8,0.5,0.0,0.0,,,0.0
noisy,0.56,0.0,-0.01272187112448124,8,0.5,0.0,0.0,,,0.0
noisy,0.6499999999999999,0.0,-0.01888807523390307,8,0.5,0.0,0.0,,,0.0
noisy,0.74,0.0,-0.022167301012917463,8,0.5,0.0,0.0,,,0.0
noisy,0.8300000000000001,0.0,-0.011280430920535822,8,0.5,0.0,0.0,,,0.0
noisy,0.9199999999999999,0.0,-0.010655109511302241,8,0.5,0.0,0.0,,,0.0
noisy,1.01,0.0,-0.011715905680107544,8,0.5,0.0,0.0,,,0.0
noisy,1.0999999999999999,0.0,-0.013688207590768225,8,0.5,0.0,0.0,,,0.0
noisy,1.19,0.0,-0.015635062346262333,8,0.5,0.0,0.0,,,0.0
noisy,1.28,0.0,-0.014283500654356887,8,0.5,0.0,0.0,,,0.0
noisy,1.3699999999999999,0.0,-0.017697443119065206,8,0.5,0.0,0.0,,,0.0
noisy,1.46,0.0,-0.01481890837232192,8,0.5,0.0,0.0,,,0.0
noisy,1.5499999999999998,0.0,-0.016830037345114544,8,0.5,0.0,0.0,,,0.0
noisy,1.64,0.0,-0.015488073595615067,8,0.5,0.0,0.0,,,0.0
noisy,1.73,0.0,-0.01619459584367263,8,0.5,0.0,0.0,,,0.0
noisy,1.8199999999999998,0.0,-0.011798954862225361,8,0.5,0.0,0.0,,,0.0
noisy,1.91,0.0,-0.018462840390665817,8,0.5,0.0,0.0,,,0.0
noisy,2.0,0.0,-0.01820218662496482,8,0.5,0.0,0.0,,,0.0
noisy,0.2,0.0,-0.19095226301498483,9,0.5,0.0,0.0,,,0.0
noisy,0.29000000000000004,0.0,-0.1880322340874103,9,0.5,0.0,0.0,,,0.0
noisy,0.38,0.0,-0.19211017927747467,9,0.5,0.0,0.0,,,0.0
noisy,0.47000000000000003,0.0,-0.18227854052872572,9,0.5,0.0,0.0,,,0.0
noisy,0.56,0.0,-0.1805461191257255,9,0.5,0.0,0.0,,,0.0
noisy,0.6499999999999999,0.0,-0.18334284307768925,9,0.5,0.0,0.0,,,0.0
noisy,0.74,0.0,-0.1855440049136551,9,0.5,0.0,0.0,,,0.0
noisy,0.8300000000000001,0.0,-0.1864936701206987,9,0.5,0.0,0.0,,,0.0
noisy,0.9199999999999999,0.0,-0.18454964358871853,9,0.5,0.0,0.0,,,0.0
noisy,1.01,0.0,-0.18235791937946597,9,0.5,0.0,0.0,,,0.0
noisy,1.0999999999999999,0.0,-0.17933124211257293,9,0.5,0.0,0.0,,,0.0
noisy,1.19,0.0,-0.18846681432172638,9,0.5,0.0,0.0,,,0.0
noisy,1.28,0.0,-0.1832861674797364,9,0.5,0.0,0.0,,,0.0
noisy,1.3699999999999999,0.0,-0.1908491100496931,9,0.5,0.0,0.0,,,0.0
noisy,1.46,0.0,-0.19398640021873878,9,0.5,0.0,0.0,,,0.0
noisy,1.5499999999999998,0.0,-0.18816826554999458,9,0.5,0.0,0.0,,,0.0
noisy,1.64,0.0,-0.18820037744517762,9,0.5,0.0,0.0,,,0.0
noisy,1.73,0.0,-0.19022825784812336,9,0.5,0.0,0.0,,,0.0
noisy,1.8199999999999998,0.0,-0.19270820940758504,9,0.5,0.0,0.0,,,0.0
noisy,1.91,0.0,-0.18964011177652088,9,0.5,0.0,0.0,,,0.0
noisy,2.0,0.0,-0.19372346564982723,9,0.5,0.0,0.0,,,0.0
noisy,0.2,0.0,0.2913877841546524,10,0.5,0.0,0.0029598935444802707,,,0.0
noisy,0.29000000000000004,0.0,0.30025142676581346,10,0.5,0.0,0.0030473866769730306,,,0.0
noisy,0.38,0.0,0.2927919489254402,10,0.5,0.0,0.002962888805265658,,,0.0
noisy,0.47000000000000003,0.0,0.2996510915573725,10,0.5,0.0,0.003108857954117435,,,0.0
noisy,0.56,0.0,0.30045309316388097,10,0.5,0.0,0.0032162962775144177,,,0.0
noisy,0.6499999999999999,0.0,0.2796912593091429,10,0.5,0.0,0.0029202570299410747,,,0.0
noisy,0.74,0.0,0.29530559697358166,10,0.5,0.0,0.003014034922837653,,,0.0
noisy,0.8300000000000001,0.0,0.28431311823600836,10,0.5,0.0,0.0029028362739160008,,,0.0
noisy,0.9199999999999999,0.0,0.3011681818230512,10,0.5,0.0,0.003151780890250466,,,0.0
noisy,1.01,0.0,0.2974543869837753,10,0.5,0.0,0.0030361153557823756,,,0.0
noisy,1.0999999999999999,0.0,0.2991322508285133,10,0.5,0.0,0.0030732692108906886,,,0.0
noisy,1.19,0.0,0.3037858654175252,10,0.5,0.0,0.0031520940365715442,,,0.0
noisy,1.28,0.0,0.29322070412868734,10,0.5,0.0,0.003099392297544867,,,0.0
noisy,1.3699999999999999,0.0,0.31933669990453156,10,0.5,0.0,0.003341081129116257,,,0.0
noisy,1.46,0.0,0.29294399228274454,10,0.5,0.0,0.0030675540565259936,,,0.0
noisy,1.5499999999999998,0.0,0.3079459045163699,10,0.5,0.0,0.003128500422698668,,,0.0
noisy,1.64,0.0,0.2844105803527102,10,0.5,0.0,0.00291453192104589,,,0.0
noisy,1.73,0.0,0.28479422754236383,10,0.5,0.0,0.002997353506047639,,,0.0
noisy,1.8199999999999998,0.0,0.31186666946599145,10,0.5,0.0,0.0031857371836783,,,0.0
noisy,1.91,0.0,0.3166273658075117,10,0.5,0.0,0.003270803220151196,,,0.0
noisy,2.0,0.0,0.306927985279068,10,0.5,0.0,0.00323914517537971,,,0.0
noisy,0.2,0.0,-0.17116201391961805,11,0.5,0.0,0.0,,,0.0
noisy,0.29000000000000004,0.0,-0.1612629915074313,11,0.5,0.0,0.0,,,0.0
noisy,0.38,0.0,-0.1715804831549893,11,0.5,0.0,0.0,,,0.0
noisy,0.47000000000000003,0.0,-0.16902251410479216,11,0.5,0.0,0.0,,,0.0
noisy,0.56,0.0,-0.15717937435560142,11,0.5,0.0,0.0,,,0.0
noisy,0.6499999999999999,0.0,-0.16220790393656603,11,0.5,0.0,0.0,,,0.0
noisy,0.74,0.0,-0.17026642478082107,11,0.5,0.0,0.0,,,0.0
noisy,0.8300000000000001,0.0,-0.16821447479719467,11,0.5,0.0,0.0,,,0.0
noisy,0.9199999999999999,0.0,-0.16342932442440364,11,0.5,0.0,0.0,,,0.0
noisy,1.01,0.0,-0.15239696516182544,11,0.5,0.0,0.0,,,0.0
noisy,1.0999999999999999,0.0,-0.16843138630033003,11,0.5,0.0,0.0,,,0.0
noisy,1.19,0.0,-0.16169887573978756,11,0.5,0.0,0.0,,,0.0
noisy,1.28,0.0,-0.16043201597862936,11,0.5,0.0,0.0,,,0.0
noisy,1.3699999999999999,0.0,-0.16333996538031129,11,0.5,0.0,0.0,,,0.0
noisy,1.46,0.0,-0.1539011861650062,11,0.5,0.0,0.0,,,0.0
noisy,1.5499999999999998,0.0,-0.17884901343792411,11,0.5,0.0,0.0,,,0.0
noisy,1.64,0.0,-0.17021520724709568,11,0.5,0.0,0.0,,,0.0
noisy,1.73,0.0,-0.16034664735783583,11,0.5,0.0,0.0,,,0.0
noisy,1.8199999999999998,0.0,-0.16354856467515086,11,0.5,0.0,0.0,,,0.0
noisy,1.91,0.0,-0.15294863750790177,11,0.5,0.0,0.0,,,0.0
noisy,2.0,0.0,-0.1500335904388589,11,0.5,0.0,0.0,,,0.0
noisy,0.2,0.0,-0.05768432205622176,12,0.5,0.0,0.0,,,0.0
noisy,0.29000000000000004,0.0,-0.056174834509629346,12,0.5,0.0,0.0,,,0.0
noisy,0.38,0.0,-0.05085619182358725,12,0.5,0.0,0.0,,,0.0
noisy,0.47000000000000003,0.0,-0.040429727693685406,12,0.5,0.0,0.0,,,0.0
noisy,0.56,0.0,-0.04650802226873455,12,0.5,0.0,0.0,,,0.0
noisy,0.6499999999999999,0.0,-0.0517041571221167,12,0.5,0.0,0.0,,,0.0
noisy,0.74,0.0,-0.05063160702690117,12,0.5,0.0,0.0,,,0.0
noisy,0.8300000000000001,0.0,-0.050547953291393076,12,0.5,0.0,0.0,,,0.0
noisy,0.9199999999999999,0.0,-0.0430530265242787,12,0.5,0.0,0.0,,,0.0
noisy,1.01,0.0,-0.04253992997535585,12,0.5,0.0,0.0,,,0.0
noisy,1.0999999999999999,0.0,-0.04211451400277665,12,0.5,0.0,0.0,,,0.0
noisy,1.19,0.0,-0.0407450123805758,12,0.5,0.0,0.0,,,0.0
noisy,1.28,0.0,-0.040997610050505416,12,0.5,0.0,0.0,,,0.0
noisy,1.3699999999999999,0.0,-0.043242675106830074,12,0.5,0.0,0.0,,,0.0
noisy,1.46,0.0,-0.04272852039205069,12,0.5,0.0,0.0,,,0.0
noisy,1.5499999999999998,0.0,-0.047278549243249264,12,0.5,0.0,0.0,,,0.0
noisy,1.64,0.0,-0.048412270996131906,12,0.5,0.0,0.0,,,0.0
noisy,1.73,0.0,-0.04859409691811287,12,0.5,0.0,0.0,,,0.0
noisy,1.8199999999999998,0.0,-0.0502639314594208,12,0.5,0.0,0.0,,,0.0
noisy,1.91,0.0,-0.043730695300428724,12,0.5,0.0,0.0,,,0.0
noisy,2.0,0.0,-0.039848528925029124,12,0.5,0.0,0.0,,,0.0
noisy,0.2,0.0,-0.010199760870600321,13,0.5,0.0,0.0,,,0.0
noisy,0.29000000000000004,0.0,-0.003090451794144943,13,0.5,0.0,2.8570697353049847e-05,,,0.0
noisy,0.38,0.0,-0.0004327893921772137,13,0.5,0.0,0.00012205950359100062,,,0.0
noisy,0.47000000000000003,0.0,0.0034639538811602737,13,0.5,0.0,0.00016307894179879727,,,0.0
noisy,0.56,0.0,-0.0006653282394751316,13,0.5,0.0,0.00016542795286185932,,,0.0
noisy,0.6499999999999999,0.0,0.0024755071536081107,13,0.5,0.0,8.294127102840304e-05,,,0.0
noisy,0.74,0.0,-0.00647789103936314,13,0.5,0.0,0.0,,,0.0
noisy,0.8300000000000001,0.0,-0.006342360698276931,13,0.5,0.0,1.4830902417248541e-05,,,0.0
noisy,0.9199999999999999,0.0,-0.0007938462960860176,13,0.5,0.0,3.6565576210517285e-06,,,0.0
noisy,1.01,0.0,0.002170582351883935,13,0.5,0.0,4.071657525669694e-05,,,0.0
noisy,1.0999999999999999,0.0,-0.005344418458625415,13,0.5,0.0,0.0,,,0.0
noisy,1.19,0.0,-0.0034350593849271087,13,0.5,0.0,1.1826879585883802e-05,,,0.0
noisy,1.28,0.0,-0.0017960836769833198,13,0.5,0.0,0.0,,,0.0
noisy,1.3699999999999999,0.0,-0.005185205274146772,13,0.5,0.0,2.2137551771953447e-06,,,0.0
noisy,1.46,0.0,-0.01268121510430413,13,0.5,0.0,0.0,,,0.0
noisy,1.5499999999999998,0.0,0.0004463720068400099,13,0.5,0.0,6.934690958152487e-05,,,0.0
noisy,1.64,0.0,-0.0035827003881360414,13,0.5,0.0,2.9836822091622103e-05,,,0.0
noisy,1.73,0.0,-0.007400466364168854,13,0.5,0.0,0.0,,,0.0
noisy,1.8199999999999998,0.0,-0.008745040671416732,13,0.5,0.0,0.0,,,0.0
noisy,1.91,0.0,-0.005667114571585784,13,0.5,0.0,9.315001100627227e-06,,,0.0
noisy,2.0,0.0,-0.010137535435615913,13,0.5,0.0,0.0,,,0.0
noisy,0.2,0.0,-0.010954775465314356,14,0.5,0.0,0.0,,,0.0
noisy,0.29000000000000004,0.0,-0.018373126720493817,14,0.5,0.0,0.0,,,0.0
noisy,0.38,0.0,-0.008403684454794119,14,0.5,0.0,0.0,,,0.0
noisy,0.47000000000000003,0.0,-0.011009326738844397,14,0.5,0.0,9.001285273976626e-05,,,0.0
noisy,0.56,0.0,-0.011444454431060758,14,0.5,0.0,0.0,,,0.0
noisy,0.6499999999999999,0.0,-0.00989503122159572,14,0.5,0.0,0.0,,,0.0
noisy,0.74,0.0,-0.021382528239265647,14,0.5,0.0,0.0,,,0.0
noisy,0.8300000000000001,0.0,-0.01360411216533121,14,0.5,0.0,0.0,,,0.0
noisy,0.9199999999999999,0.0,-0.012843830326406486,14,0.5,0.0,0.0,,,0.0
noisy,1.01,0.0,-0.014492489916165882,14,0.5,0.0,0.0,,,0.0
noisy,1.0999999999999999,0.0,-0.014272726031550878,14,0.5,0.0,0.0,,,0.0
noisy,1.19,0.0,-0.008446075756641937,14,0.5,0.0,0.0,,,0.0
noisy,1.28,0.0,-0.014145538207885373,14,0.5,0.0,0.0,,,0.0
noisy,1.3699999999999999,0.0,-0.019527354382786726,14,0.5,0.0,0.0,,,0.0
noisy,1.46,0.0,-0.013231532730931285,14,0.5,0.0,0.0,,,0.0
noisy,1.5499999999999998,0.0,-0.022290011790202627,14,0.5,0.0,0.0,,,0.0
noisy,1.64,0.0,-0.01486995363986797,14,0.5,0.0,0.0,,,0.0
noisy,1.73,0.0,-0.01747148777138806,14,0.5,0.0,0.0,,,0.0
noisy,1.8199999999999998,0.0,-0.015367258621291194,14,0.5,0.0,0.0,,,0.0
noisy,1.91,0.0,-0.018727772798136217,14,0.5,0.0,0.0,,,0.0
noisy,2.0,0.0,-0.01993794340904333,14,0.5,0.0,0.0,,,0.0
noisy,0.2,0.0,-0.014194207094151414,15,0.5,0.0,0.0,,,0.0
noisy,0.29000000000000004,0.0,-0.007963725018207047,15,0.5,0.0,0.0,,,0.0
noisy,0.38,0.0,-0.0041471802731301,15,0.5,0.0,2.279611113193909e-05,,,0.0
noisy,0.47000000000000003,0.0,-0.007356894525544388,15,0.5,0.0,4.466478215971127e-05,,,0.0
noisy,0.56,0.0,-0.007745142051208767,15,0.5,0.0,3.424775916191966e-05,,,0.0
noisy,0.6499999999999999,0.0,0.0011385763328339866,15,0.5,0.0,0.0001417984210617382,,,0.0
noisy,0.74,0.0,-0.006434894157794853,15,0.5,0.0,0.0,,,0.0
noisy,0.8300000000000001,0.0,-0.0011983949996547888,15,0.5,0.0,5.1605400426082305e-05,,,0.0
noisy,0.9199999999999999,0.0,-0.005036368156565768,15,0.5,0.0,0.0,,,0.0
noisy,1.01,0.0,-0.009721118355690983,15,0.5,0.0,0.0,,,0.0
noisy,1.0999999999999999,0.0,-0.006825665559417181,15,0.5,0.0,0.0,,,0.0
noisy,1.19,0.0,-0.00815083966456711,15,0.5,0.0,0.0,,,0.0
noisy,1.28,0.0,-0.011209279979549333,15,0.5,0.0,0.0,,,0.0
noisy,1.3699999999999999,0.0,-0.00790062509373507,15,0.5,0.0,0.0,,,0.0
noisy,1.46,0.0,-0.010816270296862237,15,0.5,0.0,0.0,,,0.0
noisy,1.5499999999999998,0.0,-0.01152762015069825,15,0.5,0.0,0.0,,,0.0
noisy,1.64,0.0,-0.0134075365641669,15,0.5,0.0,0.0,,,0.0
noisy,1.73,0.0,-0.007394117278068632,15,0.5,0.0,0.0,,,0.0
noisy,1.8199999999999998,0.0,-0.0122524605486957,15,0.5,0.0,0.0,,,0.0
noisy,1.91,0.0,-0.012447325475924092,15,0.5,0.0,0.0,,,0.0
noisy,2.0,0.0,-0.007740900765456782,15,0.5,0.0,0.0,,,0.0
noisy,0.2,0.0,-0.6369917799354518,16,0.5,0.0,0.0,,,0.0
noisy,0.29000000000000004,0.0,-0.6359000436398148,16,0.5,0.0,0.0,,,0.0
noisy,0.38,0.0,-0.6375588891302176,16,0.5,0.0,0.0,,,0.0
noisy,0.47000000000000003,0.0,-0.6391599257993638,16,0.5,0.0,0.0,,,0.0
noisy,0.56,0.0,-0.6372649616363479,16,0.5,0.0,0.0,,,0.0
noisy,0.6499999999999999,0.0,-0.6369177832272985,16,0.5,0.0,0.0,,,0.0
noisy,0.74,0.0,-0.6362303599601885,16,0.5,0.0,0.0,,,0.0
noisy,0.8300000000000001,0.0,-0.635971393364209,16,0.5,0.0,0.0,,,0.0
noisy,0.9199999999999999,0.0,-0.6361776627708239,16,0.5,0.0,0.0,,,0.0
noisy,1.01,0.0,-0.6358107849337229,16,0.5,0.0,0.0,,,0.0
noisy,1.0999999999999999,0.0,-0.6359819108966946,16,0.5,0.0,0.0,,,0.0
noisy,1.19,0.0,-0.6353748938190068,16,0.5,0.0,0.0,,,0.0
noisy,1.28,0.0,-0.634572057137268,16,0.5,0.0,0.0,,,0.0
noisy,1.3699999999999999,0.0,-0.6338822333134341,16,0.5,0.0,0.0,,,0.0
noisy,1.46,0.0,-0.6349614483460486,16,0.5,0.0,0.0,,,0.0
noisy,1.5499999999999998,0.0,-0.6349068923610903,16,0.5,0.0,0.0,,,0.0
noisy,1.64,0.0,-0.6346407744685737,16,0.5,0.0,0.0,,,0.0
noisy,1.73,0.0,-0.634719975188137,16,0.5,0.0,0.0,,,0.0
noisy,1.8199999999999998,0.0,-0.6340170193376041,16,0.5,0.0,0.0,,,0.0
noisy,1.91,0.0,-0.633968175812165,16,0.5,0.0,0.0,,,0.0
noisy,2.0,0.0,-0.6336704637463911,16,0.5,0.0,0.0,,,0.0
noisy,0.2,0.0,-0.015844578320668014,17,0.5,0.0,0.0,,,0.0
noisy,0.29000000000000004,0.0,-0.015847026015066618,17,0.5,0.0,0.0,,,0.0
noisy,0.38,0.0,-0.015812848690611902,17,0.5,0.0,0.0,,,0.0
noisy,0.47000000000000003,0.0,-0.015805446412644825,17,0.5,0.0,0.0,,,0.0
noisy,0.56,0.0,-0.015842591729673852,17,0.5,0.0,0.0,,,0.0
noisy,0.6499999999999999,0.0,-0.015824814395853395,17,0.5,0.0,0.0,,,0.0
noisy,0.74,0.0,-0.015845929442186338,17,0.5,0.0,0.0,,,0.0
noisy,0.8300000000000001,0.0,-0.01586742949409616,17,0.5,0.0,0.0,,,0.0
noisy,0.9199999999999999,0.0,-0.015894538803544165,17,0.5,0.0,0.0,,,0.0
noisy,1.01,0.0,-0.015886755844654585,17,0.5,0.0,0.0,,,0.0
noisy,1.0999999999999999,0.0,-0.01588502824813116,17,0.5,0.0,0.0,,,0.0
noisy,1.19,0.0,-0.015884736776643118,17,0.5,0.0,0.0,,,0.0
noisy,1.28,0.0,-0.015887388540007465,17,0.5,0.0,0.0,,,0.0
noisy,1.3699999999999999,0.0,-0.01588916648921609,17,0.5,0.0,0.0,,,0.0
noisy,1.46,0.0,-0.01589913353456094,17,0.5,0.0,0.0,,,0.0
noisy,1.5499999999999998,0.0,-0.015916136348345027,17,0.5,0.0,0.0,,,0.0
noisy,1.64,0.0,-0.01589064318182174,17,0.5,0.0,0.0,,,0.0
noisy,1.73,0.0,-0.015887075182314515,17,0.5,0.0,0.0,,,0.0
noisy,1.8199999999999998,0.0,-0.01589606188269865,17,0.5,0.0,0.0,,,0.0
noisy,1.91,0.0,-0.015923566737836823,17,0.5,0.0,0.0,,,0.0
noisy,2.0,0.0,-0.01589896230914124,17,0.5,0.0,0.0,,,0.0
noisy,0.2,0.0,-0.854947429923786,18,0.5,0.0,0.0,,,0.0
noisy,0.29000000000000004,0.0,-0.8550337952880463,18,0.5,0.0,0.0,,,0.0
noisy,0.38,0.0,-0.8547513501892503,18,0.5,0.0,0.0,,,0.0
noisy,0.47000000000000003,0.0,-0.8550266198740406,18,0.5,0.0,0.0,,,0.0
noisy,0.56,0.0,-0.8548963442524724,18,0.5,0.0,0.0,,,0.0
noisy,0.6499999999999999,0.0,-0.8548069853268397,18,0.5,0.0,0.0,,,0.0
noisy,0.74,0.0,-0.8550058172658828,18,0.5,0.0,0.0,,,0.0
noisy,0.8300000000000001,0.0,-0.8550540294368073,18,0.5,0.0,0.0,,,0.0
noisy,0.9199999999999999,0.0,-0.8551537674088717,18,0.5,0.0,0.0,,,0.0
noisy,1.01,0.0,-0.855164401391585,18,0.5,0.0,0.0,,,0.0
noisy,1.0999999999999999,0.0,-0.8551976141288672,18,0.5,0.0,0.0,,,0.0
noisy,1.19,0.0,-0.8553926807072595,18,0.5,0.0,0.0,,,0.0
noisy,1.28,0.0,-0.855117202778544,18,0.5,0.0,0.0,,,0.0
noisy,1.3699999999999999,0.0,-0.8556731255502547,18,0.5,0.0,0.0,,,0.0
noisy,1.46,0.0,-0.8553884873850315,18,0.5,0.0,0.0,,,0.0
noisy,1.5499999999999998,0.0,-0.855274119677933,18,0.5,0.0,0.0,,,0.0
noisy,1.64,0.0,-0.8551598654421572,18,0.5,0.0,0.0,,,0.0
noisy,1.73,0.0,-0.855464230441021,18,0.5,0.0,0.0,,,0.0
noisy,1.8199999999999998,0.0,-0.8557303103102528,18,0.5,0.0,0.0,,,0.0
noisy,1.91,0.0,-0.8556557162384187,18,0.5,0.0,0.0,,,0.0
noisy,2.0,0.0,-0.855799456361145,18,0.5,0.0,0.0,,,0.0
noisy,0.2,0.0,-0.016457045979517682,19,0.5,0.0,0.0,,,0.0
noisy,0.29000000000000004,0.0,-0.016364641443334726,19,0.5,0.0,0.0,,,0.0
noisy,0.38,0.0,-0.0005525278524523697,19,0.5,0.0,0.00014669805694137957,,,0.0
noisy,0.47000000000000003,0.0,-0.009384275121151605,19,0.5,0.0,0.0,,,0.0
noisy,0.56,0.0,-0.0137046299220892,19,0.5,0.0,0.0,,,0.0
noisy,0.6499999999999999,0.0,-0.016976020441522546,19,0.5,0.0,0.0,,,0.0
noisy,0.74,0.0,-0.018872910988554096,19,0.5,0.0,0.0,,,0.0
noisy,0.8300000000000001,0.0,-0.011678621373432703,19,0.5,0.0,0.0,,,0.0
noisy,0.9199999999999999,0.0,-0.014659440361282514,19,0.5,0.0,0.0,,,0.0
noisy,1.01,0.0,-0.01258418313230334,19,0.5,0.0,0.0,,,0.0
noisy,1.0999999999999999,0.0,-0.014820824743744673,19,0.5,0.0,0.0,,,0.0
noisy,1.19,0.0,-0.008098249183228393,19,0.5,0.0,0.0,,,0.0
noisy,1.28,0.0,-0.004311909835167829,19,0.5,0.0,0.0,,,0.0
noisy,1.3699999999999999,0.0,-0.016832788990478787,19,0.5,0.0,0.0,,,0.0
noisy,1.46,0.0,-0.022268322996523,19,0.5,0.0,0.0,,,0.0
noisy,1.5499999999999998,0.0,-0.015673685904018412,19,0.5,0.0,0.0,,,0.0
noisy,1.64,0.0,-0.011859495959136693,19,0.5,0.0,0.0,,,0.0
noisy,1.73,0.0,-0.009586345641199182,19,0.5,0.0,0.0,,,0.0
noisy,1.8199999999999998,0.0,-0.01672543082794249,19,0.5,0.0,0.0,,,0.0
noisy,1.91,0.0,-0.019137215524659218,19,0.5,0.0,0.0,,,0.0
noisy,2.0,0.0,-0.01879530722527442,19,0.5,0.0,0.0,,,0.0
noisy,0.2,0.0,0.15812730449923754,1,1.0,1.0,3.430677320016842,,,469.0
noisy,0.29000000000000004,0.0,0.20580167171765976,1,1.0,1.0,4.2750687698254906,,,332.0
noisy,0.38,0.0,0.29166102352376516,1,1.0,1.0,7.098919576640964,,,203.0
noisy,0.47000000000000003,0.0,0.43830420258235403,1,1.0,1.0,9.338374812457305,,,236.0
noisy,0.56,0.0,0.4428517688209576,1,1.0,1.0,9.595235243145483,,,246.0
noisy,0.6499999999999999,0.0,0.5402476065859022,1,1.0,1.0,9.905420580067222,,,371.0
noisy,0.74,0.0,0.6063027234451215,1,1.0,1.0,9.903159035726661,,,278.0
noisy,0.8300000000000001,0.0,0.7283445245605522,1,1.0,1.0,9.906928012825205,,,206.0
noisy,0.9199999999999999,0.0,0.8112385001279382,1,1.0,1.0,9.907067468933997,,,97.0
noisy,1.01,0.0,0.8932976363320447,1,1.0,1.0,9.9076639283953,,,119.0
noisy,1.0999999999999999,0.0,1.041906427031998,1,1.0,1.0,9.905685390837181,,,73.0
noisy,1.19,0.0,1.1340542097559168,1,1.0,1.0,9.909147562748425,,,72.0
noisy,1.28,0.0,1.146315914470083,1,1.0,1.0,9.911626534555664,,,124.0
noisy,1.3699999999999999,0.0,1.2789217808412807,1,1.0,1.0,9.910558598562597,,,71.0
noisy,1.46,0.0,1.3379130212387864,1,1.0,1.0,9.90844625585325,,,49.0
noisy,1.5499999999999998,0.0,1.441184183695903,1,1.0,1.0,9.913852173596192,,,72.0
noisy,1.64,0.0,1.5621614340220402,1,1.0,1.0,9.912608008483453,,,51.0
noisy,1.73,0.0,1.6125288575977486,1,1.0,1.0,9.907752970201056,,,58.0
noisy,1.8199999999999998,0.0,1.6415612846283398,1,1.0,1.0,9.914774295389226,,,39.0
noisy,1.91,0.0,1.708614663844368,1,1.0,1.0,9.91639209033447,,,48.0
noisy,2.0,0.0,1.8640944123804915,1,1.0,1.0,9.914256285003857,,,32.0
noisy,0.2,0.0,0.17528621994724877,2,1.0,1.0,4.16302697875905,,,426.0
noisy,0.29000000000000004,0.0,0.18307352659959178,2,1.0,1.0,4.031521107652258,,,347.0
noisy,0.38,0.0,0.28718272090378255,2,1.0,1.0,6.061024681744205,,,297.0
noisy,0.47000000000000003,0.0,0.39150628452778086,2,1.0,1.0,9.483701934707605,,,285.0
noisy,0.56,0.0,0.43130858845553766,2,1.0,1.0,9.54708754539197,,,355.0
noisy,0.6499999999999999,0.0,0.5153201328676801,2,1.0,1.0,9.904612822497326,,,373.0
noisy,0.74,0.0,0.6374289688956791,2,1.0,1.0,9.903075194370716,,,309.0
noisy,0.8300000000000001,0.0,0.7316884902107622,2,1.0,1.0,9.906687224288204,,,212.0
noisy,0.9199999999999999,0.0,0.841214700283145,2,1.0,1.0,9.905578594639907,,,121.0
noisy,1.01,0.0,0.9099203779358381,2,1.0,1.0,9.903361896093426,,,79.0
noisy,1.0999999999999999,0.0,1.0474642406908312,2,1.0,1.0,9.908315658748446,,,86.0
noisy,1.19,0.0,1.12887515475109,2,1.0,1.0,9.904640447374387,,,82.0
noisy,1.28,0.0,1.157417902554961,2,1.0,1.0,9.909794365471775,,,59.0
noisy,1.3699999999999999,0.0,1.2774477998188793,2,1.0,1.0,9.907832043685438,,,141.0
noisy,1.46,0.0,1.3393022034645223,2,1.0,1.0,9.910229114135639,,,50.0
noisy,1.5499999999999998,0.0,1.449001162031651,2,1.0,1.0,9.910793633079637,,,47.0
noisy,1.64,0.0,1.5445018883304205,2,1.0,1.0,9.908640981796275,,,34.0
noisy,1.73,0.0,1.5709986531633706,2,1.0,1.0,9.917332364854415,,,93.0
noisy,1.8199999999999998,0.0,1.6534460729395972,2,1.0,1.0,9.911185626364023,,,89.0
noisy,1.91,0.0,1.8008262896755414,2,1.0,1.0,9.909217260315131,,,27.0
noisy,2.0,0.0,1.7916739202760865,2,1.0,1.0,9.918587545783325,,,54.0
noisy,0.2,0.0,0.1622695182982496,3,1.0,1.0,3.852625373799107,,,367.0
noisy,0.29000000000000004,0.0,0.1707507540384142,3,1.0,1.0,3.6318166945861576,,,356.0
noisy,0.38,0.0,0.3115234896335625,3,1.0,1.0,7.6561879029941675,,,198.0
noisy,0.47000000000000003,0.0,0.34848807342404714,3,1.0,1.0,7.42977072438088,,,361.0
noisy,0.56,0.0,0.4672838771307449,3,1.0,1.0,9.745241042208631,,,277.0
noisy,0.6499999999999999,0.0,0.5413823280914554,3,1.0,1.0,9.903746776547953,,,137.0
noisy,0.74,0.0,0.614453289649672,3,1.0,1.0,9.90687296069083,,,314.0
noisy,0.8300000000000001,0.0,0.7207296934812693,3,1.0,1.0,9.90468172495016,,,151.0
noisy,0.9199999999999999,0.0,0.8369854253465941,3,1.0,1.0,9.907006220704952,,,236.0
noisy,1.01,0.0,0.9437373312477164,3,1.0,1.0,9.908551822616753,,,65.0
noisy,1.0999999999999999,0.0,1.0261728732307958,3,1.0,1.0,9.91225098137671,,,73.0
noisy,1.19,0.0,1.1197673269715749,3,1.0,1.0,9.909012448632486,,,84.0
noisy,1.28,0.0,1.167927080571635,3,1.0,1.0,9.905350209420256,,,70.0
noisy,1.3699999999999999,0.0,1.261992279752244,3,1.0,1.0,9.911856616258733,,,78.0
noisy,1.46,0.0,1.3523237947513929,3,1.0,1.0,9.911164804483338,,,68.0
noisy,1.5499999999999998,0.0,1.4642734051772106,3,1.0,1.0,9.909135609775474,,,39.0
noisy,1.64,0.0,1.4975263777387189,3,1.0,1.0,9.915541118417691,,,62.0
noisy,1.73,0.0,1.6169907407954598,3,1.0,1.0,9.913836553574574,,,30.0
noisy,1.8199999999999998,0.0,1.666108856338231,3,1.0,1.0,9.91274849390176,,,40.0
noisy,1.91,0.0,1.7354115407928024,3,1.0,1.0,9.919476421647367,,,29.0
noisy,2.0,0.0,1.7525709097614668,3,1.0,1.0,9.911993411584094,,,29.0
noisy,0.2,0.0,0.17081617652295655,4,1.0,1.0,3.9755031822852374,,,383.0
noisy,0.29000000000000004,0.0,0.15798524280295734,4,1.0,1.0,3.2681645531404113,,,349.0
noisy,0.38,0.0,0.24751629007127943,4,1.0,1.0,6.0130557704975445,,,409.0
noisy,0.47000000000000003,0.0,0.526731786285956,4,1.0,1.0,9.901888097060422,,,146.0
noisy,0.56,0.0,0.4335705150248157,4,1.0,1.0,9.549864441035837,,,214.0
noisy,0.6499999999999999,0.0,0.5600452613428183,4,1.0,1.0,9.902964862825693,,,139.0
noisy,0.74,0.0,0.627031205588263,4,1.0,1.0,9.90617334501287,,,295.0
noisy,0.8300000000000001,0.0,0.699708443819684,4,1.0,1.0,9.90794591316967,,,208.0
noisy,0.9199999999999999,0.0,0.8397646381307974,4,1.0,1.0,9.907440875150249,,,109.0
noisy,1.01,0.0,0.9070500135325715,4,1.0,1.0,9.906173570820394,,,209.0
noisy,1.0999999999999999,0.0,1.0388474247737807,4,1.0,1.0,9.90654995748468,,,70.0
noisy,1.19,0.0,1.1163839682020706,4,1.0,1.0,9.912312689653897,,,79.0
noisy,1.28,0.0,1.1633812713776208,4,1.0,1.0,9.91122924984425,,,74.0
noisy,1.3699999999999999,0.0,1.3046066103637923,4,1.0,1.0,9.908869747245381,,,60.0
noisy,1.46,0.0,1.3723346171883435,4,1.0,1.0,9.908714756139306,,,85.0
noisy,1.5499999999999998,0.0,1.394607032288017,4,1.0,1.0,9.913426008147164,,,71.0
noisy,1.64,0.0,1.5485719884669595,4,1.0,1.0,9.90847133034554,,,49.0
noisy,1.73,0.0,1.5832241599859866,4,1.0,1.0,9.910248931926287,,,100.0
noisy,1.8199999999999998,0.0,1.6962383248708839,4,1.0,1.0,9.915630901460299,,,41.0
noisy,1.91,0.0,1.6915917934286504,4,1.0,1.0,9.912499694874917,,,33.0
noisy,2.0,0.0,1.7869172502296475,4,1.0,1.0,9.905886186831541,,,52.0
noisy,0.2,0.0,0.13060218418918257,5,1.0,1.0,3.231672680170518,,,458.0
noisy,0.29000000000000004,0.0,0.1540260219982278,5,1.0,1.0,3.404584638111144,,,389.0
noisy,0.38,0.0,0.24698130352626946,5,1.0,1.0,6.352603400541638,,,348.0
noisy,0.47000000000000003,0.0,0.33716931604176653,5,1.0,1.0,7.10284823839249,,,391.0
noisy,0.56,0.0,0.45508674513847075,5,1.0,1.0,9.904839805299979,,,203.0
noisy,0.6499999999999999,0.0,0.5551924017125008,5,1.0,1.0,9.904334338975074,,,366.0
noisy,0.74,0.0,0.647032034854486,5,1.0,1.0,9.905832031217024,,,324.0
noisy,0.8300000000000001,0.0,0.716239968229378,5,1.0,1.0,9.906457981596054,,,277.0
noisy,0.9199999999999999,0.0,0.8316683333571088,5,1.0,1.0,9.90506121980023,,,241.0
noisy,1.01,0.0,0.9060183709162448,5,1.0,1.0,9.904801849221274,,,130.0
noisy,1.0999999999999999,0.0,1.0193467471378972,5,1.0,1.0,9.909433568433494,,,69.0
noisy,1.19,0.0,1.085711354426887,5,1.0,1.0,9.910397118365811,,,99.0
noisy,1.28,0.0,1.2084220475222465,5,1.0,1.0,9.909198168101414,,,64.0
noisy,1.3699999999999999,0.0,1.3033917748816453,5,1.0,1.0,9.904312969242024,,,50.0
noisy,1.46,0.0,1.3766262620539502,5,1.0,1.0,9.911694025056178,,,48.0
noisy,1.5499999999999998,0.0,1.4401131216627296,5,1.0,1.0,9.906988436970929,,,33.0
noisy,1.64,0.0,1.5043384221924674,5,1.0,1.0,9.912307300452666,,,115.0
noisy,1.73,0.0,1.601068231290773,5,1.0,1.0,9.91614212828342,,,34.0
noisy,1.8199999999999998,0.0,1.5922180314552001,5,1.0,1.0,9.910850457217483,,,75.0
noisy,1.91,0.0,1.717027703027976,5,1.0,1.0,9.917951672334269,,,39.0
noisy,2.0,0.0,1.7824921983326238,5,1.0,1.0,9.915963714590081,,,45.0
noisy,0.2,0.0,0.1576396540511359,6,1.0,1.0,3.6823016718181805,,,406.0
noisy,0.29000000000000004,0.0,0.18761829241345032,6,1.0,1.0,4.616593349041387,,,371.0
noisy,0.38,0.0,0.252481622989086,6,1.0,1.0,6.400760108119803,,,379.0
noisy,0.47000000000000003,0.0,0.4216067426507508,6,1.0,1.0,9.903502619772071,,,112.0
noisy,0.56,0.0,0.4177955758873691,6,1.0,1.0,8.755117417272151,,,362.0
noisy,0.6499999999999999,0.0,0.5265329847459824,6,1.0,1.0,9.902427066840714,,,298.0
noisy,0.74,0.0,0.6220166552120552,6,1.0,1.0,9.904523597585104,,,320.0
noisy,0.8300000000000001,0.0,0.7083216777896583,6,1.0,1.0,9.90614226846663,,,272.0
noisy,0.9199999999999999,0.0,0.8099491844335072,6,1.0,1.0,9.905980687737237,,,186.0
noisy,1.01,0.0,0.9078827387614878,6,1.0,1.0,9.907748865406534,,,110.0
noisy,1.0999999999999999,0.0,0.9904914395370837,6,1.0,1.0,9.907520460919669,,,136.0
noisy,1.19,0.0,1.1017902332457332,6,1.0,1.0,9.906869162447098,,,73.0
noisy,1.28,0.0,1.2163297495719763,6,1.0,1.0,9.90863106914481,,,72.0
noisy,1.3699999999999999,0.0,1.2908771504083907,6,1.0,1.0,9.907356716752783,,,115.0
noisy,1.46,0.0,1.3331596020245249,6,1.0,1.0,9.90564827931927,,,100.0
noisy,1.5499999999999998,0.0,1.4575649589410373,6,1.0,1.0,9.9101729507692,,,46.0
noisy,1.64,0.0,1.531910789971752,6,1.0,1.0,9.905140745448708,,,48.0
noisy,1.73,0.0,1.580773381503428,6,1.0,1.0,9.914056156049217,,,39.0
noisy,1.8199999999999998,0.0,1.6715822676236778,6,1.0,1.0,9.9110286264009,,,32.0
noisy,1.91,0.0,1.7441396642234672,6,1.0,1.0,9.915112769590273,,,53.0
noisy,2.0,0.0,1.5033275643015698,6,1.0,0.6666666666666666,9.918365135891573,,,30.0
noisy,0.2,0.0,0.15603134946952865,7,1.0,1.0,3.305579799026026,,,386.0
noisy,0.29000000000000004,0.0,0.18938302350251016,7,1.0,1.0,5.057343600614531,,,430.0
noisy,0.38,0.0,0.2777559065548908,7,1.0,1.0,6.709870735247041,,,344.0
noisy,0.47000000000000003,0.0,0.3825190900515974,7,1.0,1.0,9.293281113199058,,,420.0
noisy,0.56,0.0,0.3752560398179939,7,1.0,1.0,8.486912948746228,,,356.0
noisy,0.6499999999999999,0.0,0.574040373938882,7,1.0,1.0,9.907309282451351,,,357.0
noisy,0.74,0.0,0.6298110730089218,7,1.0,1.0,9.904553641412384,,,293.0
noisy,0.8300000000000001,0.0,0.7060949499927585,7,1.0,1.0,9.906614065311903,,,291.0
noisy,0.9199999999999999,0.0,0.8301023599511557,7,1.0,1.0,9.906102757175779,,,237.0
noisy,1.01,0.0,0.9354876006874644,7,1.0,1.0,9.904170063570746,,,88.0
noisy,1.0999999999999999,0.0,1.0178687324571245,7,1.0,1.0,9.90656911531747,,,124.0
noisy,1.19,0.0,1.101447532756205,7,1.0,1.0,9.908030169672305,,,75.0
noisy,1.28,0.0,1.180496614091339,7,1.0,1.0,9.909967449272179,,,109.0
noisy,1.3699999999999999,0.0,1.3127540035016383,7,1.0,1.0,9.904833305209436,,,38.0
noisy,1.46,0.0,1.3621314962306952,7,1.0,1.0,9.911101591619843,,,46.0
noisy,1.5499999999999998,0.0,1.4689553277540952,7,1.0,1.0,9.913317107170354,,,43.0
noisy,1.64,0.0,1.5446964629594513,7,1.0,1.0,9.907959321357566,,,38.0
noisy,1.73,0.0,1.6182647486862187,7,1.0,1.0,9.912302561175977,,,36.0
noisy,1.8199999999999998,0.0,1.6298449869264358,7,1.0,1.0,9.91353642910983,,,60.0
noisy,1.91,0.0,1.7069814666611345,7,1.0,1.0,9.909151204970273,,,66.0
noisy,2.0,0.0,1.8011848925811922,7,1.0,1.0,9.919369466007717,,,41.0
noisy,0.2,0.0,0.16810996630959063,8,1.0,1.0,3.874329074279518,,,289.0
noisy,0.29000000000000004,0.0,0.19707628415895187,8,1.0,1.0,4.53137053196759,,,402.0
noisy,0.38,0.0,0.27197460983767563,8,1.0,1.0,6.537727095290307,,,394.0
noisy,0.47000000000000003,0.0,0.4169976132521151,8,1.0,1.0,9.905668849790818,,,403.0
noisy,0.56,0.0,0.4491101112857618,8,1.0,1.0,9.50231089380439,,,292.0
noisy,0.6499999999999999,0.0,0.5208925713775714,8,1.0,1.0,9.90517608525574,,,337.0
noisy,0.74,0.0,0.6320872527954794,8,1.0,1.0,9.902230146884902,,,352.0
noisy,0.8300000000000001,0.0,0.711415981963276,8,1.0,1.0,9.907959882350442,,,309.0
noisy,0.9199999999999999,0.0,0.8099896035197118,8,1.0,1.0,9.903495431168498,,,265.0
noisy,1.01,0.0,0.9118691982190256,8,1.0,1.0,9.904214728817536,,,79.0
noisy,1.0999999999999999,0.0,1.0393964376249087,8,1.0,1.0,9.90982667430776,,,80.0
noisy,1.19,0.0,1.1149452835871667,8,1.0,1.0,9.910122559666027,,,57.0
noisy,1.28,0.0,1.1767033319556832,8,1.0,1.0,9.91101630974718,,,75.0
noisy,1.3699999999999999,0.0,1.247165991956254,8,1.0,1.0,9.906077921248814,,,128.0
noisy,1.46,0.0,1.3666384738085748,8,1.0,1.0,9.909819818816622,,,41.0
noisy,1.5499999999999998,0.0,1.466794452867027,8,1.0,1.0,9.910578336097512,,,44.0
noisy,1.64,0.0,1.5170328790233782,8,1.0,1.0,9.909900501227618,,,60.0
noisy,1.73,0.0,1.6173740509335415,8,1.0,1.0,9.911088713263092,,,33.0
noisy,1.8199999999999998,0.0,1.6180326052610523,8,1.0,1.0,9.913270759005238,,,47.0
noisy,1.91,0.0,1.735827869103769,8,1.0,1.0,9.9158175022307,,,50.0
noisy,2.0,0.0,1.7955497743562692,8,1.0,1.0,9.906097942960363,,,28.0
noisy,0.2,0.0,0.16565373749234238,9,1.0,1.0,4.080658168259304,,,509.0
noisy,0.29000000000000004,0.0,0.1634863975505953,9,1.0,1.0,3.4220328923031658,,,396.0
noisy,0.38,0.0,0.2829288234999542,9,1.0,1.0,6.256948573971722,,,261.0
noisy,0.47000000000000003,0.0,0.30740779641998545,9,1.0,1.0,6.734457202645211,,,425.0
noisy,0.56,0.0,0.4099792041196144,9,1.0,1.0,9.479189945135435,,,318.0
noisy,0.6499999999999999,0.0,0.5299432510037206,9,1.0,1.0,9.905273402793302,,,350.0
noisy,0.74,0.0,0.6251123392460709,9,1.0,1.0,9.905657405590304,,,323.0
noisy,0.8300000000000001,0.0,0.7137159576716686,9,1.0,1.0,9.905458554893627,,,132.0
noisy,0.9199999999999999,0.0,0.811920074969481,9,1.0,1.0,9.908146898583926,,,133.0
noisy,1.01,0.0,0.8996234495083342,9,1.0,1.0,9.907938178788864,,,120.0
noisy,1.0999999999999999,0.0,1.031009558916005,9,1.0,1.0,9.910673112545375,,,85.0
noisy,1.19,0.0,1.112496939142014,9,1.0,1.0,9.906558186267887,,,59.0
noisy,1.28,0.0,1.1933071544188367,9,1.0,1.0,9.912214259504124,,,69.0
noisy,1.3699999999999999,0.0,1.2589474625651114,9,1.0,1.0,9.911129108684296,,,55.0
noisy,1.46,0.0,1.3399481743162343,9,1.0,1.0,9.907466951265567,,,78.0
noisy,1.5499999999999998,0.0,1.447635898961207,9,1.0,1.0,9.9102268037323,,,34.0
noisy,1.64,0.0,1.5071413413539203,9,1.0,1.0,9.914770334308702,,,29.0
noisy,1.73,0.0,1.6293324815670722,9,1.0,1.0,9.914829845002222,,,42.0
noisy,1.8199999999999998,0.0,1.6175941222226216,9,1.0,1.0,9.91377847592014,,,55.0
noisy,1.91,0.0,1.7081367658395463,9,1.0,1.0,9.91645353485827,,,34.0
noisy,2.0,0.0,1.6445888394452624,9,1.0,1.0,9.914819610807637,,,80.0
noisy,0.2,0.0,0.13588509492930553,10,1.0,1.0,3.3553792207858684,,,314.0
noisy,0.29000000000000004,0.0,0.1518784727485597,10,1.0,1.0,3.114490696060525,,,416.0
noisy,0.38,0.0,0.24419280467178506,10,1.0,1.0,5.872375269784201,,,363.0
noisy,0.47000000000000003,0.0,0.38523741472945067,10,1.0,1.0,9.906569022976353,,,381.0
noisy,0.56,0.0,0.422512125532236,10,1.0,1.0,8.945602732641703,,,303.0
noisy,0.6499999999999999,0.0,0.5270627207146941,10,1.0,1.0,9.904070796702921,,,368.0
noisy,0.74,0.0,0.6123184253870111,10,1.0,1.0,9.904573603729883,,,313.0
noisy,0.8300000000000001,0.0,0.7145597515520312,10,1.0,1.0,9.906503651059396,,,124.0
noisy,0.9199999999999999,0.0,0.8094000761255403,10,1.0,1.0,9.905654064437096,,,264.0
noisy,1.01,0.0,0.9093530377066522,10,1.0,1.0,9.908520347188842,,,79.0
noisy,1.0999999999999999,0.0,0.9951884618129667,10,1.0,1.0,9.907910988205993,,,79.0
noisy,1.19,0.0,1.11138554606695,10,1.0,1.0,9.908490120840515,,,64.0
noisy,1.28,0.0,1.186499485705441,10,1.0,1.0,9.914658194830055,,,78.0
noisy,1.3699999999999999,0.0,1.2927909572570586,10,1.0,1.0,9.908162425306907,,,107.0
noisy,1.46,0.0,1.3256862093012212,10,1.0,1.0,9.907735732825317,,,130.0
noisy,1.5499999999999998,0.0,1.393758886080897,10,1.0,1.0,9.916039584629816,,,44.0
noisy,1.64,0.0,1.5163630811776931,10,1.0,1.0,9.914359209689017,,,43.0
noisy,1.73,0.0,1.5857051730939489,10,1.0,1.0,9.905054167008883,,,37.0
noisy,1.8199999999999998,0.0,1.6250354922206283,10,1.0,1.0,9.910030479848501,,,58.0
noisy,1.91,0.0,1.671249263023616,10,1.0,1.0,9.905090774063348,,,76.0
noisy,2.0,0.0,1.3357332427597306,10,1.0,0.6666666666666666,9.919559309189331,,,61.0
noisy,0.2,0.0,0.16115356082057622,11,1.0,1.0,3.8525732589104114,,,467.0
noisy,0.29000000000000004,0.0,0.17765766896743737,11,1.0,1.0,3.7255939953751307,,,401.0
noisy,0.38,0.0,0.21121905761686932,11,1.0,1.0,4.699903083628608,,,395.0
noisy,0.47000000000000003,0.0,0.3696419065822912,11,1.0,1.0,8.229322366124212,,,289.0
noisy,0.56,0.0,0.46352059205810187,11,1.0,1.0,9.904499479256629,,,152.0
noisy,0.6499999999999999,0.0,0.538637191800852,11,1.0,1.0,9.905696301026525,,,352.0
noisy,0.74,0.0,0.6356373642114483,11,1.0,1.0,9.907328587402738,,,283.0
noisy,0.8300000000000001,0.0,0.7161524293396225,11,1.0,1.0,9.90628269104911,,,296.0
noisy,0.9199999999999999,0.0,0.8257586293275866,11,1.0,1.0,9.904758605225915,,,127.0
noisy,1.01,0.0,0.9019914686750269,11,1.0,1.0,9.908253162977385,,,236.0
noisy,1.0999999999999999,0.0,0.9940344229492678,11,1.0,1.0,9.908373804287406,,,70.0
noisy,1.19,0.0,1.1563018302035097,11,1.0,1.0,9.910022927094323,,,69.0
noisy,1.28,0.0,1.1826646431968137,11,1.0,1.0,9.911209746475818,,,80.0
noisy,1.3699999999999999,0.0,1.2285902143672336,11,1.0,1.0,9.911651217870808,,,141.0
noisy,1.46,0.0,1.310191474023111,11,1.0,1.0,9.904730072697056,,,118.0
noisy,1.5499999999999998,0.0,1.4338275285249045,11,1.0,1.0,9.907742252279776,,,57.0
noisy,1.64,0.0,1.519586882906571,11,1.0,1.0,9.90790589733667,,,41.0
noisy,1.73,0.0,1.5932440878019076,11,1.0,1.0,9.914176913465406,,,51.0
noisy,1.8199999999999998,0.0,1.6271122305803318,11,1.0,1.0,9.912488447306735,,,75.0
noisy,1.91,0.0,1.6805291897905372,11,1.0,1.0,9.90995801444025,,,76.0
noisy,2.0,0.0,1.7252631783955124,11,1.0,1.0,9.911538894933337,,,45.0
noisy,0.2,0.0,0.15873542584391928,12,1.0,1.0,3.4913894908996452,,,375.0
noisy,0.29000000000000004,0.0,0.1580449182075714,12,1.0,1.0,3.2088617059192557,,,403.0
noisy,0.38,0.0,0.2835256662179276,12,1.0,1.0,6.8049991214211785,,,225.0
noisy,0.47000000000000003,0.0,0.4278471763123582,12,1.0,1.0,9.780553832066499,,,221.0
noisy,0.56,0.0,0.4191836365337042,12,1.0,1.0,8.508130678647154,,,275.0
noisy,0.6499999999999999,0.0,0.5317285495485863,12,1.0,1.0,9.901023081960027,,,353.0
noisy,0.74,0.0,0.6348159474835579,12,1.0,1.0,9.90447979077057,,,202.0
noisy,0.8300000000000001,0.0,0.7177842752761143,12,1.0,1.0,9.905599352347673,,,314.0
noisy,0.9199999999999999,0.0,0.8243242440353781,12,1.0,1.0,9.905874519146147,,,225.0
noisy,1.01,0.0,0.9032239179995546,12,1.0,1.0,9.90897081492905,,,195.0
noisy,1.0999999999999999,0.0,1.0597570175791289,12,1.0,1.0,9.905555867761889,,,63.0
noisy,1.19,0.0,1.1301140757674346,12,1.0,1.0,9.911372277859122,,,59.0
noisy,1.28,0.0,1.2135070404810777,12,1.0,0.6666666666666666,9.910667872527176,,,67.0
noisy,1.3699999999999999,0.0,1.276441157217586,12,1.0,1.0,9.909251934981935,,,49.0
noisy,1.46,0.0,1.3853207630935167,12,1.0,1.0,9.912076558819049,,,45.0
noisy,1.5499999999999998,0.0,1.4037999570370872,12,1.0,1.0,9.907158825127125,,,42.0
noisy,1.64,0.0,1.496770778122417,12,1.0,1.0,9.917050895717397,,,37.0
noisy,1.73,0.0,1.5908844169621073,12,1.0,1.0,9.909116789633723,,,57.0
noisy,1.8199999999999998,0.0,1.602229949708212,12,1.0,1.0,9.916117730343485,,,51.0
noisy,1.91,0.0,1.3659899044924748,12,1.0,0.6666666666666666,9.907656409658825,,,54.0
noisy,2.0,0.0,1.4629557532224828,12,1.0,0.6666666666666666,9.917871764156864,,,34.0
noisy,0.2,0.0,0.18148050586417852,13,1.0,1.0,4.903469486665275,,,390.0
noisy,0.29000000000000004,0.0,0.15156345340143135,13,1.0,1.0,3.1807499761084648,,,424.0
noisy,0.38,0.0,0.22295667472637257,13,1.0,1.0,5.264726398239449,,,363.0
noisy,0.47000000000000003,0.0,0.4026566784210372,13,1.0,1.0,8.799417433432962,,,234.0
noisy,0.56,0.0,0.4349344011843968,13,1.0,1.0,8.964057811203427,,,378.0
noisy,0.6499999999999999,0.0,0.5402366258155646,13,1.0,1.0,9.904039903857957,,,354.0
noisy,0.74,0.0,0.6246167463913013,13,1.0,1.0,9.906476650923524,,,358.0
noisy,0.8300000000000001,0.0,0.7132459090867732,13,1.0,1.0,9.90794075663113,,,291.0
noisy,0.9199999999999999,0.0,0.8348901875738876,13,1.0,1.0,9.908083412564677,,,277.0
noisy,1.01,0.0,0.9345331050354136,13,1.0,1.0,9.909906618594789,,,79.0
noisy,1.0999999999999999,0.0,1.0041889854483674,13,1.0,1.0,9.909841810188594,,,70.0
noisy,1.19,0.0,1.1058355920688883,13,1.0,1.0,9.907284169389982,,,58.0
noisy,1.28,0.0,1.180476250448981,13,1.0,1.0,9.911451770856647,,,65.0
noisy,1.3699999999999999,0.0,1.257618568530128,13,1.0,1.0,9.908768438238633,,,46.0
noisy,1.46,0.0,1.3200783215331022,13,1.0,1.0,9.91269338304806,,,78.0
noisy,1.5499999999999998,0.0,1.4242151507534182,13,1.0,1.0,9.914013641551293,,,46.0
noisy,1.64,0.0,1.4783675187269019,13,1.0,1.0,9.913386857721415,,,78.0
noisy,1.73,0.0,1.549470817022278,13,1.0,1.0,9.913221740091329,,,68.0
noisy,1.8199999999999998,0.0,1.5849907504272984,13,1.0,1.0,9.914388281519962,,,69.0
noisy,1.91,0.0,1.7276101327338866,13,1.0,1.0,9.91327853007677,,,34.0
noisy,2.0,0.0,1.4574987168514164,13,1.0,0.6666666666666666,9.902875475337247,,,47.0
noisy,0.2,0.0,0.17159835649624014,14,1.0,1.0,3.47601779657946,,,357.0
noisy,0.29000000000000004,0.0,0.17988147764386517,14,1.0,1.0,4.807894696926347,,,333.0
noisy,0.38,0.0,0.21481153860110447,14,1.0,1.0,4.574621238679912,,,361.0
noisy,0.47000000000000003,0.0,0.37254440619138096,14,1.0,1.0,7.8057460437076145,,,286.0
noisy,0.56,0.0,0.45445838877473593,14,1.0,1.0,9.900856589514795,,,376.0
noisy,0.6499999999999999,0.0,0.5459612455339348,14,1.0,1.0,9.903646627362642,,,287.0
noisy,0.74,0.0,0.6140460834229495,14,1.0,1.0,9.904858885984954,,,214.0
noisy,0.8300000000000001,0.0,0.7255484967034147,14,1.0,1.0,9.904677507553197,,,258.0
noisy,0.9199999999999999,0.0,0.8280635235439925,14,1.0,1.0,9.90622584486048,,,101.0
noisy,1.01,0.0,0.9671972574102629,14,1.0,1.0,9.909773751180635,,,83.0
noisy,1.0999999999999999,0.0,1.039785325132921,14,1.0,1.0,9.909201226879139,,,69.0
noisy,1.19,0.0,1.1017754446133547,14,1.0,1.0,9.908007690496557,,,74.0
noisy,1.28,0.0,1.179904546352911,14,1.0,1.0,9.91241663972734,,,81.0
noisy,1.3699999999999999,0.0,1.2382061029192937,14,1.0,1.0,9.905871835760154,,,133.0
noisy,1.46,0.0,1.354889832075027,14,1.0,1.0,9.91315391363512,,,56.0
noisy,1.5499999999999998,0.0,1.4258222640295923,14,1.0,1.0,9.913436207179792,,,77.0
noisy,1.64,0.0,1.4999206920825865,14,1.0,1.0,9.911507918237692,,,40.0
noisy,1.73,0.0,1.550650652769529,14,1.0,1.0,9.91486828473662,,,53.0
noisy,1.8199999999999998,0.0,1.6313585576094816,14,1.0,1.0,9.915282979301027,,,66.0
noisy,1.91,0.0,1.6452485375781947,14,1.0,1.0,9.912306059312082,,,72.0
noisy,2.0,0.0,1.4435755158240535,14,1.0,0.6666666666666666,9.913441997528567,,,42.0
noisy,0.2,0.0,0.16450167124439094,15,1.0,1.0,4.236866681769138,,,303.0
noisy,0.29000000000000004,0.0,0.16584600916271472,15,1.0,1.0,4.067301633891013,,,382.0
noisy,0.38,0.0,0.2420625596327166,15,1.0,1.0,6.413947977550212,,,376.0
noisy,0.47000000000000003,0.0,0.40970613799570427,15,1.0,1.0,9.901565408683492,,,107.0
noisy,0.56,0.0,0.4125699924545872,15,1.0,1.0,8.916345512018777,,,259.0
noisy,0.6499999999999999,0.0,0.559898668040734,15,1.0,1.0,9.904758499415815,,,359.0
noisy,0.74,0.0,0.6253756302560968,15,1.0,1.0,9.901645286166536,,,179.0
noisy,0.8300000000000001,0.0,0.7214645740512894,15,1.0,1.0,9.904479882005782,,,283.0
noisy,0.9199999999999999,0.0,0.8264653244442259,15,1.0,1.0,9.908191611130343,,,78.0
noisy,1.01,0.0,0.9445637661178212,15,1.0,1.0,9.910042202157438,,,89.0
noisy,1.0999999999999999,0.0,1.0140343151582998,15,1.0,1.0,9.911080922522844,,,70.0
noisy,1.19,0.0,1.116948638631211,15,1.0,1.0,9.910716995277829,,,72.0
noisy,1.28,0.0,1.173140969913624,15,1.0,0.6666666666666666,9.911353218230598,,,167.0
noisy,1.3699999999999999,0.0,1.277136356012264,15,1.0,1.0,9.909926299996869,,,48.0
noisy,1.46,0.0,1.353368304926678,15,1.0,1.0,9.910124552583072,,,55.0
noisy,1.5499999999999998,0.0,1.4208067682719978,15,1.0,1.0,9.90553162206096,,,37.0
noisy,1.64,0.0,1.471737477874228,15,1.0,1.0,9.914348071280227,,,79.0
noisy,1.73,0.0,1.5350006488788528,15,1.0,0.6666666666666666,9.90846876328447,,,49.0
noisy,1.8199999999999998,0.0,1.6174745204716512,15,1.0,1.0,9.912385947551835,,,95.0
noisy,1.91,0.0,1.3878509752254118,15,1.0,0.6666666666666666,9.904496409345501,,,8.0
noisy,2.0,0.0,1.6911386203244685,15,1.0,1.0,9.91735107956426,,,98.0
noisy,0.2,0.0,0.1944151132604206,16,1.0,1.0,4.321403900658387,,,260.0
noisy,0.29000000000000004,0.0,0.1658730023668574,16,1.0,1.0,3.5542976803902344,,,449.0
noisy,0.38,0.0,0.27730970178145786,16,1.0,1.0,6.4678738928274715,,,247.0
noisy,0.47000000000000003,0.0,0.3794147066810693,16,1.0,1.0,9.446765164818927,,,309.0
noisy,0.56,0.0,0.43089351852804,16,1.0,1.0,9.854155039525862,,,200.0
noisy,0.6499999999999999,0.0,0.5163266409672826,16,1.0,1.0,9.903353641689904,,,303.0
noisy,0.74,0.0,0.6123777729223745,16,1.0,1.0,9.902048215642665,,,324.0
noisy,0.8300000000000001,0.0,0.7244963427289228,16,1.0,0.6666666666666666,9.90739800699976,,,188.0
noisy,0.9199999999999999,0.0,0.8447189480812257,16,1.0,1.0,9.904083997752414,,,151.0
noisy,1.01,0.0,0.8942273947700573,16,1.0,1.0,9.908210873742757,,,110.0
noisy,1.0999999999999999,0.0,1.0443490799299842,16,1.0,1.0,9.910333856901177,,,128.0
noisy,1.19,0.0,1.110334960972221,16,1.0,1.0,9.910472690146547,,,78.0
noisy,1.28,0.0,1.1805590860622137,16,1.0,0.6666666666666666,9.902355401231107,,,64.0
noisy,1.3699999999999999,0.0,1.2521651940731955,16,1.0,1.0,9.911044198112123,,,131.0
noisy,1.46,0.0,1.362617651566741,16,1.0,1.0,9.910489528727192,,,83.0
noisy,1.5499999999999998,0.0,1.4330978296080052,16,1.0,1.0,9.91676526838357,,,46.0
noisy,1.64,0.0,1.5266788861589253,16,1.0,1.0,9.911548490060536,,,36.0
noisy,1.73,0.0,1.5531953327300811,16,1.0,0.6666666666666666,9.907580096079997,,,42.0
noisy,1.8199999999999998,0.0,1.6359929909122763,16,1.0,1.0,9.915415724431735,,,49.0
noisy,1.91,0.0,1.3839970624811373,16,1.0,0.6666666666666666,9.902003916841075,,,13.0
noisy,2.0,0.0,0.6792885273673653,16,1.0,0.0,0.5850165971027078,,,7.0
noisy,0.2,0.0,0.1770515188256874,17,1.0,1.0,4.782701396051172,,,231.0
noisy,0.29000000000000004,0.0,0.15556127200908396,17,1.0,1.0,3.2374371292253072,,,408.0
noisy,0.38,0.0,0.26345486167940074,17,1.0,1.0,7.515191903519819,,,374.0
noisy,0.47000000000000003,0.0,0.3801464459000796,17,1.0,1.0,8.928942954315923,,,410.0
noisy,0.56,0.0,0.4055192801231535,17,1.0,1.0,8.704856067412411,,,336.0
noisy,0.6499999999999999,0.0,0.5659010705085874,17,1.0,1.0,9.904582734256264,,,363.0
noisy,0.74,0.0,0.6470247260553822,17,1.0,1.0,9.90662923311556,,,264.0
noisy,0.8300000000000001,0.0,0.7226912249020216,17,1.0,1.0,9.907045996825246,,,237.0
noisy,0.9199999999999999,0.0,0.8426935363123436,17,1.0,1.0,9.906077030426037,,,81.0
noisy,1.01,0.0,0.925082462191527,17,1.0,0.6666666666666666,9.908278182711884,,,99.0
noisy,1.0999999999999999,0.0,1.0234268842858254,17,1.0,0.6666666666666666,9.903744216664206,,,156.0
noisy,1.19,0.0,1.0742678094876223,17,1.0,0.6666666666666666,9.910000106133607,,,90.0
noisy,1.28,0.0,1.1793982227690079,17,1.0,0.6666666666666666,9.903945628093771,,,59.0
noisy,1.3699999999999999,0.0,1.2554615265150393,17,1.0,0.0,9.873133135714404,,,145.0
noisy,1.46,0.0,1.3211527413884638,17,1.0,0.6666666666666666,9.905214226381077,,,50.0
noisy,1.5499999999999998,0.0,1.4479717802280343,17,1.0,1.0,9.908499153174713,,,39.0
noisy,1.64,0.0,1.4897976465653429,17,1.0,0.6666666666666666,9.916792872681736,,,69.0
noisy,1.73,0.0,1.3310920534012307,17,1.0,0.6666666666666666,9.903596367883695,,,76.0
noisy,1.8199999999999998,0.0,1.2774057873596318,17,1.0,0.6666666666666666,9.91274126922,,,5.0
noisy,1.91,0.0,1.6692078529239573,17,1.0,0.6666666666666666,9.91513559437078,,,37.0
noisy,2.0,0.0,1.002885252398011,17,1.0,0.3333333333333333,9.906456735433412,,,57.0
noisy,0.2,0.0,0.14830749831877868,18,1.0,1.0,3.3222976443138252,,,387.0
noisy,0.29000000000000004,0.0,0.17023287753446362,18,1.0,1.0,3.69690519258477,,,400.0
noisy,0.38,0.0,0.34436386233204824,18,1.0,1.0,7.977033858058589,,,177.0
noisy,0.47000000000000003,0.0,0.3367371171656157,18,1.0,1.0,7.482436241964305,,,411.0
noisy,0.56,0.0,0.4470462873502555,18,1.0,1.0,9.743467134631892,,,269.0
noisy,0.6499999999999999,0.0,0.5406147462151709,18,1.0,0.3333333333333333,9.902085341590132,,,123.0
noisy,0.74,0.0,0.6112060333368537,18,1.0,1.0,9.905071451186842,,,221.0
noisy,0.8300000000000001,0.0,0.7221388023051002,18,1.0,0.6666666666666666,9.902785142196212,,,128.0
noisy,0.9199999999999999,0.0,0.8285143689663652,18,1.0,0.3333333333333333,9.90505708763239,,,251.0
noisy,1.01,0.0,0.9414928456290279,18,1.0,0.3333333333333333,9.905442551187733,,,80.0
noisy,1.0999999999999999,0.0,0.9871796674275221,18,1.0,0.0,9.886242261402018,,,216.0
noisy,1.19,0.0,1.1245741602726258,18,1.0,0.0,9.657429798247128,,,83.0
noisy,1.28,0.0,1.1656436317147298,18,1.0,0.6666666666666666,9.90924950697367,,,164.0
noisy,1.3699999999999999,0.0,1.264172067184319,18,1.0,0.3333333333333333,9.909254593633433,,,117.0
noisy,1.46,0.0,1.3857481594845804,18,1.0,0.3333333333333333,9.901610247534805,,,56.0
noisy,1.5499999999999998,0.0,1.4425170592646002,18,1.0,0.3333333333333333,9.904810743630762,,,39.0
noisy,1.64,0.0,1.2671590219018858,18,1.0,0.3333333333333333,9.907478054695256,,,32.0
noisy,1.73,0.0,1.539612754895493,18,1.0,0.6666666666666666,9.911409016152321,,,46.0
noisy,1.8199999999999998,0.0,1.2489123090772913,18,1.0,0.6666666666666666,9.915081678884716,,,5.0
noisy,1.91,0.0,1.295937907845583,18,1.0,0.6666666666666666,9.914372396260026,,,61.0
noisy,2.0,0.0,0.7756723954225296,18,1.0,0.0,1.3989468896978108,,,9.0
noisy,0.2,0.0,0.17125504655497722,19,1.0,1.0,3.4521161139669942,,,337.0
noisy,0.29000000000000004,0.0,0.1770759847398924,19,1.0,1.0,3.714657579839454,,,415.0
noisy,0.38,0.0,0.2262480838614734,19,1.0,1.0,5.148313181884946,,,331.0
noisy,0.47000000000000003,0.0,0.33885083369898134,19,1.0,1.0,7.014437952923864,,,419.0
noisy,0.56,0.0,0.4336835268151325,19,1.0,0.6666666666666666,9.723262070898086,,,319.0
noisy,0.6499999999999999,0.0,0.5534286811219097,19,1.0,0.0,9.685014223964926,,,114.0
noisy,0.74,0.0,0.6380516776539938,19,1.0,0.0,9.767663744740313,,,329.0
noisy,0.8300000000000001,0.0,0.7371323233411452,19,1.0,0.0,9.774579196170272,,,313.0
noisy,0.9199999999999999,0.0,0.8476376367618602,19,1.0,0.0,9.656671216992688,,,92.0
noisy,1.01,0.0,0.8965055612922576,19,1.0,0.0,9.825138472737544,,,84.0
noisy,1.0999999999999999,0.0,1.0170114146681268,19,1.0,0.0,9.772518550499964,,,101.0
noisy,1.19,0.0,1.1194832465930988,19,1.0,0.0,9.656479826962341,,,90.0
noisy,1.28,0.0,1.1669032412030207,19,1.0,0.0,9.880664935637084,,,93.0
noisy,1.3699999999999999,0.0,1.296096806791768,19,1.0,0.0,9.671199350169964,,,57.0
noisy,1.46,0.0,1.3414512616490217,19,1.0,0.0,9.658221273732426,,,60.0
noisy,1.5499999999999998,0.0,1.208634409434647,19,1.0,0.0,9.664567928807521,,,124.0
noisy,1.64,0.0,1.5058737980190715,19,1.0,0.0,9.838895786242688,,,48.0
noisy,1.73,0.0,1.0764273040100878,19,1.0,0.0,9.662879736154865,,,40.0
noisy,1.8199999999999998,0.0,1.6104271055787118,19,1.0,0.6666666666666666,9.908397573328969,,,78.0
noisy,1.91,0.0,0.9134121900231514,19,1.0,0.0,9.663802352066186,,,6.0
noisy,2.0,0.0,1.319285345598989,19,1.0,0.3333333333333333,9.915522001183946,,,45.0
noisy,0.2,0.0,0.14752543847061772,1,2.0,1.0,3.2313332400076678,,,460.0
noisy,0.29000000000000004,0.0,0.1640628036916376,1,2.0,1.0,3.480782242228441,,,429.0
noisy,0.38,0.0,0.27620441391475387,1,2.0,1.0,5.887191439101129,,,441.0
noisy,0.47000000000000003,0.0,0.3475973397508201,1,2.0,1.0,7.166660760368483,,,308.0
noisy,0.56,0.0,0.45297716823267425,1,2.0,1.0,9.381072522060002,,,362.0
noisy,0.6499999999999999,0.0,0.5291543761527481,1,2.0,1.0,9.903761989425185,,,343.0
noisy,0.74,0.0,0.625769373947072,1,2.0,1.0,9.904159786240005,,,356.0
noisy,0.8300000000000001,0.0,0.741937504218401,1,2.0,1.0,9.901949101068567,,,282.0
noisy,0.9199999999999999,0.0,0.8220573962703712,1,2.0,1.0,9.905613439706649,,,175.0
noisy,1.01,0.0,0.8954010111334768,1,2.0,1.0,9.906491443885447,,,103.0
noisy,1.0999999999999999,0.0,0.9959302743550941,1,2.0,1.0,9.910095006260597,,,192.0
noisy,1.19,0.0,1.1175563845827012,1,2.0,1.0,9.903269895520767,,,73.0
noisy,1.28,0.0,1.153774721602093,1,2.0,1.0,9.911672421467216,,,69.0
noisy,1.3699999999999999,0.0,1.2854602760956946,1,2.0,1.0,9.911379241829582,,,84.0
noisy,1.46,0.0,1.3209043368980116,1,2.0,1.0,9.912701710063724,,,94.0
noisy,1.5499999999999998,0.0,1.4431660697716986,1,2.0,1.0,9.912791449939029,,,38.0
noisy,1.64,0.0,1.5591806006901778,1,2.0,1.0,9.91419550508223,,,32.0
noisy,1.73,0.0,1.5778941126122152,1,2.0,1.0,9.912995919601144,,,58.0
noisy,1.8199999999999998,0.0,1.6764073614726165,1,2.0,1.0,9.912138253808338,,,53.0
noisy,1.91,0.0,1.7225325370956757,1,2.0,1.0,9.905999970306171,,,27.0
noisy,2.0,0.0,1.7841846258379865,1,2.0,1.0,9.904987099381595,,,34.0
noisy,0.2,0.0,0.129520275614658,2,2.0,1.0,3.2674578336881415,,,275.0
noisy,0.29000000000000004,0.0,0.19983831907084829,2,2.0,1.0,4.725646350873224,,,260.0
noisy,0.38,0.0,0.3118325127939793,2,2.0,1.0,7.095027226519637,,,284.0
noisy,0.47000000000000003,0.0,0.359773965472999,2,2.0,1.0,8.612572074295187,,,368.0
noisy,0.56,0.0,0.455800812504165,2,2.0,1.0,9.90484636788124,,,301.0
noisy,0.6499999999999999,0.0,0.528807349007527,2,2.0,1.0,9.90461437920502,,,380.0
noisy,0.74,0.0,0.6031066006455512,2,2.0,1.0,9.904079519797966,,,334.0
noisy,0.8300000000000001,0.0,0.7110244249225319,2,2.0,1.0,9.903531855140674,,,170.0
noisy,0.9199999999999999,0.0,0.8114695616671225,2,2.0,1.0,9.907188292982672,,,276.0
noisy,1.01,0.0,0.8942203568675926,2,2.0,1.0,9.905033682799901,,,237.0
noisy,1.0999999999999999,0.0,1.0283571710615338,2,2.0,1.0,9.905557000420673,,,78.0
noisy,1.19,0.0,1.1151157066807709,2,2.0,1.0,9.910132823232484,,,61.0
noisy,1.28,0.0,1.2115383646037068,2,2.0,1.0,9.909047331259032,,,71.0
noisy,1.3699999999999999,0.0,1.2354822851934266,2,2.0,1.0,9.905758747368171,,,167.0
noisy,1.46,0.0,1.3699490845552598,2,2.0,1.0,9.91065359694698,,,54.0
noisy,1.5499999999999998,0.0,1.4173856826472553,2,2.0,1.0,9.909192552836387,,,77.0
noisy,1.64,0.0,1.556092997826337,2,2.0,1.0,9.91470923801508,,,29.0
noisy,1.73,0.0,1.6155735814678476,2,2.0,1.0,9.909820366137172,,,40.0
noisy,1.8199999999999998,0.0,1.6567116188941913,2,2.0,1.0,9.910625609016593,,,35.0
noisy,1.91,0.0,1.7135923500816663,2,2.0,1.0,9.918146472497112,,,30.0
noisy,2.0,0.0,1.8279096816425415,2,2.0,1.0,9.917372436440026,,,34.0
noisy,0.2,0.0,0.1454700514132961,3,2.0,1.0,3.4127174697803286,,,368.0
noisy,0.29000000000000004,0.0,0.1720513393420459,3,2.0,1.0,3.4798732805414567,,,368.0
noisy,0.38,0.0,0.21243027462746064,3,2.0,1.0,4.723339729190937,,,394.0
noisy,0.47000000000000003,0.0,0.3815682113332917,3,2.0,1.0,9.904548824212926,,,125.0
noisy,0.56,0.0,0.4231179778343877,3,2.0,1.0,9.243285739952265,,,354.0
noisy,0.6499999999999999,0.0,0.5313880097724525,3,2.0,1.0,9.90386009567476,,,352.0
noisy,0.74,0.0,0.6208679589303973,3,2.0,1.0,9.904831396280112,,,171.0
noisy,0.8300000000000001,0.0,0.7119184145049112,3,2.0,1.0,9.90588487345756,,,317.0
noisy,0.9199999999999999,0.0,0.8168204600718832,3,2.0,1.0,9.906276854825544,,,260.0
noisy,1.01,0.0,0.94792978827903,3,2.0,1.0,9.908334445008292,,,62.0
noisy,1.0999999999999999,0.0,1.0025570147291234,3,2.0,1.0,9.90739847449176,,,84.0
noisy,1.19,0.0,1.101908520954015,3,2.0,1.0,9.906836522112261,,,69.0
noisy,1.28,0.0,1.1822341274588535,3,2.0,1.0,9.908169980619043,,,83.0
noisy,1.3699999999999999,0.0,1.2599464745416549,3,2.0,1.0,9.912844708487746,,,60.0
noisy,1.46,0.0,1.3471425681494642,3,2.0,1.0,9.91137934563919,,,114.0
noisy,1.5499999999999998,0.0,1.419610171097407,3,2.0,1.0,9.908890468202484,,,42.0
noisy,1.64,0.0,1.5610331905741417,3,2.0,1.0,9.914940328336709,,,37.0
noisy,1.73,0.0,1.6253792203303226,3,2.0,1.0,9.912930148923424,,,33.0
noisy,1.8199999999999998,0.0,1.6046958832613818,3,2.0,1.0,9.909014924119857,,,40.0
noisy,1.91,0.0,1.7451884574371357,3,2.0,1.0,9.908862868602169,,,40.0
noisy,2.0,0.0,1.7299914421716895,3,2.0,1.0,9.915355525581722,,,111.0
noisy,0.2,0.0,0.14495041404222525,4,2.0,1.0,3.6604801864662284,,,472.0
noisy,0.29000000000000004,0.0,0.17629364197243844,4,2.0,1.0,3.8601364025513574,,,348.0
noisy,0.38,0.0,0.2697191915012944,4,2.0,1.0,7.163756285491891,,,419.0
noisy,0.47000000000000003,0.0,0.3595238410072488,4,2.0,1.0,8.964790730266317,,,387.0
noisy,0.56,0.0,0.47931208492445454,4,2.0,1.0,9.9019720513835,,,312.0
noisy,0.6499999999999999,0.0,0.5326383375835414,4,2.0,1.0,9.90396673960886,,,238.0
noisy,0.74,0.0,0.6430786132371835,4,2.0,1.0,9.90514989237193,,,356.0
noisy,0.8300000000000001,0.0,0.7221365407154184,4,2.0,1.0,9.904180197409847,,,164.0
noisy,0.9199999999999999,0.0,0.8237978023118012,4,2.0,1.0,9.905766912755658,,,93.0
noisy,1.01,0.0,0.9155050617186439,4,2.0,1.0,9.908614096875336,,,73.0
noisy,1.0999999999999999,0.0,0.9994065285550638,4,2.0,1.0,9.909177561225917,,,74.0
noisy,1.19,0.0,1.1018575209189558,4,2.0,1.0,9.908432363331338,,,72.0
noisy,1.28,0.0,1.1601556946104103,4,2.0,1.0,9.911958991986344,,,66.0
noisy,1.3699999999999999,0.0,1.272437836698204,4,2.0,1.0,9.910344601129074,,,97.0
noisy,1.46,0.0,1.3560148972504615,4,2.0,1.0,9.908939015135438,,,76.0
noisy,1.5499999999999998,0.0,1.4464642114567752,4,2.0,1.0,9.9116002572164,,,42.0
noisy,1.64,0.0,1.5175244602745632,4,2.0,1.0,9.912994622376432,,,41.0
noisy,1.73,0.0,1.5859136026403604,4,2.0,1.0,9.91421681708527,,,51.0
noisy,1.8199999999999998,0.0,1.628357248014626,4,2.0,1.0,9.91136641924311,,,102.0
noisy,1.91,0.0,1.7117226482662706,4,2.0,1.0,9.910706444945188,,,50.0
noisy,2.0,0.0,1.8484856707714792,4,2.0,1.0,9.909172532955143,,,38.0
noisy,0.2,0.0,0.13790913986351777,5,2.0,1.0,2.9040756763698297,,,416.0
noisy,0.29000000000000004,0.0,0.17831858286984734,5,2.0,1.0,4.323763876880669,,,425.0
noisy,0.38,0.0,0.3058571553771267,5,2.0,1.0,6.392701968663115,,,328.0
noisy,0.47000000000000003,0.0,0.41932435543058144,5,2.0,1.0,9.794243480178176,,,142.0
noisy,0.56,0.0,0.4183591137191729,5,2.0,1.0,9.904298125471227,,,228.0
noisy,0.6499999999999999,0.0,0.5452634039498583,5,2.0,1.0,9.902746959740897,,,401.0
noisy,0.74,0.0,0.6395282887228108,5,2.0,1.0,9.904200905221934,,,346.0
noisy,0.8300000000000001,0.0,0.7227254647652687,5,2.0,1.0,9.906212848201012,,,191.0
noisy,0.9199999999999999,0.0,0.8023568972083989,5,2.0,1.0,9.905242587187354,,,166.0
noisy,1.01,0.0,0.9118810673835999,5,2.0,1.0,9.90579261049042,,,82.0
noisy,1.0999999999999999,0.0,0.9892919003460161,5,2.0,1.0,9.909694545318457,,,126.0
noisy,1.19,0.0,1.1058798306052005,5,2.0,1.0,9.908102180362318,,,55.0
noisy,1.28,0.0,1.1870165712565435,5,2.0,1.0,9.90318476128703,,,99.0
noisy,1.3699999999999999,0.0,1.295284341094545,5,2.0,1.0,9.909982066844053,,,66.0
noisy,1.46,0.0,1.3112038084461892,5,2.0,1.0,9.907336164882786,,,100.0
noisy,1.5499999999999998,0.0,1.3980837897874976,5,2.0,1.0,9.903967008647006,,,95.0
noisy,1.64,0.0,1.5107711084907665,5,2.0,1.0,9.909862315985038,,,47.0
noisy,1.73,0.0,1.6534299062948954,5,2.0,1.0,9.914335777926212,,,33.0
noisy,1.8199999999999998,0.0,1.6480691127341833,5,2.0,1.0,9.9131751580158,,,66.0
noisy,1.91,0.0,1.7629118413352554,5,2.0,1.0,9.917886654445825,,,53.0
noisy,2.0,0.0,1.7947956675329764,5,2.0,1.0,9.906067650931002,,,33.0
noisy,0.2,0.0,0.1552539560781554,6,2.0,1.0,4.125770528793598,,,482.0
noisy,0.29000000000000004,0.0,0.19246396642110564,6,2.0,1.0,4.731793686798823,,,393.0
noisy,0.38,0.0,0.27574558311904623,6,2.0,1.0,7.026819312600588,,,250.0
noisy,0.47000000000000003,0.0,0.3788659479086683,6,2.0,1.0,8.967708421338674,,,177.0
noisy,0.56,0.0,0.48108201620553537,6,2.0,1.0,9.830737249805626,,,361.0
noisy,0.6499999999999999,0.0,0.5675832581291776,6,2.0,1.0,9.905129902796933,,,368.0
noisy,0.74,0.0,0.611719601691063,6,2.0,1.0,9.906649187411551,,,222.0
noisy,0.8300000000000001,0.0,0.712070847974171,6,2.0,1.0,9.90255507992357,,,188.0
noisy,0.9199999999999999,0.0,0.8096970761048664,6,2.0,1.0,9.906358741325727,,,266.0
noisy,1.01,0.0,0.8963649370047668,6,2.0,1.0,9.906218563988096,,,189.0
noisy,1.0999999999999999,0.0,1.0437472904377516,6,2.0,1.0,9.910114785644632,,,79.0
noisy,1.19,0.0,1.1050164562584044,6,2.0,1.0,9.908538191167372,,,77.0
noisy,1.28,0.0,1.1856957398650276,6,2.0,1.0,9.904934055532287,,,70.0
noisy,1.3699999999999999,0.0,1.2841149193278725,6,2.0,1.0,9.910180850679373,,,52.0
noisy,1.46,0.0,1.347466045920136,6,2.0,1.0,9.906561010933297,,,46.0
noisy,1.5499999999999998,0.0,1.4480612287098331,6,2.0,1.0,9.91596476389731,,,73.0
noisy,1.64,0.0,1.5107734836884514,6,2.0,1.0,9.913410581996846,,,54.0
noisy,1.73,0.0,1.5994224857010237,6,2.0,1.0,9.908539699200936,,,33.0
noisy,1.8199999999999998,0.0,1.6567408691221643,6,2.0,1.0,9.911730156030874,,,58.0
noisy,1.91,0.0,1.7387747482478788,6,2.0,1.0,9.90549967438709,,,30.0
noisy,2.0,0.0,1.5924821776699194,6,2.0,1.0,9.920140694133115,,,101.0
noisy,0.2,0.0,0.1403410601318024,7,2.0,1.0,3.29521086793781,,,404.0
noisy,0.29000000000000004,0.0,0.17238965313900043,7,2.0,1.0,3.7430890267995744,,,391.0
noisy,0.38,0.0,0.2989370108494965,7,2.0,1.0,6.832049163328105,,,322.0
noisy,0.47000000000000003,0.0,0.41445808532506145,7,2.0,1.0,9.900653764189531,,,178.0
noisy,0.56,0.0,0.42651459797802743,7,2.0,1.0,8.743487559647635,,,314.0
noisy,0.6499999999999999,0.0,0.5310271488928339,7,2.0,1.0,9.904498995306763,,,363.0
noisy,0.74,0.0,0.647690161982846,7,2.0,1.0,9.90490702613429,,,333.0
noisy,0.8300000000000001,0.0,0.7126130784453982,7,2.0,1.0,9.907083405969495,,,235.0
noisy,0.9199999999999999,0.0,0.8189096351020447,7,2.0,1.0,9.904254053324571,,,102.0
noisy,1.01,0.0,0.9063512169391238,7,2.0,1.0,9.903802734781333,,,82.0
noisy,1.0999999999999999,0.0,1.0564925638531621,7,2.0,1.0,9.909399358032893,,,83.0
noisy,1.19,0.0,1.1549234386987333,7,2.0,1.0,9.91194781655201,,,81.0
noisy,1.28,0.0,1.178693104747551,7,2.0,1.0,9.910516402613737,,,62.0
noisy,1.3699999999999999,0.0,1.2612095298363066,7,2.0,1.0,9.911491320985354,,,132.0
noisy,1.46,0.0,1.3748427625722,7,2.0,1.0,9.908326220587597,,,84.0
noisy,1.5499999999999998,0.0,1.4472029074062904,7,2.0,1.0,9.907186020602046,,,37.0
noisy,1.64,0.0,1.553131368580208,7,2.0,1.0,9.913306787819577,,,42.0
noisy,1.73,0.0,1.6030497220219608,7,2.0,1.0,9.912370250201777,,,43.0
noisy,1.8199999999999998,0.0,1.6625191183628296,7,2.0,1.0,9.9134682286714,,,30.0
noisy,1.91,0.0,1.682718781295166,7,2.0,1.0,9.91384704698415,,,95.0
noisy,2.0,0.0,1.8789495831933436,7,2.0,1.0,9.91212869493312,,,28.0
noisy,0.2,0.0,0.14891531250329004,8,2.0,1.0,3.656943585708603,,,346.0
noisy,0.29000000000000004,0.0,0.19944709034067865,8,2.0,1.0,4.484803105610216,,,396.0
noisy,0.38,0.0,0.23902056142098269,8,2.0,1.0,6.1208896159551625,,,331.0
noisy,0.47000000000000003,0.0,0.3497942228810347,8,2.0,1.0,7.53590035698183,,,350.0
noisy,0.56,0.0,0.396419220582388,8,2.0,1.0,8.379117584778264,,,342.0
noisy,0.6499999999999999,0.0,0.5478985155784328,8,2.0,1.0,9.902233982829742,,,140.0
noisy,0.74,0.0,0.619976688178672,8,2.0,1.0,9.903818012181421,,,334.0
noisy,0.8300000000000001,0.0,0.7396583854190005,8,2.0,1.0,9.905966429427195,,,278.0
noisy,0.9199999999999999,0.0,0.8153367722111433,8,2.0,1.0,9.907697695745512,,,233.0
noisy,1.01,0.0,0.883715259284562,8,2.0,1.0,9.906029988917458,,,166.0
noisy,1.0999999999999999,0.0,0.9933010848237643,8,2.0,1.0,9.910336965122886,,,178.0
noisy,1.19,0.0,1.1449523979175504,8,2.0,1.0,9.907073826916328,,,63.0
noisy,1.28,0.0,1.1749651506920016,8,2.0,1.0,9.910579975281484,,,83.0
noisy,1.3699999999999999,0.0,1.2792976499086712,8,2.0,1.0,9.911175509708093,,,139.0
noisy,1.46,0.0,1.3692985921744019,8,2.0,1.0,9.909919458687957,,,71.0
noisy,1.5499999999999998,0.0,1.4613709097708307,8,2.0,1.0,9.905676793265881,,,48.0
noisy,1.64,0.0,1.5309958075680434,8,2.0,1.0,9.911910692430203,,,49.0
noisy,1.73,0.0,1.5683995188258788,8,2.0,1.0,9.906026313678998,,,100.0
noisy,1.8199999999999998,0.0,1.6784547013549986,8,2.0,1.0,9.912661847869389,,,43.0
noisy,1.91,0.0,1.7645123558699953,8,2.0,1.0,9.910510926633997,,,35.0
noisy,2.0,0.0,1.7680663700866444,8,2.0,1.0,9.916754728217015,,,47.0
noisy,0.2,0.0,0.18736404360256312,9,2.0,1.0,4.325491410382738,,,253.0
noisy,0.29000000000000004,0.0,0.17361321412199535,9,2.0,1.0,3.6923290264964224,,,363.0
noisy,0.38,0.0,0.29852972601691397,9,2.0,1.0,6.64380328741007,,,371.0
noisy,0.47000000000000003,0.0,0.3929768682312041,9,2.0,1.0,9.87901399653387,,,193.0
noisy,0.56,0.0,0.4193406130236908,9,2.0,1.0,9.71731475897575,,,298.0
noisy,0.6499999999999999,0.0,0.5345397169280303,9,2.0,1.0,9.90561723099,,,328.0
noisy,0.74,0.0,0.6205351195188246,9,2.0,1.0,9.905473656706924,,,278.0
noisy,0.8300000000000001,0.0,0.7172678275064924,9,2.0,1.0,9.908226374939998,,,270.0
noisy,0.9199999999999999,0.0,0.8310939331072543,9,2.0,1.0,9.905602689939592,,,70.0
noisy,1.01,0.0,0.9005865500605644,9,2.0,1.0,9.90536503664253,,,242.0
noisy,1.0999999999999999,0.0,1.0205290857128848,9,2.0,1.0,9.905979603842715,,,78.0
noisy,1.19,0.0,1.1567098360546044,9,2.0,1.0,9.912058129539211,,,60.0
noisy,1.28,0.0,1.1963583891684326,9,2.0,1.0,9.911326920547728,,,58.0
noisy,1.3699999999999999,0.0,1.254404351555773,9,2.0,1.0,9.90488046045942,,,104.0
noisy,1.46,0.0,1.387211545611553,9,2.0,1.0,9.911865010310558,,,38.0
noisy,1.5499999999999998,0.0,1.444266573287159,9,2.0,1.0,9.913215286813788,,,50.0
noisy,1.64,0.0,1.5226021150976992,9,2.0,1.0,9.91751320340484,,,49.0
noisy,1.73,0.0,1.581373369098613,9,2.0,1.0,9.903909752289966,,,44.0
noisy,1.8199999999999998,0.0,1.6020803077486832,9,2.0,1.0,9.908205141978714,,,84.0
noisy,1.91,0.0,1.7168830734005498,9,2.0,1.0,9.91735583740708,,,64.0
noisy,2.0,0.0,1.4155674761537294,9,2.0,0.6666666666666666,9.908307468202791,,,41.0
noisy,0.2,0.0,0.1528987375290133,10,2.0,1.0,3.464027679404146,,,469.0
noisy,0.29000000000000004,0.0,0.16138426240527776,10,2.0,1.0,3.4502082578547912,,,422.0
noisy,0.38,0.0,0.2661059032019777,10,2.0,1.0,7.44557308875816,,,378.0
noisy,0.47000000000000003,0.0,0.39691750767502443,10,2.0,1.0,9.22206993810214,,,123.0
noisy,0.56,0.0,0.4360609395381508,10,2.0,1.0,8.935077372669996,,,307.0
noisy,0.6499999999999999,0.0,0.5244425132376161,10,2.0,1.0,9.901622378087172,,,303.0
noisy,0.74,0.0,0.6201355428430056,10,2.0,1.0,9.906062357794301,,,332.0
noisy,0.8300000000000001,0.0,0.7271801263956729,10,2.0,1.0,9.90202254415793,,,315.0
noisy,0.9199999999999999,0.0,0.8207142206985237,10,2.0,1.0,9.905128535627643,,,252.0
noisy,1.01,0.0,0.9179368885712212,10,2.0,1.0,9.905289420455876,,,120.0
noisy,1.0999999999999999,0.0,0.9985365567833524,10,2.0,1.0,9.910374934124302,,,200.0
noisy,1.19,0.0,1.1476210633883177,10,2.0,1.0,9.910998557231737,,,82.0
noisy,1.28,0.0,1.1959871211851574,10,2.0,1.0,9.911461638172495,,,70.0
noisy,1.3699999999999999,0.0,1.3159742142614463,10,2.0,1.0,9.913397981946778,,,67.0
noisy,1.46,0.0,1.3463051260197043,10,2.0,1.0,9.913097571706341,,,71.0
noisy,1.5499999999999998,0.0,1.4298285126524035,10,2.0,1.0,9.911086074731516,,,62.0
noisy,1.64,0.0,1.5357461130592203,10,2.0,1.0,9.913426805087143,,,39.0
noisy,1.73,0.0,1.597188651534062,10,2.0,1.0,9.913636448663325,,,28.0
noisy,1.8199999999999998,0.0,1.590826098701487,10,2.0,1.0,9.905846122555284,,,43.0
noisy,1.91,0.0,1.6897999492708677,10,2.0,1.0,9.91572611350457,,,82.0
noisy,2.0,0.0,1.7675980922401617,10,2.0,1.0,9.910101840672542,,,53.0
noisy,0.2,0.0,0.141503610665329,11,2.0,1.0,3.432940567061573,,,486.0
noisy,0.29000000000000004,0.0,0.16693909438931617,11,2.0,1.0,3.446413606380546,,,335.0
noisy,0.38,0.0,0.287724802277937,11,2.0,1.0,8.359966735627914,,,398.0
noisy,0.47000000000000003,0.0,0.3760275355354226,11,2.0,1.0,8.598487285900577,,,262.0
noisy,0.56,0.0,0.4641631420860161,11,2.0,1.0,9.837099765064801,,,358.0
noisy,0.6499999999999999,0.0,0.5474444023557482,11,2.0,1.0,9.905664888181894,,,365.0
noisy,0.74,0.0,0.6176979461329348,11,2.0,1.0,9.903066327660214,,,247.0
noisy,0.8300000000000001,0.0,0.6966825879410244,11,2.0,1.0,9.903780781970053,,,191.0
noisy,0.9199999999999999,0.0,0.8122484535774849,11,2.0,1.0,9.905998810504615,,,265.0
noisy,1.01,0.0,0.9296384637222678,11,2.0,1.0,9.905276558559809,,,78.0
noisy,1.0999999999999999,0.0,1.0519125565012863,11,2.0,1.0,9.909742981537535,,,83.0
noisy,1.19,0.0,1.1001438358586184,11,2.0,1.0,9.907230060128816,,,71.0
noisy,1.28,0.0,1.168233480091878,11,2.0,1.0,9.909508501809052,,,85.0
noisy,1.3699999999999999,0.0,1.2872919476973221,11,2.0,1.0,9.911151055309356,,,61.0
noisy,1.46,0.0,1.3718476224681087,11,2.0,1.0,9.90690722447443,,,81.0
noisy,1.5499999999999998,0.0,1.433159160833454,11,2.0,1.0,9.909715549506746,,,53.0
noisy,1.64,0.0,1.5174441933693343,11,2.0,1.0,9.905082270045554,,,40.0
noisy,1.73,0.0,1.5915632939135642,11,2.0,1.0,9.917137535179393,,,44.0
noisy,1.8199999999999998,0.0,1.5946864985469542,11,2.0,1.0,9.912054178858009,,,65.0
noisy,1.91,0.0,1.466644820072761,11,2.0,0.6666666666666666,9.906925110426736,,,37.0
noisy,2.0,0.0,1.7596166586927708,11,2.0,1.0,9.913450941474157,,,70.0
noisy,0.2,0.0,0.1442618035917615,12,2.0,1.0,3.1005728091875397,,,413.0
noisy,0.29000000000000004,0.0,0.19000272865923265,12,2.0,1.0,4.095248052063082,,,425.0
noisy,0.38,0.0,0.2469436054846346,12,2.0,1.0,5.637556579428437,,,315.0
noisy,0.47000000000000003,0.0,0.45631426864837726,12,2.0,1.0,9.901991340640935,,,198.0
noisy,0.56,0.0,0.36309906400064,12,2.0,1.0,7.862337123387972,,,358.0
noisy,0.6499999999999999,0.0,0.5364007872955302,12,2.0,1.0,9.903722703069004,,,357.0
noisy,0.74,0.0,0.602149073906079,12,2.0,1.0,9.905898922190401,,,285.0
noisy,0.8300000000000001,0.0,0.7093175330739926,12,2.0,1.0,9.9077913766231,,,312.0
noisy,0.9199999999999999,0.0,0.8251908958122692,12,2.0,1.0,9.906657275903108,,,173.0
noisy,1.01,0.0,0.9087869394401196,12,2.0,1.0,9.907324788549243,,,217.0
noisy,1.0999999999999999,0.0,1.0363537226329125,12,2.0,1.0,9.908413714603343,,,79.0
noisy,1.19,0.0,1.1549388743663664,12,2.0,1.0,9.910536270630262,,,74.0
noisy,1.28,0.0,1.1783150048969075,12,2.0,1.0,9.912547096670592,,,65.0
noisy,1.3699999999999999,0.0,1.2570847047644602,12,2.0,1.0,9.908149222002805,,,62.0
noisy,1.46,0.0,1.3212707306768066,12,2.0,1.0,9.91038730904844,,,135.0
noisy,1.5499999999999998,0.0,1.4471389842558529,12,2.0,1.0,9.915258745143774,,,40.0
noisy,1.64,0.0,1.5100668637285386,12,2.0,1.0,9.917189396704854,,,39.0
noisy,1.73,0.0,1.549146827632283,12,2.0,1.0,9.91328416829608,,,51.0
noisy,1.8199999999999998,0.0,1.5766449553403872,12,2.0,1.0,9.913209712507003,,,99.0
noisy,1.91,0.0,1.671238157359151,12,2.0,1.0,9.915251324223114,,,42.0
noisy,2.0,0.0,0.7609455368657554,12,2.0,0.0,1.3284254500247732,,,17.0
noisy,0.2,0.0,0.1557965539966947,13,2.0,1.0,3.304184581960534,,,434.0
noisy,0.29000000000000004,0.0,0.16276074649516906,13,2.0,1.0,3.7470436729583465,,,417.0
noisy,0.38,0.0,0.3017644588133975,13,2.0,1.0,6.8573242741351565,,,255.0
noisy,0.47000000000000003,0.0,0.41005212643011174,13,2.0,1.0,9.676117546041592,,,426.0
noisy,0.56,0.0,0.4690790490700428,13,2.0,1.0,9.888887274275618,,,394.0
noisy,0.6499999999999999,0.0,0.5462668862820445,13,2.0,1.0,9.902206444435135,,,255.0
noisy,0.74,0.0,0.6123209620606053,13,2.0,1.0,9.90566699333888,,,310.0
noisy,0.8300000000000001,0.0,0.7192307015265711,13,2.0,1.0,9.903731376416372,,,322.0
noisy,0.9199999999999999,0.0,0.8085955124890144,13,2.0,1.0,9.906892906151132,,,250.0
noisy,1.01,0.0,0.9094189091151869,13,2.0,1.0,9.90846004466635,,,92.0
noisy,1.0999999999999999,0.0,1.020998518420466,13,2.0,1.0,9.908218587218759,,,127.0
noisy,1.19,0.0,1.1105613579769047,13,2.0,1.0,9.90882062162098,,,69.0
noisy,1.28,0.0,1.1881711654969986,13,2.0,1.0,9.912268111202557,,,64.0
noisy,1.3699999999999999,0.0,1.24416337126691,13,2.0,1.0,9.907818777243435,,,85.0
noisy,1.46,0.0,1.352824855156215,13,2.0,1.0,9.907870463553058,,,64.0
noisy,1.5499999999999998,0.0,1.4314329238481076,13,2.0,1.0,9.910832140600952,,,50.0
noisy,1.64,0.0,1.5026226498181134,13,2.0,1.0,9.914142586525486,,,42.0
noisy,1.73,0.0,1.5302048324591244,13,2.0,1.0,9.912202479057937,,,57.0
noisy,1.8199999999999998,0.0,1.5823249653392153,13,2.0,1.0,9.909148545278871,,,63.0
noisy,1.91,0.0,0.5551629883418173,13,2.0,0.0,0.40710135153021054,,,7.0
noisy,2.0,0.0,1.4394257751002053,13,2.0,0.6666666666666666,9.918441589734561,,,106.0
noisy,0.2,0.0,0.13395928552286537,14,2.0,1.0,3.1699534463089636,,,380.0
noisy,0.29000000000000004,0.0,0.16318587694657413,14,2.0,1.0,3.475321064548721,,,417.0
noisy,0.38,0.0,0.25253936484181394,14,2.0,1.0,5.360147110941506,,,367.0
noisy,0.47000000000000003,0.0,0.3487255535106509,14,2.0,1.0,7.653314783361179,,,363.0
noisy,0.56,0.0,0.3664650159533121,14,2.0,1.0,8.158491458822981,,,260.0
noisy,0.6499999999999999,0.0,0.5231919944093554,14,2.0,1.0,9.903211479838525,,,315.0
noisy,0.74,0.0,0.6268363105724591,14,2.0,1.0,9.905499636693595,,,294.0
noisy,0.8300000000000001,0.0,0.7212694695379317,14,2.0,1.0,9.907352162255098,,,202.0
noisy,0.9199999999999999,0.0,0.8209979145069447,14,2.0,1.0,9.905921069899975,,,223.0
noisy,1.01,0.0,0.9042859026470463,14,2.0,1.0,9.906371046168246,,,104.0
noisy,1.0999999999999999,0.0,1.009269648720969,14,2.0,1.0,9.90691522471581,,,77.0
noisy,1.19,0.0,1.1325120717858017,14,2.0,1.0,9.911142903811422,,,73.0
noisy,1.28,0.0,1.1754614825214034,14,2.0,1.0,9.906889274859171,,,70.0
noisy,1.3699999999999999,0.0,1.266636031950256,14,2.0,1.0,9.905554718790423,,,54.0
noisy,1.46,0.0,1.3323859408600693,14,2.0,1.0,9.912798036070873,,,98.0
noisy,1.5499999999999998,0.0,1.399384820601826,14,2.0,1.0,9.91089413037311,,,96.0
noisy,1.64,0.0,1.5114116190541518,14,2.0,1.0,9.911993693282247,,,40.0
noisy,1.73,0.0,1.5636488984731487,14,2.0,1.0,9.914490863804806,,,40.0
noisy,1.8199999999999998,0.0,1.6013247089754241,14,2.0,1.0,9.914041850527928,,,60.0
noisy,1.91,0.0,1.6502704658255885,14,2.0,1.0,9.917411493608311,,,47.0
noisy,2.0,0.0,1.310045900098653,14,2.0,0.3333333333333333,9.915547932150114,,,69.0
noisy,0.2,0.0,0.14781402175419153,15,2.0,1.0,3.433919201489205,,,451.0
noisy,0.29000000000000004,0.0,0.19164320829166615,15,2.0,1.0,4.298995731864955,,,381.0
noisy,0.38,0.0,0.2621590191084196,15,2.0,1.0,6.428895089557609,,,391.0
noisy,0.47000000000000003,0.0,0.32917732139757366,15,2.0,1.0,7.123886900827101,,,376.0
noisy,0.56,0.0,0.4074811955068213,15,2.0,1.0,9.48449672645825,,,312.0
noisy,0.6499999999999999,0.0,0.5601288085911343,15,2.0,1.0,9.901850779191257,,,349.0
noisy,0.74,0.0,0.6461113093014271,15,2.0,1.0,9.90606444087727,,,321.0
noisy,0.8300000000000001,0.0,0.7109545137527292,15,2.0,1.0,9.905996652714167,,,232.0
noisy,0.9199999999999999,0.0,0.8246273804864351,15,2.0,1.0,9.906898300614802,,,162.0
noisy,1.01,0.0,0.9467827180176699,15,2.0,1.0,9.909849407547954,,,85.0
noisy,1.0999999999999999,0.0,1.0434113743568074,15,2.0,1.0,9.903547079482204,,,64.0
noisy,1.19,0.0,1.1225321978019391,15,2.0,1.0,9.910356169338701,,,62.0
noisy,1.28,0.0,1.1654442338872466,15,2.0,1.0,9.911455879486063,,,82.0
noisy,1.3699999999999999,0.0,1.2628850407744652,15,2.0,1.0,9.911639398523098,,,153.0
noisy,1.46,0.0,1.3244685033357777,15,2.0,1.0,9.913043949393744,,,81.0
noisy,1.5499999999999998,0.0,1.438242304366448,15,2.0,1.0,9.908482966179882,,,57.0
noisy,1.64,0.0,1.4860737605652137,15,2.0,1.0,9.914369724234843,,,91.0
noisy,1.73,0.0,1.5696000406611805,15,2.0,1.0,9.914522477836124,,,42.0
noisy,1.8199999999999998,0.0,1.6302737309846371,15,2.0,1.0,9.912427798476815,,,40.0
noisy,1.91,0.0,1.7084987372955964,15,2.0,1.0,9.910695501473105,,,41.0
noisy,2.0,0.0,1.3130426724332904,15,2.0,0.6666666666666666,9.917731949120585,,,85.0
noisy,0.2,0.0,0.162140555153104,16,2.0,1.0,3.7345771088067963,,,285.0
noisy,0.29000000000000004,0.0,0.19325202931522864,16,2.0,1.0,4.47398249232326,,,387.0
noisy,0.38,0.0,0.24255833600983512,16,2.0,1.0,5.868491828596806,,,286.0
noisy,0.47000000000000003,0.0,0.36944698802092785,16,2.0,1.0,8.755816161326349,,,161.0
noisy,0.56,0.0,0.432890962073418,16,2.0,1.0,9.505143001407037,,,263.0
noisy,0.6499999999999999,0.0,0.5476092113772847,16,2.0,1.0,9.90350253464856,,,270.0
noisy,0.74,0.0,0.6027656565010687,16,2.0,1.0,9.90569573846988,,,201.0
noisy,0.8300000000000001,0.0,0.720561121884329,16,2.0,1.0,9.905321273872575,,,261.0
noisy,0.9199999999999999,0.0,0.8425641438738158,16,2.0,1.0,9.903356098706716,,,79.0
noisy,1.01,0.0,0.931593655483972,16,2.0,1.0,9.907299403871827,,,79.0
noisy,1.0999999999999999,0.0,1.0377324830892911,16,2.0,1.0,9.91111333797014,,,80.0
noisy,1.19,0.0,1.1441689032562448,16,2.0,1.0,9.910246063999232,,,61.0
noisy,1.28,0.0,1.128066103370494,16,2.0,1.0,9.905313275386138,,,120.0
noisy,1.3699999999999999,0.0,1.2457638301446285,16,2.0,1.0,9.911056211425374,,,139.0
noisy,1.46,0.0,1.3340501444769977,16,2.0,1.0,9.91083146942406,,,48.0
noisy,1.5499999999999998,0.0,1.4375601801844506,16,2.0,1.0,9.906325567064261,,,73.0
noisy,1.64,0.0,1.462779312358473,16,2.0,1.0,9.912630856161007,,,72.0
noisy,1.73,0.0,1.5700223533893125,16,2.0,1.0,9.914609033999886,,,42.0
noisy,1.8199999999999998,0.0,1.5894486975197324,16,2.0,1.0,9.90906620974861,,,55.0
noisy,1.91,0.0,0.9832405410497369,16,2.0,0.3333333333333333,9.902138502881858,,,9.0
noisy,2.0,0.0,1.1839003389142844,16,2.0,0.3333333333333333,9.904235974397645,,,7.0
noisy,0.2,0.0,0.13889976004136917,17,2.0,1.0,2.963401456280593,,,409.0
noisy,0.29000000000000004,0.0,0.15883802253358795,17,2.0,1.0,3.425783692290871,,,436.0
noisy,0.38,0.0,0.224382223370474,17,2.0,1.0,4.820615677162948,,,354.0
noisy,0.47000000000000003,0.0,0.3630036190603179,17,2.0,1.0,9.366835156713929,,,427.0
noisy,0.56,0.0,0.4245911873156403,17,2.0,1.0,8.950515582879243,,,318.0
noisy,0.6499999999999999,0.0,0.519126436233479,17,2.0,1.0,9.904957500763828,,,345.0
noisy,0.74,0.0,0.6423772248558594,17,2.0,1.0,9.90533022364073,,,319.0
noisy,0.8300000000000001,0.0,0.7207323825692349,17,2.0,1.0,9.907934650423627,,,228.0
noisy,0.9199999999999999,0.0,0.8403439411987487,17,2.0,1.0,9.905472303373067,,,84.0
noisy,1.01,0.0,0.9230582336129517,17,2.0,1.0,9.90611159627517,,,208.0
noisy,1.0999999999999999,0.0,0.9995067968226836,17,2.0,1.0,9.910659019491838,,,165.0
noisy,1.19,0.0,1.1025282539095762,17,2.0,1.0,9.91195859360614,,,145.0
noisy,1.28,0.0,1.1730101013919303,17,2.0,1.0,9.90213797788602,,,86.0
noisy,1.3699999999999999,0.0,1.2778456695610394,17,2.0,1.0,9.90578068527555,,,127.0
noisy,1.46,0.0,1.3304888857299975,17,2.0,1.0,9.909443744606136,,,65.0
noisy,1.5499999999999998,0.0,1.403406539013118,17,2.0,1.0,9.910037824548732,,,100.0
noisy,1.64,0.0,1.5009107910260113,17,2.0,1.0,9.915311324649265,,,46.0
noisy,1.73,0.0,1.2569382423141373,17,2.0,0.6666666666666666,9.906790363458692,,,8.0
noisy,1.8199999999999998,0.0,1.6124433870258494,17,2.0,1.0,9.906911352892278,,,37.0
noisy,1.91,0.0,1.2477695222676808,17,2.0,0.6666666666666666,9.915744788018086,,,104.0
noisy,2.0,0.0,1.496705563915264,17,2.0,0.6666666666666666,9.904830259753956,,,47.0
noisy,0.2,0.0,0.1360299458047325,18,2.0,1.0,2.8689034717927124,,,480.0
noisy,0.29000000000000004,0.0,0.1748658455827288,18,2.0,1.0,3.9027541759284965,,,366.0
noisy,0.38,0.0,0.2741349644919769,18,2.0,1.0,7.930430306028066,,,350.0
noisy,0.47000000000000003,0.0,0.32220421933505367,18,2.0,1.0,7.111250562157639,,,395.0
noisy,0.56,0.0,0.46284107138149816,18,2.0,1.0,9.535677302863773,,,375.0
noisy,0.6499999999999999,0.0,0.5670821431202016,18,2.0,0.6666666666666666,9.903744952734826,,,392.0
noisy,0.74,0.0,0.6159228436947293,18,2.0,1.0,9.905211109140465,,,305.0
noisy,0.8300000000000001,0.0,0.7555380632766169,18,2.0,1.0,9.907159902492946,,,100.0
noisy,0.9199999999999999,0.0,0.843061685947422,18,2.0,1.0,9.903380851927366,,,75.0
noisy,1.01,0.0,0.9314061988996429,18,2.0,1.0,9.903699233428615,,,195.0
noisy,1.0999999999999999,0.0,1.0053236740765394,18,2.0,1.0,9.909142582448144,,,91.0
noisy,1.19,0.0,1.1633703248678662,18,2.0,1.0,9.90664756147259,,,73.0
noisy,1.28,0.0,1.1720373477069144,18,2.0,1.0,9.908174785440721,,,79.0
noisy,1.3699999999999999,0.0,1.3338504943697584,18,2.0,1.0,9.904228013339232,,,57.0
noisy,1.46,0.0,1.3602286142697302,18,2.0,1.0,9.912860236908797,,,52.0
noisy,1.5499999999999998,0.0,1.4237100486761356,18,2.0,1.0,9.907361818985716,,,53.0
noisy,1.64,0.0,1.278636290071815,18,2.0,0.6666666666666666,9.912886389522592,,,36.0
noisy,1.73,0.0,1.5642431402032024,18,2.0,1.0,9.911086255580786,,,32.0
noisy,1.8199999999999998,0.0,1.3440163948214552,18,2.0,0.6666666666666666,9.915485477068856,,,48.0
noisy,1.91,0.0,1.3105685347649931,18,2.0,0.3333333333333333,9.901262087649114,,,40.0
noisy,2.0,0.0,0.6447125031966396,18,2.0,0.0,0.3459140726203324,,,6.0
noisy,0.2,0.0,0.1329733504175326,19,2.0,1.0,2.974731884080099,,,464.0
noisy,0.29000000000000004,0.0,0.16421791965761692,19,2.0,1.0,3.4766933934906916,,,419.0
noisy,0.38,0.0,0.23775821873869685,19,2.0,1.0,5.526338185801922,,,310.0
noisy,0.47000000000000003,0.0,0.37912429950743215,19,2.0,1.0,8.605230575348445,,,308.0
noisy,0.56,0.0,0.4371133809465566,19,2.0,1.0,9.142981519515661,,,402.0
noisy,0.6499999999999999,0.0,0.5511455032366422,19,2.0,1.0,9.905410972283867,,,372.0
noisy,0.74,0.0,0.6332370155548467,19,2.0,1.0,9.90342315878799,,,334.0
noisy,0.8300000000000001,0.0,0.7350949473172951,19,2.0,1.0,9.906643375745967,,,287.0
noisy,0.9199999999999999,0.0,0.8203851506740426,19,2.0,1.0,9.906175354183993,,,273.0
noisy,1.01,0.0,0.9070901665677514,19,2.0,1.0,9.90437491550623,,,126.0
noisy,1.0999999999999999,0.0,1.0017777525636207,19,2.0,1.0,9.909204916970676,,,84.0
noisy,1.19,0.0,1.1407013811841915,19,2.0,1.0,9.90888019722044,,,75.0
noisy,1.28,0.0,1.1286603721433222,19,2.0,0.6666666666666666,9.909857242859822,,,108.0
noisy,1.3699999999999999,0.0,1.3002013251846087,19,2.0,1.0,9.912412214625835,,,74.0
noisy,1.46,0.0,1.335865710422511,19,2.0,1.0,9.908875954409337,,,77.0
noisy,1.5499999999999998,0.0,1.399497408969635,19,2.0,1.0,9.909591905763072,,,75.0
noisy,1.64,0.0,1.5180050434604488,19,2.0,1.0,9.912415097669165,,,47.0
noisy,1.73,0.0,1.5480677039677078,19,2.0,1.0,9.912570201364655,,,52.0
noisy,1.8199999999999998,0.0,1.289881430511176,19,2.0,0.6666666666666666,9.912124475912242,,,38.0
noisy,1.91,0.0,1.1259653126370441,19,2.0,0.3333333333333333,9.915887461601585,,,69.0
noisy,2.0,0.0,1.223962937544069,19,2.0,0.6666666666666666,9.917603677627207,,,44.0
