demo type,cmd speed,angle,mean speed,noise level,resolution,success,max range,trial_no,symmetry index,steps taken
noisy,0.2,0.0,0.25083511445721157,1,0.25,1.0,5.096339503962963,,,273.0
noisy,0.29000000000000004,0.0,0.3308896832081257,1,0.25,1.0,6.834558187154831,,,287.0
noisy,0.38,0.0,0.42254352984811416,1,0.25,1.0,8.612657021435227,,,344.0
noisy,0.47000000000000003,0.0,0.516270402910116,1,0.25,1.0,9.902848619968774,,,482.0
noisy,0.56,0.0,0.5952784311452687,1,0.25,1.0,9.902071618418494,,,374.0
noisy,0.6499999999999999,0.0,0.6764860322414127,1,0.25,1.0,9.90553542406255,,,458.0
noisy,0.74,0.0,0.7665575676150308,1,0.25,1.0,9.907312313465564,,,422.0
noisy,0.8300000000000001,0.0,0.8489983630156903,1,0.25,1.0,9.90758579307306,,,345.0
noisy,0.9199999999999999,0.0,0.9408721555252028,1,0.25,1.0,9.909288828367378,,,411.0
noisy,1.01,0.0,1.03143934913172,1,0.25,1.0,9.909866664399972,,,319.0
noisy,1.0999999999999999,0.0,1.1121765064450397,1,0.25,1.0,9.906164182344359,,,283.0
noisy,1.19,0.0,1.1823917565188922,1,0.25,1.0,9.905638293266247,,,287.0
noisy,1.28,0.0,1.2697480435105675,1,0.25,1.0,9.911895813658907,,,288.0
noisy,1.3699999999999999,0.0,1.3506847112606195,1,0.25,1.0,9.913354680652605,,,320.0
noisy,1.46,0.0,1.4429411326543873,1,0.25,1.0,9.909511260434044,,,257.0
noisy,1.5499999999999998,0.0,1.5156966448272529,1,0.25,1.0,9.915430558034043,,,258.0
noisy,1.64,0.0,1.5937447933780866,1,0.25,1.0,9.915771846751552,,,234.0
noisy,1.73,0.0,1.7311652833487947,1,0.25,0.6666666666666666,9.90467516219589,,,234.0
noisy,1.8199999999999998,0.0,1.7707975348972038,1,0.25,1.0,9.915137994159796,,,208.0
noisy,1.91,0.0,1.7499554877327774,1,0.25,0.6666666666666666,9.910994354383075,,,35.0
noisy,2.0,0.0,0.9263013475974557,1,0.25,0.0,1.418874100507464,,,14.0
noisy,0.2,0.0,-0.06579411354641007,2,0.25,0.0,0.0,,,530.0
noisy,0.29000000000000004,0.0,-0.05555389295812189,2,0.25,0.0,0.0,,,757.0
noisy,0.38,0.0,-0.03499673384406867,2,0.25,0.0,0.0,,,559.0
noisy,0.47000000000000003,0.0,-0.023050235839922762,2,0.25,0.0,0.0,,,706.0
noisy,0.56,0.0,-0.019338997414036604,2,0.25,0.0,0.0,,,628.0
noisy,0.6499999999999999,0.0,-0.01706066222269056,2,0.25,0.0,0.0,,,635.0
noisy,0.74,0.0,-0.013968810398155842,2,0.25,0.0,0.0,,,572.0
noisy,0.8300000000000001,0.0,-0.012585354175511348,2,0.25,0.0,0.0,,,549.0
noisy,0.9199999999999999,0.0,-0.009671472898437138,2,0.25,0.0,0.0,,,626.0
noisy,1.01,0.0,-0.005662809035237995,2,0.25,0.0,0.0,,,567.0
noisy,1.0999999999999999,0.0,-0.00681809210616268,2,0.25,0.0,0.0,,,372.0
noisy,1.19,0.0,-0.006310724024587815,2,0.25,0.0,0.0,,,331.0
noisy,1.28,0.0,-0.003089811861418618,2,0.25,0.0,0.0,,,156.0
noisy,1.3699999999999999,0.0,-0.0931608445335503,2,0.25,0.0,0.0,,,179.0
noisy,1.46,0.0,0.0013752398298287627,2,0.25,1.0,0.05950526673969551,,,72.0
noisy,1.5499999999999998,0.0,-0.015293030814174288,2,0.25,0.3333333333333333,0.010891419842928064,,,91.0
noisy,1.64,0.0,-0.0383667944232874,2,0.25,0.0,0.0,,,119.0
noisy,1.73,0.0,-0.05889424562385373,2,0.25,0.0,0.0,,,111.0
noisy,1.8199999999999998,0.0,0.0003732065237663713,2,0.25,0.6666666666666666,0.018160174725132417,,,80.0
noisy,1.91,0.0,-0.025123438396590606,2,0.25,0.6666666666666666,0.08507494522795273,,,16.0
noisy,2.0,0.0,-0.17098741497104428,2,0.25,0.0,0.0,,,90.0
noisy,0.2,0.0,-0.06620048423932812,3,0.25,0.0,0.0,,,542.0
noisy,0.29000000000000004,0.0,-0.0424718987550759,3,0.25,0.0,0.0,,,792.0
noisy,0.38,0.0,-0.027860273877690727,3,0.25,0.0,0.0,,,735.0
noisy,0.47000000000000003,0.0,-0.02285132433838934,3,0.25,0.0,0.0,,,626.0
noisy,0.56,0.0,-0.02400764469119097,3,0.25,0.0,0.0,,,699.0
noisy,0.6499999999999999,0.0,-0.017829338346342014,3,0.25,0.0,0.0,,,674.0
noisy,0.74,0.0,-0.015255407303331808,3,0.25,0.0,0.0,,,750.0
noisy,0.8300000000000001,0.0,-0.006537698376532019,3,0.25,0.3333333333333333,0.05307069157129131,,,222.0
noisy,0.9199999999999999,0.0,-0.00539976564752745,3,0.25,0.3333333333333333,0.04309736842386394,,,82.0
noisy,1.01,0.0,-0.007689835541679745,3,0.25,0.0,0.0,,,527.0
noisy,1.0999999999999999,0.0,-0.01853574981977354,3,0.25,0.0,0.0,,,372.0
noisy,1.19,0.0,-0.005010870617957538,3,0.25,0.0,0.0,,,315.0
noisy,1.28,0.0,-0.002295070226371798,3,0.25,0.3333333333333333,0.004220232185310611,,,206.0
noisy,1.3699999999999999,0.0,-0.0015308049300314277,3,0.25,0.3333333333333333,0.00503741345027647,,,167.0
noisy,1.46,0.0,-0.08557510985156742,3,0.25,0.0,0.0,,,85.0
noisy,1.5499999999999998,0.0,-0.037863287584051636,3,0.25,0.0,0.0,,,106.0
noisy,1.64,0.0,-0.07956382257491006,3,0.25,0.0,0.0,,,65.0
noisy,1.73,0.0,-0.050661362705514114,3,0.25,0.3333333333333333,0.05045783736954278,,,105.0
noisy,1.8199999999999998,0.0,-0.18997549204692224,3,0.25,0.0,0.0,,,17.0
noisy,1.91,0.0,-0.3318451296400837,3,0.25,0.0,0.0,,,30.0
noisy,2.0,0.0,-0.376221385209255,3,0.25,0.0,0.0,,,76.0
noisy,0.2,0.0,-0.04226589551182566,4,0.25,0.0,0.0,,,421.0
noisy,0.29000000000000004,0.0,-0.03383220718169636,4,0.25,0.0,0.0,,,630.0
noisy,0.38,0.0,-0.0227603816876549,4,0.25,0.0,0.0,,,544.0
noisy,0.47000000000000003,0.0,-0.015052567688420346,4,0.25,0.0,0.0,,,464.0
noisy,0.56,0.0,-0.015368427547900224,4,0.25,0.0,0.0,,,627.0
noisy,0.6499999999999999,0.0,-0.019980621380202325,4,0.25,0.0,0.0,,,737.0
noisy,0.74,0.0,-0.009965674677341708,4,0.25,0.3333333333333333,0.023489714615624206,,,667.0
noisy,0.8300000000000001,0.0,-0.012470712814857012,4,0.25,0.0,0.0,,,647.0
noisy,0.9199999999999999,0.0,-0.010224450144647347,4,0.25,0.0,0.0,,,544.0
noisy,1.01,0.0,-0.008867521661357227,4,0.25,0.0,0.0,,,401.0
noisy,1.0999999999999999,0.0,-0.006783817229048618,4,0.25,0.0,0.0,,,238.0
noisy,1.19,0.0,-0.004340474913913913,4,0.25,0.0,0.0,,,189.0
noisy,1.28,0.0,-0.0030456469273207796,4,0.25,0.0,0.0,,,199.0
noisy,1.3699999999999999,0.0,0.0016857484101750464,4,0.25,1.0,0.04999556870301558,,,26.0
noisy,1.46,0.0,-0.0015025788411887585,4,0.25,0.0,0.0,,,90.0
noisy,1.5499999999999998,0.0,-0.0038430522257985587,4,0.25,0.3333333333333333,0.008462598117405105,,,254.0
noisy,1.64,0.0,-0.17663875360040152,4,0.25,0.3333333333333333,0.03260066866412059,,,86.0
noisy,1.73,0.0,-0.1432065232761497,4,0.25,0.3333333333333333,0.07013856659502951,,,19.0
noisy,1.8199999999999998,0.0,-0.027087696574031653,4,0.25,0.3333333333333333,0.08199052527606754,,,18.0
noisy,1.91,0.0,-0.17108487222564253,4,0.25,0.0,0.0,,,86.0
noisy,2.0,0.0,-0.18485871998704514,4,0.25,0.3333333333333333,0.07049715186548847,,,16.0
noisy,0.2,0.0,-0.04383720376312486,5,0.25,0.0,0.0,,,403.0
noisy,0.29000000000000004,0.0,-0.025470796014999398,5,0.25,0.0,0.0,,,594.0
noisy,0.38,0.0,-0.02283630926846771,5,0.25,0.0,0.0,,,643.0
noisy,0.47000000000000003,0.0,-0.016480441694785956,5,0.25,0.0,0.0,,,718.0
noisy,0.56,0.0,-0.018789399046427856,5,0.25,0.0,0.0,,,675.0
noisy,0.6499999999999999,0.0,-0.0159739911799359,5,0.25,0.0,0.0,,,607.0
noisy,0.74,0.0,-0.015154968527160072,5,0.25,0.0,0.0,,,727.0
noisy,0.8300000000000001,0.0,-0.011237861298778344,5,0.25,0.0,0.0,,,653.0
noisy,0.9199999999999999,0.0,-0.007815475260689786,5,0.25,0.0,0.0,,,634.0
noisy,1.01,0.0,-0.004738743674175935,5,0.25,0.0,0.0,,,221.0
noisy,1.0999999999999999,0.0,-0.003744512700378535,5,0.25,0.0,0.0,,,424.0
noisy,1.19,0.0,-0.1394893973811309,5,0.25,0.0,0.0,,,86.0
noisy,1.28,0.0,-0.003434249106839366,5,0.25,0.0,0.0,,,195.0
noisy,1.3699999999999999,0.0,4.889542026041923e-05,5,0.25,0.6666666666666666,0.029105266128120953,,,148.0
noisy,1.46,0.0,0.00038497881450555655,5,0.25,0.6666666666666666,0.06773627565262089,,,46.0
noisy,1.5499999999999998,0.0,-0.013679262118260831,5,0.25,0.0,0.0,,,37.0
noisy,1.64,0.0,-0.020536290173208387,5,0.25,0.3333333333333333,0.019440712897707768,,,103.0
noisy,1.73,0.0,-0.015446095394624507,5,0.25,0.6666666666666666,0.06556184234833097,,,12.0
noisy,1.8199999999999998,0.0,-0.05515783569276576,5,0.25,0.3333333333333333,0.08076818630499646,,,64.0
noisy,1.91,0.0,-0.08083898396104906,5,0.25,0.0,0.0,,,41.0
noisy,2.0,0.0,-0.20418999583509342,5,0.25,0.0,0.0,,,82.0
noisy,0.2,0.0,-0.03246085611684268,6,0.25,0.0,0.0,,,448.0
noisy,0.29000000000000004,0.0,-0.01915820317869929,6,0.25,0.0,0.0,,,568.0
noisy,0.38,0.0,-0.014343858180113916,6,0.25,0.0,0.0,,,443.0
noisy,0.47000000000000003,0.0,-0.017551542870501483,6,0.25,0.0,0.0,,,683.0
noisy,0.56,0.0,-0.01610960480124926,6,0.25,0.0,0.0,,,699.0
noisy,0.6499999999999999,0.0,-0.017057904611318304,6,0.25,0.0,0.0,,,692.0
noisy,0.74,0.0,-0.008421321283926728,6,0.25,0.3333333333333333,0.03183636356995717,,,692.0
noisy,0.8300000000000001,0.0,-0.010333039641315014,6,0.25,0.0,0.0,,,632.0
noisy,0.9199999999999999,0.0,-0.006445449374812117,6,0.25,0.0,0.0,,,492.0
noisy,1.01,0.0,-0.007710618035936675,6,0.25,0.0,0.0,,,505.0
noisy,1.0999999999999999,0.0,-0.004043368176710781,6,0.25,0.0,0.0,,,376.0
noisy,1.19,0.0,-0.034282979794822255,6,0.25,0.0,0.0,,,295.0
noisy,1.28,0.0,-0.0025045423249011422,6,0.25,0.3333333333333333,0.01996630828924267,,,252.0
noisy,1.3699999999999999,0.0,-0.012782962487914759,6,0.25,0.3333333333333333,0.043442791084579505,,,24.0
noisy,1.46,0.0,-0.011948414195947797,6,0.25,0.6666666666666666,0.040601339257787895,,,83.0
noisy,1.5499999999999998,0.0,-0.015585083521209271,6,0.25,0.3333333333333333,0.060136664139975565,,,58.0
noisy,1.64,0.0,-0.015571081375735839,6,0.25,0.3333333333333333,0.020739919693484127,,,143.0
noisy,1.73,0.0,-0.07940470373560916,6,0.25,0.0,0.0,,,35.0
noisy,1.8199999999999998,0.0,-0.022689714071282726,6,0.25,0.6666666666666666,0.08179923869868905,,,18.0
noisy,1.91,0.0,0.0036727648295505825,6,0.25,1.0,0.08810368300351804,,,19.0
noisy,2.0,0.0,-0.14821120872537788,6,0.25,0.0,0.0,,,37.0
noisy,0.2,0.0,-0.02900110965248563,7,0.25,0.0,0.0,,,459.0
noisy,0.29000000000000004,0.0,-0.02137481556226503,7,0.25,0.0,0.0,,,635.0
noisy,0.38,0.0,-0.0036136555724464218,7,0.25,0.0,0.0,,,406.0
noisy,0.47000000000000003,0.0,-0.019662903852839465,7,0.25,0.0,0.0,,,677.0
noisy,0.56,0.0,-0.0186442039427731,7,0.25,0.0,0.0,,,772.0
noisy,0.6499999999999999,0.0,-0.01899455491250127,7,0.25,0.0,0.0,,,682.0
noisy,0.74,0.0,-0.013797530086672914,7,0.25,0.0,0.0,,,732.0
noisy,0.8300000000000001,0.0,-0.007632518303565132,7,0.25,0.0,0.0,,,583.0
noisy,0.9199999999999999,0.0,-0.006405007963158483,7,0.25,0.0,0.0,,,471.0
noisy,1.01,0.0,-0.005102994364952227,7,0.25,0.0,0.0,,,511.0
noisy,1.0999999999999999,0.0,-0.00464675322386367,7,0.25,0.0,0.0,,,281.0
noisy,1.19,0.0,-0.025671751940798695,7,0.25,0.0,0.0,,,420.0
noisy,1.28,0.0,-0.026981796671261587,7,0.25,0.0,0.0,,,261.0
noisy,1.3699999999999999,0.0,-0.00034916964466929595,7,0.25,0.3333333333333333,0.030686687349113846,,,69.0
noisy,1.46,0.0,-0.0003819533805703428,7,0.25,0.6666666666666666,0.019713998819731453,,,135.0
noisy,1.5499999999999998,0.0,-0.0017327488820025275,7,0.25,0.0,0.0,,,88.0
noisy,1.64,0.0,-0.02035369503422691,7,0.25,0.3333333333333333,0.03694772394662095,,,59.0
noisy,1.73,0.0,-0.10055379561942605,7,0.25,0.3333333333333333,0.0014301015597454176,,,54.0
noisy,1.8199999999999998,0.0,-0.04496100505308676,7,0.25,0.0,0.0,,,87.0
noisy,1.91,0.0,-0.13972091091775937,7,0.25,0.0,0.0,,,67.0
noisy,2.0,0.0,-0.3345121517932906,7,0.25,0.0,0.0,,,19.0
noisy,0.2,0.0,-0.008673215772357051,8,0.25,0.6666666666666666,0.01505980142899958,,,171.0
noisy,0.29000000000000004,0.0,-0.013947330109599657,8,0.25,0.0,0.0,,,566.0
noisy,0.38,0.0,-0.004764653786341892,8,0.25,0.3333333333333333,0.02247132007667591,,,294.0
noisy,0.47000000000000003,0.0,-0.005916899441263408,8,0.25,0.0,0.0,,,384.0
noisy,0.56,0.0,-0.012987016415171956,8,0.25,0.0,0.0,,,558.0
noisy,0.6499999999999999,0.0,-0.014399782102235253,8,0.25,0.0,0.0,,,694.0
noisy,0.74,0.0,-0.014550084744855514,8,0.25,0.0,0.0,,,705.0
noisy,0.8300000000000001,0.0,-0.007420164107468963,8,0.25,0.0,0.0,,,120.0
noisy,0.9199999999999999,0.0,-0.006338600800136557,8,0.25,0.0,0.0,,,367.0
noisy,1.01,0.0,-0.007035815271485842,8,0.25,0.0,0.0,,,569.0
noisy,1.0999999999999999,0.0,-0.007711809701044812,8,0.25,0.0,0.0,,,395.0
noisy,1.19,0.0,-0.0868698022163395,8,0.25,0.0,0.0,,,457.0
noisy,1.28,0.0,-0.1030050393097791,8,0.25,0.0,0.0,,,349.0
noisy,1.3699999999999999,0.0,-0.0024111896602838677,8,0.25,0.3333333333333333,0.012704538188215424,,,569.0
noisy,1.46,0.0,-0.07588237198772511,8,0.25,0.0,0.0,,,362.0
noisy,1.5499999999999998,0.0,-0.09727988511373777,8,0.25,0.0,0.0,,,50.0
noisy,1.64,0.0,-0.01847996712710848,8,0.25,0.0,0.0,,,186.0
noisy,1.73,0.0,-0.017562882734763006,8,0.25,0.3333333333333333,0.017022154303889536,,,72.0
noisy,1.8199999999999998,0.0,-0.033333140563592156,8,0.25,0.3333333333333333,0.06645772590153137,,,32.0
noisy,1.91,0.0,-0.31349063220707435,8,0.25,0.0,0.0,,,102.0
noisy,2.0,0.0,-0.2415411394283247,8,0.25,0.0,0.0,,,18.0
noisy,0.2,0.0,-0.027416387079460407,9,0.25,0.0,0.0,,,411.0
noisy,0.29000000000000004,0.0,-0.011439451961456919,9,0.25,0.0,0.0,,,607.0
noisy,0.38,0.0,-0.008464058562573798,9,0.25,0.0,0.0,,,321.0
noisy,0.47000000000000003,0.0,-0.007478934237672908,9,0.25,0.0,0.0,,,432.0
noisy,0.56,0.0,-0.015165011649862744,9,0.25,0.0,0.0,,,645.0
noisy,0.6499999999999999,0.0,-0.010126172450714078,9,0.25,0.0,0.0,,,270.0
noisy,0.74,0.0,-0.0101470431784443,9,0.25,0.0,0.0,,,147.0
noisy,0.8300000000000001,0.0,-0.01060013113435167,9,0.25,0.0,0.0,,,654.0
noisy,0.9199999999999999,0.0,-0.006185880993892691,9,0.25,0.0,0.0,,,564.0
noisy,1.01,0.0,-0.005474852045080007,9,0.25,0.0,0.0,,,430.0
noisy,1.0999999999999999,0.0,-0.0058527521680512345,9,0.25,0.0,0.0,,,375.0
noisy,1.19,0.0,-0.009518761268308638,9,0.25,0.0,0.0,,,292.0
noisy,1.28,0.0,-0.02293914635069419,9,0.25,0.0,0.0,,,235.0
noisy,1.3699999999999999,0.0,-0.2594607761808874,9,0.25,0.0,0.0,,,240.0
noisy,1.46,0.0,-0.09813894617121866,9,0.25,0.3333333333333333,0.018291130405110295,,,71.0
noisy,1.5499999999999998,0.0,-0.19387468576577657,9,0.25,0.0,0.0,,,22.0
noisy,1.64,0.0,-0.20313942965254797,9,0.25,0.3333333333333333,0.07305588957260889,,,17.0
noisy,1.73,0.0,-0.4562551127610706,9,0.25,0.0,0.0,,,5.0
noisy,1.8199999999999998,0.0,-0.3829341290484886,9,0.25,0.0,0.0,,,22.0
noisy,1.91,0.0,-0.1556461840263692,9,0.25,0.0,0.0,,,21.0
noisy,2.0,0.0,-0.36198930446160776,9,0.25,0.0,0.0,,,24.0
noisy,0.2,0.0,-0.020665954077078816,10,0.25,0.0,0.0,,,415.0
noisy,0.29000000000000004,0.0,-0.004213365790922825,10,0.25,0.0,0.0,,,501.0
noisy,0.38,0.0,-0.011999313817791924,10,0.25,0.0,0.0,,,473.0
noisy,0.47000000000000003,0.0,-0.010986676531735929,10,0.25,0.0,0.0,,,518.0
noisy,0.56,0.0,-0.014890955178595407,10,0.25,0.0,0.0,,,640.0
noisy,0.6499999999999999,0.0,-0.011482089997599879,10,0.25,0.0,0.0,,,438.0
noisy,0.74,0.0,-0.14798962805658689,10,0.25,0.0,0.0638160235012269,,,413.0
noisy,0.8300000000000001,0.0,-0.00565706444893721,10,0.25,0.0,0.0,,,131.0
noisy,0.9199999999999999,0.0,-0.009424929066443249,10,0.25,0.0,0.0,,,691.0
noisy,1.01,0.0,-0.004620364787898344,10,0.25,0.0,0.0,,,512.0
noisy,1.0999999999999999,0.0,-0.004196679960045327,10,0.25,0.3333333333333333,0.025078085353823894,,,611.0
noisy,1.19,0.0,-0.005048324756493379,10,0.25,0.0,0.0,,,348.0
noisy,1.28,0.0,-0.21398920309835553,10,0.25,0.0,0.0,,,527.0
noisy,1.3699999999999999,0.0,-0.004575816708296308,10,0.25,0.0,0.0,,,660.0
noisy,1.46,0.0,-0.3117545106976884,10,0.25,0.0,0.0,,,410.0
noisy,1.5499999999999998,0.0,-0.2229454089321704,10,0.25,0.3333333333333333,0.0056627020703782,,,400.0
noisy,1.64,0.0,-0.1395464755766371,10,0.25,0.0,0.0,,,388.0
noisy,1.73,0.0,-0.5076515020698396,10,0.25,0.0,0.0,,,341.0
noisy,1.8199999999999998,0.0,-0.4262705396916691,10,0.25,0.0,0.0,,,46.0
noisy,1.91,0.0,-0.4991429346793404,10,0.25,0.0,0.0,,,19.0
noisy,2.0,0.0,-0.037826975270500496,10,0.25,0.0,0.13638142646842238,,,30.0
noisy,0.2,0.0,0.03229722916611379,11,0.25,0.0,0.028773348420187132,,,278.0
noisy,0.29000000000000004,0.0,-0.004145629568829346,11,0.25,0.0,0.0,,,249.0
noisy,0.38,0.0,-0.008225133816324835,11,0.25,0.0,0.0,,,635.0
noisy,0.47000000000000003,0.0,0.059234373754072304,11,0.25,0.0,0.053060282938778264,,,199.0
noisy,0.56,0.0,-0.002203476209042554,11,0.25,0.0,0.0,,,645.0
noisy,0.6499999999999999,0.0,0.05939232714174361,11,0.25,0.0,0.049467354456027526,,,703.0
noisy,0.74,0.0,-0.5605210464791653,11,0.25,0.0,0.0,,,621.0
noisy,0.8300000000000001,0.0,-0.00847662081833395,11,0.25,0.0,0.0,,,487.0
noisy,0.9199999999999999,0.0,-0.009390782721764199,11,0.25,0.0,0.0,,,284.0
noisy,1.01,0.0,-0.2124368914139236,11,0.25,0.0,0.0,,,320.0
noisy,1.0999999999999999,0.0,-0.006745646903260186,11,0.25,0.0,0.0,,,330.0
noisy,1.19,0.0,-0.39953616353327376,11,0.25,0.0,0.0,,,20.0
noisy,1.28,0.0,-0.5719169609939634,11,0.25,0.0,0.0,,,9.0
noisy,1.3699999999999999,0.0,-0.4755920133126748,11,0.25,0.0,0.0,,,525.0
noisy,1.46,0.0,-0.33576904246314965,11,0.25,0.0,0.0,,,45.0
noisy,1.5499999999999998,0.0,0.023794083385850363,11,0.25,0.0,0.10868658733122334,,,606.0
noisy,1.64,0.0,-0.09298376230113241,11,0.25,0.0,0.11980009472881482,,,709.0
noisy,1.73,0.0,0.10004512272790585,11,0.25,0.0,0.12608948770566936,,,97.0
noisy,1.8199999999999998,0.0,-0.4946159741545659,11,0.25,0.0,0.0,,,96.0
noisy,1.91,0.0,-0.5243135755853016,11,0.25,0.0,0.0,,,21.0
noisy,2.0,0.0,-0.0679529281824844,11,0.25,0.0,0.13310093691369615,,,18.0
noisy,0.2,0.0,0.014371229752837994,12,0.25,0.0,0.018503653369395023,,,411.0
noisy,0.29000000000000004,0.0,-0.01315652585584747,12,0.25,0.0,0.0,,,516.0
noisy,0.38,0.0,0.047698615520542414,12,0.25,0.0,0.04002614129347672,,,0.0
noisy,0.47000000000000003,0.0,-0.004521037422812806,12,0.25,0.0,0.0,,,452.0
noisy,0.56,0.0,0.06286169534643422,12,0.25,0.0,0.051833629688057714,,,0.0
noisy,0.6499999999999999,0.0,-0.1474209168516692,12,0.25,0.3333333333333333,0.0017633190486373255,,,606.0
noisy,0.74,0.0,0.0815315606634731,12,0.25,0.0,0.0624979918376931,,,208.0
noisy,0.8300000000000001,0.0,0.08375071918858883,12,0.25,0.0,0.06673081393342475,,,0.0
noisy,0.9199999999999999,0.0,-0.10870488621098746,12,0.25,0.0,0.0,,,654.0
noisy,1.01,0.0,-0.20847851031287334,12,0.25,0.0,0.0,,,427.0
noisy,1.0999999999999999,0.0,-0.08004851390066244,12,0.25,0.0,0.09868832824709901,,,0.0
noisy,1.19,0.0,-0.5412214998596743,12,0.25,0.0,0.0,,,14.0
noisy,1.28,0.0,-0.6649220874700615,12,0.25,0.0,0.0,,,512.0
noisy,1.3699999999999999,0.0,0.074659050245874,12,0.25,0.0,0.10302279485133542,,,0.0
noisy,1.46,0.0,-0.4716467013176562,12,0.25,0.0,0.0,,,12.0
noisy,1.5499999999999998,0.0,-0.07907694446405901,12,0.25,0.3333333333333333,0.40622635122279327,,,0.0
noisy,1.64,0.0,-0.3150253503732342,12,0.25,0.0,0.11471078734721565,,,13.0
noisy,1.73,0.0,0.09845362594744383,12,0.25,0.0,0.11448777495123261,,,0.0
noisy,1.8199999999999998,0.0,-0.6231437197221772,12,0.25,0.0,0.0,,,14.0
noisy,1.91,0.0,-0.7346930062032233,12,0.25,0.0,0.0,,,18.0
noisy,2.0,0.0,0.172461886922445,12,0.25,0.0,0.12775910926793105,,,0.0
noisy,0.2,0.0,0.04659790643430684,13,0.25,0.0,0.026556058813142186,,,296.0
noisy,0.29000000000000004,0.0,0.0375065852845475,13,0.25,0.0,0.0304040018536506,,,423.0
noisy,0.38,0.0,0.029536811264298107,13,0.25,0.0,0.028082899986642592,,,519.0
noisy,0.47000000000000003,0.0,-0.006630691132189395,13,0.25,0.3333333333333333,0.07023967242222896,,,306.0
noisy,0.56,0.0,0.07743289735440367,13,0.25,0.6666666666666666,0.058492091047948044,,,546.0
noisy,0.6499999999999999,0.0,-0.26391069621292873,13,0.25,0.3333333333333333,0.05952235932974379,,,16.0
noisy,0.74,0.0,0.14938865846126304,13,0.25,0.0,0.06434725676026498,,,0.0
noisy,0.8300000000000001,0.0,-0.24079035695924134,13,0.25,0.0,0.0,,,16.0
noisy,0.9199999999999999,0.0,-0.07385216623511172,13,0.25,0.0,0.07285786660947456,,,0.0
noisy,1.01,0.0,-0.5047472171747274,13,0.25,0.0,0.0,,,53.0
noisy,1.0999999999999999,0.0,-0.23622590788752187,13,0.25,0.0,0.09319151784666638,,,15.0
noisy,1.19,0.0,-0.5136046628453136,13,0.25,0.0,0.0,,,14.0
noisy,1.28,0.0,-0.5317220370885648,13,0.25,0.0,0.09644472636607694,,,11.0
noisy,1.3699999999999999,0.0,-0.8530938569526612,13,0.25,0.0,0.0,,,12.0
noisy,1.46,0.0,-0.3910834380541545,13,0.25,0.0,0.11130836092285812,,,0.0
noisy,1.5499999999999998,0.0,-0.38969630417749057,13,0.25,0.0,0.09728681618689965,,,3.0
noisy,1.64,0.0,0.07798839602661123,13,0.25,0.0,0.1193082083715204,,,0.0
noisy,1.73,0.0,-0.3332124744631438,13,0.25,0.0,0.0935140572193551,,,0.0
noisy,1.8199999999999998,0.0,-0.4201421907591225,13,0.25,0.0,0.11763130321445177,,,0.0
noisy,1.91,0.0,-0.7667605373595663,13,0.25,0.0,0.0,,,5.0
noisy,2.0,0.0,0.056848147043473,13,0.25,0.0,0.12943161095703762,,,0.0
noisy,0.2,0.0,0.010297912776765285,14,0.25,0.0,0.021241006031821573,,,356.0
noisy,0.29000000000000004,0.0,0.06290050683873209,14,0.25,0.3333333333333333,0.058935508174964124,,,0.0
noisy,0.38,0.0,0.0346757190638706,14,0.25,0.0,0.032486352133696224,,,0.0
noisy,0.47000000000000003,0.0,-0.266005716154824,14,0.25,0.3333333333333333,0.061354513186919486,,,27.0
noisy,0.56,0.0,-0.1716888630836104,14,0.25,0.0,0.0,,,32.0
noisy,0.6499999999999999,0.0,-0.536360559304475,14,0.25,0.3333333333333333,0.07120132079454856,,,634.0
noisy,0.74,0.0,-0.44593418160819404,14,0.25,0.0,0.0543665018704001,,,22.0
noisy,0.8300000000000001,0.0,-0.5938976051794235,14,0.25,0.0,0.0,,,10.0
noisy,0.9199999999999999,0.0,-0.6120380802827824,14,0.25,0.0,0.0,,,13.0
noisy,1.01,0.0,-0.46387608694862514,14,0.25,0.0,0.06852582358663294,,,19.0
noisy,1.0999999999999999,0.0,-0.49649098582388057,14,0.25,0.0,0.07593534109282501,,,0.0
noisy,1.19,0.0,-0.9297976377508205,14,0.25,0.0,0.0,,,10.0
noisy,1.28,0.0,-0.5494416894086015,14,0.25,0.0,0.08794316981411283,,,12.0
noisy,1.3699999999999999,0.0,-0.36773872436571137,14,0.25,0.0,0.08416458063037127,,,26.0
noisy,1.46,0.0,-0.20581083411473064,14,0.25,0.0,0.10419699915146338,,,86.0
noisy,1.5499999999999998,0.0,-0.4373945093452309,14,0.25,0.0,0.11036385861031789,,,19.0
noisy,1.64,0.0,-0.42220880351496354,14,0.25,0.0,0.11279780338490226,,,10.0
noisy,1.73,0.0,0.05532437231900411,14,0.25,0.0,0.11009589901532256,,,0.0
noisy,1.8199999999999998,0.0,1.6622150883045599,14,0.25,0.0,1.480225512408039,,,0.0
noisy,1.91,0.0,0.043636488737119526,14,0.25,0.0,0.11137342467688152,,,0.0
noisy,2.0,0.0,0.5072986822634927,14,0.25,0.0,0.11779531740669559,,,0.0
noisy,0.2,0.0,-0.02256648512500638,15,0.25,0.0,0.0,,,179.0
noisy,0.29000000000000004,0.0,0.02521458828000764,15,0.25,0.0,0.027106192106993537,,,434.0
noisy,0.38,0.0,0.02538274420007697,15,0.25,0.0,0.028042107916992572,,,0.0
noisy,0.47000000000000003,0.0,-0.37690216168868224,15,0.25,0.0,0.0,,,478.0
noisy,0.56,0.0,0.12505033464475396,15,0.25,0.3333333333333333,0.12311726360174181,,,584.0
noisy,0.6499999999999999,0.0,-0.018297469877444256,15,0.25,0.0,0.06282235581703921,,,0.0
noisy,0.74,0.0,-0.10460456070667608,15,0.25,0.0,0.06375279277792022,,,23.0
noisy,0.8300000000000001,0.0,-0.12546913711533136,15,0.25,0.0,0.06620077616684415,,,0.0
noisy,0.9199999999999999,0.0,-0.8263240328084037,15,0.25,0.0,0.0,,,22.0
noisy,1.01,0.0,-0.13491762469152319,15,0.25,0.0,0.07502051163810639,,,0.0
noisy,1.0999999999999999,0.0,-1.0327040369660943,15,0.25,0.0,0.0,,,6.0
noisy,1.19,0.0,-0.3677373243393065,15,0.25,0.0,0.09594399630068447,,,16.0
noisy,1.28,0.0,-0.04925035861392638,15,0.25,0.0,0.09076749264757722,,,10.0
noisy,1.3699999999999999,0.0,-0.5321346580348743,15,0.25,0.0,0.09457091884430496,,,13.0
noisy,1.46,0.0,-1.0126703961405135,15,0.25,0.0,0.0,,,10.0
noisy,1.5499999999999998,0.0,0.0011801563098314076,15,0.25,0.0,0.10988990536956432,,,1.0
noisy,1.64,0.0,0.012473725684085188,15,0.25,0.0,0.12409237210815877,,,17.0
noisy,1.73,0.0,0.4553503270956245,15,0.25,0.0,0.10607448784266713,,,0.0
noisy,1.8199999999999998,0.0,-0.507474609501672,15,0.25,0.0,0.10866579518578774,,,0.0
noisy,1.91,0.0,-0.027478232278525045,15,0.25,0.0,0.1115561650064898,,,0.0
noisy,2.0,0.0,-0.33469237430039867,15,0.25,0.0,0.10621675594379171,,,24.0
noisy,0.2,0.0,-0.1371346853025671,16,0.25,0.0,0.021651523008129017,,,0.0
noisy,0.29000000000000004,0.0,0.032975660789508324,16,0.25,0.3333333333333333,0.02955122278695671,,,0.0
noisy,0.38,0.0,-0.17951433306483852,16,0.25,0.0,0.03043733553007991,,,26.0
noisy,0.47000000000000003,0.0,-0.20802799030925867,16,0.25,0.3333333333333333,0.08934223262664559,,,351.0
noisy,0.56,0.0,0.1622704301799278,16,0.25,0.0,0.04581776535907556,,,0.0
noisy,0.6499999999999999,0.0,0.12657771356290007,16,0.25,0.0,0.0464395431668902,,,0.0
noisy,0.74,0.0,-0.14637508085393094,16,0.25,0.0,0.05268929231963283,,,0.0
noisy,0.8300000000000001,0.0,0.23906013479160895,16,0.25,0.0,0.05892844006597367,,,0.0
noisy,0.9199999999999999,0.0,-0.09911343585448625,16,0.25,0.0,0.07324097801540706,,,19.0
noisy,1.01,0.0,-0.5792597404158742,16,0.25,0.0,0.07125825613727337,,,13.0
noisy,1.0999999999999999,0.0,-1.033994153195702,16,0.25,0.0,0.0,,,10.0
noisy,1.19,0.0,-0.4319948773260791,16,0.25,0.0,0.08694596672946014,,,9.0
noisy,1.28,0.0,-0.07189393236050325,16,0.25,0.0,0.09362501778018331,,,0.0
noisy,1.3699999999999999,0.0,-0.9711754116900814,16,0.25,0.0,0.0,,,18.0
noisy,1.46,0.0,-0.49591306846949995,16,0.25,0.0,0.09410659560494346,,,13.0
noisy,1.5499999999999998,0.0,0.42588825671941805,16,0.25,0.0,0.1005267792932881,,,0.0
noisy,1.64,0.0,0.42720836111083527,16,0.25,0.0,0.10105264698211766,,,0.0
noisy,1.73,0.0,0.45520703822106096,16,0.25,0.0,0.10667943087316836,,,0.0
noisy,1.8199999999999998,0.0,-0.00827443334275054,16,0.25,0.0,0.11807084350708649,,,5.0
noisy,1.91,0.0,0.4782842868585881,16,0.25,0.0,0.1059376967561503,,,1.0
noisy,2.0,0.0,0.46647651234019233,16,0.25,0.0,0.1150193452404457,,,0.0
noisy,0.2,0.0,0.039878604109630886,17,0.25,0.0,0.02134055241826027,,,0.0
noisy,0.29000000000000004,0.0,0.07304659613803771,17,0.25,0.0,0.02453196964379357,,,0.0
noisy,0.38,0.0,0.014825175459787144,17,0.25,0.3333333333333333,0.023898421429608213,,,1.0
noisy,0.47000000000000003,0.0,0.12352988427211638,17,0.25,0.0,0.03776262448958744,,,0.0
noisy,0.56,0.0,0.16376279348106093,17,0.25,0.0,0.04029145137186073,,,0.0
noisy,0.6499999999999999,0.0,-0.22136485005957932,17,0.25,0.0,0.029145996860360002,,,235.0
noisy,0.74,0.0,0.25070521888357256,17,0.25,0.0,0.06037338063422381,,,0.0
noisy,0.8300000000000001,0.0,0.22886831190376292,17,0.25,0.0,0.06157254899711041,,,0.0
noisy,0.9199999999999999,0.0,-0.18615695593368867,17,0.25,0.0,0.06323915559986959,,,12.0
noisy,1.01,0.0,-0.5566240085046422,17,0.25,0.0,0.07077583228204758,,,9.0
noisy,1.0999999999999999,0.0,-0.1823193410869722,17,0.25,0.0,0.08914642780845411,,,0.0
noisy,1.19,0.0,-0.10677586163337738,17,0.25,0.0,0.07847064558167186,,,12.0
noisy,1.28,0.0,-0.11498146239413559,17,0.25,0.0,0.0936531050760248,,,1.0
noisy,1.3699999999999999,0.0,-0.5246938151766842,17,0.25,0.0,0.08907509013713855,,,13.0
noisy,1.46,0.0,-0.050246054577473886,17,0.25,0.0,0.08830777568583226,,,0.0
noisy,1.5499999999999998,0.0,0.4293667026732599,17,0.25,0.0,0.10230509677215081,,,0.0
noisy,1.64,0.0,-0.0389021781834582,17,0.25,0.0,0.1094778472467755,,,0.0
noisy,1.73,0.0,0.4515386697788903,17,0.25,0.0,0.09976224894462431,,,1.0
noisy,1.8199999999999998,0.0,0.010045461232162692,17,0.25,0.0,0.10158988894427734,,,0.0
noisy,1.91,0.0,0.4543758347852272,17,0.25,0.0,0.10309885344171553,,,0.0
noisy,2.0,0.0,-0.4046351174541183,17,0.25,0.0,0.09755682533573005,,,16.0
noisy,0.2,0.0,0.032573446083262333,18,0.25,0.0,0.014475193822450034,,,0.0
noisy,0.29000000000000004,0.0,0.014860754550363823,18,0.25,0.0,0.025246502390800413,,,1.0
noisy,0.38,0.0,0.02670003752439984,18,0.25,0.0,0.021072834457171275,,,0.0
noisy,0.47000000000000003,0.0,-0.20936976485533254,18,0.25,0.0,0.029575129069856685,,,0.0
noisy,0.56,0.0,0.14767638391270257,18,0.25,0.0,0.042298448905201895,,,0.0
noisy,0.6499999999999999,0.0,0.22110536551542478,18,0.25,0.0,0.052411430404335956,,,0.0
noisy,0.74,0.0,0.20720134108761648,18,0.25,0.0,0.05100851025132732,,,0.0
noisy,0.8300000000000001,0.0,0.2503193539887422,18,0.25,0.0,0.07614942299579773,,,1.0
noisy,0.9199999999999999,0.0,-0.5090758061010839,18,0.25,0.0,0.0522488431621927,,,1.0
noisy,1.01,0.0,-0.13901035424926897,18,0.25,0.0,0.06736191403426481,,,0.0
noisy,1.0999999999999999,0.0,-0.5661391841576503,18,0.25,0.0,0.07182109197371345,,,0.0
noisy,1.19,0.0,-0.5877172682451922,18,0.25,0.0,0.08212505353884164,,,12.0
noisy,1.28,0.0,0.37038066913337225,18,0.25,0.0,0.08117061716929898,,,0.0
noisy,1.3699999999999999,0.0,-0.058397495573320225,18,0.25,0.0,0.08312777255265297,,,0.0
noisy,1.46,0.0,-0.050106683586052636,18,0.25,0.0,0.0890774522599346,,,5.0
noisy,1.5499999999999998,0.0,0.4183255795534701,18,0.25,0.0,0.09474112796970273,,,0.0
noisy,1.64,0.0,0.4353522925326074,18,0.25,0.0,0.09927587708288775,,,0.0
noisy,1.73,0.0,0.4479472020511244,18,0.25,0.0,0.1056552979624463,,,0.0
noisy,1.8199999999999998,0.0,0.014538725661254304,18,0.25,0.0,0.10487662792651699,,,0.0
noisy,1.91,0.0,0.4839603455320232,18,0.25,0.0,0.11012402856455747,,,0.0
noisy,2.0,0.0,0.03309131975982029,18,0.25,0.0,0.09955842896807944,,,0.0
noisy,0.2,0.0,0.026613398961340313,19,0.25,0.0,0.019611994188977862,,,0.0
noisy,0.29000000000000004,0.0,0.08717654980488088,19,0.25,0.0,0.021454744861418743,,,0.0
noisy,0.38,0.0,0.0915246683811974,19,0.25,0.0,0.027313127295989913,,,0.0
noisy,0.47000000000000003,0.0,0.124717926820844,19,0.25,0.0,0.033434378750614266,,,0.0
noisy,0.56,0.0,0.15566358965234037,19,0.25,0.0,0.038198943648528945,,,0.0
noisy,0.6499999999999999,0.0,0.11919248305575932,19,0.25,0.0,0.03799910468662882,,,1.0
noisy,0.74,0.0,0.16485669084293944,19,0.25,0.0,0.05371503021855744,,,0.0
noisy,0.8300000000000001,0.0,0.20485288583366704,19,0.25,0.0,0.052187576604073166,,,1.0
noisy,0.9199999999999999,0.0,0.23639679171474734,19,0.25,0.0,0.05568227639033269,,,0.0
noisy,1.01,0.0,0.23707747100890475,19,0.25,0.0,0.06366500745524027,,,0.0
noisy,1.0999999999999999,0.0,-0.16364880581167843,19,0.25,0.0,0.059537924479410816,,,0.0
noisy,1.19,0.0,0.3035054004991314,19,0.25,0.0,0.06924567673265997,,,0.0
noisy,1.28,0.0,-0.17074463551015903,19,0.25,0.0,0.08803934043596356,,,9.0
noisy,1.3699999999999999,0.0,0.38706090920722663,19,0.25,0.0,0.08947093205723124,,,0.0
noisy,1.46,0.0,0.4178323112675028,19,0.25,0.0,0.08790423581923351,,,0.0
noisy,1.5499999999999998,0.0,0.3974272271230685,19,0.25,0.0,0.08599412595322956,,,0.0
noisy,1.64,0.0,0.40752274544125466,19,0.25,0.0,0.08937697830908725,,,0.0
noisy,1.73,0.0,0.43135464799941553,19,0.25,0.0,0.09483871715221327,,,0.0
noisy,1.8199999999999998,0.0,0.4347159391871654,19,0.25,0.0,0.09804137990045114,,,0.0
noisy,1.91,0.0,0.43645310083698563,19,0.25,0.0,0.09447893775198754,,,1.0
noisy,2.0,0.0,0.0068499300054845795,19,0.25,0.0,0.10068971862828491,,,0.0
noisy,0.2,0.0,-0.07118317143107077,1,0.5,0.0,0.0,,,593.0
noisy,0.29000000000000004,0.0,-0.053790000183532964,1,0.5,0.0,0.0,,,707.0
noisy,0.38,0.0,-0.045572469390817216,1,0.5,0.0,0.0,,,629.0
noisy,0.47000000000000003,0.0,-0.03401475983894755,1,0.5,0.0,0.0,,,630.0
noisy,0.56,0.0,-0.022995978442767944,1,0.5,0.0,0.0,,,704.0
noisy,0.6499999999999999,0.0,-0.018069291835092094,1,0.5,0.0,0.0,,,641.0
noisy,0.74,0.0,-0.01491654416497809,1,0.5,0.0,0.0,,,697.0
noisy,0.8300000000000001,0.0,-0.010750280177828956,1,0.5,0.0,0.0,,,633.0
noisy,0.9199999999999999,0.0,-0.007317281077959076,1,0.5,0.0,0.0,,,627.0
noisy,1.01,0.0,-0.007382588195123278,1,0.5,0.0,0.0,,,395.0
noisy,1.0999999999999999,0.0,-0.006602489758818043,1,0.5,0.0,0.0,,,443.0
noisy,1.19,0.0,-0.005120479660274647,1,0.5,0.0,0.0,,,202.0
noisy,1.28,0.0,-0.01616197020647168,1,0.5,0.0,0.0,,,148.0
noisy,1.3699999999999999,0.0,-0.0007870510741398947,1,0.5,0.0,0.0,,,83.0
noisy,1.46,0.0,-5.491346293608194e-05,1,0.5,0.6666666666666666,0.03559101773341209,,,32.0
noisy,1.5499999999999998,0.0,0.0008965715390205353,1,0.5,0.6666666666666666,0.07301554796447525,,,113.0
noisy,1.64,0.0,-0.09237298450199849,1,0.5,0.3333333333333333,0.05517582234636046,,,51.0
noisy,1.73,0.0,-0.09603406575078148,1,0.5,0.0,0.0,,,80.0
noisy,1.8199999999999998,0.0,-0.019109599678489558,1,0.5,0.6666666666666666,0.0756226201568226,,,10.0
noisy,1.91,0.0,-0.15423810770483978,1,0.5,0.0,0.0,,,74.0
noisy,2.0,0.0,-0.144924748545741,1,0.5,0.0,0.0,,,150.0
noisy,0.2,0.0,-0.04933527921490061,2,0.5,0.0,0.0,,,547.0
noisy,0.29000000000000004,0.0,-0.05656397091435688,2,0.5,0.0,0.0,,,696.0
noisy,0.38,0.0,-0.034750641423537114,2,0.5,0.0,0.0,,,918.0
noisy,0.47000000000000003,0.0,-0.037985842611140505,2,0.5,0.0,0.0,,,616.0
noisy,0.56,0.0,-0.016428738930316048,2,0.5,0.0,0.0,,,760.0
noisy,0.6499999999999999,0.0,-0.017985517621157025,2,0.5,0.0,0.0,,,652.0
noisy,0.74,0.0,-0.009706569630718287,2,0.5,0.0,0.0,,,678.0
noisy,0.8300000000000001,0.0,-0.20904159176959813,2,0.5,0.0,0.0,,,667.0
noisy,0.9199999999999999,0.0,-0.007051609381477601,2,0.5,0.0,0.0,,,389.0
noisy,1.01,0.0,-0.007030605580519177,2,0.5,0.0,0.0,,,468.0
noisy,1.0999999999999999,0.0,-0.021106036558548813,2,0.5,0.0,0.0,,,447.0
noisy,1.19,0.0,-0.0036635684501822217,2,0.5,0.0,0.0,,,181.0
noisy,1.28,0.0,-0.014834202853520063,2,0.5,0.0,0.0,,,291.0
noisy,1.3699999999999999,0.0,-0.13383377273022704,2,0.5,0.0,0.0,,,25.0
noisy,1.46,0.0,-0.024512565998488698,2,0.5,0.0,0.0,,,73.0
noisy,1.5499999999999998,0.0,-0.01346523549608887,2,0.5,0.6666666666666666,0.013185307456633447,,,64.0
noisy,1.64,0.0,-0.2583595131319737,2,0.5,0.0,0.0,,,151.0
noisy,1.73,0.0,-0.42350581998241643,2,0.5,0.0,0.0,,,131.0
noisy,1.8199999999999998,0.0,-0.24210228364275144,2,0.5,0.3333333333333333,0.038743236335611476,,,10.0
noisy,1.91,0.0,-0.4696352361279385,2,0.5,0.0,0.0,,,16.0
noisy,2.0,0.0,-0.5007805941765189,2,0.5,0.0,0.0,,,12.0
noisy,0.2,0.0,-0.06907156383342561,3,0.5,0.0,0.0,,,0.0
noisy,0.29000000000000004,0.0,-0.06401448154057963,3,0.5,0.0,0.0,,,0.0
noisy,0.38,0.0,-0.06575494706802172,3,0.5,0.0,0.0,,,0.0
noisy,0.47000000000000003,0.0,-0.062310673785838246,3,0.5,0.0,0.0,,,0.0
noisy,0.56,0.0,-0.07086499347328316,3,0.5,0.0,0.0,,,0.0
noisy,0.6499999999999999,0.0,-0.07436506666346464,3,0.5,0.0,0.0,,,0.0
noisy,0.74,0.0,-0.07666042240368114,3,0.5,0.0,0.0,,,0.0
noisy,0.8300000000000001,0.0,-0.07052111534663823,3,0.5,0.0,0.0,,,0.0
noisy,0.9199999999999999,0.0,-0.07075947421146993,3,0.5,0.0,0.0,,,0.0
noisy,1.01,0.0,-0.07798377189051789,3,0.5,0.0,0.0,,,0.0
noisy,1.0999999999999999,0.0,-0.07176043455350524,3,0.5,0.0,0.0,,,0.0
noisy,1.19,0.0,-0.06505029422979237,3,0.5,0.0,0.0,,,0.0
noisy,1.28,0.0,-0.07584421463222459,3,0.5,0.0,0.0,,,0.0
noisy,1.3699999999999999,0.0,-0.07850832229089627,3,0.5,0.0,0.0,,,0.0
noisy,1.46,0.0,-0.0780103084500461,3,0.5,0.0,0.0,,,0.0
noisy,1.5499999999999998,0.0,-0.07964454472595059,3,0.5,0.0,0.0,,,0.0
noisy,1.64,0.0,-0.09285465031126543,3,0.5,0.0,0.0,,,0.0
noisy,1.73,0.0,-0.08221754961401423,3,0.5,0.0,0.0,,,0.0
noisy,1.8199999999999998,0.0,-0.08240563271673254,3,0.5,0.0,0.0,,,0.0
noisy,1.91,0.0,-0.0808390837640017,3,0.5,0.0,0.0,,,0.0
noisy,2.0,0.0,-0.06893911006462346,3,0.5,0.0,0.0,,,0.0
noisy,0.2,0.0,-0.0017624052340622857,4,0.5,0.0,0.0,,,0.0
noisy,0.29000000000000004,0.0,-0.0016960085543494229,4,0.5,0.0,0.0,,,0.0
noisy,0.38,0.0,-0.0013438994796543633,4,0.5,0.0,0.0,,,0.0
noisy,0.47000000000000003,0.0,-0.0012861631386980813,4,0.5,0.0,0.0,,,0.0
noisy,0.56,0.0,-0.0018217849970855787,4,0.5,0.0,0.0,,,0.0
noisy,0.6499999999999999,0.0,-0.0022573786161828794,4,0.5,0.0,0.0,,,0.0
noisy,0.74,0.0,-0.0014128565965173586,4,0.5,0.0,0.0,,,0.0
noisy,0.8300000000000001,0.0,-0.0018077551150410185,4,0.5,0.0,0.0,,,0.0
noisy,0.9199999999999999,0.0,-0.0014832520642464391,4,0.5,0.0,0.0,,,0.0
noisy,1.01,0.0,-0.0015210921120524534,4,0.5,0.0,0.0,,,0.0
noisy,1.0999999999999999,0.0,-0.0018890643212659882,4,0.5,0.0,0.0,,,0.0
noisy,1.19,0.0,-0.0018265057583313198,4,0.5,0.0,0.0,,,0.0
noisy,1.28,0.0,-0.0011625746146943056,4,0.5,0.0,0.0,,,0.0
noisy,1.3699999999999999,0.0,3.151699494196868e-05,4,0.5,0.6666666666666666,0.007346852614813627,,,0.0
noisy,1.46,0.0,0.00042149639692546075,4,0.5,1.0,0.011047290819460934,,,0.0
noisy,1.5499999999999998,0.0,0.0015136692739732543,4,0.5,1.0,0.05034406604035247,,,0.0
noisy,1.64,0.0,0.0019055263369985697,4,0.5,1.0,0.0472241304745917,,,0.0
noisy,1.73,0.0,0.04980588639854746,4,0.5,0.6666666666666666,0.1692918446103521,,,0.0
noisy,1.8199999999999998,0.0,0.002411383444218767,4,0.5,1.0,0.05789826289021083,,,0.0
noisy,1.91,0.0,0.0028762290757080398,4,0.5,1.0,0.08106232357283183,,,0.0
noisy,2.0,0.0,0.11352181075408589,4,0.5,0.3333333333333333,0.1711643008593823,,,0.0
noisy,0.2,0.0,-0.2528436852023409,5,0.5,0.0,0.0,,,0.0
noisy,0.29000000000000004,0.0,-0.2165702117708933,5,0.5,0.0,0.0,,,0.0
noisy,0.38,0.0,-0.26442651870733763,5,0.5,0.0,0.0,,,0.0
noisy,0.47000000000000003,0.0,-0.2726803100228115,5,0.5,0.0,0.0,,,0.0
noisy,0.56,0.0,-0.2629266474240217,5,0.5,0.0,0.0,,,0.0
noisy,0.6499999999999999,0.0,-0.1897541300463901,5,0.5,0.0,0.0,,,0.0
noisy,0.74,0.0,-0.22919669238970974,5,0.5,0.0,0.0,,,0.0
noisy,0.8300000000000001,0.0,-0.17937958914831129,5,0.5,0.0,0.0,,,0.0
noisy,0.9199999999999999,0.0,-0.14533616279112163,5,0.5,0.0,0.0,,,0.0
noisy,1.01,0.0,-0.15716222370940888,5,0.5,0.0,0.0,,,0.0
noisy,1.0999999999999999,0.0,-0.14675235133697556,5,0.5,0.0,0.0,,,0.0
noisy,1.19,0.0,-0.1233371751762868,5,0.5,0.0,0.0,,,0.0
noisy,1.28,0.0,-0.1489398754020611,5,0.5,0.0,0.0,,,0.0
noisy,1.3699999999999999,0.0,-0.1016722732748807,5,0.5,0.0,0.0,,,0.0
noisy,1.46,0.0,-0.11240658358788941,5,0.5,0.0,0.0,,,0.0
noisy,1.5499999999999998,0.0,-0.11647177106065737,5,0.5,0.0,0.0,,,0.0
noisy,1.64,0.0,-0.08215179368953855,5,0.5,0.0,0.0008884831565758406,,,0.0
noisy,1.73,0.0,-0.12303976793444289,5,0.5,0.0,0.0,,,0.0
noisy,1.8199999999999998,0.0,-0.0038205961506847046,5,0.5,0.0,0.0006779281259658858,,,0.0
noisy,1.91,0.0,0.0013890279891883763,5,0.5,0.0,0.0014964639825100913,,,0.0
noisy,2.0,0.0,-0.021785259128774923,5,0.5,0.0,0.005845761743898785,,,0.0
noisy,0.2,0.0,0.006030378562551556,6,0.5,0.0,0.00019340180330081516,,,0.0
noisy,0.29000000000000004,0.0,-0.0009345115251388178,6,0.5,0.0,2.958390794090573e-05,,,0.0
noisy,0.38,0.0,0.005382762055577688,6,0.5,0.0,0.00022030166327769755,,,0.0
noisy,0.47000000000000003,0.0,0.008032902545435245,6,0.5,0.0,9.773494581315621e-05,,,0.0
noisy,0.56,0.0,0.008415414424138904,6,0.5,0.0,0.00017535127570301524,,,0.0
noisy,0.6499999999999999,0.0,0.014638287924876653,6,0.5,0.0,0.00022557225029088172,,,0.0
noisy,0.74,0.0,0.0016377116232190014,6,0.5,0.0,4.7894371928837e-05,,,0.0
noisy,0.8300000000000001,0.0,0.0020487298492071417,6,0.5,0.0,0.00011213434267291189,,,0.0
noisy,0.9199999999999999,0.0,-0.00042083919066614384,6,0.5,0.0,8.588810709805952e-05,,,0.0
noisy,1.01,0.0,0.0022135885864670276,6,0.5,0.0,5.3758665155542776e-05,,,0.0
noisy,1.0999999999999999,0.0,0.0018284419478253537,6,0.5,0.0,0.0001364108551609607,,,0.0
noisy,1.19,0.0,-0.005284686667198599,6,0.5,0.0,3.678763042079016e-05,,,0.0
noisy,1.28,0.0,0.00019583715357957693,6,0.5,0.0,4.682003041126734e-05,,,0.0
noisy,1.3699999999999999,0.0,0.005820856778529369,6,0.5,0.0,0.00010359694586586324,,,0.0
noisy,1.46,0.0,0.013443877195982862,6,0.5,0.0,0.00018126016878551422,,,0.0
noisy,1.5499999999999998,0.0,0.00653820609168367,6,0.5,0.0,0.00014205340628822732,,,0.0
noisy,1.64,0.0,0.003057432673859752,6,0.5,0.0,0.00013610826935199705,,,0.0
noisy,1.73,0.0,-0.005025387552516586,6,0.5,0.0,1.28115199492619e-05,,,0.0
noisy,1.8199999999999998,0.0,-0.003971946820891458,6,0.5,0.0,1.3970719366305287e-05,,,0.0
noisy,1.91,0.0,0.0019377015195492352,6,0.5,0.0,0.0001233622597058228,,,0.0
noisy,2.0,0.0,-0.00595147869786605,6,0.5,0.0,0.0,,,0.0
noisy,0.2,0.0,0.010562223379594116,7,0.5,0.0,0.0001336896190357829,,,0.0
noisy,0.29000000000000004,0.0,0.0019230147953877058,7,0.5,0.0,0.00012836899825572983,,,0.0
noisy,0.38,0.0,0.004128631552065721,7,0.5,0.0,9.27401234912848e-05,,,0.0
noisy,0.47000000000000003,0.0,0.012318321741580438,7,0.5,0.0,0.00017482845678144034,,,0.0
noisy,0.56,0.0,0.00476279115802341,7,0.5,0.0,0.00010284882266350287,,,0.0
noisy,0.6499999999999999,0.0,0.013040670872342308,7,0.5,0.0,0.0002076104227616456,,,0.0
noisy,0.74,0.0,0.014761124036126269,7,0.5,0.0,0.00023078474469471281,,,0.0
noisy,0.8300000000000001,0.0,0.0028395024861417512,7,0.5,0.0,6.436225441067374e-05,,,0.0
noisy,0.9199999999999999,0.0,-0.0010460376608184207,7,0.5,0.0,9.015672395830797e-05,,,0.0
noisy,1.01,0.0,0.010381874252458146,7,0.5,0.0,0.000116692136550829,,,0.0
noisy,1.0999999999999999,0.0,0.0077602891252955995,7,0.5,0.0,0.00011129195724792444,,,0.0
noisy,1.19,0.0,-0.00014875961751360597,7,0.5,0.0,7.30197773270873e-05,,,0.0
noisy,1.28,0.0,0.003800612455806811,7,0.5,0.0,0.00011462490768990636,,,0.0
noisy,1.3699999999999999,0.0,0.004410510332293305,7,0.5,0.0,7.959073643742093e-05,,,0.0
noisy,1.46,0.0,0.003604750407552542,7,0.5,0.0,0.00010719228332003428,,,0.0
noisy,1.5499999999999998,0.0,0.0057210163256892444,7,0.5,0.0,0.00018937036950166932,,,0.0
noisy,1.64,0.0,0.004834918195099199,7,0.5,0.0,0.00010682889852929745,,,0.0
noisy,1.73,0.0,0.002005084055831612,7,0.5,0.0,5.7082342410860584e-05,,,0.0
noisy,1.8199999999999998,0.0,0.005735241239067979,7,0.5,0.0,9.059551834168062e-05,,,0.0
noisy,1.91,0.0,0.005076367384933692,7,0.5,0.0,9.9195972348206e-05,,,0.0
noisy,2.0,0.0,-0.005059678151483032,7,0.5,0.0,3.619276672833749e-06,,,0.0
noisy,0.2,0.0,0.006661999572374171,8,0.5,0.0,0.00011957155833906294,,,0.0
noisy,0.29000000000000004,0.0,0.0038630126512866816,8,0.5,0.0,6.215184463694241e-05,,,0.0
noisy,0.38,0.0,0.015745788159250675,8,0.5,0.0,0.00016477441534135112,,,0.0
noisy,0.47000000000000003,0.0,0.0188829823459483,8,0.5,0.0,0.00023246196745400698,,,0.0
noisy,0.56,0.0,0.016777240870798165,8,0.5,0.0,0.00023797630209878087,,,0.0
noisy,0.6499999999999999,0.0,0.011972194222778065,8,0.5,0.0,0.00014803145980456,,,0.0
noisy,0.74,0.0,0.015250883214727382,8,0.5,0.0,0.0001593968007378331,,,0.0
noisy,0.8300000000000001,0.0,0.011933288924487953,8,0.5,0.0,0.000254012662088599,,,0.0
noisy,0.9199999999999999,0.0,0.004588962389757527,8,0.5,0.0,9.52101695429874e-05,,,0.0
noisy,1.01,0.0,0.015734405835785073,8,0.5,0.0,0.00027955023921552786,,,0.0
noisy,1.0999999999999999,0.0,0.006360752834914042,8,0.5,0.0,0.0001259153247517594,,,0.0
noisy,1.19,0.0,0.003563037450320093,8,0.5,0.0,6.688655736004566e-05,,,0.0
noisy,1.28,0.0,0.008022201274033951,8,0.5,0.0,0.00014164015754371967,,,0.0
noisy,1.3699999999999999,0.0,0.00910562192999928,8,0.5,0.0,9.780574959112524e-05,,,0.0
noisy,1.46,0.0,0.011413586392814472,8,0.5,0.0,0.00018391148964239004,,,0.0
noisy,1.5499999999999998,0.0,0.002629350942483911,8,0.5,0.0,0.00012623570982200175,,,0.0
noisy,1.64,0.0,0.00968851295192876,8,0.5,0.0,0.00013491449617791332,,,0.0
noisy,1.73,0.0,-0.0025074308214514986,8,0.5,0.0,2.802168912420096e-05,,,0.0
noisy,1.8199999999999998,0.0,-0.0030760930517542326,8,0.5,0.0,1.701417718422719e-05,,,0.0
noisy,1.91,0.0,0.009466043169251809,8,0.5,0.0,0.00016783717307969283,,,0.0
noisy,2.0,0.0,0.002407015913612557,8,0.5,0.0,0.00012897558716248994,,,0.0
noisy,0.2,0.0,-0.1617390572609633,9,0.5,0.0,0.0,,,0.0
noisy,0.29000000000000004,0.0,-0.16595128586575703,9,0.5,0.0,0.0,,,0.0
noisy,0.38,0.0,-0.16801434833480022,9,0.5,0.0,0.0,,,0.0
noisy,0.47000000000000003,0.0,-0.15237277061989932,9,0.5,0.0,0.0,,,0.0
noisy,0.56,0.0,-0.16205301151879217,9,0.5,0.0,0.0,,,0.0
noisy,0.6499999999999999,0.0,-0.15279266872309336,9,0.5,0.0,0.0,,,0.0
noisy,0.74,0.0,-0.15554793784902374,9,0.5,0.0,0.0,,,0.0
noisy,0.8300000000000001,0.0,-0.15743906368935429,9,0.5,0.0,0.0,,,0.0
noisy,0.9199999999999999,0.0,-0.1619610817065514,9,0.5,0.0,0.0,,,0.0
noisy,1.01,0.0,-0.1662575713410858,9,0.5,0.0,0.0,,,0.0
noisy,1.0999999999999999,0.0,-0.16157962712060595,9,0.5,0.0,0.0,,,0.0
noisy,1.19,0.0,-0.16530831580513242,9,0.5,0.0,0.0,,,0.0
noisy,1.28,0.0,-0.16190881958955472,9,0.5,0.0,0.0,,,0.0
noisy,1.3699999999999999,0.0,-0.16050534877213996,9,0.5,0.0,0.0,,,0.0
noisy,1.46,0.0,-0.16725330521435447,9,0.5,0.0,0.0,,,0.0
noisy,1.5499999999999998,0.0,-0.16542324510382198,9,0.5,0.0,0.0,,,0.0
noisy,1.64,0.0,-0.1652528337275083,9,0.5,0.0,0.0,,,0.0
noisy,1.73,0.0,-0.16921755117479328,9,0.5,0.0,0.0,,,0.0
noisy,1.8199999999999998,0.0,-0.16336381377421816,9,0.5,0.0,0.0,,,0.0
noisy,1.91,0.0,-0.17023999321936992,9,0.5,0.0,0.0,,,0.0
noisy,2.0,0.0,-0.17519475831672293,9,0.5,0.0,0.0,,,0.0
noisy,0.2,0.0,0.30510571233100586,10,0.5,0.0,0.0031627320748894394,,,0.0
noisy,0.29000000000000004,0.0,0.3069916904958017,10,0.5,0.0,0.00311211253394731,,,0.0
noisy,0.38,0.0,0.3151833472654954,10,0.5,0.0,0.0032659133628764087,,,0.0
noisy,0.47000000000000003,0.0,0.3218984650172811,10,0.5,0.0,0.003320408832227799,,,0.0
noisy,0.56,0.0,0.3294647505006168,10,0.5,0.0,0.003394630565959242,,,0.0
noisy,0.6499999999999999,0.0,0.3172963720407665,10,0.5,0.0,0.003268819870920649,,,0.0
noisy,0.74,0.0,0.32270288645944056,10,0.5,0.0,0.003236364807669671,,,0.0
noisy,0.8300000000000001,0.0,0.3223591378338531,10,0.5,0.0,0.00333516516924836,,,0.0
noisy,0.9199999999999999,0.0,0.33089845474898416,10,0.5,0.0,0.0034404211045790016,,,0.0
noisy,1.01,0.0,0.3318072905941332,10,0.5,0.0,0.003366695062643006,,,0.0
noisy,1.0999999999999999,0.0,0.3191095856771847,10,0.5,0.0,0.0032701715586376007,,,0.0
noisy,1.19,0.0,0.32521195741873643,10,0.5,0.0,0.0033402064087792154,,,0.0
noisy,1.28,0.0,0.3274802441010937,10,0.5,0.0,0.003288983194407395,,,0.0
noisy,1.3699999999999999,0.0,0.30372029567758757,10,0.5,0.0,0.0031699986694328393,,,0.0
noisy,1.46,0.0,0.314920268821205,10,0.5,0.0,0.0031801709405976913,,,0.0
noisy,1.5499999999999998,0.0,0.31514906631964984,10,0.5,0.0,0.0031823513871942974,,,0.0
noisy,1.64,0.0,0.30339524567049153,10,0.5,0.0,0.003156169923826123,,,0.0
noisy,1.73,0.0,0.31228882428250415,10,0.5,0.0,0.003162881939750177,,,0.0
noisy,1.8199999999999998,0.0,0.2979702333704537,10,0.5,0.0,0.002997921257734859,,,0.0
noisy,1.91,0.0,0.30128333301284194,10,0.5,0.0,0.003062251481292116,,,0.0
noisy,2.0,0.0,0.29801671951788633,10,0.5,0.0,0.002998787902164625,,,0.0
noisy,0.2,0.0,-0.13993486810738012,11,0.5,0.0,0.0,,,0.0
noisy,0.29000000000000004,0.0,-0.14123250038007987,11,0.5,0.0,0.0,,,0.0
noisy,0.38,0.0,-0.13497541945068872,11,0.5,0.0,0.0,,,0.0
noisy,0.47000000000000003,0.0,-0.1518912438594969,11,0.5,0.0,0.0,,,0.0
noisy,0.56,0.0,-0.1391271119758901,11,0.5,0.0,0.0,,,0.0
noisy,0.6499999999999999,0.0,-0.1380697410748282,11,0.5,0.0,0.0,,,0.0
noisy,0.74,0.0,-0.14341667665201766,11,0.5,0.0,0.0,,,0.0
noisy,0.8300000000000001,0.0,-0.14001282798489315,11,0.5,0.0,0.0,,,0.0
noisy,0.9199999999999999,0.0,-0.12361173292921125,11,0.5,0.0,0.0,,,0.0
noisy,1.01,0.0,-0.14394186030515346,11,0.5,0.0,0.0,,,0.0
noisy,1.0999999999999999,0.0,-0.13108805570670426,11,0.5,0.0,0.0,,,0.0
noisy,1.19,0.0,-0.12820576852855498,11,0.5,0.0,0.0,,,0.0
noisy,1.28,0.0,-0.14143175175952635,11,0.5,0.0,0.0,,,0.0
noisy,1.3699999999999999,0.0,-0.1414003845037177,11,0.5,0.0,0.0,,,0.0
noisy,1.46,0.0,-0.1490414793142136,11,0.5,0.0,0.0,,,0.0
noisy,1.5499999999999998,0.0,-0.1496503930453744,11,0.5,0.0,0.0,,,0.0
noisy,1.64,0.0,-0.16505255275435085,11,0.5,0.0,0.0,,,0.0
noisy,1.73,0.0,-0.160428735528614,11,0.5,0.0,0.0,,,0.0
noisy,1.8199999999999998,0.0,-0.16301794912711634,11,0.5,0.0,0.0,,,0.0
noisy,1.91,0.0,-0.154771993659687,11,0.5,0.0,0.0,,,0.0
noisy,2.0,0.0,-0.15825015680161292,11,0.5,0.0,0.0,,,0.0
noisy,0.2,0.0,-0.04690539056630314,12,0.5,0.0,0.0,,,0.0
noisy,0.29000000000000004,0.0,-0.035410072907266076,12,0.5,0.0,0.0,,,0.0
noisy,0.38,0.0,-0.035487144109544254,12,0.5,0.0,0.0,,,0.0
noisy,0.47000000000000003,0.0,-0.03646466138966805,12,0.5,0.0,0.0,,,0.0
noisy,0.56,0.0,-0.03926141156940601,12,0.5,0.0,0.0,,,0.0
noisy,0.6499999999999999,0.0,-0.033955737118291494,12,0.5,0.0,0.0,,,0.0
noisy,0.74,0.0,-0.030410465323364857,12,0.5,0.0,0.0,,,0.0
noisy,0.8300000000000001,0.0,-0.029351225029837762,12,0.5,0.0,0.0,,,0.0
noisy,0.9199999999999999,0.0,-0.03154100654601416,12,0.5,0.0,0.0,,,0.0
noisy,1.01,0.0,-0.027897560836443677,12,0.5,0.0,0.0,,,0.0
noisy,1.0999999999999999,0.0,-0.026918944041787175,12,0.5,0.0,0.0,,,0.0
noisy,1.19,0.0,-0.03058618236331562,12,0.5,0.0,0.0,,,0.0
noisy,1.28,0.0,-0.02928965837856082,12,0.5,0.0,0.0,,,0.0
noisy,1.3699999999999999,0.0,-0.028241271010521634,12,0.5,0.0,0.0,,,0.0
noisy,1.46,0.0,-0.03324585786646816,12,0.5,0.0,0.0,,,0.0
noisy,1.5499999999999998,0.0,-0.03571701790184393,12,0.5,0.0,0.0,,,0.0
noisy,1.64,0.0,-0.033225061797050585,12,0.5,0.0,0.0,,,0.0
noisy,1.73,0.0,-0.02999694567378681,12,0.5,0.0,0.0,,,0.0
noisy,1.8199999999999998,0.0,-0.03259873191749774,12,0.5,0.0,0.0,,,0.0
noisy,1.91,0.0,-0.03183218107706647,12,0.5,0.0,0.0,,,0.0
noisy,2.0,0.0,-0.035042680481652724,12,0.5,0.0,0.0,,,0.0
noisy,0.2,0.0,0.0176461176805714,13,0.5,0.0,0.00022966802902256174,,,0.0
noisy,0.29000000000000004,0.0,0.019248674348739416,13,0.5,0.0,0.000246528835376426,,,0.0
noisy,0.38,0.0,0.01895050762129776,13,0.5,0.0,0.00020038091251474815,,,0.0
noisy,0.47000000000000003,0.0,0.018760831764347525,13,0.5,0.0,0.00026779579980087595,,,0.0
noisy,0.56,0.0,0.020952802002233647,13,0.5,0.0,0.0002495771431255302,,,0.0
noisy,0.6499999999999999,0.0,0.020331785336512646,13,0.5,0.0,0.00020795883905259477,,,0.0
noisy,0.74,0.0,0.02403409062909019,13,0.5,0.0,0.0002980545018218255,,,0.0
noisy,0.8300000000000001,0.0,0.020665540031164217,13,0.5,0.0,0.00022025086047748252,,,0.0
noisy,0.9199999999999999,0.0,0.02146607867614403,13,0.5,0.0,0.00022967707697849483,,,0.0
noisy,1.01,0.0,0.01959628725410741,13,0.5,0.0,0.00020134845930140782,,,0.0
noisy,1.0999999999999999,0.0,0.01779488108459359,13,0.5,0.0,0.0001964745227851793,,,0.0
noisy,1.19,0.0,0.016055759363095515,13,0.5,0.0,0.00022944314967290904,,,0.0
noisy,1.28,0.0,0.018173345548214977,13,0.5,0.0,0.0002569112269588251,,,0.0
noisy,1.3699999999999999,0.0,0.015902811634045142,13,0.5,0.0,0.00019199724525065937,,,0.0
noisy,1.46,0.0,0.016728521726425815,13,0.5,0.0,0.00018220760722870114,,,0.0
noisy,1.5499999999999998,0.0,0.015258768941256598,13,0.5,0.0,0.00020448151969738252,,,0.0
noisy,1.64,0.0,0.01036299955690933,13,0.5,0.0,0.00013248757305669783,,,0.0
noisy,1.73,0.0,0.006513039014511696,13,0.5,0.0,0.00010218538729889319,,,0.0
noisy,1.8199999999999998,0.0,0.010791979518421481,13,0.5,0.0,0.0001738373912054323,,,0.0
noisy,1.91,0.0,0.008094645081667894,13,0.5,0.0,9.457705312894249e-05,,,0.0
noisy,2.0,0.0,0.01052964584956421,13,0.5,0.0,0.0001339173060568747,,,0.0
noisy,0.2,0.0,0.006708417860486656,14,0.5,0.0,0.0001399342494860933,,,0.0
noisy,0.29000000000000004,0.0,0.004737907435132193,14,0.5,0.0,0.00010622954836904343,,,0.0
noisy,0.38,0.0,0.01791982161391677,14,0.5,0.0,0.0002871322928988514,,,0.0
noisy,0.47000000000000003,0.0,0.012890260423196645,14,0.5,0.0,0.00022284124678642847,,,0.0
noisy,0.56,0.0,0.006838528544097086,14,0.5,0.0,9.798423650813899e-05,,,0.0
noisy,0.6499999999999999,0.0,0.0006482604983373989,14,0.5,0.0,6.689163647384494e-05,,,0.0
noisy,0.74,0.0,0.0014686011551403616,14,0.5,0.0,7.537403969533483e-05,,,0.0
noisy,0.8300000000000001,0.0,0.004230820188030339,14,0.5,0.0,0.00012037710057461242,,,0.0
noisy,0.9199999999999999,0.0,0.007839717010150552,14,0.5,0.0,0.00014680859511663746,,,0.0
noisy,1.01,0.0,0.0027758956057518307,14,0.5,0.0,3.312704578579802e-05,,,0.0
noisy,1.0999999999999999,0.0,-0.0012835259198715916,14,0.5,0.0,0.00012049121106954657,,,0.0
noisy,1.19,0.0,0.0034369594774960183,14,0.5,0.0,6.680415103018038e-05,,,0.0
noisy,1.28,0.0,0.0004826170967599798,14,0.5,0.0,4.863779452863093e-05,,,0.0
noisy,1.3699999999999999,0.0,0.011903973472596925,14,0.5,0.0,0.0001728572163485775,,,0.0
noisy,1.46,0.0,0.011364160682953343,14,0.5,0.0,0.00015947836208547717,,,0.0
noisy,1.5499999999999998,0.0,0.011260869376213215,14,0.5,0.0,0.00015766815013286187,,,0.0
noisy,1.64,0.0,0.0029438268161184476,14,0.5,0.0,6.52603793076144e-05,,,0.0
noisy,1.73,0.0,0.002187839320866079,14,0.5,0.0,0.00010112993022603566,,,0.0
noisy,1.8199999999999998,0.0,-0.0009966481119526598,14,0.5,0.0,2.7755625253413417e-05,,,0.0
noisy,1.91,0.0,0.0054145726614771815,14,0.5,0.0,0.00012971542652213177,,,0.0
noisy,2.0,0.0,-0.0012036761393780155,14,0.5,0.0,4.758038186813345e-05,,,0.0
noisy,0.2,0.0,0.01987782223197599,15,0.5,0.0,0.00024708831595627277,,,0.0
noisy,0.29000000000000004,0.0,0.016645842775964325,15,0.5,0.0,0.00019899671327960997,,,0.0
noisy,0.38,0.0,0.012535305703304932,15,0.5,0.0,0.000283391879194293,,,0.0
noisy,0.47000000000000003,0.0,0.02486059466075614,15,0.5,0.0,0.00029750415786732585,,,0.0
noisy,0.56,0.0,0.018248540830510352,15,0.5,0.0,0.00023336405531619104,,,0.0
noisy,0.6499999999999999,0.0,0.019059688645242958,15,0.5,0.0,0.00020627438329830328,,,0.0
noisy,0.74,0.0,0.018114350159651516,15,0.5,0.0,0.00020245754781325333,,,0.0
noisy,0.8300000000000001,0.0,0.017791918031091255,15,0.5,0.0,0.0003131651343936085,,,0.0
noisy,0.9199999999999999,0.0,0.010501711136984017,15,0.5,0.0,0.00016673972861240262,,,0.0
noisy,1.01,0.0,0.010116197884415546,15,0.5,0.0,0.00018321862899018816,,,0.0
noisy,1.0999999999999999,0.0,0.013458409122128668,15,0.5,0.0,0.00019911144862754494,,,0.0
noisy,1.19,0.0,0.007284375304997006,15,0.5,0.0,0.0001365607903052886,,,0.0
noisy,1.28,0.0,0.009981396331749421,15,0.5,0.0,0.00014654244684661054,,,0.0
noisy,1.3699999999999999,0.0,0.009595673268357426,15,0.5,0.0,0.00011416428411512833,,,0.0
noisy,1.46,0.0,0.011837499655485742,15,0.5,0.0,0.0001662490737924495,,,0.0
noisy,1.5499999999999998,0.0,0.0048516736873903165,15,0.5,0.0,5.8146879151337364e-05,,,0.0
noisy,1.64,0.0,0.011517440465017575,15,0.5,0.0,0.00015982674000133995,,,0.0
noisy,1.73,0.0,0.005598714612901062,15,0.5,0.0,0.00012176203062661923,,,0.0
noisy,1.8199999999999998,0.0,0.004083828399957572,15,0.5,0.0,7.157218170006486e-05,,,0.0
noisy,1.91,0.0,0.004335613505136297,15,0.5,0.0,0.00010786438616490605,,,0.0
noisy,2.0,0.0,-0.0010656188376400773,15,0.5,0.0,2.2547543183916235e-05,,,0.0
noisy,0.2,0.0,-0.6369985973565964,16,0.5,0.0,0.0,,,0.0
noisy,0.29000000000000004,0.0,-0.6361345982971005,16,0.5,0.0,0.0,,,0.0
noisy,0.38,0.0,-0.6373554466080775,16,0.5,0.0,0.0,,,0.0
noisy,0.47000000000000003,0.0,-0.6378871928028659,16,0.5,0.0,0.0,,,0.0
noisy,0.56,0.0,-0.6387835050645151,16,0.5,0.0,0.0,,,0.0
noisy,0.6499999999999999,0.0,-0.638427730579452,16,0.5,0.0,0.0,,,0.0
noisy,0.74,0.0,-0.6377332690588918,16,0.5,0.0,0.0,,,0.0
noisy,0.8300000000000001,0.0,-0.6373774374413045,16,0.5,0.0,0.0,,,0.0
noisy,0.9199999999999999,0.0,-0.6389285279248913,16,0.5,0.0,0.0,,,0.0
noisy,1.01,0.0,-0.6373552882482324,16,0.5,0.0,0.0,,,0.0
noisy,1.0999999999999999,0.0,-0.6369942414486667,16,0.5,0.0,0.0,,,0.0
noisy,1.19,0.0,-0.6373443661404459,16,0.5,0.0,0.0,,,0.0
noisy,1.28,0.0,-0.6383647897642124,16,0.5,0.0,0.0,,,0.0
noisy,1.3699999999999999,0.0,-0.6369171100764189,16,0.5,0.0,0.0,,,0.0
noisy,1.46,0.0,-0.6380070117587459,16,0.5,0.0,0.0,,,0.0
noisy,1.5499999999999998,0.0,-0.6368793165076139,16,0.5,0.0,0.0,,,0.0
noisy,1.64,0.0,-0.6347812019300697,16,0.5,0.0,0.0,,,0.0
noisy,1.73,0.0,-0.6363685194871164,16,0.5,0.0,0.0,,,0.0
noisy,1.8199999999999998,0.0,-0.6347294686071483,16,0.5,0.0,0.0,,,0.0
noisy,1.91,0.0,-0.6366934008338054,16,0.5,0.0,0.0,,,0.0
noisy,2.0,0.0,-0.635755120786502,16,0.5,0.0,0.0,,,0.0
noisy,0.2,0.0,-0.015821956793884425,17,0.5,0.0,0.0,,,0.0
noisy,0.29000000000000004,0.0,-0.015826086446488,17,0.5,0.0,0.0,,,0.0
noisy,0.38,0.0,-0.01581554456277366,17,0.5,0.0,0.0,,,0.0
noisy,0.47000000000000003,0.0,-0.015794016348994248,17,0.5,0.0,0.0,,,0.0
noisy,0.56,0.0,-0.01582621455674275,17,0.5,0.0,0.0,,,0.0
noisy,0.6499999999999999,0.0,-0.01581404973290729,17,0.5,0.0,0.0,,,0.0
noisy,0.74,0.0,-0.015830989316960954,17,0.5,0.0,0.0,,,0.0
noisy,0.8300000000000001,0.0,-0.015849892260150378,17,0.5,0.0,0.0,,,0.0
noisy,0.9199999999999999,0.0,-0.015843019421773772,17,0.5,0.0,0.0,,,0.0
noisy,1.01,0.0,-0.0158632479752175,17,0.5,0.0,0.0,,,0.0
noisy,1.0999999999999999,0.0,-0.015830257449377584,17,0.5,0.0,0.0,,,0.0
noisy,1.19,0.0,-0.0158394562073705,17,0.5,0.0,0.0,,,0.0
noisy,1.28,0.0,-0.01584732101637742,17,0.5,0.0,0.0,,,0.0
noisy,1.3699999999999999,0.0,-0.015832381808625017,17,0.5,0.0,0.0,,,0.0
noisy,1.46,0.0,-0.01583552358052835,17,0.5,0.0,0.0,,,0.0
noisy,1.5499999999999998,0.0,-0.015858663567296937,17,0.5,0.0,0.0,,,0.0
noisy,1.64,0.0,-0.01584698191396348,17,0.5,0.0,0.0,,,0.0
noisy,1.73,0.0,-0.01585567146135785,17,0.5,0.0,0.0,,,0.0
noisy,1.8199999999999998,0.0,-0.015852854950585756,17,0.5,0.0,0.0,,,0.0
noisy,1.91,0.0,-0.01582063790724243,17,0.5,0.0,0.0,,,0.0
noisy,2.0,0.0,-0.015871751885908895,17,0.5,0.0,0.0,,,0.0
noisy,0.2,0.0,-0.8546433155071607,18,0.5,0.0,0.0,,,0.0
noisy,0.29000000000000004,0.0,-0.8547801827246335,18,0.5,0.0,0.0,,,0.0
noisy,0.38,0.0,-0.8546158468492887,18,0.5,0.0,0.0,,,0.0
noisy,0.47000000000000003,0.0,-0.8541680480485588,18,0.5,0.0,0.0,,,0.0
noisy,0.56,0.0,-0.8543574682484872,18,0.5,0.0,0.0,,,0.0
noisy,0.6499999999999999,0.0,-0.8541200537879949,18,0.5,0.0,0.0,,,0.0
noisy,0.74,0.0,-0.8544418813224741,18,0.5,0.0,0.0,,,0.0
noisy,0.8300000000000001,0.0,-0.854350230082575,18,0.5,0.0,0.0,,,0.0
noisy,0.9199999999999999,0.0,-0.8545899865155152,18,0.5,0.0,0.0,,,0.0
noisy,1.01,0.0,-0.8546047976821506,18,0.5,0.0,0.0,,,0.0
noisy,1.0999999999999999,0.0,-0.8543178260376214,18,0.5,0.0,0.0,,,0.0
noisy,1.19,0.0,-0.8546739169551704,18,0.5,0.0,0.0,,,0.0
noisy,1.28,0.0,-0.854791977114882,18,0.5,0.0,0.0,,,0.0
noisy,1.3699999999999999,0.0,-0.8544159096057955,18,0.5,0.0,0.0,,,0.0
noisy,1.46,0.0,-0.8544879493186409,18,0.5,0.0,0.0,,,0.0
noisy,1.5499999999999998,0.0,-0.854592430910334,18,0.5,0.0,0.0,,,0.0
noisy,1.64,0.0,-0.8547003844737066,18,0.5,0.0,0.0,,,0.0
noisy,1.73,0.0,-0.8546600617538713,18,0.5,0.0,0.0,,,0.0
noisy,1.8199999999999998,0.0,-0.8548187106603656,18,0.5,0.0,0.0,,,0.0
noisy,1.91,0.0,-0.8551481548238206,18,0.5,0.0,0.0,,,0.0
noisy,2.0,0.0,-0.8547261262575301,18,0.5,0.0,0.0,,,0.0
noisy,0.2,0.0,0.006291116818721898,19,0.5,0.0,9.049694997623527e-05,,,0.0
noisy,0.29000000000000004,0.0,0.004639127699866114,19,0.5,0.0,0.0001578289708922588,,,0.0
noisy,0.38,0.0,0.0035211121040606198,19,0.5,0.0,5.834714735006726e-05,,,0.0
noisy,0.47000000000000003,0.0,0.014833536993224586,19,0.5,0.0,0.00022382376506805335,,,0.0
noisy,0.56,0.0,0.016987474340089324,19,0.5,0.0,0.00023255068025711075,,,0.0
noisy,0.6499999999999999,0.0,0.009409927066483706,19,0.5,0.0,0.00010613780913567532,,,0.0
noisy,0.74,0.0,0.005297425570489063,19,0.5,0.0,7.538967260815996e-05,,,0.0
noisy,0.8300000000000001,0.0,0.0035333137454071745,19,0.5,0.0,0.00010822347383513385,,,0.0
noisy,0.9199999999999999,0.0,0.0016643486384916174,19,0.5,0.0,2.9640519531049922e-05,,,0.0
noisy,1.01,0.0,-0.0016106735956803676,19,0.5,0.0,5.7761488138161875e-05,,,0.0
noisy,1.0999999999999999,0.0,-0.008634950969122474,19,0.5,0.0,0.0,,,0.0
noisy,1.19,0.0,-0.004453909225384454,19,0.5,0.0,0.0,,,0.0
noisy,1.28,0.0,0.002392562606310863,19,0.5,0.0,7.412939650971439e-05,,,0.0
noisy,1.3699999999999999,0.0,0.009682376591427665,19,0.5,0.0,0.00010838136893274658,,,0.0
noisy,1.46,0.0,-0.00041551971856541224,19,0.5,0.0,0.0001317974567887462,,,0.0
noisy,1.5499999999999998,0.0,0.0013082764943603883,19,0.5,0.0,0.00010368045231080269,,,0.0
noisy,1.64,0.0,-0.0017104789376584078,19,0.5,0.0,0.0,,,0.0
noisy,1.73,0.0,0.006378811150977613,19,0.5,0.0,8.216271630084122e-05,,,0.0
noisy,1.8199999999999998,0.0,-0.0012320582109400513,19,0.5,0.0,3.5941159621419056e-05,,,0.0
noisy,1.91,0.0,-0.0026037308354597125,19,0.5,0.0,8.777713750591236e-05,,,0.0
noisy,2.0,0.0,-0.0035935246097387867,19,0.5,0.0,2.4796347163061534e-06,,,0.0
noisy,0.2,0.0,0.25212335119263973,1,1.0,1.0,5.118136164324981,,,403.0
noisy,0.29000000000000004,0.0,0.33819639205870927,1,1.0,1.0,6.8211244950248355,,,571.0
noisy,0.38,0.0,0.42287781739430375,1,1.0,1.0,8.478572756424809,,,582.0
noisy,0.47000000000000003,0.0,0.5156702348965445,1,1.0,1.0,9.90402199732369,,,506.0
noisy,0.56,0.0,0.5929058645897499,1,1.0,1.0,9.90539546385016,,,641.0
noisy,0.6499999999999999,0.0,0.6836708599713249,1,1.0,1.0,9.901869127644309,,,531.0
noisy,0.74,0.0,0.7656078214578367,1,1.0,1.0,9.905308221301441,,,494.0
noisy,0.8300000000000001,0.0,0.8556472079826936,1,1.0,1.0,9.907991508572085,,,450.0
noisy,0.9199999999999999,0.0,0.9472599064888217,1,1.0,1.0,9.907720925218703,,,363.0
noisy,1.01,0.0,1.0266976823944167,1,1.0,1.0,9.90891159267945,,,390.0
noisy,1.0999999999999999,0.0,1.1185696014921578,1,1.0,1.0,9.90912578933735,,,407.0
noisy,1.19,0.0,1.2030430365128664,1,1.0,1.0,9.909198240447427,,,298.0
noisy,1.28,0.0,1.279389704100968,1,1.0,1.0,9.9128879704132,,,279.0
noisy,1.3699999999999999,0.0,1.3669280697665191,1,1.0,1.0,9.913168791960576,,,314.0
noisy,1.46,0.0,1.4470067331005143,1,1.0,1.0,9.910047127528099,,,278.0
noisy,1.5499999999999998,0.0,1.5277021083486477,1,1.0,1.0,9.910967416752825,,,248.0
noisy,1.64,0.0,1.6064877385245317,1,1.0,1.0,9.915010802675987,,,181.0
noisy,1.73,0.0,1.6932870817101326,1,1.0,1.0,9.908183610835945,,,226.0
noisy,1.8199999999999998,0.0,1.7641589226214756,1,1.0,1.0,9.916782795476724,,,211.0
noisy,1.91,0.0,1.8445826782027703,1,1.0,1.0,9.91320444530712,,,180.0
noisy,2.0,0.0,1.9068001390813538,1,1.0,1.0,9.914129912559623,,,204.0
noisy,0.2,0.0,0.2526293172274263,2,1.0,1.0,5.148580818231499,,,420.0
noisy,0.29000000000000004,0.0,0.3319644651559774,2,1.0,1.0,6.707358224683773,,,528.0
noisy,0.38,0.0,0.4385891326590193,2,1.0,1.0,9.502565871828397,,,544.0
noisy,0.47000000000000003,0.0,0.5258676090931661,2,1.0,1.0,9.903083840163397,,,599.0
noisy,0.56,0.0,0.5970213551366893,2,1.0,1.0,9.906013907207447,,,634.0
noisy,0.6499999999999999,0.0,0.6802063818495174,2,1.0,1.0,9.905990874132248,,,545.0
noisy,0.74,0.0,0.7650352279594509,2,1.0,1.0,9.907390882994086,,,547.0
noisy,0.8300000000000001,0.0,0.8534756865876707,2,1.0,1.0,9.90377483923622,,,458.0
noisy,0.9199999999999999,0.0,0.952155726137696,2,1.0,1.0,9.907951797351645,,,408.0
noisy,1.01,0.0,1.0243395304988845,2,1.0,1.0,9.910303932523663,,,365.0
noisy,1.0999999999999999,0.0,1.1082318519255476,2,1.0,1.0,9.905571963335397,,,356.0
noisy,1.19,0.0,1.2003396603733458,2,1.0,1.0,9.910068173092736,,,290.0
noisy,1.28,0.0,1.2825906346556817,2,1.0,1.0,9.90753429989047,,,312.0
noisy,1.3699999999999999,0.0,1.3671290219748353,2,1.0,1.0,9.912954239968373,,,270.0
noisy,1.46,0.0,1.4486982735946732,2,1.0,1.0,9.912759629799012,,,266.0
noisy,1.5499999999999998,0.0,1.5284706596825537,2,1.0,1.0,9.906937845081636,,,254.0
noisy,1.64,0.0,1.6754504276952662,2,1.0,0.6666666666666666,9.91545337459889,,,253.0
noisy,1.73,0.0,1.6852358727871632,2,1.0,1.0,9.91536593172711,,,224.0
noisy,1.8199999999999998,0.0,1.7656418387801274,2,1.0,1.0,9.911744201498703,,,188.0
noisy,1.91,0.0,1.8558081793911614,2,1.0,1.0,9.916843446611876,,,188.0
noisy,2.0,0.0,1.9148148210684173,2,1.0,1.0,9.909582278181285,,,192.0
noisy,0.2,0.0,0.25303483452341186,3,1.0,1.0,5.150802092484365,,,443.0
noisy,0.29000000000000004,0.0,0.33640435362381904,3,1.0,1.0,6.95539627757607,,,473.0
noisy,0.38,0.0,0.4265743304864135,3,1.0,1.0,8.735996138703479,,,628.0
noisy,0.47000000000000003,0.0,0.5186261844155423,3,1.0,1.0,9.903558341543167,,,546.0
noisy,0.56,0.0,0.5985194299533981,3,1.0,1.0,9.904955447408273,,,520.0
noisy,0.6499999999999999,0.0,0.6887468774186054,3,1.0,1.0,9.905500825677347,,,569.0
noisy,0.74,0.0,0.7656292903426429,3,1.0,1.0,9.905585256370015,,,493.0
noisy,0.8300000000000001,0.0,0.8669202269061603,3,1.0,1.0,9.907000968984466,,,454.0
noisy,0.9199999999999999,0.0,0.9528641022935399,3,1.0,1.0,9.907847970172147,,,383.0
noisy,1.01,0.0,1.024421175097235,3,1.0,1.0,9.909946215498667,,,406.0
noisy,1.0999999999999999,0.0,1.1120712788962,3,1.0,1.0,9.911171279859643,,,360.0
noisy,1.19,0.0,1.1951603987950314,3,1.0,1.0,9.90918801437963,,,335.0
noisy,1.28,0.0,1.2724382494839455,3,1.0,1.0,9.909673894534253,,,312.0
noisy,1.3699999999999999,0.0,1.3681257647217497,3,1.0,1.0,9.912936333693313,,,258.0
noisy,1.46,0.0,1.4437536565826379,3,1.0,1.0,9.913297185889627,,,272.0
noisy,1.5499999999999998,0.0,1.4806918626079166,3,1.0,0.6666666666666666,9.913431382639802,,,242.0
noisy,1.64,0.0,1.5975854023332783,3,1.0,1.0,9.913169113167179,,,231.0
noisy,1.73,0.0,1.6885661670665006,3,1.0,1.0,9.915105299437984,,,214.0
noisy,1.8199999999999998,0.0,1.765038589800181,3,1.0,1.0,9.91108935067289,,,221.0
noisy,1.91,0.0,1.8402209910578058,3,1.0,1.0,9.909673758759315,,,186.0
noisy,2.0,0.0,1.9134776374562465,3,1.0,1.0,9.91997454724892,,,183.0
noisy,0.2,0.0,0.254493534470304,4,1.0,1.0,5.155821569893847,,,472.0
noisy,0.29000000000000004,0.0,0.3311110326598771,4,1.0,1.0,6.709126070271022,,,467.0
noisy,0.38,0.0,0.42198625101938453,4,1.0,1.0,8.678495503558066,,,552.0
noisy,0.47000000000000003,0.0,0.5048795268893297,4,1.0,1.0,9.904386555927335,,,609.0
noisy,0.56,0.0,0.5939961287615434,4,1.0,1.0,9.905501723956355,,,591.0
noisy,0.6499999999999999,0.0,0.6813668067378552,4,1.0,1.0,9.904870384708804,,,539.0
noisy,0.74,0.0,0.775914433191183,4,1.0,1.0,9.905496934692302,,,504.0
noisy,0.8300000000000001,0.0,0.8607872976322829,4,1.0,1.0,9.906678086711954,,,489.0
noisy,0.9199999999999999,0.0,0.9531223690019527,4,1.0,1.0,9.903614059437237,,,397.0
noisy,1.01,0.0,1.0301163612895043,4,1.0,1.0,9.91111575616135,,,379.0
noisy,1.0999999999999999,0.0,1.117672009942228,4,1.0,1.0,9.910727496407995,,,354.0
noisy,1.19,0.0,1.2036533153198323,4,1.0,1.0,9.912850689955336,,,329.0
noisy,1.28,0.0,1.2764769907242393,4,1.0,1.0,9.907163176887776,,,312.0
noisy,1.3699999999999999,0.0,1.3588514190812946,4,1.0,1.0,9.913783946202841,,,304.0
noisy,1.46,0.0,1.4443047975867789,4,1.0,1.0,9.911250800606144,,,263.0
noisy,1.5499999999999998,0.0,1.5222560990869585,4,1.0,1.0,9.915434999576663,,,266.0
noisy,1.64,0.0,1.613289263374437,4,1.0,1.0,9.909607496310311,,,234.0
noisy,1.73,0.0,1.6875367680848186,4,1.0,1.0,9.910550131596354,,,232.0
noisy,1.8199999999999998,0.0,1.7679628970714198,4,1.0,1.0,9.912818564959395,,,212.0
noisy,1.91,0.0,1.8328383706759581,4,1.0,1.0,9.91706150443797,,,188.0
noisy,2.0,0.0,1.9147895151842436,4,1.0,1.0,9.920245940555022,,,189.0
noisy,0.2,0.0,0.25440377458613767,5,1.0,1.0,5.208308633522583,,,421.0
noisy,0.29000000000000004,0.0,0.32954157910140275,5,1.0,1.0,6.634330982893936,,,526.0
noisy,0.38,0.0,0.45294880444606633,5,1.0,1.0,9.903065929488141,,,591.0
noisy,0.47000000000000003,0.0,0.5573213870863323,5,1.0,1.0,9.90436167237291,,,668.0
noisy,0.56,0.0,0.5955228765705413,5,1.0,1.0,9.903034576697873,,,606.0
noisy,0.6499999999999999,0.0,0.6828162692892589,5,1.0,1.0,9.905825390426251,,,552.0
noisy,0.74,0.0,0.7710066473512603,5,1.0,1.0,9.905298886072432,,,511.0
noisy,0.8300000000000001,0.0,0.8564250831700972,5,1.0,1.0,9.90804888661787,,,462.0
noisy,0.9199999999999999,0.0,0.9412765108753853,5,1.0,1.0,9.905290465130028,,,383.0
noisy,1.01,0.0,1.0342108475517235,5,1.0,1.0,9.907892217429598,,,396.0
noisy,1.0999999999999999,0.0,1.1132168070498392,5,1.0,1.0,9.907777353208552,,,350.0
noisy,1.19,0.0,1.202331478306785,5,1.0,1.0,9.908082441776331,,,311.0
noisy,1.28,0.0,1.2763825062593133,5,1.0,1.0,9.910990113342724,,,314.0
noisy,1.3699999999999999,0.0,1.3667273000963798,5,1.0,1.0,9.911385580508915,,,271.0
noisy,1.46,0.0,1.4403332618752787,5,1.0,1.0,9.907838890324768,,,281.0
noisy,1.5499999999999998,0.0,1.5251057001833839,5,1.0,1.0,9.908982290442879,,,254.0
noisy,1.64,0.0,1.6101322909448736,5,1.0,1.0,9.912793447456531,,,234.0
noisy,1.73,0.0,1.6896854090101252,5,1.0,1.0,9.916147252896609,,,233.0
noisy,1.8199999999999998,0.0,1.774152918234383,5,1.0,1.0,9.916088115365449,,,206.0
noisy,1.91,0.0,1.8272784303770802,5,1.0,1.0,9.918307357659552,,,208.0
noisy,2.0,0.0,1.9124252467791034,5,1.0,1.0,9.914250867233225,,,189.0
noisy,0.2,0.0,0.2533534798168882,6,1.0,1.0,5.079149109077556,,,458.0
noisy,0.29000000000000004,0.0,0.33878775631377595,6,1.0,1.0,6.945681567165651,,,505.0
noisy,0.38,0.0,0.42861780317605563,6,1.0,1.0,8.655045386754512,,,574.0
noisy,0.47000000000000003,0.0,0.5148637916111405,6,1.0,1.0,9.904860077480079,,,548.0
noisy,0.56,0.0,0.5986107845491162,6,1.0,1.0,9.902885181022926,,,591.0
noisy,0.6499999999999999,0.0,0.6825449215369584,6,1.0,1.0,9.905660492661259,,,545.0
noisy,0.74,0.0,0.7685888505763608,6,1.0,1.0,9.90656094166894,,,537.0
noisy,0.8300000000000001,0.0,0.8619898529753004,6,1.0,1.0,9.907975731489728,,,470.0
noisy,0.9199999999999999,0.0,0.9481493454102373,6,1.0,1.0,9.908027279707534,,,404.0
noisy,1.01,0.0,1.039280400144235,6,1.0,1.0,9.908957891619533,,,376.0
noisy,1.0999999999999999,0.0,1.1116736259423086,6,1.0,1.0,9.909561972117888,,,361.0
noisy,1.19,0.0,1.190510860818553,6,1.0,1.0,9.90999938235075,,,356.0
noisy,1.28,0.0,1.2588890317423627,6,1.0,1.0,9.911378572041743,,,293.0
noisy,1.3699999999999999,0.0,1.372760275972105,6,1.0,1.0,9.912427347688713,,,305.0
noisy,1.46,0.0,1.4415660825019208,6,1.0,1.0,9.91226544452372,,,279.0
noisy,1.5499999999999998,0.0,1.5297207270312982,6,1.0,1.0,9.91186050953934,,,247.0
noisy,1.64,0.0,1.6032815647863439,6,1.0,1.0,9.909886001874336,,,253.0
noisy,1.73,0.0,1.6932504682279672,6,1.0,1.0,9.914724873317674,,,215.0
noisy,1.8199999999999998,0.0,1.7445208570463346,6,1.0,1.0,9.912814155224012,,,216.0
noisy,1.91,0.0,1.8308312386240375,6,1.0,1.0,9.916479204059346,,,218.0
noisy,2.0,0.0,1.7580769497453765,6,1.0,0.6666666666666666,9.912249063878326,,,195.0
noisy,0.2,0.0,0.25359653723881653,7,1.0,1.0,5.110188139598554,,,436.0
noisy,0.29000000000000004,0.0,0.3356018924422477,7,1.0,1.0,6.848919848102145,,,552.0
noisy,0.38,0.0,0.4203761957892323,7,1.0,1.0,8.506003982239758,,,616.0
noisy,0.47000000000000003,0.0,0.5163389995902664,7,1.0,1.0,9.90512887520661,,,697.0
noisy,0.56,0.0,0.5936340717827823,7,1.0,1.0,9.905316112508212,,,624.0
noisy,0.6499999999999999,0.0,0.6778948952817743,7,1.0,1.0,9.903303922030515,,,556.0
noisy,0.74,0.0,0.7643251780516823,7,1.0,1.0,9.903779980134681,,,517.0
noisy,0.8300000000000001,0.0,0.8582224745614302,7,1.0,1.0,9.90675238404584,,,486.0
noisy,0.9199999999999999,0.0,0.9478984267059588,7,1.0,1.0,9.908208172833955,,,410.0
noisy,1.01,0.0,1.0244266411706597,7,1.0,1.0,9.906782133032133,,,390.0
noisy,1.0999999999999999,0.0,1.1113169725989165,7,1.0,1.0,9.909720035314928,,,385.0
noisy,1.19,0.0,1.1958852654871566,7,1.0,1.0,9.910696355991679,,,318.0
noisy,1.28,0.0,1.2760486072195594,7,1.0,1.0,9.902279271923613,,,289.0
noisy,1.3699999999999999,0.0,1.3624052969479001,7,1.0,1.0,9.91164246985091,,,297.0
noisy,1.46,0.0,1.4436780068332664,7,1.0,1.0,9.909909269910905,,,274.0
noisy,1.5499999999999998,0.0,1.528701123461252,7,1.0,1.0,9.913959964054527,,,237.0
noisy,1.64,0.0,1.5977472056644615,7,1.0,1.0,9.908372819493895,,,245.0
noisy,1.73,0.0,1.705391998349638,7,1.0,1.0,9.916180267934902,,,216.0
noisy,1.8199999999999998,0.0,1.7423875783939182,7,1.0,1.0,9.91786745081203,,,225.0
noisy,1.91,0.0,1.8393141982043624,7,1.0,1.0,9.918630006235729,,,209.0
noisy,2.0,0.0,1.796417164001369,7,1.0,0.6666666666666666,9.91510504859101,,,45.0
noisy,0.2,0.0,0.25308225539597556,8,1.0,1.0,5.291141399242243,,,399.0
noisy,0.29000000000000004,0.0,0.3341690178364423,8,1.0,1.0,6.773684704355055,,,506.0
noisy,0.38,0.0,0.42986955501446716,8,1.0,1.0,8.632990228226602,,,666.0
noisy,0.47000000000000003,0.0,0.509365829390024,8,1.0,1.0,9.905384365497333,,,658.0
noisy,0.56,0.0,0.600518036643523,8,1.0,1.0,9.90507368033343,,,654.0
noisy,0.6499999999999999,0.0,0.6780448571941445,8,1.0,1.0,9.904812284905717,,,546.0
noisy,0.74,0.0,0.7604702474134993,8,1.0,1.0,9.904051083607971,,,566.0
noisy,0.8300000000000001,0.0,0.8540789255682091,8,1.0,1.0,9.907411173538584,,,486.0
noisy,0.9199999999999999,0.0,0.9521883672155447,8,1.0,1.0,9.907284138297273,,,406.0
noisy,1.01,0.0,1.026966813190923,8,1.0,1.0,9.908968862289392,,,368.0
noisy,1.0999999999999999,0.0,1.1136789551023225,8,1.0,1.0,9.90654404873364,,,335.0
noisy,1.19,0.0,1.1945644312964685,8,1.0,1.0,9.9115379163066,,,314.0
noisy,1.28,0.0,1.2747885725797328,8,1.0,1.0,9.908674894686934,,,328.0
noisy,1.3699999999999999,0.0,1.360375038100413,8,1.0,1.0,9.905062961171685,,,319.0
noisy,1.46,0.0,1.4363863694473198,8,1.0,1.0,9.912504842235185,,,271.0
noisy,1.5499999999999998,0.0,1.5178834712168021,8,1.0,1.0,9.911673343654567,,,272.0
noisy,1.64,0.0,1.6096324312933057,8,1.0,1.0,9.915534227101256,,,259.0
noisy,1.73,0.0,1.6787716263761938,8,1.0,1.0,9.916374295470668,,,238.0
noisy,1.8199999999999998,0.0,1.7501991101145205,8,1.0,1.0,9.915540981023415,,,228.0
noisy,1.91,0.0,1.7096266172922787,8,1.0,0.6666666666666666,9.917604521223495,,,214.0
noisy,2.0,0.0,1.6706044358133454,8,1.0,0.0,3.520070780230496,,,41.0
noisy,0.2,0.0,0.252749603469236,9,1.0,1.0,5.185077221091357,,,446.0
noisy,0.29000000000000004,0.0,0.3341966403316255,9,1.0,1.0,6.833330420940876,,,489.0
noisy,0.38,0.0,0.43627448222732945,9,1.0,1.0,9.237994887457395,,,567.0
noisy,0.47000000000000003,0.0,0.5243922341848385,9,1.0,1.0,9.90346254617355,,,688.0
noisy,0.56,0.0,0.5981571805405859,9,1.0,1.0,9.90148991408548,,,620.0
noisy,0.6499999999999999,0.0,0.6812939306056207,9,1.0,1.0,9.904673843388439,,,586.0
noisy,0.74,0.0,0.7654034660470238,9,1.0,1.0,9.904845813617284,,,493.0
noisy,0.8300000000000001,0.0,0.8584816210466654,9,1.0,1.0,9.908855280370412,,,486.0
noisy,0.9199999999999999,0.0,0.9475386851489239,9,1.0,1.0,9.909310084172954,,,433.0
noisy,1.01,0.0,1.0252973151903653,9,1.0,1.0,9.905746922033291,,,375.0
noisy,1.0999999999999999,0.0,1.1125859051986702,9,1.0,1.0,9.909146213079264,,,365.0
noisy,1.19,0.0,1.192586592049036,9,1.0,1.0,9.90382568333521,,,347.0
noisy,1.28,0.0,1.2707301833399745,9,1.0,1.0,9.912845256423497,,,298.0
noisy,1.3699999999999999,0.0,1.3475003960817402,9,1.0,1.0,9.909319663144526,,,287.0
noisy,1.46,0.0,1.4432357800959672,9,1.0,1.0,9.914505727085084,,,278.0
noisy,1.5499999999999998,0.0,1.5167997702406613,9,1.0,1.0,9.914017561658454,,,256.0
noisy,1.64,0.0,1.5383451134140769,9,1.0,0.6666666666666666,9.914804682854493,,,40.0
noisy,1.73,0.0,1.6851037130859818,9,1.0,1.0,9.913629746600504,,,226.0
noisy,1.8199999999999998,0.0,1.72822443603252,9,1.0,0.6666666666666666,9.916656639249336,,,38.0
noisy,1.91,0.0,1.6659716726737506,9,1.0,0.3333333333333333,9.901154192247656,,,56.0
noisy,2.0,0.0,1.2031909261852032,9,1.0,0.3333333333333333,9.916421207523705,,,19.0
noisy,0.2,0.0,0.24869848253816348,10,1.0,1.0,5.020534398473606,,,353.0
noisy,0.29000000000000004,0.0,0.33658300751268927,10,1.0,1.0,6.796087961456945,,,509.0
noisy,0.38,0.0,0.42236555598468667,10,1.0,1.0,8.509109997462602,,,600.0
noisy,0.47000000000000003,0.0,0.5417307486518343,10,1.0,1.0,9.904456570237231,,,460.0
noisy,0.56,0.0,0.5934973760901693,10,1.0,1.0,9.906238620794173,,,577.0
noisy,0.6499999999999999,0.0,0.6828567385401337,10,1.0,1.0,9.903248257264385,,,583.0
noisy,0.74,0.0,0.75886239819294,10,1.0,1.0,9.904220166978552,,,503.0
noisy,0.8300000000000001,0.0,0.8514759729172687,10,1.0,1.0,9.906236362690366,,,487.0
noisy,0.9199999999999999,0.0,0.9481470377835102,10,1.0,1.0,9.908002794549764,,,390.0
noisy,1.01,0.0,1.027918501541036,10,1.0,1.0,9.90626258503909,,,356.0
noisy,1.0999999999999999,0.0,1.11192290690219,10,1.0,1.0,9.903936561232685,,,314.0
noisy,1.19,0.0,1.1919116585448495,10,1.0,1.0,9.90667005377362,,,255.0
noisy,1.28,0.0,1.2698813763287957,10,1.0,1.0,9.907995230120497,,,311.0
noisy,1.3699999999999999,0.0,1.3565189130669404,10,1.0,1.0,9.913534989389603,,,293.0
noisy,1.46,0.0,1.4395373274196006,10,1.0,1.0,9.913061034615895,,,285.0
noisy,1.5499999999999998,0.0,1.521719602729342,10,1.0,1.0,9.909761598598328,,,284.0
noisy,1.64,0.0,1.5979377955084644,10,1.0,1.0,9.909751013752649,,,252.0
noisy,1.73,0.0,1.5882437642536533,10,1.0,0.6666666666666666,9.91293965821483,,,231.0
noisy,1.8199999999999998,0.0,1.6588555191797567,10,1.0,0.6666666666666666,9.918565883770531,,,30.0
noisy,1.91,0.0,1.653468617652914,10,1.0,0.0,3.4890286415622063,,,62.0
noisy,2.0,0.0,1.3106357825096984,10,1.0,0.0,2.0991506682793197,,,29.0
noisy,0.2,0.0,0.24589464788432147,11,1.0,1.0,4.97694908353129,,,429.0
noisy,0.29000000000000004,0.0,0.3354741109091641,11,1.0,1.0,6.805029233874355,,,523.0
noisy,0.38,0.0,0.4198697514245577,11,1.0,1.0,8.56736814999919,,,575.0
noisy,0.47000000000000003,0.0,0.5071612342574982,11,1.0,1.0,9.904565836514418,,,731.0
noisy,0.56,0.0,0.5919571765303148,11,1.0,1.0,9.905756495791373,,,545.0
noisy,0.6499999999999999,0.0,0.682084892481227,11,1.0,1.0,9.90585914142326,,,530.0
noisy,0.74,0.0,0.76485137823052,11,1.0,1.0,9.906657449526042,,,471.0
noisy,0.8300000000000001,0.0,0.8554356279285749,11,1.0,1.0,9.903461845252329,,,484.0
noisy,0.9199999999999999,0.0,0.9417377510121628,11,1.0,1.0,9.908068838077405,,,389.0
noisy,1.01,0.0,1.0281646924065482,11,1.0,1.0,9.90934581624919,,,399.0
noisy,1.0999999999999999,0.0,1.116459266002077,11,1.0,1.0,9.907346684929424,,,407.0
noisy,1.19,0.0,1.1945942426449692,11,1.0,1.0,9.91104019542639,,,316.0
noisy,1.28,0.0,1.2741738820766981,11,1.0,1.0,9.910163406282834,,,326.0
noisy,1.3699999999999999,0.0,1.3594248026575244,11,1.0,1.0,9.907973149664052,,,314.0
noisy,1.46,0.0,1.4348906810323452,11,1.0,1.0,9.911314384123704,,,284.0
noisy,1.5499999999999998,0.0,1.5290342538513009,11,1.0,1.0,9.91010624796058,,,248.0
noisy,1.64,0.0,1.5305471832424404,11,1.0,0.6666666666666666,9.909806520424175,,,41.0
noisy,1.73,0.0,1.7036467674370817,11,1.0,0.6666666666666666,9.914942531005183,,,236.0
noisy,1.8199999999999998,0.0,1.7121646726157624,11,1.0,0.6666666666666666,9.907185678269837,,,213.0
noisy,1.91,0.0,1.2891436717261124,11,1.0,0.3333333333333333,9.91415853720018,,,185.0
noisy,2.0,0.0,1.0201642511796034,11,1.0,0.0,1.6625710273842997,,,27.0
noisy,0.2,0.0,0.2489629165600399,12,1.0,1.0,5.018171595312396,,,398.0
noisy,0.29000000000000004,0.0,0.3368596635522379,12,1.0,1.0,6.813034355698331,,,519.0
noisy,0.38,0.0,0.4483310740096383,12,1.0,1.0,9.904065646549688,,,621.0
noisy,0.47000000000000003,0.0,0.5271101661669346,12,1.0,0.6666666666666666,9.902380265409318,,,571.0
noisy,0.56,0.0,0.5894343777810823,12,1.0,1.0,9.905568759701282,,,529.0
noisy,0.6499999999999999,0.0,0.67728482953737,12,1.0,1.0,9.902973989822256,,,570.0
noisy,0.74,0.0,0.7672290930935439,12,1.0,1.0,9.904693257975447,,,531.0
noisy,0.8300000000000001,0.0,0.852650890114225,12,1.0,1.0,9.908186643244266,,,484.0
noisy,0.9199999999999999,0.0,0.9580799195617168,12,1.0,1.0,9.908350204050535,,,368.0
noisy,1.01,0.0,1.0315383447493944,12,1.0,1.0,9.90875952936999,,,372.0
noisy,1.0999999999999999,0.0,1.1032751716130214,12,1.0,1.0,9.9089033465589,,,380.0
noisy,1.19,0.0,1.195453973190985,12,1.0,0.6666666666666666,9.907690523616186,,,312.0
noisy,1.28,0.0,1.2816804391777787,12,1.0,0.6666666666666666,9.90673889262244,,,349.0
noisy,1.3699999999999999,0.0,1.3524083466792518,12,1.0,1.0,9.913125197632112,,,309.0
noisy,1.46,0.0,1.4454175036838899,12,1.0,1.0,9.913459830358052,,,259.0
noisy,1.5499999999999998,0.0,1.5167442542208436,12,1.0,0.6666666666666666,9.90962049125261,,,30.0
noisy,1.64,0.0,1.4903553665768572,12,1.0,0.6666666666666666,9.913072794644721,,,243.0
noisy,1.73,0.0,1.5735947355928133,12,1.0,0.3333333333333333,9.916457109396662,,,219.0
noisy,1.8199999999999998,0.0,1.7271194839080666,12,1.0,0.3333333333333333,9.9099754787568,,,19.0
noisy,1.91,0.0,1.6809198877802605,12,1.0,0.3333333333333333,9.911174434040266,,,56.0
noisy,2.0,0.0,1.4018595533292182,12,1.0,0.3333333333333333,9.90318059140825,,,196.0
noisy,0.2,0.0,0.2523788225172265,13,1.0,1.0,5.130215599801546,,,376.0
noisy,0.29000000000000004,0.0,0.3383722435271698,13,1.0,1.0,6.827864522968071,,,506.0
noisy,0.38,0.0,0.4225868376017179,13,1.0,1.0,8.567664587424328,,,556.0
noisy,0.47000000000000003,0.0,0.5060770838751077,13,1.0,1.0,9.905261465477821,,,620.0
noisy,0.56,0.0,0.5889739285094738,13,1.0,1.0,9.90377826833239,,,537.0
noisy,0.6499999999999999,0.0,0.677197287942125,13,1.0,1.0,9.906857129545193,,,578.0
noisy,0.74,0.0,0.7566732117338231,13,1.0,1.0,9.907257437104715,,,485.0
noisy,0.8300000000000001,0.0,0.8536957786785407,13,1.0,1.0,9.908370930989031,,,490.0
noisy,0.9199999999999999,0.0,0.9468092545445437,13,1.0,1.0,9.908659825047444,,,427.0
noisy,1.01,0.0,1.0252689364102803,13,1.0,1.0,9.908003259806069,,,387.0
noisy,1.0999999999999999,0.0,1.106316326853251,13,1.0,1.0,9.904399905556414,,,338.0
noisy,1.19,0.0,1.191525724553097,13,1.0,0.6666666666666666,9.909402665092724,,,320.0
noisy,1.28,0.0,1.2709202299722264,13,1.0,1.0,9.905610333490374,,,309.0
noisy,1.3699999999999999,0.0,1.3608870120408347,13,1.0,1.0,9.909676558884751,,,287.0
noisy,1.46,0.0,1.4363286478899495,13,1.0,1.0,9.913865263019016,,,288.0
noisy,1.5499999999999998,0.0,1.5153492930036536,13,1.0,1.0,9.905540404072427,,,275.0
noisy,1.64,0.0,1.5686575030151542,13,1.0,0.6666666666666666,9.91207482869882,,,70.0
noisy,1.73,0.0,1.6493105946655406,13,1.0,0.6666666666666666,9.916531219747355,,,16.0
noisy,1.8199999999999998,0.0,1.1142377038375586,13,1.0,0.3333333333333333,9.910173896645489,,,13.0
noisy,1.91,0.0,1.5213115487824664,13,1.0,0.3333333333333333,9.916285710913899,,,185.0
noisy,2.0,0.0,1.5065024072766204,13,1.0,0.3333333333333333,9.909055440011526,,,193.0
noisy,0.2,0.0,0.2520221686441886,14,1.0,1.0,5.221414140567975,,,440.0
noisy,0.29000000000000004,0.0,0.33476978637336313,14,1.0,1.0,6.738080406955812,,,525.0
noisy,0.38,0.0,0.41824874275919494,14,1.0,1.0,8.397941131425068,,,621.0
noisy,0.47000000000000003,0.0,0.5022418779975015,14,1.0,1.0,9.903064470560642,,,615.0
noisy,0.56,0.0,0.5966332157497364,14,1.0,1.0,9.90322341409049,,,579.0
noisy,0.6499999999999999,0.0,0.672517321777277,14,1.0,1.0,9.903447060065037,,,565.0
noisy,0.74,0.0,0.7581724087716024,14,1.0,1.0,9.907947955828872,,,542.0
noisy,0.8300000000000001,0.0,0.8534759930165805,14,1.0,1.0,9.908866538434657,,,450.0
noisy,0.9199999999999999,0.0,0.9417172633071567,14,1.0,1.0,9.90530209694533,,,438.0
noisy,1.01,0.0,1.034102416158763,14,1.0,1.0,9.910317052941371,,,388.0
noisy,1.0999999999999999,0.0,1.1130463955015688,14,1.0,0.6666666666666666,9.906348621444613,,,280.0
noisy,1.19,0.0,1.200418437092259,14,1.0,1.0,9.911064555052327,,,320.0
noisy,1.28,0.0,1.2753475717737313,14,1.0,1.0,9.910387849484104,,,320.0
noisy,1.3699999999999999,0.0,1.3689438750409684,14,1.0,0.6666666666666666,9.91354826377479,,,263.0
noisy,1.46,0.0,1.44251237600567,14,1.0,1.0,9.912612920034016,,,276.0
noisy,1.5499999999999998,0.0,1.5266730047127666,14,1.0,1.0,9.914157487985372,,,230.0
noisy,1.64,0.0,1.3400113357577155,14,1.0,0.3333333333333333,9.904178677568407,,,45.0
noisy,1.73,0.0,1.7058500154226737,14,1.0,0.3333333333333333,9.916599706354164,,,237.0
noisy,1.8199999999999998,0.0,1.4226805574058563,14,1.0,0.6666666666666666,9.905160073962831,,,201.0
noisy,1.91,0.0,1.702432778612641,14,1.0,0.0,4.536204297117639,,,32.0
noisy,2.0,0.0,0.7942862301574082,14,1.0,0.0,0.5487687560036414,,,6.0
noisy,0.2,0.0,0.2468584679804525,15,1.0,1.0,5.012666221603351,,,387.0
noisy,0.29000000000000004,0.0,0.3332718625484978,15,1.0,1.0,6.835667360596336,,,494.0
noisy,0.38,0.0,0.45324034311386274,15,1.0,1.0,9.904473387495818,,,511.0
noisy,0.47000000000000003,0.0,0.5367757914221197,15,1.0,0.3333333333333333,9.904949690564441,,,453.0
noisy,0.56,0.0,0.5899194435727327,15,1.0,1.0,9.905344004100304,,,650.0
noisy,0.6499999999999999,0.0,0.6747078360449242,15,1.0,1.0,9.906653097185528,,,538.0
noisy,0.74,0.0,0.7616838708091374,15,1.0,1.0,9.90761941277146,,,533.0
noisy,0.8300000000000001,0.0,0.8530807585317239,15,1.0,1.0,9.906686130666177,,,488.0
noisy,0.9199999999999999,0.0,0.9423086226199731,15,1.0,1.0,9.90633699061573,,,449.0
noisy,1.01,0.0,1.0213416010497443,15,1.0,1.0,9.906739163793024,,,390.0
noisy,1.0999999999999999,0.0,1.118232275189661,15,1.0,0.6666666666666666,9.907499720661933,,,347.0
noisy,1.19,0.0,1.1880520412651525,15,1.0,0.6666666666666666,9.9095352311329,,,271.0
noisy,1.28,0.0,1.2566266080810387,15,1.0,0.6666666666666666,9.902534509204783,,,276.0
noisy,1.3699999999999999,0.0,1.359719936143841,15,1.0,1.0,9.905874623567177,,,299.0
noisy,1.46,0.0,1.435706306011574,15,1.0,1.0,9.912518842525227,,,306.0
noisy,1.5499999999999998,0.0,1.5252589801583234,15,1.0,1.0,9.915227580945942,,,225.0
noisy,1.64,0.0,1.653916689510581,15,1.0,0.6666666666666666,9.916482186152836,,,92.0
noisy,1.73,0.0,1.6805797037734047,15,1.0,0.6666666666666666,9.904735782533391,,,228.0
noisy,1.8199999999999998,0.0,1.713366101830397,15,1.0,0.6666666666666666,9.907344207498499,,,231.0
noisy,1.91,0.0,1.7352917561800665,15,1.0,0.6666666666666666,9.906200982950566,,,221.0
noisy,2.0,0.0,1.6865076234059166,15,1.0,0.0,2.8581392098646354,,,44.0
noisy,0.2,0.0,0.2510046565034256,16,1.0,1.0,5.065368488074774,,,434.0
noisy,0.29000000000000004,0.0,0.3354922565882785,16,1.0,1.0,6.77711907818696,,,488.0
noisy,0.38,0.0,0.42571036375558896,16,1.0,1.0,8.567965094725619,,,598.0
noisy,0.47000000000000003,0.0,0.5075217575038894,16,1.0,0.6666666666666666,9.9022039963373,,,530.0
noisy,0.56,0.0,0.5902331729127085,16,1.0,1.0,9.905404629703503,,,652.0
noisy,0.6499999999999999,0.0,0.6823601034358958,16,1.0,1.0,9.9056517315618,,,556.0
noisy,0.74,0.0,0.7604352410868823,16,1.0,1.0,9.906465443853394,,,555.0
noisy,0.8300000000000001,0.0,0.8515909711403064,16,1.0,1.0,9.908573714110807,,,523.0
noisy,0.9199999999999999,0.0,0.9428107717133574,16,1.0,1.0,9.904557536441503,,,447.0
noisy,1.01,0.0,1.0234530825660857,16,1.0,1.0,9.910064266175775,,,416.0
noisy,1.0999999999999999,0.0,1.1072162390910218,16,1.0,1.0,9.910685534317578,,,317.0
noisy,1.19,0.0,1.1872327929299915,16,1.0,0.6666666666666666,9.906013583936586,,,298.0
noisy,1.28,0.0,1.27693790825146,16,1.0,1.0,9.911630132304962,,,328.0
noisy,1.3699999999999999,0.0,1.3580230271320737,16,1.0,0.6666666666666666,9.908498524653028,,,279.0
noisy,1.46,0.0,1.4475257576648126,16,1.0,1.0,9.912587232285926,,,287.0
noisy,1.5499999999999998,0.0,1.5248212435086328,16,1.0,1.0,9.911601626401458,,,258.0
noisy,1.64,0.0,1.5930464299884193,16,1.0,1.0,9.911813018197963,,,257.0
noisy,1.73,0.0,1.4617678218147454,16,1.0,0.6666666666666666,9.908679521535625,,,15.0
noisy,1.8199999999999998,0.0,1.7870272962234186,16,1.0,0.6666666666666666,9.903123691251794,,,76.0
noisy,1.91,0.0,1.7790527438171455,16,1.0,0.6666666666666666,9.907611987864028,,,202.0
noisy,2.0,0.0,1.636096935103324,16,1.0,0.0,3.6646498164889145,,,37.0
noisy,0.2,0.0,0.24991748486307608,17,1.0,1.0,5.077695176906519,,,396.0
noisy,0.29000000000000004,0.0,0.33286430009735546,17,1.0,1.0,6.724621691037395,,,442.0
noisy,0.38,0.0,0.4297956828860086,17,1.0,1.0,8.946556045423629,,,626.0
noisy,0.47000000000000003,0.0,0.5194189117782887,17,1.0,0.6666666666666666,9.90531975970036,,,707.0
noisy,0.56,0.0,0.5886425793692095,17,1.0,0.6666666666666666,9.903352367296733,,,541.0
noisy,0.6499999999999999,0.0,0.6778650386291121,17,1.0,1.0,9.905898482943634,,,558.0
noisy,0.74,0.0,0.7621169808426199,17,1.0,1.0,9.906746006886006,,,520.0
noisy,0.8300000000000001,0.0,0.8508322400800057,17,1.0,1.0,9.908545355975216,,,515.0
noisy,0.9199999999999999,0.0,0.9452494571785852,17,1.0,0.6666666666666666,9.906693684568312,,,417.0
noisy,1.01,0.0,1.0241852297895504,17,1.0,1.0,9.908098562748382,,,392.0
noisy,1.0999999999999999,0.0,1.1091643370699942,17,1.0,0.6666666666666666,9.908347383638093,,,336.0
noisy,1.19,0.0,1.1937850016530949,17,1.0,0.3333333333333333,9.906366372809213,,,328.0
noisy,1.28,0.0,1.2588409360917432,17,1.0,0.6666666666666666,9.903917968738618,,,309.0
noisy,1.3699999999999999,0.0,1.3562848876467293,17,1.0,1.0,9.91029047389602,,,297.0
noisy,1.46,0.0,1.4423544485304447,17,1.0,1.0,9.911797322789969,,,274.0
noisy,1.5499999999999998,0.0,1.5112289531533547,17,1.0,1.0,9.915017108943333,,,252.0
noisy,1.64,0.0,1.6152449332648493,17,1.0,1.0,9.912745125838816,,,262.0
noisy,1.73,0.0,1.7003611993969157,17,1.0,0.6666666666666666,9.911955249931863,,,244.0
noisy,1.8199999999999998,0.0,1.714260149974054,17,1.0,0.6666666666666666,9.909259204437541,,,19.0
noisy,1.91,0.0,1.792131165824653,17,1.0,0.3333333333333333,9.918136287013441,,,195.0
noisy,2.0,0.0,1.4933081869423768,17,1.0,0.3333333333333333,9.910206219804842,,,188.0
noisy,0.2,0.0,0.2461212845387737,18,1.0,1.0,4.974628232669198,,,415.0
noisy,0.29000000000000004,0.0,0.3323124135354039,18,1.0,1.0,6.7694252362310126,,,555.0
noisy,0.38,0.0,0.4296862842980804,18,1.0,1.0,8.73483664119096,,,552.0
noisy,0.47000000000000003,0.0,0.5416288351380146,18,1.0,0.0,9.653827257915525,,,223.0
noisy,0.56,0.0,0.5926988146213087,18,1.0,0.6666666666666666,9.903190472362342,,,567.0
noisy,0.6499999999999999,0.0,0.6774400200756672,18,1.0,1.0,9.906612903463738,,,566.0
noisy,0.74,0.0,0.7373710331066242,18,1.0,0.6666666666666666,9.907857746353615,,,500.0
noisy,0.8300000000000001,0.0,0.8601166859941078,18,1.0,1.0,9.907159036283957,,,484.0
noisy,0.9199999999999999,0.0,0.9390173069187807,18,1.0,1.0,9.908978321848778,,,435.0
noisy,1.01,0.0,1.0177238848334678,18,1.0,1.0,9.910604206968651,,,392.0
noisy,1.0999999999999999,0.0,1.1164877133076392,18,1.0,0.6666666666666666,9.909883551661594,,,346.0
noisy,1.19,0.0,1.186580645935232,18,1.0,0.0,9.66171199225435,,,306.0
noisy,1.28,0.0,1.2740823618664685,18,1.0,0.6666666666666666,9.906648871754717,,,294.0
noisy,1.3699999999999999,0.0,1.3599173422629205,18,1.0,1.0,9.909910214850479,,,293.0
noisy,1.46,0.0,1.435753066242593,18,1.0,1.0,9.914385946345702,,,303.0
noisy,1.5499999999999998,0.0,1.521045788785777,18,1.0,1.0,9.91496963612874,,,254.0
noisy,1.64,0.0,1.5991682781896237,18,1.0,1.0,9.914384452018432,,,262.0
noisy,1.73,0.0,1.6985775891389705,18,1.0,1.0,9.90247055548621,,,231.0
noisy,1.8199999999999998,0.0,1.7670286405550293,18,1.0,0.6666666666666666,9.915456138284267,,,41.0
noisy,1.91,0.0,1.8792488163216043,18,1.0,0.6666666666666666,9.917913206483506,,,73.0
noisy,2.0,0.0,1.4122176993619584,18,1.0,0.0,3.656894574647307,,,18.0
noisy,0.2,0.0,0.24486596317662435,19,1.0,0.6666666666666666,4.975682666962872,,,434.0
noisy,0.29000000000000004,0.0,0.32366467732622367,19,1.0,0.6666666666666666,6.688054564035654,,,558.0
noisy,0.38,0.0,0.4245692639281569,19,1.0,1.0,8.517280795257118,,,572.0
noisy,0.47000000000000003,0.0,0.5007135106103088,19,1.0,0.0,9.655456368886677,,,524.0
noisy,0.56,0.0,0.5913920495917105,19,1.0,0.3333333333333333,9.904672250111599,,,491.0
noisy,0.6499999999999999,0.0,0.6458569504506059,19,1.0,0.6666666666666666,9.904829349592633,,,49.0
noisy,0.74,0.0,0.7386287456925106,19,1.0,0.6666666666666666,9.906278592042364,,,529.0
noisy,0.8300000000000001,0.0,0.8147001522812548,19,1.0,0.6666666666666666,9.909114627382282,,,54.0
noisy,0.9199999999999999,0.0,0.9452406966652726,19,1.0,0.6666666666666666,9.903486856003349,,,429.0
noisy,1.01,0.0,1.0245584760743112,19,1.0,1.0,9.909966384126655,,,357.0
noisy,1.0999999999999999,0.0,1.1101655717008418,19,1.0,0.6666666666666666,9.906367335827039,,,345.0
noisy,1.19,0.0,1.191268124676087,19,1.0,0.3333333333333333,9.903375332457541,,,326.0
noisy,1.28,0.0,1.274198791269022,19,1.0,0.6666666666666666,9.90673926465181,,,319.0
noisy,1.3699999999999999,0.0,1.357557391737686,19,1.0,0.0,9.811373265386548,,,300.0
noisy,1.46,0.0,1.4438704163867342,19,1.0,0.6666666666666666,9.914278489922125,,,278.0
noisy,1.5499999999999998,0.0,1.5316220101856464,19,1.0,0.6666666666666666,9.915898105793728,,,262.0
noisy,1.64,0.0,1.6385450564435722,19,1.0,0.3333333333333333,9.906670877131472,,,32.0
noisy,1.73,0.0,1.7380303920138493,19,1.0,0.3333333333333333,9.900497178535666,,,73.0
noisy,1.8199999999999998,0.0,1.7786497830959658,19,1.0,0.3333333333333333,9.9053643089859,,,43.0
noisy,1.91,0.0,1.8674032568677035,19,1.0,0.0,3.6621773236568163,,,42.0
noisy,2.0,0.0,1.8118516252720054,19,1.0,0.0,3.3228948589246348,,,42.0
noisy,0.2,0.0,0.25183215661924757,1,2.0,1.0,5.081166446903441,,,443.0
noisy,0.29000000000000004,0.0,0.3362807763860664,1,2.0,1.0,6.793333568222387,,,489.0
noisy,0.38,0.0,0.42440102703812904,1,2.0,1.0,8.622659444648932,,,590.0
noisy,0.47000000000000003,0.0,0.512041893256883,1,2.0,1.0,9.90522453995038,,,573.0
noisy,0.56,0.0,0.5941081444242428,1,2.0,1.0,9.90199707918418,,,562.0
noisy,0.6499999999999999,0.0,0.6787077750383022,1,2.0,1.0,9.906074578666178,,,559.0
noisy,0.74,0.0,0.7637353961454988,1,2.0,1.0,9.907790037923096,,,535.0
noisy,0.8300000000000001,0.0,0.8522984136403458,1,2.0,1.0,9.906279917741967,,,498.0
noisy,0.9199999999999999,0.0,0.9480300916326235,1,2.0,1.0,9.908867013100826,,,396.0
noisy,1.01,0.0,1.0238473762655722,1,2.0,1.0,9.90864123195466,,,363.0
noisy,1.0999999999999999,0.0,1.1170047413308584,1,2.0,1.0,9.909307823040994,,,338.0
noisy,1.19,0.0,1.1945770425498916,1,2.0,1.0,9.911621907727568,,,298.0
noisy,1.28,0.0,1.26755425808694,1,2.0,1.0,9.910387262271032,,,290.0
noisy,1.3699999999999999,0.0,1.3677700205389132,1,2.0,1.0,9.909886715904873,,,278.0
noisy,1.46,0.0,1.4585989224812845,1,2.0,1.0,9.911535349581069,,,275.0
noisy,1.5499999999999998,0.0,1.5316200694032338,1,2.0,1.0,9.911315485386407,,,257.0
noisy,1.64,0.0,1.6044839546635634,1,2.0,1.0,9.914548104581202,,,265.0
noisy,1.73,0.0,1.6879212320567738,1,2.0,1.0,9.911226978601182,,,228.0
noisy,1.8199999999999998,0.0,1.758630281329051,1,2.0,1.0,9.917934677090846,,,215.0
noisy,1.91,0.0,1.8452078289760958,1,2.0,1.0,9.913983099630316,,,193.0
noisy,2.0,0.0,1.9154052770876113,1,2.0,1.0,9.918543136400455,,,206.0
noisy,0.2,0.0,0.2515704268953704,2,2.0,1.0,5.072899456017168,,,465.0
noisy,0.29000000000000004,0.0,0.3386727963957637,2,2.0,1.0,6.907149090470295,,,564.0
noisy,0.38,0.0,0.4243283916420609,2,2.0,1.0,8.578884864718626,,,560.0
noisy,0.47000000000000003,0.0,0.5114157879867324,2,2.0,1.0,9.905015033558175,,,604.0
noisy,0.56,0.0,0.5876199733887767,2,2.0,1.0,9.904903245928681,,,623.0
noisy,0.6499999999999999,0.0,0.6781502075610971,2,2.0,1.0,9.905550384513903,,,530.0
noisy,0.74,0.0,0.7655163083523541,2,2.0,1.0,9.907735144124983,,,545.0
noisy,0.8300000000000001,0.0,0.854400288287357,2,2.0,1.0,9.907058555163927,,,466.0
noisy,0.9199999999999999,0.0,0.9458089745314665,2,2.0,1.0,9.906260279750342,,,439.0
noisy,1.01,0.0,1.0291607352414593,2,2.0,1.0,9.908166553337526,,,369.0
noisy,1.0999999999999999,0.0,1.1191371971544777,2,2.0,1.0,9.910893159813813,,,365.0
noisy,1.19,0.0,1.1900137206388053,2,2.0,1.0,9.910621204836255,,,325.0
noisy,1.28,0.0,1.2765994248837949,2,2.0,1.0,9.907737325486575,,,299.0
noisy,1.3699999999999999,0.0,1.3619395474701115,2,2.0,1.0,9.911824404571052,,,308.0
noisy,1.46,0.0,1.446345267844735,2,2.0,1.0,9.914758058861276,,,270.0
noisy,1.5499999999999998,0.0,1.5252071577991841,2,2.0,1.0,9.911087266012832,,,282.0
noisy,1.64,0.0,1.6105443244605808,2,2.0,1.0,9.906945496195673,,,226.0
noisy,1.73,0.0,1.6874326741945191,2,2.0,1.0,9.910535543107203,,,237.0
noisy,1.8199999999999998,0.0,1.7841760757005007,2,2.0,0.6666666666666666,9.911414506609614,,,190.0
noisy,1.91,0.0,1.8464694849845855,2,2.0,1.0,9.91770611630686,,,199.0
noisy,2.0,0.0,1.91983653323262,2,2.0,1.0,9.91583064555985,,,174.0
noisy,0.2,0.0,0.25333432382194476,3,2.0,1.0,5.134906881415797,,,450.0
noisy,0.29000000000000004,0.0,0.3365969647943856,3,2.0,1.0,6.765486020393411,,,536.0
noisy,0.38,0.0,0.427295701187063,3,2.0,1.0,8.664777446295089,,,600.0
noisy,0.47000000000000003,0.0,0.5174885560606324,3,2.0,1.0,9.903023400113172,,,688.0
noisy,0.56,0.0,0.5901563386774086,3,2.0,1.0,9.904125558584258,,,643.0
noisy,0.6499999999999999,0.0,0.6843052162993178,3,2.0,1.0,9.905264322411318,,,593.0
noisy,0.74,0.0,0.7607592499082321,3,2.0,1.0,9.906726727141065,,,516.0
noisy,0.8300000000000001,0.0,0.8605311626410668,3,2.0,1.0,9.903349201381111,,,481.0
noisy,0.9199999999999999,0.0,0.9557859100917107,3,2.0,1.0,9.909142201710903,,,427.0
noisy,1.01,0.0,1.0410736605527529,3,2.0,1.0,9.90936454216384,,,361.0
noisy,1.0999999999999999,0.0,1.1119201771817275,3,2.0,1.0,9.909340720955127,,,385.0
noisy,1.19,0.0,1.2274433566696068,3,2.0,1.0,9.907067467367321,,,328.0
noisy,1.28,0.0,1.2845334969517972,3,2.0,1.0,9.904817743050062,,,301.0
noisy,1.3699999999999999,0.0,1.3579412470339365,3,2.0,1.0,9.911985619062486,,,287.0
noisy,1.46,0.0,1.4554808114369104,3,2.0,1.0,9.913814592587459,,,270.0
noisy,1.5499999999999998,0.0,1.5329264235085942,3,2.0,1.0,9.915373831747287,,,245.0
noisy,1.64,0.0,1.6052227797791867,3,2.0,1.0,9.916387197439006,,,244.0
noisy,1.73,0.0,1.6879422961237716,3,2.0,1.0,9.914661673690654,,,225.0
noisy,1.8199999999999998,0.0,1.7630957927597084,3,2.0,1.0,9.910928799859324,,,206.0
noisy,1.91,0.0,1.838222987814434,3,2.0,1.0,9.919236784320914,,,210.0
noisy,2.0,0.0,1.9189202983376508,3,2.0,1.0,9.911027400948889,,,179.0
noisy,0.2,0.0,0.25337158325847536,4,2.0,1.0,5.241580796518633,,,387.0
noisy,0.29000000000000004,0.0,0.3347795645681421,4,2.0,1.0,6.77334089259263,,,591.0
noisy,0.38,0.0,0.4215798760924634,4,2.0,1.0,8.554478373226349,,,621.0
noisy,0.47000000000000003,0.0,0.5338243384395731,4,2.0,1.0,9.905631627410006,,,519.0
noisy,0.56,0.0,0.6008738562195988,4,2.0,1.0,9.905989461514347,,,609.0
noisy,0.6499999999999999,0.0,0.6818750717981911,4,2.0,1.0,9.906011722381596,,,524.0
noisy,0.74,0.0,0.7674139152536904,4,2.0,1.0,9.9027453200205,,,522.0
noisy,0.8300000000000001,0.0,0.8597889086291266,4,2.0,1.0,9.905549150773165,,,451.0
noisy,0.9199999999999999,0.0,0.9483864217613309,4,2.0,1.0,9.907744540648865,,,438.0
noisy,1.01,0.0,1.031289178883488,4,2.0,1.0,9.908909470048059,,,377.0
noisy,1.0999999999999999,0.0,1.1126353859854576,4,2.0,1.0,9.904809179957699,,,337.0
noisy,1.19,0.0,1.1904104179430999,4,2.0,1.0,9.911250031901604,,,354.0
noisy,1.28,0.0,1.2760959780351897,4,2.0,1.0,9.908587383225356,,,292.0
noisy,1.3699999999999999,0.0,1.3693271093053863,4,2.0,1.0,9.911428356353012,,,285.0
noisy,1.46,0.0,1.4599341177348153,4,2.0,1.0,9.904837652605671,,,268.0
noisy,1.5499999999999998,0.0,1.5233590179332832,4,2.0,1.0,9.9092962347184,,,255.0
noisy,1.64,0.0,1.5575860395244607,4,2.0,0.6666666666666666,9.90707522200604,,,245.0
noisy,1.73,0.0,1.6925968200716104,4,2.0,1.0,9.908240321899838,,,224.0
noisy,1.8199999999999998,0.0,1.7533527912204867,4,2.0,1.0,9.910144373152017,,,199.0
noisy,1.91,0.0,1.8349310648245076,4,2.0,1.0,9.913340119647573,,,196.0
noisy,2.0,0.0,1.7892734200123328,4,2.0,0.6666666666666666,9.91718377013307,,,172.0
noisy,0.2,0.0,0.25454392497198897,5,2.0,1.0,5.15394909744316,,,510.0
noisy,0.29000000000000004,0.0,0.3284193246533624,5,2.0,1.0,6.614842664447349,,,521.0
noisy,0.38,0.0,0.4414455647818509,5,2.0,1.0,9.046660851713174,,,579.0
noisy,0.47000000000000003,0.0,0.5061752654282506,5,2.0,1.0,9.90512874611557,,,626.0
noisy,0.56,0.0,0.6001430153182313,5,2.0,1.0,9.903399453471955,,,580.0
noisy,0.6499999999999999,0.0,0.6767479860444139,5,2.0,1.0,9.904299581594849,,,577.0
noisy,0.74,0.0,0.7633761515985747,5,2.0,1.0,9.907307055534554,,,502.0
noisy,0.8300000000000001,0.0,0.8594106084192693,5,2.0,1.0,9.90790302159053,,,469.0
noisy,0.9199999999999999,0.0,0.9456700367957568,5,2.0,1.0,9.90566932754975,,,418.0
noisy,1.01,0.0,1.0295544219601724,5,2.0,1.0,9.90527711778814,,,392.0
noisy,1.0999999999999999,0.0,1.1219243890692512,5,2.0,1.0,9.908079579135775,,,324.0
noisy,1.19,0.0,1.2012354799903915,5,2.0,1.0,9.912038212531108,,,341.0
noisy,1.28,0.0,1.2778971642452552,5,2.0,1.0,9.910539229064518,,,315.0
noisy,1.3699999999999999,0.0,1.3662907235484019,5,2.0,1.0,9.901799928411325,,,289.0
noisy,1.46,0.0,1.4478160614387925,5,2.0,1.0,9.910187075413425,,,258.0
noisy,1.5499999999999998,0.0,1.5252164098830328,5,2.0,1.0,9.910756695324523,,,251.0
noisy,1.64,0.0,1.6054364297032462,5,2.0,1.0,9.913807646784006,,,225.0
noisy,1.73,0.0,1.6835195844084347,5,2.0,1.0,9.915128042215155,,,225.0
noisy,1.8199999999999998,0.0,1.7510531399870741,5,2.0,1.0,9.913626960788344,,,216.0
noisy,1.91,0.0,1.851658686233141,5,2.0,1.0,9.912646184104885,,,200.0
noisy,2.0,0.0,1.804242769164466,5,2.0,0.6666666666666666,9.911238578294206,,,178.0
noisy,0.2,0.0,0.2545153557403611,6,2.0,1.0,5.1073559363529935,,,501.0
noisy,0.29000000000000004,0.0,0.3418478418379354,6,2.0,1.0,6.954582982205008,,,510.0
noisy,0.38,0.0,0.4294990315273122,6,2.0,1.0,8.666770287265022,,,562.0
noisy,0.47000000000000003,0.0,0.5094793457555431,6,2.0,1.0,9.90429509618477,,,658.0
noisy,0.56,0.0,0.6002299498103197,6,2.0,1.0,9.905331830602018,,,649.0
noisy,0.6499999999999999,0.0,0.6784267461520535,6,2.0,1.0,9.90082086622644,,,552.0
noisy,0.74,0.0,0.7677890147318872,6,2.0,1.0,9.905688820733097,,,527.0
noisy,0.8300000000000001,0.0,0.8538614208324674,6,2.0,1.0,9.907097666317005,,,468.0
noisy,0.9199999999999999,0.0,0.9517583722903824,6,2.0,1.0,9.90485733181789,,,388.0
noisy,1.01,0.0,1.0282244165202183,6,2.0,1.0,9.906856677139107,,,362.0
noisy,1.0999999999999999,0.0,1.116509805769425,6,2.0,1.0,9.911406254095455,,,352.0
noisy,1.19,0.0,1.2130271184630799,6,2.0,1.0,9.90636164250632,,,313.0
noisy,1.28,0.0,1.2688529428445334,6,2.0,1.0,9.912611093946454,,,333.0
noisy,1.3699999999999999,0.0,1.370201995711306,6,2.0,1.0,9.909002586532676,,,285.0
noisy,1.46,0.0,1.4524638687860287,6,2.0,1.0,9.914202423247938,,,267.0
noisy,1.5499999999999998,0.0,1.5246171167362872,6,2.0,1.0,9.906204557576395,,,259.0
noisy,1.64,0.0,1.610340764806583,6,2.0,1.0,9.916261309560443,,,251.0
noisy,1.73,0.0,1.6823800364421821,6,2.0,1.0,9.913046652456645,,,220.0
noisy,1.8199999999999998,0.0,1.7511824620820053,6,2.0,1.0,9.915777055744671,,,206.0
noisy,1.91,0.0,1.8404636775941265,6,2.0,1.0,9.916068538816061,,,197.0
noisy,2.0,0.0,1.9037730289684873,6,2.0,1.0,9.908576342096383,,,190.0
noisy,0.2,0.0,0.25501799596514646,7,2.0,1.0,5.191458224371393,,,436.0
noisy,0.29000000000000004,0.0,0.3384732475936447,7,2.0,1.0,6.865033787310311,,,516.0
noisy,0.38,0.0,0.47987107141538643,7,2.0,1.0,9.902751349618198,,,664.0
noisy,0.47000000000000003,0.0,0.5085034624654399,7,2.0,1.0,9.90241811807165,,,701.0
noisy,0.56,0.0,0.6008477446574476,7,2.0,1.0,9.90488755733044,,,589.0
noisy,0.6499999999999999,0.0,0.6838923730087639,7,2.0,1.0,9.905558584350096,,,591.0
noisy,0.74,0.0,0.7619951834990034,7,2.0,1.0,9.903893767314594,,,491.0
noisy,0.8300000000000001,0.0,0.8550445206751407,7,2.0,1.0,9.907357472758846,,,482.0
noisy,0.9199999999999999,0.0,0.9538949300441688,7,2.0,1.0,9.9089519408436,,,430.0
noisy,1.01,0.0,1.0294938046269777,7,2.0,1.0,9.90983397407393,,,350.0
noisy,1.0999999999999999,0.0,1.1155642718736054,7,2.0,1.0,9.910141252471561,,,360.0
noisy,1.19,0.0,1.203278178586691,7,2.0,1.0,9.907714595113456,,,336.0
noisy,1.28,0.0,1.2808511088106342,7,2.0,1.0,9.910519279856931,,,300.0
noisy,1.3699999999999999,0.0,1.3694372800883647,7,2.0,1.0,9.911265744267293,,,272.0
noisy,1.46,0.0,1.430996615496878,7,2.0,1.0,9.912856213530844,,,289.0
noisy,1.5499999999999998,0.0,1.521877685379205,7,2.0,1.0,9.91409226222054,,,264.0
noisy,1.64,0.0,1.6023093264326445,7,2.0,1.0,9.916184096871314,,,228.0
noisy,1.73,0.0,1.674819064595601,7,2.0,1.0,9.916256213861136,,,208.0
noisy,1.8199999999999998,0.0,1.756080080686062,7,2.0,1.0,9.905140731323923,,,209.0
noisy,1.91,0.0,1.8281581059920882,7,2.0,1.0,9.911954900720367,,,206.0
noisy,2.0,0.0,1.971402605352302,7,2.0,0.6666666666666666,9.911719377299555,,,123.0
noisy,0.2,0.0,0.25342775326241274,8,2.0,1.0,5.091795766242675,,,540.0
noisy,0.29000000000000004,0.0,0.3384411671996818,8,2.0,1.0,6.8086599145100575,,,569.0
noisy,0.38,0.0,0.42215072570722895,8,2.0,1.0,8.505705349498372,,,619.0
noisy,0.47000000000000003,0.0,0.5032804048848395,8,2.0,1.0,9.904938464440605,,,646.0
noisy,0.56,0.0,0.5947112122743046,8,2.0,1.0,9.905844615862177,,,636.0
noisy,0.6499999999999999,0.0,0.6797824736743182,8,2.0,1.0,9.904122433218472,,,582.0
noisy,0.74,0.0,0.7687274876883675,8,2.0,1.0,9.905231401214149,,,519.0
noisy,0.8300000000000001,0.0,0.8580277935312041,8,2.0,1.0,9.908764624007977,,,458.0
noisy,0.9199999999999999,0.0,0.9521666513227305,8,2.0,1.0,9.907320239196835,,,392.0
noisy,1.01,0.0,1.032504233743939,8,2.0,1.0,9.906858460969827,,,356.0
noisy,1.0999999999999999,0.0,1.1036856672976223,8,2.0,1.0,9.908242309693797,,,355.0
noisy,1.19,0.0,1.1934619746002946,8,2.0,1.0,9.906567866856198,,,333.0
noisy,1.28,0.0,1.2675133747518723,8,2.0,1.0,9.9110873154172,,,360.0
noisy,1.3699999999999999,0.0,1.3630784226281296,8,2.0,1.0,9.913673181051903,,,285.0
noisy,1.46,0.0,1.4399258309943102,8,2.0,1.0,9.907660710986304,,,275.0
noisy,1.5499999999999998,0.0,1.5217405525752579,8,2.0,1.0,9.915523053353887,,,242.0
noisy,1.64,0.0,1.5895846620489793,8,2.0,1.0,9.915338140574374,,,240.0
noisy,1.73,0.0,1.6701170128389613,8,2.0,1.0,9.911204084180293,,,222.0
noisy,1.8199999999999998,0.0,1.7632152544800206,8,2.0,1.0,9.912152776413441,,,228.0
noisy,1.91,0.0,0.9421148881927287,8,2.0,0.0,0.7782566187218972,,,16.0
noisy,2.0,0.0,1.565206532963612,8,2.0,0.6666666666666666,9.905689625281354,,,190.0
noisy,0.2,0.0,0.24507330141309094,9,2.0,1.0,4.931122328439293,,,425.0
noisy,0.29000000000000004,0.0,0.3361247103693845,9,2.0,1.0,6.843842194907497,,,517.0
noisy,0.38,0.0,0.4388517274976929,9,2.0,1.0,9.182827889287944,,,528.0
noisy,0.47000000000000003,0.0,0.5143166724729037,9,2.0,1.0,9.903920604763364,,,581.0
noisy,0.56,0.0,0.5821161868964276,9,2.0,1.0,9.904995650623873,,,557.0
noisy,0.6499999999999999,0.0,0.6843412102258969,9,2.0,1.0,9.904736648573119,,,613.0
noisy,0.74,0.0,0.7673621359232278,9,2.0,1.0,9.906734733630298,,,527.0
noisy,0.8300000000000001,0.0,0.8534254777135383,9,2.0,1.0,9.906853449848722,,,443.0
noisy,0.9199999999999999,0.0,0.9471177843690514,9,2.0,1.0,9.904183396661859,,,407.0
noisy,1.01,0.0,1.0249987902872373,9,2.0,1.0,9.908387514979548,,,348.0
noisy,1.0999999999999999,0.0,1.110047731940422,9,2.0,1.0,9.902723971563406,,,386.0
noisy,1.19,0.0,1.1939246537612778,9,2.0,1.0,9.910036453412147,,,321.0
noisy,1.28,0.0,1.271071593229513,9,2.0,1.0,9.913388245112879,,,305.0
noisy,1.3699999999999999,0.0,1.3605153172362667,9,2.0,1.0,9.911967280754094,,,289.0
noisy,1.46,0.0,1.4437054949594916,9,2.0,1.0,9.911151452222963,,,277.0
noisy,1.5499999999999998,0.0,1.5195439776083857,9,2.0,1.0,9.91496859903701,,,246.0
noisy,1.64,0.0,1.6065570254062618,9,2.0,1.0,9.91237695272068,,,219.0
noisy,1.73,0.0,1.658641080456895,9,2.0,0.6666666666666666,9.916680494327581,,,195.0
noisy,1.8199999999999998,0.0,1.7459281882920676,9,2.0,1.0,9.910537981586844,,,210.0
noisy,1.91,0.0,1.5616864907737888,9,2.0,0.6666666666666666,9.915851270015974,,,181.0
noisy,2.0,0.0,1.2944648980640512,9,2.0,0.3333333333333333,9.915979727552559,,,182.0
noisy,0.2,0.0,0.2517157045540797,10,2.0,1.0,5.174894365725903,,,441.0
noisy,0.29000000000000004,0.0,0.3366331408700744,10,2.0,1.0,6.749330363114865,,,570.0
noisy,0.38,0.0,0.46301955213588836,10,2.0,1.0,9.904074935366745,,,528.0
noisy,0.47000000000000003,0.0,0.5186705878026578,10,2.0,1.0,9.904862183557254,,,672.0
noisy,0.56,0.0,0.5987718833639412,10,2.0,1.0,9.903157322543588,,,633.0
noisy,0.6499999999999999,0.0,0.6771197550815377,10,2.0,1.0,9.904048746005518,,,573.0
noisy,0.74,0.0,0.7664631185970875,10,2.0,1.0,9.903297256095344,,,526.0
noisy,0.8300000000000001,0.0,0.8554588167226126,10,2.0,1.0,9.903667148569463,,,447.0
noisy,0.9199999999999999,0.0,0.949042605571505,10,2.0,1.0,9.906125024081248,,,400.0
noisy,1.01,0.0,1.0318014706702205,10,2.0,1.0,9.90667072031279,,,392.0
noisy,1.0999999999999999,0.0,1.1112574781444648,10,2.0,1.0,9.909670865226168,,,340.0
noisy,1.19,0.0,1.1851236014891375,10,2.0,1.0,9.910700909734645,,,340.0
noisy,1.28,0.0,1.259814777125835,10,2.0,1.0,9.912194703492462,,,307.0
noisy,1.3699999999999999,0.0,1.357470178945454,10,2.0,1.0,9.905764523983095,,,302.0
noisy,1.46,0.0,1.4428638884969986,10,2.0,1.0,9.913067366897485,,,257.0
noisy,1.5499999999999998,0.0,1.5183961213830661,10,2.0,1.0,9.91352163540608,,,244.0
noisy,1.64,0.0,1.610383045427934,10,2.0,0.6666666666666666,9.91477084673889,,,228.0
noisy,1.73,0.0,1.0201787981295753,10,2.0,0.0,1.80390468705866,,,45.0
noisy,1.8199999999999998,0.0,1.2921686275350515,10,2.0,0.3333333333333333,9.905788212450965,,,201.0
noisy,1.91,0.0,1.6339497419718623,10,2.0,0.0,8.652967472448115,,,11.0
noisy,2.0,0.0,0.9050299501737524,10,2.0,0.0,0.7767435455682772,,,12.0
noisy,0.2,0.0,0.2500981577664849,11,2.0,1.0,5.039617545391876,,,476.0
noisy,0.29000000000000004,0.0,0.34272773813024476,11,2.0,1.0,6.868128479737327,,,569.0
noisy,0.38,0.0,0.43186833410130926,11,2.0,1.0,8.812278097842363,,,556.0
noisy,0.47000000000000003,0.0,0.5537058766606237,11,2.0,1.0,9.905985857643474,,,520.0
noisy,0.56,0.0,0.5950314146374324,11,2.0,1.0,9.905347655756911,,,641.0
noisy,0.6499999999999999,0.0,0.6845778451682921,11,2.0,1.0,9.904395559234072,,,567.0
noisy,0.74,0.0,0.7634374685968641,11,2.0,1.0,9.907429136515134,,,477.0
noisy,0.8300000000000001,0.0,0.851923360741789,11,2.0,1.0,9.902502465794505,,,467.0
noisy,0.9199999999999999,0.0,0.948527907485747,11,2.0,1.0,9.90658611192013,,,431.0
noisy,1.01,0.0,1.0216457024196735,11,2.0,1.0,9.905462517467843,,,370.0
noisy,1.0999999999999999,0.0,1.111089590278968,11,2.0,1.0,9.907706404996384,,,327.0
noisy,1.19,0.0,1.1963095771503294,11,2.0,1.0,9.906163194615349,,,321.0
noisy,1.28,0.0,1.270468359334636,11,2.0,1.0,9.912119067697372,,,311.0
noisy,1.3699999999999999,0.0,1.3939484541827947,11,2.0,1.0,9.912304552630692,,,259.0
noisy,1.46,0.0,1.4373348470873075,11,2.0,1.0,9.913283275894711,,,292.0
noisy,1.5499999999999998,0.0,1.4734635584229556,11,2.0,0.3333333333333333,9.912493582135665,,,69.0
noisy,1.64,0.0,1.3207821298774791,11,2.0,0.3333333333333333,9.909134205776763,,,12.0
noisy,1.73,0.0,1.210885773542472,11,2.0,0.3333333333333333,9.909028437913314,,,16.0
noisy,1.8199999999999998,0.0,1.5081378855884813,11,2.0,0.3333333333333333,9.905134983616632,,,8.0
noisy,1.91,0.0,0.8185949715392192,11,2.0,0.0,0.6007515882318338,,,6.0
noisy,2.0,0.0,1.5342692176077577,11,2.0,0.6666666666666666,9.917103856447065,,,9.0
noisy,0.2,0.0,0.2456531679433701,12,2.0,1.0,5.013266532853823,,,474.0
noisy,0.29000000000000004,0.0,0.337546775565152,12,2.0,1.0,6.812140955898966,,,583.0
noisy,0.38,0.0,0.4413772280285162,12,2.0,1.0,9.188855284018464,,,577.0
noisy,0.47000000000000003,0.0,0.523278853259145,12,2.0,1.0,9.905015771737043,,,542.0
noisy,0.56,0.0,0.5888017378023654,12,2.0,1.0,9.903626788077835,,,667.0
noisy,0.6499999999999999,0.0,0.6786388257244825,12,2.0,1.0,9.90595992701121,,,576.0
noisy,0.74,0.0,0.7638543031632054,12,2.0,1.0,9.906705263180797,,,525.0
noisy,0.8300000000000001,0.0,0.8553652723690087,12,2.0,1.0,9.90828957757026,,,458.0
noisy,0.9199999999999999,0.0,0.9486083591552353,12,2.0,1.0,9.905468530095833,,,436.0
noisy,1.01,0.0,1.0349776732499723,12,2.0,1.0,9.906799344639323,,,305.0
noisy,1.0999999999999999,0.0,1.118509991045129,12,2.0,1.0,9.909158469318571,,,305.0
noisy,1.19,0.0,1.193780069178763,12,2.0,1.0,9.9114998988072,,,309.0
noisy,1.28,0.0,1.267572183487507,12,2.0,1.0,9.906305372974725,,,295.0
noisy,1.3699999999999999,0.0,1.3570743498268485,12,2.0,1.0,9.908128944848846,,,316.0
noisy,1.46,0.0,1.4525505720596836,12,2.0,1.0,9.908792541570664,,,296.0
noisy,1.5499999999999998,0.0,1.5183476290492532,12,2.0,1.0,9.9098771361003,,,245.0
noisy,1.64,0.0,1.4015492354249908,12,2.0,0.3333333333333333,9.915363965008456,,,78.0
noisy,1.73,0.0,1.4432262315021713,12,2.0,0.0,3.713595782625062,,,36.0
noisy,1.8199999999999998,0.0,1.5985999818144634,12,2.0,0.3333333333333333,9.918426892519197,,,82.0
noisy,1.91,0.0,1.5711704835949325,12,2.0,0.0,6.210956021715237,,,79.0
noisy,2.0,0.0,0.9143440083497327,12,2.0,0.0,0.7176139099851627,,,9.0
noisy,0.2,0.0,0.251188068816834,13,2.0,1.0,5.046933720267816,,,500.0
noisy,0.29000000000000004,0.0,0.3465282522634434,13,2.0,1.0,7.3743107800950725,,,596.0
noisy,0.38,0.0,0.42173899444859275,13,2.0,1.0,8.449453577024274,,,639.0
noisy,0.47000000000000003,0.0,0.5253046824927506,13,2.0,1.0,9.90573913367559,,,670.0
noisy,0.56,0.0,0.6109911224556789,13,2.0,1.0,9.90280019582649,,,640.0
noisy,0.6499999999999999,0.0,0.6776551713881737,13,2.0,1.0,9.906330848751471,,,567.0
noisy,0.74,0.0,0.7620529938185631,13,2.0,1.0,9.907244555371513,,,519.0
noisy,0.8300000000000001,0.0,0.8602175525474692,13,2.0,1.0,9.907464745016469,,,445.0
noisy,0.9199999999999999,0.0,0.9451804602739801,13,2.0,1.0,9.907599146199773,,,433.0
noisy,1.01,0.0,1.0294739404379893,13,2.0,1.0,9.907758759912168,,,381.0
noisy,1.0999999999999999,0.0,1.1037482226469952,13,2.0,1.0,9.909533625689996,,,362.0
noisy,1.19,0.0,1.1934245406272608,13,2.0,1.0,9.907952278494607,,,339.0
noisy,1.28,0.0,1.2727837417564036,13,2.0,1.0,9.909895287605803,,,315.0
noisy,1.3699999999999999,0.0,1.3644437863338748,13,2.0,1.0,9.912361578039505,,,291.0
noisy,1.46,0.0,1.2639617263888694,13,2.0,0.3333333333333333,9.91039276353238,,,270.0
noisy,1.5499999999999998,0.0,1.5172152793136389,13,2.0,1.0,9.914826955552149,,,230.0
noisy,1.64,0.0,1.6079682683086507,13,2.0,1.0,9.90370255006939,,,250.0
noisy,1.73,0.0,1.4198942604056246,13,2.0,0.6666666666666666,9.903596336516099,,,214.0
noisy,1.8199999999999998,0.0,1.1720327451728612,13,2.0,0.0,1.9446516205783624,,,26.0
noisy,1.91,0.0,1.582593995487148,13,2.0,0.3333333333333333,9.903661690584315,,,63.0
noisy,2.0,0.0,1.222997092556416,13,2.0,0.3333333333333333,9.913013874225767,,,161.0
noisy,0.2,0.0,0.2519710562517863,14,2.0,1.0,5.074888148884566,,,478.0
noisy,0.29000000000000004,0.0,0.3326586600349675,14,2.0,1.0,6.796360884999788,,,482.0
noisy,0.38,0.0,0.4276408650595232,14,2.0,1.0,8.684431792719487,,,569.0
noisy,0.47000000000000003,0.0,0.5698014101219844,14,2.0,1.0,9.904626078564545,,,554.0
noisy,0.56,0.0,0.5934467906749468,14,2.0,1.0,9.906031651668366,,,626.0
noisy,0.6499999999999999,0.0,0.6756827817269132,14,2.0,1.0,9.905711945357277,,,547.0
noisy,0.74,0.0,0.7627269915492502,14,2.0,1.0,9.907617408245674,,,520.0
noisy,0.8300000000000001,0.0,0.8589852517128481,14,2.0,1.0,9.905707372174197,,,482.0
noisy,0.9199999999999999,0.0,0.9443089017251617,14,2.0,1.0,9.906578838270324,,,405.0
noisy,1.01,0.0,1.0236625442946132,14,2.0,1.0,9.907239964774629,,,375.0
noisy,1.0999999999999999,0.0,1.1095381210817414,14,2.0,1.0,9.905337549671492,,,377.0
noisy,1.19,0.0,1.1918084250539838,14,2.0,1.0,9.911573013433971,,,343.0
noisy,1.28,0.0,1.2822220540916225,14,2.0,1.0,9.910347295304923,,,331.0
noisy,1.3699999999999999,0.0,1.3735574043959236,14,2.0,1.0,9.911425782710968,,,301.0
noisy,1.46,0.0,1.4607074694167406,14,2.0,1.0,9.912282777441122,,,231.0
noisy,1.5499999999999998,0.0,1.534806293289585,14,2.0,1.0,9.913863522710086,,,240.0
noisy,1.64,0.0,1.624247696405919,14,2.0,0.6666666666666666,9.909299365189904,,,227.0
noisy,1.73,0.0,1.3528870692713386,14,2.0,0.6666666666666666,9.904242701419385,,,6.0
noisy,1.8199999999999998,0.0,1.06213636916438,14,2.0,0.0,1.0594354577528236,,,10.0
noisy,1.91,0.0,0.848074189045743,14,2.0,0.0,1.07280310363055,,,9.0
noisy,2.0,0.0,0.8371140680989434,14,2.0,0.0,0.45592913384678196,,,5.0
noisy,0.2,0.0,0.25504811944633643,15,2.0,1.0,5.194283856904159,,,475.0
noisy,0.29000000000000004,0.0,0.33519923170420846,15,2.0,1.0,6.814600099464251,,,551.0
noisy,0.38,0.0,0.42418856898684304,15,2.0,1.0,8.611200994137981,,,634.0
noisy,0.47000000000000003,0.0,0.5061980462083403,15,2.0,1.0,9.904797383133177,,,624.0
noisy,0.56,0.0,0.5948835790610948,15,2.0,1.0,9.906149952410201,,,633.0
noisy,0.6499999999999999,0.0,0.6783835454844849,15,2.0,1.0,9.904075180519932,,,590.0
noisy,0.74,0.0,0.7631571275371024,15,2.0,1.0,9.903613013088227,,,553.0
noisy,0.8300000000000001,0.0,0.8549919859939586,15,2.0,1.0,9.90814999626084,,,486.0
noisy,0.9199999999999999,0.0,0.9453677009286506,15,2.0,1.0,9.909681580411688,,,423.0
noisy,1.01,0.0,1.0270612511952277,15,2.0,1.0,9.910783697608803,,,374.0
noisy,1.0999999999999999,0.0,1.1099177976159693,15,2.0,1.0,9.9103438292548,,,384.0
noisy,1.19,0.0,1.192843305800417,15,2.0,1.0,9.909125235247117,,,341.0
noisy,1.28,0.0,1.265796598458625,15,2.0,1.0,9.908186038844462,,,318.0
noisy,1.3699999999999999,0.0,1.359823494409613,15,2.0,1.0,9.910550665575075,,,283.0
noisy,1.46,0.0,1.4454937985874574,15,2.0,1.0,9.909623315770062,,,277.0
noisy,1.5499999999999998,0.0,1.5232394030787626,15,2.0,1.0,9.90921306174212,,,247.0
noisy,1.64,0.0,1.5970575904980857,15,2.0,1.0,9.911952460255302,,,216.0
noisy,1.73,0.0,1.4375531685287075,15,2.0,0.6666666666666666,9.912010650316203,,,238.0
noisy,1.8199999999999998,0.0,0.9869946079909844,15,2.0,0.0,0.6232288855763141,,,10.0
noisy,1.91,0.0,1.082840750611733,15,2.0,0.3333333333333333,9.900185484100874,,,197.0
noisy,2.0,0.0,1.1190161786334292,15,2.0,0.3333333333333333,9.917288051458202,,,4.0
noisy,0.2,0.0,0.24999961967313267,16,2.0,1.0,5.0889344425071465,,,498.0
noisy,0.29000000000000004,0.0,0.3362180845958518,16,2.0,1.0,6.7481597897506855,,,568.0
noisy,0.38,0.0,0.41697471001738284,16,2.0,1.0,8.437899713606424,,,561.0
noisy,0.47000000000000003,0.0,0.4973826699809159,16,2.0,1.0,9.901344383014639,,,667.0
noisy,0.56,0.0,0.6045387254753619,16,2.0,1.0,9.903944364730938,,,598.0
noisy,0.6499999999999999,0.0,0.6787931666982017,16,2.0,1.0,9.90461641291634,,,590.0
noisy,0.74,0.0,0.758295664242147,16,2.0,1.0,9.90520380246681,,,513.0
noisy,0.8300000000000001,0.0,0.8518987793794958,16,2.0,1.0,9.903979353295501,,,456.0
noisy,0.9199999999999999,0.0,0.9417715363469293,16,2.0,1.0,9.905806666241059,,,392.0
noisy,1.01,0.0,1.0282227626365825,16,2.0,1.0,9.909901364540007,,,374.0
noisy,1.0999999999999999,0.0,1.1081632560277144,16,2.0,1.0,9.906829486116727,,,310.0
noisy,1.19,0.0,1.193059493884864,16,2.0,1.0,9.906720676449138,,,333.0
noisy,1.28,0.0,1.2720771916376141,16,2.0,1.0,9.908072511137211,,,315.0
noisy,1.3699999999999999,0.0,1.3606033829448814,16,2.0,1.0,9.90787962906508,,,272.0
noisy,1.46,0.0,1.438081655413028,16,2.0,1.0,9.904543035329283,,,270.0
noisy,1.5499999999999998,0.0,1.5129487304370024,16,2.0,1.0,9.915485752962228,,,253.0
noisy,1.64,0.0,1.7913482839751216,16,2.0,0.3333333333333333,9.903618777644601,,,98.0
noisy,1.73,0.0,1.4681835337411153,16,2.0,0.0,4.549278128138447,,,42.0
noisy,1.8199999999999998,0.0,1.4423095540555793,16,2.0,0.3333333333333333,9.918235298450808,,,47.0
noisy,1.91,0.0,1.1829822523260447,16,2.0,0.3333333333333333,9.909085625308952,,,4.0
noisy,2.0,0.0,0.8496167278737609,16,2.0,0.0,0.44673375752810407,,,4.0
noisy,0.2,0.0,0.25785107117470557,17,2.0,1.0,5.350229013006926,,,477.0
noisy,0.29000000000000004,0.0,0.3399462102608992,17,2.0,1.0,6.918873895383014,,,603.0
noisy,0.38,0.0,0.41887681972625995,17,2.0,1.0,8.442416474245157,,,585.0
noisy,0.47000000000000003,0.0,0.5254825026689226,17,2.0,1.0,9.904970695306611,,,708.0
noisy,0.56,0.0,0.5914132527282662,17,2.0,1.0,9.902590291643254,,,617.0
noisy,0.6499999999999999,0.0,0.6778831052555624,17,2.0,1.0,9.904864093746724,,,562.0
noisy,0.74,0.0,0.762236008054321,17,2.0,1.0,9.908441604218986,,,500.0
noisy,0.8300000000000001,0.0,0.8522907426744305,17,2.0,1.0,9.906938495114108,,,440.0
noisy,0.9199999999999999,0.0,0.94504847330521,17,2.0,0.6666666666666666,9.905640496952365,,,372.0
noisy,1.01,0.0,1.0341034909342202,17,2.0,1.0,9.906294938083887,,,399.0
noisy,1.0999999999999999,0.0,1.1096238007171875,17,2.0,1.0,9.906839943160772,,,341.0
noisy,1.19,0.0,1.2000425429328248,17,2.0,1.0,9.905939313847407,,,318.0
noisy,1.28,0.0,1.2724870099891346,17,2.0,0.6666666666666666,9.907713000426316,,,252.0
noisy,1.3699999999999999,0.0,1.3640895256651595,17,2.0,1.0,9.911629025577257,,,284.0
noisy,1.46,0.0,1.387512783926472,17,2.0,0.6666666666666666,9.902859877844005,,,31.0
noisy,1.5499999999999998,0.0,1.518737645134693,17,2.0,1.0,9.903645371705123,,,244.0
noisy,1.64,0.0,1.598427072197241,17,2.0,1.0,9.91590956820885,,,230.0
noisy,1.73,0.0,1.41649620802247,17,2.0,0.6666666666666666,9.916534757818155,,,10.0
noisy,1.8199999999999998,0.0,1.152430422114913,17,2.0,0.3333333333333333,9.912496910809391,,,187.0
noisy,1.91,0.0,1.8277851347622838,17,2.0,1.0,9.917114900910637,,,199.0
noisy,2.0,0.0,1.1254244773083233,17,2.0,0.0,2.388488153810232,,,3.0
noisy,0.2,0.0,0.25032751084331145,18,2.0,0.3333333333333333,4.955906826367047,,,431.0
noisy,0.29000000000000004,0.0,0.33131210773759606,18,2.0,0.3333333333333333,6.442814178636687,,,247.0
noisy,0.38,0.0,0.4186125137099556,18,2.0,1.0,8.490450138727972,,,662.0
noisy,0.47000000000000003,0.0,0.5395663193243491,18,2.0,1.0,9.905682211562361,,,554.0
noisy,0.56,0.0,0.5829280168324963,18,2.0,0.3333333333333333,9.900240068869133,,,216.0
noisy,0.6499999999999999,0.0,0.6745912033141116,18,2.0,0.3333333333333333,9.902791787300492,,,301.0
noisy,0.74,0.0,0.7598736990075089,18,2.0,0.6666666666666666,9.9071903387617,,,489.0
noisy,0.8300000000000001,0.0,0.8349374066992281,18,2.0,0.3333333333333333,9.900327571456009,,,485.0
noisy,0.9199999999999999,0.0,0.9406002007606702,18,2.0,0.6666666666666666,9.90756215626965,,,447.0
noisy,1.01,0.0,1.008611437097461,18,2.0,0.6666666666666666,9.9106194743928,,,122.0
noisy,1.0999999999999999,0.0,1.11540484851325,18,2.0,1.0,9.910274248627204,,,322.0
noisy,1.19,0.0,1.1921593593845659,18,2.0,1.0,9.911878066515095,,,326.0
noisy,1.28,0.0,1.2675467362895227,18,2.0,0.6666666666666666,9.905568654428224,,,329.0
noisy,1.3699999999999999,0.0,1.3427591198571076,18,2.0,0.6666666666666666,9.914430212560882,,,249.0
noisy,1.46,0.0,1.4766189121875442,18,2.0,0.3333333333333333,9.908306760834197,,,69.0
noisy,1.5499999999999998,0.0,1.5225979870248725,18,2.0,1.0,9.91448797851879,,,269.0
noisy,1.64,0.0,1.6154705434924634,18,2.0,0.6666666666666666,9.914297166951508,,,241.0
noisy,1.73,0.0,1.1574118521047314,18,2.0,0.3333333333333333,9.91238728210606,,,7.0
noisy,1.8199999999999998,0.0,1.7494596094092032,18,2.0,0.6666666666666666,9.9008790502423,,,182.0
noisy,1.91,0.0,0.9428845913132151,18,2.0,0.0,0.8029910702058709,,,15.0
noisy,2.0,0.0,1.5683459382314864,18,2.0,0.3333333333333333,9.902250948144319,,,60.0
noisy,0.2,0.0,0.2518329976159714,19,2.0,0.0,3.773580720157498,,,290.0
noisy,0.29000000000000004,0.0,0.32748051318066473,19,2.0,0.6666666666666666,6.584569709335062,,,512.0
noisy,0.38,0.0,0.41883973847726513,19,2.0,0.3333333333333333,8.495410685141097,,,274.0
noisy,0.47000000000000003,0.0,0.5065793885575686,19,2.0,0.3333333333333333,9.904644510600322,,,605.0
noisy,0.56,0.0,0.5838030736493256,19,2.0,0.0,4.670095137309859,,,267.0
noisy,0.6499999999999999,0.0,0.6634165573182598,19,2.0,0.0,3.748614662587883,,,201.0
noisy,0.74,0.0,0.7466817639227471,19,2.0,0.0,4.271219211136373,,,185.0
noisy,0.8300000000000001,0.0,0.8244351040298413,19,2.0,0.0,2.677195382581006,,,129.0
noisy,0.9199999999999999,0.0,0.8912142928814465,19,2.0,0.0,2.8099822364217077,,,136.0
noisy,1.01,0.0,1.0076901983483522,19,2.0,0.6666666666666666,9.909151807447351,,,350.0
noisy,1.0999999999999999,0.0,1.100087324979884,19,2.0,0.6666666666666666,9.91018381697567,,,333.0
noisy,1.19,0.0,1.171074381503742,19,2.0,0.6666666666666666,9.908350888323094,,,296.0
noisy,1.28,0.0,1.2546398359230186,19,2.0,0.6666666666666666,9.909752748908998,,,306.0
noisy,1.3699999999999999,0.0,1.3156674470734733,19,2.0,0.3333333333333333,9.90772928486197,,,118.0
noisy,1.46,0.0,1.5128960038545154,19,2.0,0.0,3.7549393620077884,,,71.0
noisy,1.5499999999999998,0.0,1.519450089882083,19,2.0,0.6666666666666666,9.905427697958514,,,251.0
noisy,1.64,0.0,1.455449104220434,19,2.0,0.3333333333333333,9.913719918512996,,,229.0
noisy,1.73,0.0,1.1238043426841833,19,2.0,0.3333333333333333,9.917210973141815,,,224.0
noisy,1.8199999999999998,0.0,0.9442910900109788,19,2.0,0.0,0.5674138916780742,,,8.0
noisy,1.91,0.0,1.1330972257314782,19,2.0,0.0,4.804983127964773,,,3.0
noisy,2.0,0.0,0.9075043294801594,19,2.0,0.0,0.730357795746134,,,6.0
