demo type,cmd speed,angle,mean speed,noise level,resolution,success,max range,trial_no,symmetry index,steps taken
noisy,0.2,0.0,0.1750177090036935,1,0.25,0.3333333333333333,3.8718671681958043,,,6.0
noisy,0.29000000000000004,0.0,0.09979335725346417,1,0.25,0.0,0.11919551907668434,,,33.0
noisy,0.38,0.0,0.3858132509240117,1,0.25,1.0,7.7608165460396625,,,330.0
noisy,0.47000000000000003,0.0,0.4745781444553428,1,0.25,1.0,9.600018889168206,,,363.0
noisy,0.56,0.0,0.5664913567148306,1,0.25,1.0,9.905327772093756,,,295.0
noisy,0.6499999999999999,0.0,0.6535825622958391,1,0.25,1.0,9.906816045135296,,,249.0
noisy,0.74,0.0,0.7353338389567826,1,0.25,1.0,9.907015644335889,,,279.0
noisy,0.8300000000000001,0.0,0.8257744874417204,1,0.25,1.0,9.90739373645473,,,241.0
noisy,0.9199999999999999,0.0,0.9128747839269028,1,0.25,1.0,9.908751213523377,,,219.0
noisy,1.01,0.0,1.0014917784019943,1,0.25,1.0,9.906147184450111,,,193.0
noisy,1.0999999999999999,0.0,1.078555912090814,1,0.25,1.0,9.910357574022612,,,216.0
noisy,1.19,0.0,1.1643307162845513,1,0.25,1.0,9.905585694606257,,,184.0
noisy,1.28,0.0,1.2561013336344613,1,0.25,1.0,9.91238178404885,,,159.0
noisy,1.3699999999999999,0.0,1.3370748978674303,1,0.25,1.0,9.907792976682266,,,143.0
noisy,1.46,0.0,1.4091153162057377,1,0.25,1.0,9.909110781389257,,,145.0
noisy,1.5499999999999998,0.0,1.4974940591584662,1,0.25,0.6666666666666666,9.908131612310363,,,123.0
noisy,1.64,0.0,1.5777584708448682,1,0.25,1.0,9.914747187212885,,,144.0
noisy,1.73,0.0,1.6627727114446753,1,0.25,1.0,9.915036617486356,,,118.0
noisy,1.8199999999999998,0.0,1.745824861961445,1,0.25,1.0,9.912584621174698,,,125.0
noisy,1.91,0.0,1.8249862133997212,1,0.25,1.0,9.913366895314557,,,114.0
noisy,2.0,0.0,1.9040553626343772,1,0.25,1.0,9.917135169353076,,,130.0
noisy,0.2,0.0,-0.08795763693052261,2,0.25,0.0,0.0,,,432.0
noisy,0.29000000000000004,0.0,-0.045142392520295914,2,0.25,0.0,0.0,,,662.0
noisy,0.38,0.0,-0.030340980980578663,2,0.25,0.0,0.0,,,497.0
noisy,0.47000000000000003,0.0,-0.013594132817670608,2,0.25,0.0,0.0,,,272.0
noisy,0.56,0.0,0.004759369945134496,2,0.25,0.0,0.13356823174690144,,,74.0
noisy,0.6499999999999999,0.0,0.07817632303481105,2,0.25,0.0,0.19124422912608463,,,41.0
noisy,0.74,0.0,0.12091203845750488,2,0.25,0.0,0.16008277649088673,,,26.0
noisy,0.8300000000000001,0.0,0.18345175184265497,2,0.25,0.0,0.14995828163524572,,,31.0
noisy,0.9199999999999999,0.0,0.32714846871072817,2,0.25,0.0,0.2244684815405784,,,23.0
noisy,1.01,0.0,0.36633484693853724,2,0.25,0.0,0.21222030324163912,,,14.0
noisy,1.0999999999999999,0.0,0.38163603325033985,2,0.25,0.0,0.19233503975906438,,,16.0
noisy,1.19,0.0,0.41015279305232005,2,0.25,0.0,0.21843798654449317,,,23.0
noisy,1.28,0.0,0.37640799581675294,2,0.25,0.0,0.19346508220478512,,,19.0
noisy,1.3699999999999999,0.0,0.5064484041767793,2,0.25,0.0,0.2824657830499263,,,18.0
noisy,1.46,0.0,0.5086534570966245,2,0.25,0.0,0.2375987708608479,,,18.0
noisy,1.5499999999999998,0.0,0.49466069138932545,2,0.25,0.0,0.21056063182128326,,,15.0
noisy,1.64,0.0,0.4287440322682205,2,0.25,0.0,0.17715384720119734,,,13.0
noisy,1.73,0.0,0.4822993514113003,2,0.25,0.0,0.23244121976540127,,,16.0
noisy,1.8199999999999998,0.0,0.5562362115006416,2,0.25,0.0,0.2006407538997422,,,17.0
noisy,1.91,0.0,0.5494079926110201,2,0.25,0.0,0.2330705118345143,,,17.0
noisy,2.0,0.0,0.4209118739670535,2,0.25,0.0,0.2233942908996664,,,21.0
noisy,0.2,0.0,-0.08601606998472218,3,0.25,0.0,0.0,,,255.0
noisy,0.29000000000000004,0.0,-0.03774618239552574,3,0.25,0.0,0.0,,,800.0
noisy,0.38,0.0,-0.02348002263280746,3,0.25,0.0,0.0,,,517.0
noisy,0.47000000000000003,0.0,-0.025275649239056643,3,0.25,0.0,0.0,,,358.0
noisy,0.56,0.0,0.01827182796668217,3,0.25,0.0,0.1144619451880876,,,66.0
noisy,0.6499999999999999,0.0,0.07617592499765062,3,0.25,0.0,0.31092245612283026,,,55.0
noisy,0.74,0.0,0.18219420717765433,3,0.25,0.0,0.21144483640231274,,,30.0
noisy,0.8300000000000001,0.0,0.16777646321424758,3,0.25,0.0,0.18437691631281183,,,39.0
noisy,0.9199999999999999,0.0,0.30515727809513543,3,0.25,0.0,0.19465269859907888,,,19.0
noisy,1.01,0.0,0.3561744654059524,3,0.25,0.0,0.2613755614009098,,,23.0
noisy,1.0999999999999999,0.0,0.3681071781926792,3,0.25,0.0,0.21061968133124534,,,28.0
noisy,1.19,0.0,0.3950546196667699,3,0.25,0.0,0.21553336287123762,,,32.0
noisy,1.28,0.0,0.4372665154312793,3,0.25,0.0,0.23704442081416083,,,22.0
noisy,1.3699999999999999,0.0,0.37577921462956176,3,0.25,0.0,0.17618360883025427,,,17.0
noisy,1.46,0.0,0.46206311729379185,3,0.25,0.0,0.2108627732914008,,,22.0
noisy,1.5499999999999998,0.0,0.5724668822240403,3,0.25,0.0,0.24052522888840394,,,19.0
noisy,1.64,0.0,0.43573450999684676,3,0.25,0.0,0.19174138511837244,,,16.0
noisy,1.73,0.0,0.5153917640606958,3,0.25,0.0,0.2646650054670556,,,13.0
noisy,1.8199999999999998,0.0,0.5781771930688708,3,0.25,0.0,0.2504675197172761,,,20.0
noisy,1.91,0.0,0.5949945573907428,3,0.25,0.0,0.2792786820088642,,,12.0
noisy,2.0,0.0,0.5208962746251387,3,0.25,0.0,0.2662072598160264,,,19.0
noisy,0.2,0.0,-0.09187093881606341,4,0.25,0.0,0.0,,,299.0
noisy,0.29000000000000004,0.0,-0.045820035910464046,4,0.25,0.0,0.0,,,766.0
noisy,0.38,0.0,-0.016218012604686537,4,0.25,0.0,0.0,,,624.0
noisy,0.47000000000000003,0.0,-0.01028468378751236,4,0.25,0.0,0.0,,,425.0
noisy,0.56,0.0,0.006325813557654154,4,0.25,0.0,0.11915544204578404,,,90.0
noisy,0.6499999999999999,0.0,0.0377578657229135,4,0.25,0.0,0.1710644381797966,,,50.0
noisy,0.74,0.0,0.15067956814643743,4,0.25,0.0,0.24302937577940079,,,44.0
noisy,0.8300000000000001,0.0,0.21814749789792146,4,0.25,0.0,0.2037853479817877,,,36.0
noisy,0.9199999999999999,0.0,0.27588731519153875,4,0.25,0.0,0.24357726408491087,,,30.0
noisy,1.01,0.0,0.3432311659713511,4,0.25,0.0,0.1899262885844837,,,20.0
noisy,1.0999999999999999,0.0,0.3654704537512421,4,0.25,0.0,0.25100800363262754,,,31.0
noisy,1.19,0.0,0.34893892159946405,4,0.25,0.0,0.2589874925146067,,,30.0
noisy,1.28,0.0,0.4405091459607828,4,0.25,0.0,0.2694289073718727,,,16.0
noisy,1.3699999999999999,0.0,0.43808552580188137,4,0.25,0.0,0.2599696859064031,,,29.0
noisy,1.46,0.0,0.45431080199154755,4,0.25,0.0,0.28403054470472694,,,20.0
noisy,1.5499999999999998,0.0,0.6012354252617845,4,0.25,0.0,0.2757475754084487,,,17.0
noisy,1.64,0.0,0.4923083533692454,4,0.25,0.0,0.23517917055180446,,,24.0
noisy,1.73,0.0,0.5198799936634142,4,0.25,0.0,0.2490230505040235,,,18.0
noisy,1.8199999999999998,0.0,0.5524561464900773,4,0.25,0.0,0.23693509839793112,,,18.0
noisy,1.91,0.0,0.5240076600280806,4,0.25,0.0,0.2378189931138956,,,23.0
noisy,2.0,0.0,0.49345301011029274,4,0.25,0.0,0.28462743741446095,,,18.0
noisy,0.2,0.0,-0.08282324368294587,5,0.25,0.0,0.0,,,263.0
noisy,0.29000000000000004,0.0,-0.05732434575408141,5,0.25,0.0,0.0,,,515.0
noisy,0.38,0.0,-0.02469257275466454,5,0.25,0.0,0.0,,,654.0
noisy,0.47000000000000003,0.0,-0.010230959269283567,5,0.25,0.0,0.0,,,430.0
noisy,0.56,0.0,0.011730733962607159,5,0.25,0.0,0.1029788609497105,,,107.0
noisy,0.6499999999999999,0.0,0.04295671874516175,5,0.25,0.0,0.09369200110811458,,,38.0
noisy,0.74,0.0,0.11702791619583819,5,0.25,0.0,0.2048707836504104,,,42.0
noisy,0.8300000000000001,0.0,0.17293578286603348,5,0.25,0.0,0.17503075761910974,,,26.0
noisy,0.9199999999999999,0.0,0.2742020636373786,5,0.25,0.0,0.24293166104893402,,,17.0
noisy,1.01,0.0,0.2821340071512731,5,0.25,0.0,0.22294064768960614,,,27.0
noisy,1.0999999999999999,0.0,0.3100513015859216,5,0.25,0.0,0.22602062548285182,,,13.0
noisy,1.19,0.0,0.39738511951122163,5,0.25,0.0,0.2599870922766224,,,18.0
noisy,1.28,0.0,0.45331775611279185,5,0.25,0.0,0.282619091828483,,,16.0
noisy,1.3699999999999999,0.0,0.46427530308938075,5,0.25,0.0,0.32444468221463574,,,23.0
noisy,1.46,0.0,0.5076458347869851,5,0.25,0.0,0.29613870771784606,,,28.0
noisy,1.5499999999999998,0.0,0.4136178948710792,5,0.25,0.0,0.2294084185232692,,,23.0
noisy,1.64,0.0,0.5213314517812347,5,0.25,0.0,0.3004984697171262,,,21.0
noisy,1.73,0.0,0.6025462574793484,5,0.25,0.0,0.3293798962830535,,,14.0
noisy,1.8199999999999998,0.0,0.5703420777582607,5,0.25,0.0,0.3146131667582029,,,20.0
noisy,1.91,0.0,0.49585965996670395,5,0.25,0.0,0.28693064055327383,,,19.0
noisy,2.0,0.0,0.5049240921913078,5,0.25,0.0,0.24733226381739581,,,11.0
noisy,0.2,0.0,-0.08646933731825028,6,0.25,0.0,0.0,,,235.0
noisy,0.29000000000000004,0.0,-0.054766605693680526,6,0.25,0.0,0.0,,,428.0
noisy,0.38,0.0,-0.024775657557707182,6,0.25,0.0,0.0,,,612.0
noisy,0.47000000000000003,0.0,-0.010276014846737382,6,0.25,0.0,0.0,,,501.0
noisy,0.56,0.0,-0.0034602879051270886,6,0.25,0.0,0.020718656850149855,,,458.0
noisy,0.6499999999999999,0.0,0.06492773785632977,6,0.25,0.0,0.1241179882766426,,,49.0
noisy,0.74,0.0,0.1583727125931986,6,0.25,0.0,0.230487682046689,,,34.0
noisy,0.8300000000000001,0.0,0.21302494224638427,6,0.25,0.0,0.18831825799479843,,,21.0
noisy,0.9199999999999999,0.0,0.21472773341184817,6,0.25,0.0,0.1496274778536533,,,28.0
noisy,1.01,0.0,0.341925233119537,6,0.25,0.0,0.22805492161784635,,,26.0
noisy,1.0999999999999999,0.0,0.3842666978338353,6,0.25,0.0,0.2140255930507369,,,23.0
noisy,1.19,0.0,0.4264352632929722,6,0.25,0.0,0.19970138726969827,,,23.0
noisy,1.28,0.0,0.4638307201392095,6,0.25,0.0,0.2778696400966496,,,16.0
noisy,1.3699999999999999,0.0,0.4654798635642509,6,0.25,0.0,0.21491420781870404,,,14.0
noisy,1.46,0.0,0.40661391901140065,6,0.25,0.0,0.19413891904316666,,,13.0
noisy,1.5499999999999998,0.0,0.4688867915810358,6,0.25,0.0,0.26621116531905936,,,25.0
noisy,1.64,0.0,0.37292873792946607,6,0.25,0.0,0.21003437847989745,,,15.0
noisy,1.73,0.0,0.4989291325861675,6,0.25,0.0,0.2072848669471279,,,10.0
noisy,1.8199999999999998,0.0,0.48553269922888553,6,0.25,0.0,0.2004434053982923,,,18.0
noisy,1.91,0.0,0.47592469361686845,6,0.25,0.0,0.17417098957358731,,,17.0
noisy,2.0,0.0,0.5653702342881982,6,0.25,0.0,0.26020430821716983,,,13.0
noisy,0.2,0.0,-0.10723162632782464,7,0.25,0.0,0.0,,,189.0
noisy,0.29000000000000004,0.0,-0.05619322397486116,7,0.25,0.0,0.0,,,414.0
noisy,0.38,0.0,-0.02681804982517334,7,0.25,0.0,0.0,,,596.0
noisy,0.47000000000000003,0.0,-0.011419561244721757,7,0.25,0.0,0.0,,,441.0
noisy,0.56,0.0,0.008817450328986497,7,0.25,0.0,0.10356714258873036,,,52.0
noisy,0.6499999999999999,0.0,0.020203895494511,7,0.25,0.0,0.0961828959801066,,,25.0
noisy,0.74,0.0,0.10258041818456,7,0.25,0.0,0.1228881620265223,,,36.0
noisy,0.8300000000000001,0.0,0.1447875578522609,7,0.25,0.0,0.16554321241692596,,,23.0
noisy,0.9199999999999999,0.0,0.2006734606540749,7,0.25,0.0,0.13809603548790755,,,24.0
noisy,1.01,0.0,0.29508619431563665,7,0.25,0.0,0.19557295710270373,,,24.0
noisy,1.0999999999999999,0.0,0.33793032994518085,7,0.25,0.0,0.19638337425553265,,,20.0
noisy,1.19,0.0,0.32103125976183794,7,0.25,0.0,0.21974079301592084,,,21.0
noisy,1.28,0.0,0.3417617396289864,7,0.25,0.0,0.16733678137445096,,,20.0
noisy,1.3699999999999999,0.0,0.3829994347117702,7,0.25,0.0,0.1920857696570757,,,12.0
noisy,1.46,0.0,0.35549023238544497,7,0.25,0.0,0.2008285963532531,,,23.0
noisy,1.5499999999999998,0.0,0.30561029593610983,7,0.25,0.0,0.21848176734951155,,,18.0
noisy,1.64,0.0,0.36650128827134987,7,0.25,0.0,0.1938612500852098,,,19.0
noisy,1.73,0.0,0.4384310190262363,7,0.25,0.0,0.2875669600124906,,,23.0
noisy,1.8199999999999998,0.0,0.37720555908256204,7,0.25,0.0,0.22136773441545637,,,23.0
noisy,1.91,0.0,0.48141769456179473,7,0.25,0.0,0.2368382339688148,,,19.0
noisy,2.0,0.0,0.39597872307487963,7,0.25,0.0,0.24818441740412106,,,19.0
noisy,0.2,0.0,-0.10880394449874797,8,0.25,0.0,0.0,,,148.0
noisy,0.29000000000000004,0.0,-0.06474007140380457,8,0.25,0.0,0.0,,,353.0
noisy,0.38,0.0,-0.03666551882587494,8,0.25,0.0,0.0,,,461.0
noisy,0.47000000000000003,0.0,-0.00842992477133464,8,0.25,0.0,0.0,,,483.0
noisy,0.56,0.0,0.004127364228549498,8,0.25,0.0,0.05619890980432629,,,90.0
noisy,0.6499999999999999,0.0,0.04995756205668741,8,0.25,0.0,0.16048644105737714,,,34.0
noisy,0.74,0.0,0.11287108378313655,8,0.25,0.0,0.12710867080466998,,,31.0
noisy,0.8300000000000001,0.0,0.20085397326668405,8,0.25,0.0,0.15208589140541498,,,19.0
noisy,0.9199999999999999,0.0,0.2674619039483084,8,0.25,0.0,0.16685720379277771,,,26.0
noisy,1.01,0.0,0.2523319700756917,8,0.25,0.0,0.1609770795343321,,,25.0
noisy,1.0999999999999999,0.0,0.3349239667111961,8,0.25,0.0,0.18057923103564819,,,25.0
noisy,1.19,0.0,0.36225255110064625,8,0.25,0.0,0.17466196123281055,,,28.0
noisy,1.28,0.0,0.30858884946269055,8,0.25,0.0,0.1549014901143212,,,18.0
noisy,1.3699999999999999,0.0,0.3412060371500411,8,0.25,0.0,0.24536276853676864,,,20.0
noisy,1.46,0.0,0.20344232479713242,8,0.25,0.0,0.0998076003502795,,,18.0
noisy,1.5499999999999998,0.0,0.3929792976786723,8,0.25,0.0,0.19957230421567182,,,26.0
noisy,1.64,0.0,0.3659319280381313,8,0.25,0.0,0.1917458803270829,,,18.0
noisy,1.73,0.0,0.39271755814424963,8,0.25,0.0,0.17700983856422814,,,16.0
noisy,1.8199999999999998,0.0,0.3757086077909992,8,0.25,0.0,0.16864644003372314,,,19.0
noisy,1.91,0.0,0.40153463652148685,8,0.25,0.0,0.20717721525391727,,,14.0
noisy,2.0,0.0,0.4335383550265508,8,0.25,0.0,0.19442975053423214,,,17.0
noisy,0.2,0.0,-0.45195001600243484,9,0.25,0.0,0.0,,,239.0
noisy,0.29000000000000004,0.0,-0.08140932102859506,9,0.25,0.0,0.0,,,203.0
noisy,0.38,0.0,-0.03572194741013356,9,0.25,0.0,0.0,,,435.0
noisy,0.47000000000000003,0.0,-0.0037759840300032993,9,0.25,0.3333333333333333,0.012415577690732945,,,450.0
noisy,0.56,0.0,0.010369881421921398,9,0.25,0.0,0.10086606251123477,,,39.0
noisy,0.6499999999999999,0.0,0.022424753994085972,9,0.25,0.0,0.09704520194030815,,,48.0
noisy,0.74,0.0,0.07680082719120067,9,0.25,0.0,0.1814586630122868,,,31.0
noisy,0.8300000000000001,0.0,0.1477660779186133,9,0.25,0.0,0.20526737290583436,,,15.0
noisy,0.9199999999999999,0.0,0.1648162704447611,9,0.25,0.0,0.1574859764356644,,,24.0
noisy,1.01,0.0,0.20631798321316241,9,0.25,0.0,0.14513063003946458,,,15.0
noisy,1.0999999999999999,0.0,0.2666500030781476,9,0.25,0.0,0.1997504326535952,,,16.0
noisy,1.19,0.0,0.3394465210150947,9,0.25,0.0,0.2405457211748634,,,19.0
noisy,1.28,0.0,0.2114822940016545,9,0.25,0.0,0.15978327835981312,,,23.0
noisy,1.3699999999999999,0.0,0.34853709957508844,9,0.25,0.0,0.277209693302434,,,14.0
noisy,1.46,0.0,0.3007106102289951,9,0.25,0.0,0.2675518915949269,,,19.0
noisy,1.5499999999999998,0.0,0.36630732297424135,9,0.25,0.0,0.20937349624399493,,,12.0
noisy,1.64,0.0,0.46282141708409413,9,0.25,0.0,0.20193564287655943,,,16.0
noisy,1.73,0.0,0.35449405550562135,9,0.25,0.0,0.2257476566819869,,,15.0
noisy,1.8199999999999998,0.0,0.2031967373817817,9,0.25,0.0,0.15501472462824378,,,13.0
noisy,1.91,0.0,0.3589244633239425,9,0.25,0.0,0.21835824020860473,,,9.0
noisy,2.0,0.0,0.32715241672968515,9,0.25,0.0,0.14913809241990264,,,10.0
noisy,0.2,0.0,-0.05904230797062757,10,0.25,0.0,0.0,,,229.0
noisy,0.29000000000000004,0.0,-0.058200302539130194,10,0.25,0.0,0.0,,,214.0
noisy,0.38,0.0,-0.04587349463304283,10,0.25,0.0,0.0,,,240.0
noisy,0.47000000000000003,0.0,-0.0003708836637937665,10,0.25,0.3333333333333333,0.0340192402163299,,,583.0
noisy,0.56,0.0,0.03160250543668985,10,0.25,0.3333333333333333,0.04877335070499222,,,583.0
noisy,0.6499999999999999,0.0,0.005299981858638785,10,0.25,0.0,0.057688714987769237,,,42.0
noisy,0.74,0.0,0.06304090588380434,10,0.25,0.0,0.11152969039565593,,,25.0
noisy,0.8300000000000001,0.0,0.05094419297636113,10,0.25,0.0,0.14507602565523173,,,0.0
noisy,0.9199999999999999,0.0,0.1955007507319145,10,0.25,0.0,0.25786487784249007,,,27.0
noisy,1.01,0.0,0.1871275104261241,10,0.25,0.0,0.16196725078846738,,,23.0
noisy,1.0999999999999999,0.0,0.17106383766279895,10,0.25,0.0,0.11546097395098877,,,17.0
noisy,1.19,0.0,0.2891260121779673,10,0.25,0.0,0.19847271116904894,,,18.0
noisy,1.28,0.0,0.21672634444231384,10,0.25,0.0,0.17219231199578713,,,16.0
noisy,1.3699999999999999,0.0,0.2659416625311738,10,0.25,0.0,0.16742520598480334,,,16.0
noisy,1.46,0.0,0.2019429101931343,10,0.25,0.0,0.17881689748982374,,,19.0
noisy,1.5499999999999998,0.0,0.3810213083872916,10,0.25,0.0,0.14448281221085474,,,1.0
noisy,1.64,0.0,0.2750720132080265,10,0.25,0.0,0.20362161009654228,,,14.0
noisy,1.73,0.0,0.27347970396571836,10,0.25,0.0,0.18733120252453922,,,15.0
noisy,1.8199999999999998,0.0,0.2090056550728555,10,0.25,0.0,0.15273579149965522,,,14.0
noisy,1.91,0.0,0.390544353980068,10,0.25,0.0,0.2040624376697809,,,15.0
noisy,2.0,0.0,0.015694347481775613,10,0.25,0.0,0.09829449304757586,,,7.0
noisy,0.2,0.0,-0.06906520571682455,11,0.25,0.0,0.018794000446406077,,,0.0
noisy,0.29000000000000004,0.0,-0.005621048236844732,11,0.25,0.0,0.014707868708389459,,,0.0
noisy,0.38,0.0,-0.03511032083963527,11,0.25,0.0,0.0,,,399.0
noisy,0.47000000000000003,0.0,-0.00963887174497887,11,0.25,0.3333333333333333,0.022530687228325793,,,693.0
noisy,0.56,0.0,-0.48410401781075535,11,0.25,0.0,0.02586731645642919,,,0.0
noisy,0.6499999999999999,0.0,-0.7248539990591869,11,0.25,0.0,0.015490680776816238,,,0.0
noisy,0.74,0.0,-0.40667014671956486,11,0.25,0.0,0.07093724609743492,,,1.0
noisy,0.8300000000000001,0.0,-0.1707480394454033,11,0.25,0.0,0.06159573629242786,,,1.0
noisy,0.9199999999999999,0.0,0.11667551750774853,11,0.25,0.0,0.11792604708363875,,,26.0
noisy,1.01,0.0,0.17012656916643323,11,0.25,0.0,0.13906579287361087,,,18.0
noisy,1.0999999999999999,0.0,0.1682848346483576,11,0.25,0.0,0.15544920929167133,,,18.0
noisy,1.19,0.0,0.14040915780563576,11,0.25,0.0,0.1077962951468525,,,17.0
noisy,1.28,0.0,0.1947253571899712,11,0.25,0.0,0.14000884074186865,,,18.0
noisy,1.3699999999999999,0.0,0.3122772130614673,11,0.25,0.0,0.1865599455754565,,,17.0
noisy,1.46,0.0,0.07032928990937044,11,0.25,0.0,0.17541720065668812,,,22.0
noisy,1.5499999999999998,0.0,0.18898533650895818,11,0.25,0.0,0.11677017889262808,,,15.0
noisy,1.64,0.0,0.013029918696962054,11,0.25,0.0,0.06961998997148783,,,13.0
noisy,1.73,0.0,0.20834621378830986,11,0.25,0.0,0.14691183207339462,,,13.0
noisy,1.8199999999999998,0.0,0.388711463348421,11,0.25,0.0,0.32533278771150925,,,1.0
noisy,1.91,0.0,0.10468254986904946,11,0.25,0.0,0.05495500356505992,,,13.0
noisy,2.0,0.0,0.47091811272716894,11,0.25,0.0,0.2552131608039282,,,0.0
noisy,0.2,0.0,-0.204163779584262,12,0.25,0.0,0.0,,,155.0
noisy,0.29000000000000004,0.0,-0.0720485521847128,12,0.25,0.0,0.0,,,177.0
noisy,0.38,0.0,-0.024578441054744535,12,0.25,0.0,0.016955411253166117,,,0.0
noisy,0.47000000000000003,0.0,-0.027241451342742706,12,0.25,0.3333333333333333,0.026362049362588135,,,261.0
noisy,0.56,0.0,0.04378160971699693,12,0.25,0.3333333333333333,0.10803207072834209,,,641.0
noisy,0.6499999999999999,0.0,0.005670890456815914,12,0.25,0.0,0.07046920721788223,,,81.0
noisy,0.74,0.0,-0.14612486620741758,12,0.25,0.0,0.02276078817333691,,,57.0
noisy,0.8300000000000001,0.0,0.020750630113241613,12,0.25,0.0,0.05917668713467863,,,4.0
noisy,0.9199999999999999,0.0,0.18691652063330907,12,0.25,0.0,0.19592640760549496,,,15.0
noisy,1.01,0.0,0.2185170909024238,12,0.25,0.0,0.15495468524137018,,,18.0
noisy,1.0999999999999999,0.0,0.27177787114894,12,0.25,0.0,0.17612801004181625,,,0.0
noisy,1.19,0.0,-0.005840064730131989,12,0.25,0.0,0.15461848024840832,,,4.0
noisy,1.28,0.0,0.3343449374867314,12,0.25,0.0,0.2967434789707574,,,22.0
noisy,1.3699999999999999,0.0,0.28882970919913936,12,0.25,0.0,0.11454919165299421,,,0.0
noisy,1.46,0.0,-0.21183582056962302,12,0.25,0.0,0.0,,,1.0
noisy,1.5499999999999998,0.0,0.16162755696362988,12,0.25,0.0,0.17270150242290735,,,19.0
noisy,1.64,0.0,0.09778355300362297,12,0.25,0.0,0.25331769722206515,,,5.0
noisy,1.73,0.0,0.2716693050876428,12,0.25,0.0,0.26878905444282053,,,0.0
noisy,1.8199999999999998,0.0,0.3117012076759084,12,0.25,0.0,0.14511284296108015,,,18.0
noisy,1.91,0.0,0.2488634533391517,12,0.25,0.0,0.2541049879723614,,,3.0
noisy,2.0,0.0,0.0896384490626312,12,0.25,0.0,0.036030818681178245,,,2.0
noisy,0.2,0.0,-0.06358224509711391,13,0.25,0.0,0.014239087218807654,,,216.0
noisy,0.29000000000000004,0.0,0.029046927261062106,13,0.25,0.0,0.03449829711415848,,,1.0
noisy,0.38,0.0,0.0031686599451412503,13,0.25,0.0,0.021199996097027433,,,0.0
noisy,0.47000000000000003,0.0,0.029670470837418497,13,0.25,0.0,0.013523064299650346,,,395.0
noisy,0.56,0.0,-0.1228297778984148,13,0.25,0.3333333333333333,0.1050852703377646,,,47.0
noisy,0.6499999999999999,0.0,0.11968052214205789,13,0.25,0.0,0.03610212064462368,,,0.0
noisy,0.74,0.0,-0.057372121411816024,13,0.25,0.0,0.06926313425277282,,,20.0
noisy,0.8300000000000001,0.0,-0.06335367772029471,13,0.25,0.0,0.08935516183117129,,,6.0
noisy,0.9199999999999999,0.0,-0.026390269332904243,13,0.25,0.0,0.06324237004369389,,,0.0
noisy,1.01,0.0,0.2501464284071531,13,0.25,0.0,0.07459516207627209,,,0.0
noisy,1.0999999999999999,0.0,0.21716179890351736,13,0.25,0.0,0.13343677882375118,,,0.0
noisy,1.19,0.0,0.24866585839460745,13,0.25,0.0,0.08288187353280892,,,0.0
noisy,1.28,0.0,0.3179284557397433,13,0.25,0.0,0.13500236656594733,,,0.0
noisy,1.3699999999999999,0.0,0.17680178675942046,13,0.25,0.0,0.06726824555154685,,,5.0
noisy,1.46,0.0,0.06993113753259868,13,0.25,0.0,0.0687236845577092,,,0.0
noisy,1.5499999999999998,0.0,0.35865549389368406,13,0.25,0.0,0.33434666996694634,,,0.0
noisy,1.64,0.0,0.4194559625124958,13,0.25,0.0,0.1571920241681279,,,0.0
noisy,1.73,0.0,0.6615880308567276,13,0.25,0.0,0.315878918157741,,,3.0
noisy,1.8199999999999998,0.0,0.39001304376699064,13,0.25,0.0,0.365491266368963,,,0.0
noisy,1.91,0.0,0.7530496872386617,13,0.25,0.0,0.3757564910413606,,,1.0
noisy,2.0,0.0,0.4641100108154596,13,0.25,0.0,0.3282106120242944,,,0.0
noisy,0.2,0.0,-0.04515228734439791,14,0.25,0.0,0.022397717385938466,,,0.0
noisy,0.29000000000000004,0.0,-0.28160570994498896,14,0.25,0.0,0.00935929369584291,,,1.0
noisy,0.38,0.0,-0.15450723236980388,14,0.25,0.0,0.015632234733484705,,,0.0
noisy,0.47000000000000003,0.0,-0.21496728130994822,14,0.25,0.0,0.0021976022087192254,,,0.0
noisy,0.56,0.0,0.09421652543688423,14,0.25,0.0,0.0432365636845601,,,0.0
noisy,0.6499999999999999,0.0,-0.2773554001170791,14,0.25,0.0,0.0,,,6.0
noisy,0.74,0.0,0.02812321876724577,14,0.25,0.0,0.0321509596316496,,,44.0
noisy,0.8300000000000001,0.0,0.018415103404215778,14,0.25,0.0,0.053541809885495596,,,0.0
noisy,0.9199999999999999,0.0,0.09999179789787162,14,0.25,0.0,0.07831357033124335,,,0.0
noisy,1.01,0.0,-0.315973387168988,14,0.25,0.0,0.0,,,2.0
noisy,1.0999999999999999,0.0,-0.00027754007474950493,14,0.25,0.0,0.12876398212999804,,,0.0
noisy,1.19,0.0,0.3141237758888193,14,0.25,0.0,0.21675226073797363,,,0.0
noisy,1.28,0.0,0.13716584208359325,14,0.25,0.0,0.10058026392784303,,,3.0
noisy,1.3699999999999999,0.0,0.21489053649603096,14,0.25,0.0,0.13400964554598116,,,0.0
noisy,1.46,0.0,0.16888357783364824,14,0.25,0.0,0.209026279003809,,,1.0
noisy,1.5499999999999998,0.0,0.4041969609422987,14,0.25,0.0,0.1479562605143441,,,0.0
noisy,1.64,0.0,0.08543458535346764,14,0.25,0.0,0.08204726509212752,,,0.0
noisy,1.73,0.0,0.5491369273677731,14,0.25,0.0,0.2673397436997006,,,0.0
noisy,1.8199999999999998,0.0,0.7429604190424866,14,0.25,0.0,0.4011442720120998,,,0.0
noisy,1.91,0.0,0.5439256795122164,14,0.25,0.0,0.28108175689880227,,,0.0
noisy,2.0,0.0,0.4380234556996581,14,0.25,0.0,0.3611394567840538,,,3.0
noisy,0.2,0.0,-0.19757473749792473,15,0.25,0.0,0.01682618471785039,,,4.0
noisy,0.29000000000000004,0.0,-0.07886264267538172,15,0.25,0.0,0.013874627884454548,,,2.0
noisy,0.38,0.0,0.0869604352928186,15,0.25,0.0,0.029397992055842724,,,0.0
noisy,0.47000000000000003,0.0,0.10513947354308917,15,0.25,0.0,0.030946306539984515,,,0.0
noisy,0.56,0.0,0.09675790599157923,15,0.25,0.0,0.02691635432305926,,,0.0
noisy,0.6499999999999999,0.0,0.08151987623250082,15,0.25,0.3333333333333333,0.06025169072064995,,,0.0
noisy,0.74,0.0,-0.03290141794466428,15,0.25,0.0,0.04343327936987387,,,0.0
noisy,0.8300000000000001,0.0,0.15405700781042073,15,0.25,0.0,0.11762806867372123,,,0.0
noisy,0.9199999999999999,0.0,-0.1726552638573673,15,0.25,0.0,0.04020767934404646,,,0.0
noisy,1.01,0.0,-0.022571508597197292,15,0.25,0.0,0.08581499479088986,,,19.0
noisy,1.0999999999999999,0.0,0.23949596174533735,15,0.25,0.0,0.09294299062800461,,,0.0
noisy,1.19,0.0,0.2726588221703242,15,0.25,0.0,0.0990483011026389,,,0.0
noisy,1.28,0.0,0.2863148866095799,15,0.25,0.0,0.14406133952898428,,,0.0
noisy,1.3699999999999999,0.0,0.4654728126102447,15,0.25,0.0,0.2905190525957952,,,0.0
noisy,1.46,0.0,0.4710165391916849,15,0.25,0.0,0.3118016230784144,,,0.0
noisy,1.5499999999999998,0.0,0.2457535525161115,15,0.25,0.0,0.26580589923081704,,,0.0
noisy,1.64,0.0,0.4844774111273475,15,0.25,0.0,0.4036509059167781,,,0.0
noisy,1.73,0.0,0.21038805327842489,15,0.25,0.0,0.12499465799366603,,,1.0
noisy,1.8199999999999998,0.0,0.5019757354699906,15,0.25,0.0,0.29653951737972106,,,0.0
noisy,1.91,0.0,0.33002631218875145,15,0.25,0.0,0.33596056190537354,,,0.0
noisy,2.0,0.0,0.688026956461344,15,0.25,0.0,0.3986936848971661,,,0.0
noisy,0.2,0.0,-0.09351325758195805,16,0.25,0.0,0.011658397103704393,,,2.0
noisy,0.29000000000000004,0.0,0.08085289273518984,16,0.25,0.0,0.02723041412367224,,,0.0
noisy,0.38,0.0,-0.19288901055407717,16,0.25,0.0,0.027266437803163818,,,3.0
noisy,0.47000000000000003,0.0,-0.1389454845419232,16,0.25,0.0,0.014165645332039768,,,2.0
noisy,0.56,0.0,-0.23984108810791796,16,0.25,0.0,0.028510550273464958,,,1.0
noisy,0.6499999999999999,0.0,-0.02714873289753519,16,0.25,0.0,0.023567113901914617,,,0.0
noisy,0.74,0.0,0.11034361386165019,16,0.25,0.0,0.03822411968441606,,,0.0
noisy,0.8300000000000001,0.0,-0.002075107532481607,16,0.25,0.0,0.050421038057366384,,,0.0
noisy,0.9199999999999999,0.0,-0.00029472415917555783,16,0.25,0.0,0.05004958833423361,,,0.0
noisy,1.01,0.0,-0.028397359541266886,16,0.25,0.0,0.11129134079096795,,,0.0
noisy,1.0999999999999999,0.0,0.24267967694657097,16,0.25,0.0,0.07637107409015245,,,0.0
noisy,1.19,0.0,0.23912901203928535,16,0.25,0.0,0.11636684220072863,,,0.0
noisy,1.28,0.0,0.34029874788376424,16,0.25,0.0,0.14443930154125295,,,0.0
noisy,1.3699999999999999,0.0,0.31285002306833837,16,0.25,0.0,0.07947500844856885,,,0.0
noisy,1.46,0.0,0.33256258851446935,16,0.25,0.0,0.23208812667987203,,,0.0
noisy,1.5499999999999998,0.0,0.3202298764445478,16,0.25,0.0,0.19511771528356478,,,0.0
noisy,1.64,0.0,0.5770450688568408,16,0.25,0.0,0.3472695541222479,,,0.0
noisy,1.73,0.0,0.6183110955402308,16,0.25,0.0,0.3662520720435679,,,0.0
noisy,1.8199999999999998,0.0,0.5824353989032082,16,0.25,0.0,0.4044745065270099,,,0.0
noisy,1.91,0.0,0.795122391879809,16,0.25,0.0,0.4081103473113781,,,0.0
noisy,2.0,0.0,0.7942485017204594,16,0.25,0.0,0.40434613587248774,,,1.0
noisy,0.2,0.0,-0.18605677318506894,17,0.25,0.0,0.0038612028901373234,,,2.0
noisy,0.29000000000000004,0.0,-0.1034092515653303,17,0.25,0.0,0.02243282332175791,,,0.0
noisy,0.38,0.0,-0.057771635018391866,17,0.25,0.0,0.024190897009118174,,,0.0
noisy,0.47000000000000003,0.0,0.07922458989005399,17,0.25,0.0,0.021633715055914982,,,0.0
noisy,0.56,0.0,0.10815943028525737,17,0.25,0.0,0.03165384588641768,,,0.0
noisy,0.6499999999999999,0.0,-0.030783259724289847,17,0.25,0.0,0.028677865446872154,,,2.0
noisy,0.74,0.0,-0.07553409302697874,17,0.25,0.0,0.03981611687461816,,,3.0
noisy,0.8300000000000001,0.0,-0.0037301167872342647,17,0.25,0.0,0.037838940715458805,,,2.0
noisy,0.9199999999999999,0.0,0.1575511661300016,17,0.25,0.0,0.047147023717959785,,,0.0
noisy,1.01,0.0,0.2043507691743183,17,0.25,0.0,0.05813917607755275,,,0.0
noisy,1.0999999999999999,0.0,0.21581782484603207,17,0.25,0.0,0.06100986821759007,,,0.0
noisy,1.19,0.0,0.29939115234623626,17,0.25,0.0,0.14426356651839578,,,0.0
noisy,1.28,0.0,0.2666989545201552,17,0.25,0.0,0.08275675971139627,,,0.0
noisy,1.3699999999999999,0.0,0.43794939956416545,17,0.25,0.0,0.2890064863969835,,,0.0
noisy,1.46,0.0,0.22932427159389426,17,0.25,0.0,0.09034212579906917,,,1.0
noisy,1.5499999999999998,0.0,0.526718806762925,17,0.25,0.0,0.40600004049305394,,,0.0
noisy,1.64,0.0,0.4422762420792332,17,0.25,0.0,0.1460376261481783,,,0.0
noisy,1.73,0.0,0.5665381198350691,17,0.25,0.0,0.3149586039106498,,,0.0
noisy,1.8199999999999998,0.0,0.5749617826324254,17,0.25,0.0,0.3507808373202843,,,2.0
noisy,1.91,0.0,0.6595164092900986,17,0.25,0.0,0.37765882432118975,,,0.0
noisy,2.0,0.0,0.6607269147438671,17,0.25,0.0,0.40779868094266875,,,1.0
noisy,0.2,0.0,0.038973933360828404,18,0.25,0.0,0.014380909041562232,,,0.0
noisy,0.29000000000000004,0.0,-0.06898140002507312,18,0.25,0.0,0.02764516747657133,,,0.0
noisy,0.38,0.0,-0.1019336575630787,18,0.25,0.0,0.029111422674766102,,,3.0
noisy,0.47000000000000003,0.0,0.09681246800149083,18,0.25,0.0,0.02740399130888764,,,0.0
noisy,0.56,0.0,0.08521446146340465,18,0.25,0.0,0.021966647694999748,,,0.0
noisy,0.6499999999999999,0.0,0.08477124395332873,18,0.25,0.0,0.02196307243860297,,,0.0
noisy,0.74,0.0,0.11685932089940483,18,0.25,0.0,0.030140251900232447,,,0.0
noisy,0.8300000000000001,0.0,0.01937809707889676,18,0.25,0.0,0.06721483676916452,,,0.0
noisy,0.9199999999999999,0.0,0.1740228559549838,18,0.25,0.0,0.047986929692801786,,,0.0
noisy,1.01,0.0,0.2295522612859594,18,0.25,0.0,0.07189759879030323,,,0.0
noisy,1.0999999999999999,0.0,0.1727381977909784,18,0.25,0.0,0.049942673115491505,,,0.0
noisy,1.19,0.0,0.21600913775510225,18,0.25,0.0,0.06516325298477921,,,0.0
noisy,1.28,0.0,0.3532493127728986,18,0.25,0.0,0.12239943125333652,,,0.0
noisy,1.3699999999999999,0.0,0.2821820175454191,18,0.25,0.0,0.08123212220086277,,,0.0
noisy,1.46,0.0,0.31139907577651804,18,0.25,0.0,0.10934225307227141,,,0.0
noisy,1.5499999999999998,0.0,0.5511877284554091,18,0.25,0.0,0.28843430929516245,,,0.0
noisy,1.64,0.0,0.5630566224074935,18,0.25,0.0,0.34075152891445987,,,0.0
noisy,1.73,0.0,0.5047796107312,18,0.25,0.0,0.30268978304491595,,,0.0
noisy,1.8199999999999998,0.0,0.5379104556431964,18,0.25,0.0,0.31451631755587683,,,0.0
noisy,1.91,0.0,0.4836356268646136,18,0.25,0.0,0.35580155306135114,,,0.0
noisy,2.0,0.0,0.8068649826768785,18,0.25,0.0,0.40983557369437834,,,0.0
noisy,0.2,0.0,0.01069600062895249,19,0.25,0.0,0.008786405088122335,,,0.0
noisy,0.29000000000000004,0.0,0.03802812790524721,19,0.25,0.0,0.013735118680450647,,,0.0
noisy,0.38,0.0,0.05552285635730116,19,0.25,0.0,0.01581227614038505,,,0.0
noisy,0.47000000000000003,0.0,-0.2865599407384097,19,0.25,0.0,0.004580392748931757,,,0.0
noisy,0.56,0.0,0.08960593191534984,19,0.25,0.0,0.024827427527862232,,,0.0
noisy,0.6499999999999999,0.0,-0.07971077725311097,19,0.25,0.0,0.02790959450299917,,,0.0
noisy,0.74,0.0,0.12546679995039398,19,0.25,0.0,0.032011044102844215,,,0.0
noisy,0.8300000000000001,0.0,0.1331883789379971,19,0.25,0.0,0.03425924994063372,,,0.0
noisy,0.9199999999999999,0.0,0.17270806013399034,19,0.25,0.0,0.04085449388146606,,,0.0
noisy,1.01,0.0,0.16283068248946161,19,0.25,0.0,0.036793489389280155,,,0.0
noisy,1.0999999999999999,0.0,0.16322651512497077,19,0.25,0.0,0.04180997939348457,,,0.0
noisy,1.19,0.0,0.31363521608463635,19,0.25,0.0,0.11264137859540743,,,0.0
noisy,1.28,0.0,0.3392479796863302,19,0.25,0.0,0.12913680137306346,,,0.0
noisy,1.3699999999999999,0.0,0.33426830021803805,19,0.25,0.0,0.1132440053724113,,,0.0
noisy,1.46,0.0,0.3855291850014599,19,0.25,0.0,0.2714423912244304,,,0.0
noisy,1.5499999999999998,0.0,0.5431500444042929,19,0.25,0.0,0.403130415797598,,,0.0
noisy,1.64,0.0,0.5100512098849164,19,0.25,0.0,0.3235120809839518,,,0.0
noisy,1.73,0.0,0.5032229353695068,19,0.25,0.0,0.2645616951437323,,,0.0
noisy,1.8199999999999998,0.0,0.7873865082196693,19,0.25,0.0,0.40476089431400913,,,0.0
noisy,1.91,0.0,0.8227330699936282,19,0.25,0.0,0.40213757382922444,,,1.0
noisy,2.0,0.0,0.7157928141329314,19,0.25,0.0,0.4038269521842888,,,0.0
noisy,0.2,0.0,-0.07807037900429555,1,0.5,0.0,0.0,,,766.0
noisy,0.29000000000000004,0.0,-0.057798328707160306,1,0.5,0.0,0.0,,,702.0
noisy,0.38,0.0,-0.030044936803839847,1,0.5,0.0,0.0,,,443.0
noisy,0.47000000000000003,0.0,-0.01307385729896507,1,0.5,0.0,0.0,,,164.0
noisy,0.56,0.0,-0.007794348285925214,1,0.5,0.0,0.0,,,269.0
noisy,0.6499999999999999,0.0,0.06160101503477195,1,0.5,0.0,0.15787641706069103,,,21.0
noisy,0.74,0.0,0.1459003119438153,1,0.5,0.0,0.15099898434183268,,,22.0
noisy,0.8300000000000001,0.0,0.16007576998364756,1,0.5,0.0,0.121059384943603,,,16.0
noisy,0.9199999999999999,0.0,0.22782337724021337,1,0.5,0.0,0.15206379182946236,,,21.0
noisy,1.01,0.0,0.25036764138797113,1,0.5,0.0,0.1497323353721124,,,27.0
noisy,1.0999999999999999,0.0,0.3026793748398127,1,0.5,0.0,0.21586806842929426,,,25.0
noisy,1.19,0.0,0.30203280472375094,1,0.5,0.0,0.1698427839196383,,,19.0
noisy,1.28,0.0,0.2647177371395177,1,0.5,0.0,0.14838429114966636,,,18.0
noisy,1.3699999999999999,0.0,0.2815889122857729,1,0.5,0.0,0.14173474371235287,,,15.0
noisy,1.46,0.0,0.3275813791438911,1,0.5,0.0,0.19808910371857966,,,24.0
noisy,1.5499999999999998,0.0,0.4043382515956651,1,0.5,0.0,0.18944004839250816,,,16.0
noisy,1.64,0.0,0.34528226815522395,1,0.5,0.0,0.19050916761659098,,,14.0
noisy,1.73,0.0,0.483295782263588,1,0.5,0.0,0.21989035523215394,,,21.0
noisy,1.8199999999999998,0.0,0.45771574848013796,1,0.5,0.0,0.21038627913831115,,,19.0
noisy,1.91,0.0,0.4715645765550329,1,0.5,0.0,0.23306723011234423,,,20.0
noisy,2.0,0.0,0.4470086280068489,1,0.5,0.0,0.20197127046078223,,,17.0
noisy,0.2,0.0,-0.06998753730803643,2,0.5,0.0,0.0,,,730.0
noisy,0.29000000000000004,0.0,-0.055464349384717095,2,0.5,0.0,0.0,,,731.0
noisy,0.38,0.0,-0.034122443870948004,2,0.5,0.0,0.0,,,431.0
noisy,0.47000000000000003,0.0,-0.01207168580887911,2,0.5,0.0,0.0,,,232.0
noisy,0.56,0.0,0.00730093760143332,2,0.5,0.0,0.05799433470894772,,,60.0
noisy,0.6499999999999999,0.0,0.044564801326013447,2,0.5,0.0,0.1282647128433819,,,41.0
noisy,0.74,0.0,0.13336882753618864,2,0.5,0.0,0.19220134861916408,,,36.0
noisy,0.8300000000000001,0.0,0.0842406396396007,2,0.5,0.0,0.09272365593724362,,,29.0
noisy,0.9199999999999999,0.0,0.23842742698288658,2,0.5,0.0,0.23540117454268442,,,24.0
noisy,1.01,0.0,0.23213346619358766,2,0.5,0.0,0.1593825056342725,,,20.0
noisy,1.0999999999999999,0.0,0.23790022046493453,2,0.5,0.0,0.1460891851746585,,,16.0
noisy,1.19,0.0,0.2983732112407994,2,0.5,0.0,0.17634362377894414,,,21.0
noisy,1.28,0.0,0.3102753551048295,2,0.5,0.0,0.22333277786243513,,,20.0
noisy,1.3699999999999999,0.0,0.3157375098607738,2,0.5,0.0,0.23190019257312833,,,17.0
noisy,1.46,0.0,0.2345374516643964,2,0.5,0.0,0.15209021953877785,,,19.0
noisy,1.5499999999999998,0.0,0.34441547905319597,2,0.5,0.0,0.19718474172201034,,,17.0
noisy,1.64,0.0,0.16336312044846601,2,0.5,0.0,0.2003030098904725,,,23.0
noisy,1.73,0.0,0.29636985449946035,2,0.5,0.0,0.22317742238000068,,,20.0
noisy,1.8199999999999998,0.0,0.4166006160223823,2,0.5,0.0,0.18798937353619075,,,15.0
noisy,1.91,0.0,0.2796391448916049,2,0.5,0.0,0.1723866955016208,,,19.0
noisy,2.0,0.0,0.36448320114687666,2,0.5,0.0,0.20781907236749214,,,10.0
noisy,0.2,0.0,-0.0527627322037618,3,0.5,0.0,0.0,,,0.0
noisy,0.29000000000000004,0.0,-0.057525778068004844,3,0.5,0.0,0.0,,,0.0
noisy,0.38,0.0,-0.05523507647271323,3,0.5,0.0,0.0,,,0.0
noisy,0.47000000000000003,0.0,-0.03822929129192456,3,0.5,0.0,0.0,,,0.0
noisy,0.56,0.0,-0.026829667139255494,3,0.5,0.0,0.0,,,0.0
noisy,0.6499999999999999,0.0,-0.034584595488521046,3,0.5,0.0,0.0,,,0.0
noisy,0.74,0.0,-0.03713641163565939,3,0.5,0.0,0.0,,,0.0
noisy,0.8300000000000001,0.0,-0.027071703129822378,3,0.5,0.0,0.0,,,0.0
noisy,0.9199999999999999,0.0,0.03978225952634772,3,0.5,0.0,0.0753590564041145,,,0.0
noisy,1.01,0.0,0.18310915497380922,3,0.5,0.0,0.0975920474124751,,,0.0
noisy,1.0999999999999999,0.0,0.18874262966369923,3,0.5,0.0,0.10690179102189382,,,0.0
noisy,1.19,0.0,0.21615700581257527,3,0.5,0.0,0.12365600958361732,,,0.0
noisy,1.28,0.0,0.20928439204680258,3,0.5,0.0,0.11841473958904496,,,0.0
noisy,1.3699999999999999,0.0,0.3475610375427242,3,0.5,0.0,0.12462516266566252,,,0.0
noisy,1.46,0.0,0.2628991589350528,3,0.5,0.0,0.12972496753011256,,,0.0
noisy,1.5499999999999998,0.0,0.2345016117615176,3,0.5,0.0,0.12359253235333564,,,0.0
noisy,1.64,0.0,0.40031152843226664,3,0.5,0.0,0.13431861253275723,,,0.0
noisy,1.73,0.0,0.40487648213517696,3,0.5,0.0,0.13433821695421524,,,0.0
noisy,1.8199999999999998,0.0,0.4184647598291644,3,0.5,0.0,0.1369396924088942,,,0.0
noisy,1.91,0.0,0.4476619313264178,3,0.5,0.0,0.1405652208939502,,,0.0
noisy,2.0,0.0,0.5013281654565076,3,0.5,0.0,0.1392743800030378,,,0.0
noisy,0.2,0.0,0.002190438055603978,4,0.5,1.0,0.08590190775786566,,,0.0
noisy,0.29000000000000004,0.0,0.0017418009593596722,4,0.5,0.6666666666666666,0.07046782347979012,,,0.0
noisy,0.38,0.0,0.00237049621717908,4,0.5,1.0,0.06733508537034412,,,0.0
noisy,0.47000000000000003,0.0,0.0019337522795386745,4,0.5,1.0,0.06451858357348733,,,0.0
noisy,0.56,0.0,0.0030582955029646963,4,0.5,1.0,0.09435072039629437,,,0.0
noisy,0.6499999999999999,0.0,0.0026173099785953037,4,0.5,1.0,0.0626567220389139,,,0.0
noisy,0.74,0.0,0.0016984442819238164,4,0.5,1.0,0.04931067195575285,,,0.0
noisy,0.8300000000000001,0.0,0.0015862796759633204,4,0.5,1.0,0.05850787489168665,,,0.0
noisy,0.9199999999999999,0.0,0.0019174525807742302,4,0.5,1.0,0.05539697196478914,,,0.0
noisy,1.01,0.0,0.001621209057332337,4,0.5,1.0,0.045576605374576744,,,0.0
noisy,1.0999999999999999,0.0,0.003697930890098675,4,0.5,1.0,0.08989918765349857,,,0.0
noisy,1.19,0.0,0.0018022434863336524,4,0.5,1.0,0.048795122091157085,,,0.0
noisy,1.28,0.0,0.0032570121618844088,4,0.5,1.0,0.08593408716079194,,,0.0
noisy,1.3699999999999999,0.0,0.0038839966839612724,4,0.5,1.0,0.09016779626584137,,,0.0
noisy,1.46,0.0,0.0038545631300514597,4,0.5,1.0,0.08601971295377803,,,0.0
noisy,1.5499999999999998,0.0,0.00409462143091644,4,0.5,1.0,0.11065992831159618,,,0.0
noisy,1.64,0.0,0.004491331630530503,4,0.5,1.0,0.10182777455844454,,,0.0
noisy,1.73,0.0,0.005323793835341285,4,0.5,1.0,0.12036144781514835,,,0.0
noisy,1.8199999999999998,0.0,0.007242347435673892,4,0.5,0.6666666666666666,0.17227371120346793,,,0.0
noisy,1.91,0.0,0.14543738788796645,4,0.5,0.0,0.17349102474959757,,,0.0
noisy,2.0,0.0,0.09158179244233777,4,0.5,0.0,0.1731554497280057,,,0.0
noisy,0.2,0.0,0.012830401611044345,5,0.5,0.0,0.01196298097421325,,,0.0
noisy,0.29000000000000004,0.0,-0.058388632020396285,5,0.5,0.0,0.0006617707225697383,,,0.0
noisy,0.38,0.0,-0.05308272783305004,5,0.5,0.0,0.0,,,0.0
noisy,0.47000000000000003,0.0,0.026872618387409664,5,0.5,0.0,0.007479679697452551,,,0.0
noisy,0.56,0.0,-0.004786989994664235,5,0.5,0.0,0.0043870333911340455,,,0.0
noisy,0.6499999999999999,0.0,-0.026342528937950565,5,0.5,0.0,0.0,,,0.0
noisy,0.74,0.0,0.046303925461990504,5,0.5,0.0,0.010309920661272898,,,0.0
noisy,0.8300000000000001,0.0,0.09704429300485916,5,0.5,0.0,0.010170087046282446,,,0.0
noisy,0.9199999999999999,0.0,0.1786383802790488,5,0.5,0.0,0.023627336623410662,,,0.0
noisy,1.01,0.0,0.06977330584293241,5,0.5,0.0,0.011906428852586533,,,0.0
noisy,1.0999999999999999,0.0,0.08997291422235904,5,0.5,0.0,0.013535984096720997,,,0.0
noisy,1.19,0.0,0.13795503872824008,5,0.5,0.0,0.042054622674071195,,,0.0
noisy,1.28,0.0,0.10190167187642118,5,0.5,0.0,0.011559895618987714,,,0.0
noisy,1.3699999999999999,0.0,0.0558926026871851,5,0.5,0.0,0.015592561977717374,,,0.0
noisy,1.46,0.0,0.16621105379386839,5,0.5,0.0,0.03886751916470955,,,0.0
noisy,1.5499999999999998,0.0,0.14108348550344973,5,0.5,0.0,0.017936351250653404,,,0.0
noisy,1.64,0.0,0.0922126776424702,5,0.5,0.0,0.01284821889577299,,,0.0
noisy,1.73,0.0,0.15308821027387,5,0.5,0.0,0.019684220174032492,,,0.0
noisy,1.8199999999999998,0.0,0.1862770226918534,5,0.5,0.0,0.020941421253760147,,,0.0
noisy,1.91,0.0,0.15283275343299074,5,0.5,0.0,0.027510734053416558,,,0.0
noisy,2.0,0.0,0.1722285689648826,5,0.5,0.0,0.016128769473620814,,,0.0
noisy,0.2,0.0,0.00418136697454279,6,0.5,0.0,0.00014006414284583894,,,0.0
noisy,0.29000000000000004,0.0,0.004418746354578191,6,0.5,0.0,0.000295301287228619,,,0.0
noisy,0.38,0.0,-0.0005041171272557205,6,0.5,0.0,0.00023109601813212538,,,0.0
noisy,0.47000000000000003,0.0,-0.005076176888722988,6,0.5,0.0,0.0,,,0.0
noisy,0.56,0.0,0.011804884852714609,6,0.5,0.0,0.000313977962263114,,,0.0
noisy,0.6499999999999999,0.0,-0.004317626147914027,6,0.5,0.0,8.704125008557427e-05,,,0.0
noisy,0.74,0.0,0.01860820757614537,6,0.5,0.0,0.00024476567464979656,,,0.0
noisy,0.8300000000000001,0.0,-0.009025105138483192,6,0.5,0.0,4.8150600773797624e-05,,,0.0
noisy,0.9199999999999999,0.0,0.008134706916568278,6,0.5,0.0,0.00018941152782296947,,,0.0
noisy,1.01,0.0,0.020933721351739532,6,0.5,0.0,0.00033209913955336814,,,0.0
noisy,1.0999999999999999,0.0,0.01747042055456105,6,0.5,0.0,0.000267804182897591,,,0.0
noisy,1.19,0.0,0.003350645149878832,6,0.5,0.0,6.0132725096397475e-05,,,0.0
noisy,1.28,0.0,0.018342030791314422,6,0.5,0.0,0.00024253006582890827,,,0.0
noisy,1.3699999999999999,0.0,0.014560578328477132,6,0.5,0.0,0.0002062745783075993,,,0.0
noisy,1.46,0.0,0.00788430679498917,6,0.5,0.0,0.0001493515581896362,,,0.0
noisy,1.5499999999999998,0.0,0.0065943157656532065,6,0.5,0.0,0.00012867341201355713,,,0.0
noisy,1.64,0.0,0.0192515452212531,6,0.5,0.0,0.0003503830488351641,,,0.0
noisy,1.73,0.0,0.015745802287510508,6,0.5,0.0,0.00022097023392120502,,,0.0
noisy,1.8199999999999998,0.0,0.012404935062029838,6,0.5,0.0,0.00025154948973526574,,,0.0
noisy,1.91,0.0,0.0151790136386594,6,0.5,0.0,0.0002016082352436532,,,0.0
noisy,2.0,0.0,0.005753215892740357,6,0.5,0.0,0.00011373587050249328,,,0.0
noisy,0.2,0.0,0.0041528995622347985,7,0.5,0.0,0.00016796427120474697,,,0.0
noisy,0.29000000000000004,0.0,0.0012523100759085429,7,0.5,0.0,8.920185664278956e-05,,,0.0
noisy,0.38,0.0,0.016004174059345445,7,0.5,0.0,0.0002774065046491439,,,0.0
noisy,0.47000000000000003,0.0,0.010605236644632468,7,0.5,0.0,0.00021662978489013604,,,0.0
noisy,0.56,0.0,0.03501198356359599,7,0.5,0.0,0.00040257741020509205,,,0.0
noisy,0.6499999999999999,0.0,0.025719546554846276,7,0.5,0.0,0.0003755472769828362,,,0.0
noisy,0.74,0.0,0.03831067071245834,7,0.5,0.0,0.00045496124412046634,,,0.0
noisy,0.8300000000000001,0.0,0.047235843818488166,7,0.5,0.0,0.0005481287175763283,,,0.0
noisy,0.9199999999999999,0.0,0.04261408562085826,7,0.5,0.0,0.0004488115585733195,,,0.0
noisy,1.01,0.0,0.0331750847183759,7,0.5,0.0,0.00045288115160250787,,,0.0
noisy,1.0999999999999999,0.0,0.04022960233692344,7,0.5,0.0,0.00048811734588556595,,,0.0
noisy,1.19,0.0,0.035229298754282386,7,0.5,0.0,0.00037792162711018456,,,0.0
noisy,1.28,0.0,0.03826767362862905,7,0.5,0.0,0.00039968565578988186,,,0.0
noisy,1.3699999999999999,0.0,0.035765479342636436,7,0.5,0.0,0.00039112013266102454,,,0.0
noisy,1.46,0.0,0.03809965994140969,7,0.5,0.0,0.000386359921114597,,,0.0
noisy,1.5499999999999998,0.0,0.0446402046950496,7,0.5,0.0,0.0005296197591393011,,,0.0
noisy,1.64,0.0,0.03850990855376194,7,0.5,0.0,0.0004158943080474448,,,0.0
noisy,1.73,0.0,0.03696311828106764,7,0.5,0.0,0.0003981137049913346,,,0.0
noisy,1.8199999999999998,0.0,0.03608353916049447,7,0.5,0.0,0.00040464029132863033,,,0.0
noisy,1.91,0.0,0.03633413628516005,7,0.5,0.0,0.00037688645629891624,,,0.0
noisy,2.0,0.0,0.04067834988138886,7,0.5,0.0,0.0004305226820386116,,,0.0
noisy,0.2,0.0,-0.0015327739566221986,8,0.5,0.0,5.5513010113807736e-05,,,0.0
noisy,0.29000000000000004,0.0,0.008919786921107052,8,0.5,0.0,0.0002452916718404828,,,0.0
noisy,0.38,0.0,0.01685497452950169,8,0.5,0.0,0.0003073762922177157,,,0.0
noisy,0.47000000000000003,0.0,0.00949808640011269,8,0.5,0.0,0.00020510707234055843,,,0.0
noisy,0.56,0.0,0.019956664620251467,8,0.5,0.0,0.00023238682896637656,,,0.0
noisy,0.6499999999999999,0.0,0.013095248312368789,8,0.5,0.0,0.00020031314432393527,,,0.0
noisy,0.74,0.0,0.015115431526789591,8,0.5,0.0,0.00018968691952716088,,,0.0
noisy,0.8300000000000001,0.0,0.01454495392114751,8,0.5,0.0,0.00021553896059699307,,,0.0
noisy,0.9199999999999999,0.0,0.01523573450469211,8,0.5,0.0,0.00026468077823958854,,,0.0
noisy,1.01,0.0,0.016450324628396205,8,0.5,0.0,0.0002530774966601241,,,0.0
noisy,1.0999999999999999,0.0,0.025475925291048546,8,0.5,0.0,0.00034284119190587247,,,0.0
noisy,1.19,0.0,0.02294476797814871,8,0.5,0.0,0.00032504228955278506,,,0.0
noisy,1.28,0.0,0.005538625086666814,8,0.5,0.0,0.00012195758876342839,,,0.0
noisy,1.3699999999999999,0.0,0.011551324746280947,8,0.5,0.0,0.00013665563324343519,,,0.0
noisy,1.46,0.0,0.002841551792390382,8,0.5,0.0,8.175827897190432e-05,,,0.0
noisy,1.5499999999999998,0.0,0.016538617088160845,8,0.5,0.0,0.0002452189713719897,,,0.0
noisy,1.64,0.0,0.00765529195178507,8,0.5,0.0,0.00019914118107697114,,,0.0
noisy,1.73,0.0,0.00421945413889743,8,0.5,0.0,5.592012724293241e-05,,,0.0
noisy,1.8199999999999998,0.0,0.013965693296291402,8,0.5,0.0,0.00015881242480565418,,,0.0
noisy,1.91,0.0,0.012991388382333885,8,0.5,0.0,0.000233394435090198,,,0.0
noisy,2.0,0.0,0.009164538001611428,8,0.5,0.0,0.00014801336722711412,,,0.0
noisy,0.2,0.0,-0.16797998389831506,9,0.5,0.0,0.0,,,0.0
noisy,0.29000000000000004,0.0,-0.17546393870006968,9,0.5,0.0,0.0,,,0.0
noisy,0.38,0.0,-0.16529130317883972,9,0.5,0.0,0.0,,,0.0
noisy,0.47000000000000003,0.0,-0.1643912289357275,9,0.5,0.0,0.0,,,0.0
noisy,0.56,0.0,-0.1430689846785191,9,0.5,0.0,0.0,,,0.0
noisy,0.6499999999999999,0.0,-0.17100006691415384,9,0.5,0.0,0.0,,,0.0
noisy,0.74,0.0,-0.16736947255455495,9,0.5,0.0,0.0,,,0.0
noisy,0.8300000000000001,0.0,-0.16336354129319977,9,0.5,0.0,0.0,,,0.0
noisy,0.9199999999999999,0.0,-0.16959926414416224,9,0.5,0.0,0.0,,,0.0
noisy,1.01,0.0,-0.16102326806828307,9,0.5,0.0,0.0,,,0.0
noisy,1.0999999999999999,0.0,-0.16933632849180733,9,0.5,0.0,0.0,,,0.0
noisy,1.19,0.0,-0.16253252820793987,9,0.5,0.0,0.0,,,0.0
noisy,1.28,0.0,-0.15840513084574473,9,0.5,0.0,0.0,,,0.0
noisy,1.3699999999999999,0.0,-0.1754016081984561,9,0.5,0.0,0.0,,,0.0
noisy,1.46,0.0,-0.15894931807609838,9,0.5,0.0,0.0,,,0.0
noisy,1.5499999999999998,0.0,-0.17260358879677765,9,0.5,0.0,0.0,,,0.0
noisy,1.64,0.0,-0.1810688158476209,9,0.5,0.0,0.0,,,0.0
noisy,1.73,0.0,-0.17857267463710158,9,0.5,0.0,0.0,,,0.0
noisy,1.8199999999999998,0.0,-0.1742409379625669,9,0.5,0.0,0.0,,,0.0
noisy,1.91,0.0,-0.17852276798839917,9,0.5,0.0,0.0,,,0.0
noisy,2.0,0.0,-0.17364759337374794,9,0.5,0.0,0.0,,,0.0
noisy,0.2,0.0,0.3241237103272779,10,0.5,0.0,0.00332236725987762,,,0.0
noisy,0.29000000000000004,0.0,0.316927113046876,10,0.5,0.0,0.003201034161676138,,,0.0
noisy,0.38,0.0,0.336243286937008,10,0.5,0.0,0.0034291474918051257,,,0.0
noisy,0.47000000000000003,0.0,0.3509072634971205,10,0.5,0.0,0.003641826652428692,,,0.0
noisy,0.56,0.0,0.34935854121587395,10,0.5,0.0,0.003579506301332148,,,0.0
noisy,0.6499999999999999,0.0,0.3372431023269611,10,0.5,0.0,0.0035080713891561177,,,0.0
noisy,0.74,0.0,0.3488606700891779,10,0.5,0.0,0.003590135930238829,,,0.0
noisy,0.8300000000000001,0.0,0.3424552978076783,10,0.5,0.0,0.003661227172281924,,,0.0
noisy,0.9199999999999999,0.0,0.3354795412841221,10,0.5,0.0,0.0034195611468609767,,,0.0
noisy,1.01,0.0,0.3269231545451448,10,0.5,0.0,0.0034250501165065997,,,0.0
noisy,1.0999999999999999,0.0,0.3226622815154352,10,0.5,0.0,0.0033614933399798556,,,0.0
noisy,1.19,0.0,0.34680045675100263,10,0.5,0.0,0.003549397918615531,,,0.0
noisy,1.28,0.0,0.3274230678807068,10,0.5,0.0,0.0035551371042414266,,,0.0
noisy,1.3699999999999999,0.0,0.32699363782153307,10,0.5,0.0,0.0033789691530968337,,,0.0
noisy,1.46,0.0,0.32833079325527387,10,0.5,0.0,0.003388359277731464,,,0.0
noisy,1.5499999999999998,0.0,0.3313498870328502,10,0.5,0.0,0.0033680308595960004,,,0.0
noisy,1.64,0.0,0.32522419993375173,10,0.5,0.0,0.0033186436933308854,,,0.0
noisy,1.73,0.0,0.32424671463547117,10,0.5,0.0,0.0033136349314983994,,,0.0
noisy,1.8199999999999998,0.0,0.34045635320822126,10,0.5,0.0,0.003496219544357837,,,0.0
noisy,1.91,0.0,0.31984344481266885,10,0.5,0.0,0.003309506018599954,,,0.0
noisy,2.0,0.0,0.3258508766303669,10,0.5,0.0,0.0033223496862461325,,,0.0
noisy,0.2,0.0,-0.14918854203707885,11,0.5,0.0,0.0,,,0.0
noisy,0.29000000000000004,0.0,-0.14451746534268317,11,0.5,0.0,0.0,,,0.0
noisy,0.38,0.0,-0.11685280583285913,11,0.5,0.0,0.0,,,0.0
noisy,0.47000000000000003,0.0,-0.12152590759528915,11,0.5,0.0,0.0,,,0.0
noisy,0.56,0.0,-0.09835582958303,11,0.5,0.0,0.0,,,0.0
noisy,0.6499999999999999,0.0,-0.13999916436483836,11,0.5,0.0,0.0,,,0.0
noisy,0.74,0.0,-0.11912732236287056,11,0.5,0.0,0.0,,,0.0
noisy,0.8300000000000001,0.0,-0.12975928477023618,11,0.5,0.0,0.0,,,0.0
noisy,0.9199999999999999,0.0,-0.13552446763975182,11,0.5,0.0,0.0,,,0.0
noisy,1.01,0.0,-0.15623669988104025,11,0.5,0.0,0.0,,,0.0
noisy,1.0999999999999999,0.0,-0.151816436511216,11,0.5,0.0,0.0,,,0.0
noisy,1.19,0.0,-0.1360320990373767,11,0.5,0.0,0.0,,,0.0
noisy,1.28,0.0,-0.1478062916996259,11,0.5,0.0,0.0,,,0.0
noisy,1.3699999999999999,0.0,-0.1432810319810366,11,0.5,0.0,0.0,,,0.0
noisy,1.46,0.0,-0.1602623690247036,11,0.5,0.0,0.0,,,0.0
noisy,1.5499999999999998,0.0,-0.16040985232971797,11,0.5,0.0,0.0,,,0.0
noisy,1.64,0.0,-0.15825049067361,11,0.5,0.0,0.0,,,0.0
noisy,1.73,0.0,-0.16235262251029206,11,0.5,0.0,0.0,,,0.0
noisy,1.8199999999999998,0.0,-0.14284849262362928,11,0.5,0.0,0.0,,,0.0
noisy,1.91,0.0,-0.14398368003109094,11,0.5,0.0,0.0,,,0.0
noisy,2.0,0.0,-0.14050978110713405,11,0.5,0.0,0.0,,,0.0
noisy,0.2,0.0,-0.05264194280331529,12,0.5,0.0,0.0,,,0.0
noisy,0.29000000000000004,0.0,-0.055494678774108706,12,0.5,0.0,0.0,,,0.0
noisy,0.38,0.0,-0.052511019007306335,12,0.5,0.0,0.0,,,0.0
noisy,0.47000000000000003,0.0,-0.05099244579989718,12,0.5,0.0,0.0,,,0.0
noisy,0.56,0.0,-0.055217198588456945,12,0.5,0.0,0.0,,,0.0
noisy,0.6499999999999999,0.0,-0.053282467790769984,12,0.5,0.0,0.0,,,0.0
noisy,0.74,0.0,-0.05427919852309005,12,0.5,0.0,0.0,,,0.0
noisy,0.8300000000000001,0.0,-0.06303393396280978,12,0.5,0.0,0.0,,,0.0
noisy,0.9199999999999999,0.0,-0.0662365854430746,12,0.5,0.0,0.0,,,0.0
noisy,1.01,0.0,-0.06483058805001825,12,0.5,0.0,0.0,,,0.0
noisy,1.0999999999999999,0.0,-0.06660459126619546,12,0.5,0.0,0.0,,,0.0
noisy,1.19,0.0,-0.06269335056577073,12,0.5,0.0,0.0,,,0.0
noisy,1.28,0.0,-0.0652653071720775,12,0.5,0.0,0.0,,,0.0
noisy,1.3699999999999999,0.0,-0.071893124368835,12,0.5,0.0,0.0,,,0.0
noisy,1.46,0.0,-0.07362323563875796,12,0.5,0.0,0.0,,,0.0
noisy,1.5499999999999998,0.0,-0.0727600553243352,12,0.5,0.0,0.0,,,0.0
noisy,1.64,0.0,-0.07250860846869535,12,0.5,0.0,0.0,,,0.0
noisy,1.73,0.0,-0.07107718670279566,12,0.5,0.0,0.0,,,0.0
noisy,1.8199999999999998,0.0,-0.07409070464799623,12,0.5,0.0,0.0,,,0.0
noisy,1.91,0.0,-0.07562610537674895,12,0.5,0.0,0.0,,,0.0
noisy,2.0,0.0,-0.08006469473710554,12,0.5,0.0,0.0,,,0.0
noisy,0.2,0.0,0.018674988309679185,13,0.5,0.0,0.00027771486044160407,,,0.0
noisy,0.29000000000000004,0.0,0.017142548415112105,13,0.5,0.0,0.0001959270703127743,,,0.0
noisy,0.38,0.0,0.016070745625948,13,0.5,0.0,0.0002569059775847473,,,0.0
noisy,0.47000000000000003,0.0,0.01381021644205728,13,0.5,0.0,0.00017532979798723193,,,0.0
noisy,0.56,0.0,0.015468763290379911,13,0.5,0.0,0.0002009097193997701,,,0.0
noisy,0.6499999999999999,0.0,0.01443497255449183,13,0.5,0.0,0.00018727396928513545,,,0.0
noisy,0.74,0.0,0.011714663284244753,13,0.5,0.0,0.00019212006619443922,,,0.0
noisy,0.8300000000000001,0.0,0.0145850493302153,13,0.5,0.0,0.00017362749860003738,,,0.0
noisy,0.9199999999999999,0.0,0.005034632850271323,13,0.5,0.0,5.612400615509695e-05,,,0.0
noisy,1.01,0.0,0.004790837301362536,13,0.5,0.0,0.00018087550090418835,,,0.0
noisy,1.0999999999999999,0.0,0.006618501669306169,13,0.5,0.0,0.00010006077442500501,,,0.0
noisy,1.19,0.0,0.007294643006142836,13,0.5,0.0,0.00015121501433223688,,,0.0
noisy,1.28,0.0,0.0007922084290009554,13,0.5,0.0,0.0001075627797486617,,,0.0
noisy,1.3699999999999999,0.0,-0.005647280097256454,13,0.5,0.0,0.0,,,0.0
noisy,1.46,0.0,-0.005530334886424775,13,0.5,0.0,1.5727226362600045e-05,,,0.0
noisy,1.5499999999999998,0.0,0.002596733749541122,13,0.5,0.0,0.00010711288453873756,,,0.0
noisy,1.64,0.0,-0.01081729933605635,13,0.5,0.0,0.0,,,0.0
noisy,1.73,0.0,-0.006722607435223727,13,0.5,0.0,0.0,,,0.0
noisy,1.8199999999999998,0.0,-0.0069258725064782175,13,0.5,0.0,1.5944631603407184e-05,,,0.0
noisy,1.91,0.0,-0.006775407315583928,13,0.5,0.0,0.0,,,0.0
noisy,2.0,0.0,-0.00499974508816906,13,0.5,0.0,0.0,,,0.0
noisy,0.2,0.0,0.0007050456012460887,14,0.5,0.0,9.532666828082173e-05,,,0.0
noisy,0.29000000000000004,0.0,-0.013619444665757147,14,0.5,0.0,2.954349926542178e-06,,,0.0
noisy,0.38,0.0,-0.011954285351334673,14,0.5,0.0,0.0,,,0.0
noisy,0.47000000000000003,0.0,-0.0032976516775928433,14,0.5,0.0,4.542757393072262e-05,,,0.0
noisy,0.56,0.0,-0.004297364210350167,14,0.5,0.0,0.0,,,0.0
noisy,0.6499999999999999,0.0,-0.005028923411484418,14,0.5,0.0,0.0,,,0.0
noisy,0.74,0.0,0.0035827706976362065,14,0.5,0.0,5.896338231339378e-05,,,0.0
noisy,0.8300000000000001,0.0,0.0016539558744213796,14,0.5,0.0,7.879104751534447e-05,,,0.0
noisy,0.9199999999999999,0.0,0.009538876514091795,14,0.5,0.0,0.00020282188193462968,,,0.0
noisy,1.01,0.0,0.006420410390873317,14,0.5,0.0,0.00012192630632175996,,,0.0
noisy,1.0999999999999999,0.0,0.0002668647404321047,14,0.5,0.0,2.2028367447738428e-05,,,0.0
noisy,1.19,0.0,0.00397942117878248,14,0.5,0.0,0.0001345300389210689,,,0.0
noisy,1.28,0.0,0.0057047251484153684,14,0.5,0.0,0.00013695458844227026,,,0.0
noisy,1.3699999999999999,0.0,0.00893496763690761,14,0.5,0.0,0.0001485034843029221,,,0.0
noisy,1.46,0.0,-0.0029998316808285976,14,0.5,0.0,3.8385866094404195e-05,,,0.0
noisy,1.5499999999999998,0.0,-0.00044357873282228265,14,0.5,0.0,0.0001221978093093861,,,0.0
noisy,1.64,0.0,-0.010171427898063724,14,0.5,0.0,0.0,,,0.0
noisy,1.73,0.0,-0.004636687454400536,14,0.5,0.0,1.3298905748143365e-05,,,0.0
noisy,1.8199999999999998,0.0,-0.004795155483302017,14,0.5,0.0,0.0,,,0.0
noisy,1.91,0.0,-0.007631313728740905,14,0.5,0.0,0.0,,,0.0
noisy,2.0,0.0,0.004003395696550791,14,0.5,0.0,0.00021158103292689577,,,0.0
noisy,0.2,0.0,0.00184632763676978,15,0.5,0.0,0.00011989779178269943,,,0.0
noisy,0.29000000000000004,0.0,0.018176602729369645,15,0.5,0.0,0.0002540069435936037,,,0.0
noisy,0.38,0.0,0.005131675481352936,15,0.5,0.0,7.819485103097493e-05,,,0.0
noisy,0.47000000000000003,0.0,0.01523399731530903,15,0.5,0.0,0.0002575439422863636,,,0.0
noisy,0.56,0.0,0.013951373236405993,15,0.5,0.0,0.00024242569914512455,,,0.0
noisy,0.6499999999999999,0.0,0.012162791288926856,15,0.5,0.0,0.0002152156135935769,,,0.0
noisy,0.74,0.0,0.0059321352559050244,15,0.5,0.0,0.00014249120195882828,,,0.0
noisy,0.8300000000000001,0.0,0.012969852790041467,15,0.5,0.0,0.00018766742265321888,,,0.0
noisy,0.9199999999999999,0.0,0.0014284789188719461,15,0.5,0.0,8.413865914882566e-05,,,0.0
noisy,1.01,0.0,0.0056329749232153364,15,0.5,0.0,0.00012395549382125245,,,0.0
noisy,1.0999999999999999,0.0,0.008813368662387534,15,0.5,0.0,0.00024146586695181219,,,0.0
noisy,1.19,0.0,-0.0015217253537756277,15,0.5,0.0,3.708257714469699e-05,,,0.0
noisy,1.28,0.0,0.010188644799237615,15,0.5,0.0,0.00018288757180098917,,,0.0
noisy,1.3699999999999999,0.0,-0.00011123741134623571,15,0.5,0.0,2.7493870105928594e-05,,,0.0
noisy,1.46,0.0,0.0006654701757696455,15,0.5,0.0,0.00012515292707867762,,,0.0
noisy,1.5499999999999998,0.0,-0.0026177064561506654,15,0.5,0.0,5.533408384776866e-05,,,0.0
noisy,1.64,0.0,-0.0030602267497515418,15,0.5,0.0,0.00011194254467370614,,,0.0
noisy,1.73,0.0,-0.005880182075083244,15,0.5,0.0,0.0,,,0.0
noisy,1.8199999999999998,0.0,-0.00852968836436037,15,0.5,0.0,0.0,,,0.0
noisy,1.91,0.0,-0.015171936242096106,15,0.5,0.0,0.0,,,0.0
noisy,2.0,0.0,-0.004098439837294881,15,0.5,0.0,0.0,,,0.0
noisy,0.2,0.0,-0.6383956695381655,16,0.5,0.0,0.0,,,0.0
noisy,0.29000000000000004,0.0,-0.6364769384401202,16,0.5,0.0,0.0,,,0.0
noisy,0.38,0.0,-0.6372875936313329,16,0.5,0.0,0.0,,,0.0
noisy,0.47000000000000003,0.0,-0.6371690923229999,16,0.5,0.0,0.0,,,0.0
noisy,0.56,0.0,-0.6374766904959271,16,0.5,0.0,0.0,,,0.0
noisy,0.6499999999999999,0.0,-0.6365911079784021,16,0.5,0.0,0.0,,,0.0
noisy,0.74,0.0,-0.637802843821432,16,0.5,0.0,0.0,,,0.0
noisy,0.8300000000000001,0.0,-0.6369095150472491,16,0.5,0.0,0.0,,,0.0
noisy,0.9199999999999999,0.0,-0.638155283943714,16,0.5,0.0,0.0,,,0.0
noisy,1.01,0.0,-0.6376682423925858,16,0.5,0.0,0.0,,,0.0
noisy,1.0999999999999999,0.0,-0.6379482653093924,16,0.5,0.0,0.0,,,0.0
noisy,1.19,0.0,-0.6365427536622958,16,0.5,0.0,0.0,,,0.0
noisy,1.28,0.0,-0.6366984641353347,16,0.5,0.0,0.0,,,0.0
noisy,1.3699999999999999,0.0,-0.636713595990292,16,0.5,0.0,0.0,,,0.0
noisy,1.46,0.0,-0.6382330624156077,16,0.5,0.0,0.0,,,0.0
noisy,1.5499999999999998,0.0,-0.637085246430844,16,0.5,0.0,0.0,,,0.0
noisy,1.64,0.0,-0.636047025511426,16,0.5,0.0,0.0,,,0.0
noisy,1.73,0.0,-0.6357049302292234,16,0.5,0.0,0.0,,,0.0
noisy,1.8199999999999998,0.0,-0.6359833944678329,16,0.5,0.0,0.0,,,0.0
noisy,1.91,0.0,-0.6373900579137385,16,0.5,0.0,0.0,,,0.0
noisy,2.0,0.0,-0.6369684966652116,16,0.5,0.0,0.0,,,0.0
noisy,0.2,0.0,-0.015871712083655835,17,0.5,0.0,0.0,,,0.0
noisy,0.29000000000000004,0.0,-0.015856436417158417,17,0.5,0.0,0.0,,,0.0
noisy,0.38,0.0,-0.015863096980202707,17,0.5,0.0,0.0,,,0.0
noisy,0.47000000000000003,0.0,-0.015858165929583636,17,0.5,0.0,0.0,,,0.0
noisy,0.56,0.0,-0.01584873304175054,17,0.5,0.0,0.0,,,0.0
noisy,0.6499999999999999,0.0,-0.015836907654311883,17,0.5,0.0,0.0,,,0.0
noisy,0.74,0.0,-0.015839957018753025,17,0.5,0.0,0.0,,,0.0
noisy,0.8300000000000001,0.0,-0.015877363178195273,17,0.5,0.0,0.0,,,0.0
noisy,0.9199999999999999,0.0,-0.0158695449455491,17,0.5,0.0,0.0,,,0.0
noisy,1.01,0.0,-0.015841260048349848,17,0.5,0.0,0.0,,,0.0
noisy,1.0999999999999999,0.0,-0.01585669920485795,17,0.5,0.0,0.0,,,0.0
noisy,1.19,0.0,-0.01590996571752908,17,0.5,0.0,0.0,,,0.0
noisy,1.28,0.0,-0.01588507085464862,17,0.5,0.0,0.0,,,0.0
noisy,1.3699999999999999,0.0,-0.015913706697686412,17,0.5,0.0,0.0,,,0.0
noisy,1.46,0.0,-0.015887731216742237,17,0.5,0.0,0.0,,,0.0
noisy,1.5499999999999998,0.0,-0.01587290656547061,17,0.5,0.0,0.0,,,0.0
noisy,1.64,0.0,-0.015906346921145034,17,0.5,0.0,0.0,,,0.0
noisy,1.73,0.0,-0.015902121286351382,17,0.5,0.0,0.0,,,0.0
noisy,1.8199999999999998,0.0,-0.015923413104566606,17,0.5,0.0,0.0,,,0.0
noisy,1.91,0.0,-0.015899274890013245,17,0.5,0.0,0.0,,,0.0
noisy,2.0,0.0,-0.015896861015290795,17,0.5,0.0,0.0,,,0.0
noisy,0.2,0.0,-0.8554733862917491,18,0.5,0.0,0.0,,,0.0
noisy,0.29000000000000004,0.0,-0.8547378199115113,18,0.5,0.0,0.0,,,0.0
noisy,0.38,0.0,-0.854790076795255,18,0.5,0.0,0.0,,,0.0
noisy,0.47000000000000003,0.0,-0.8553143182596769,18,0.5,0.0,0.0,,,0.0
noisy,0.56,0.0,-0.8548847411124881,18,0.5,0.0,0.0,,,0.0
noisy,0.6499999999999999,0.0,-0.8548001807698212,18,0.5,0.0,0.0,,,0.0
noisy,0.74,0.0,-0.8549857447814354,18,0.5,0.0,0.0,,,0.0
noisy,0.8300000000000001,0.0,-0.855206335852373,18,0.5,0.0,0.0,,,0.0
noisy,0.9199999999999999,0.0,-0.8552950914257611,18,0.5,0.0,0.0,,,0.0
noisy,1.01,0.0,-0.8551066389912908,18,0.5,0.0,0.0,,,0.0
noisy,1.0999999999999999,0.0,-0.8557175908718025,18,0.5,0.0,0.0,,,0.0
noisy,1.19,0.0,-0.8555360591117228,18,0.5,0.0,0.0,,,0.0
noisy,1.28,0.0,-0.8552802566612806,18,0.5,0.0,0.0,,,0.0
noisy,1.3699999999999999,0.0,-0.855512143609722,18,0.5,0.0,0.0,,,0.0
noisy,1.46,0.0,-0.8552679945087097,18,0.5,0.0,0.0,,,0.0
noisy,1.5499999999999998,0.0,-0.8554912931228248,18,0.5,0.0,0.0,,,0.0
noisy,1.64,0.0,-0.8554524388976407,18,0.5,0.0,0.0,,,0.0
noisy,1.73,0.0,-0.8552587196619816,18,0.5,0.0,0.0,,,0.0
noisy,1.8199999999999998,0.0,-0.8554351506559169,18,0.5,0.0,0.0,,,0.0
noisy,1.91,0.0,-0.8555876932382237,18,0.5,0.0,0.0,,,0.0
noisy,2.0,0.0,-0.8554724501912103,18,0.5,0.0,0.0,,,0.0
noisy,0.2,0.0,-8.475416184749588e-05,19,0.5,0.0,8.944875735596007e-05,,,0.0
noisy,0.29000000000000004,0.0,-0.012093933664092385,19,0.5,0.0,0.0,,,0.0
noisy,0.38,0.0,0.007307715954561783,19,0.5,0.0,0.00021419816050977114,,,0.0
noisy,0.47000000000000003,0.0,0.004466633370002364,19,0.5,0.0,0.00010778334909760948,,,0.0
noisy,0.56,0.0,0.00816896359882783,19,0.5,0.0,0.00017162865928337052,,,0.0
noisy,0.6499999999999999,0.0,0.007204335800674005,19,0.5,0.0,0.0001418014475907499,,,0.0
noisy,0.74,0.0,-0.005439996448437286,19,0.5,0.0,3.5586060718822947e-06,,,0.0
noisy,0.8300000000000001,0.0,0.007857355581463976,19,0.5,0.0,0.00015947490644495702,,,0.0
noisy,0.9199999999999999,0.0,0.006954947244756594,19,0.5,0.0,0.00016218324408849338,,,0.0
noisy,1.01,0.0,0.01229783577165527,19,0.5,0.0,0.00020275295569820325,,,0.0
noisy,1.0999999999999999,0.0,0.026031646566457595,19,0.5,0.0,0.0003901267767831508,,,0.0
noisy,1.19,0.0,0.015974648739867467,19,0.5,0.0,0.00023084531932594595,,,0.0
noisy,1.28,0.0,0.0068366901727984234,19,0.5,0.0,0.00010309094822010071,,,0.0
noisy,1.3699999999999999,0.0,0.008597019073190494,19,0.5,0.0,0.00014493651016062205,,,0.0
noisy,1.46,0.0,0.015382778780300019,19,0.5,0.0,0.00033462692794543325,,,0.0
noisy,1.5499999999999998,0.0,0.007342923525014449,19,0.5,0.0,0.0001545851639182815,,,0.0
noisy,1.64,0.0,0.009564028949394945,19,0.5,0.0,0.00017545127846703028,,,0.0
noisy,1.73,0.0,0.004356489220282261,19,0.5,0.0,0.00013542423887545428,,,0.0
noisy,1.8199999999999998,0.0,0.0014001361199387711,19,0.5,0.0,8.110741548700681e-05,,,0.0
noisy,1.91,0.0,0.010394557564379488,19,0.5,0.0,0.00024047139112492164,,,0.0
noisy,2.0,0.0,-0.00025422281815233946,19,0.5,0.0,1.5391812984805767e-05,,,0.0
noisy,0.2,0.0,0.19379109041868745,1,1.0,1.0,4.220010175609796,,,350.0
noisy,0.29000000000000004,0.0,0.2938116377847971,1,1.0,1.0,5.959401440469947,,,361.0
noisy,0.38,0.0,0.3816320434465423,1,1.0,1.0,7.708918846081602,,,415.0
noisy,0.47000000000000003,0.0,0.47343221849666817,1,1.0,1.0,9.519622165717514,,,454.0
noisy,0.56,0.0,0.5645933328030952,1,1.0,1.0,9.90429204800573,,,329.0
noisy,0.6499999999999999,0.0,0.6507339238877056,1,1.0,1.0,9.904021268726375,,,378.0
noisy,0.74,0.0,0.7460613466456817,1,1.0,1.0,9.902963193766494,,,320.0
noisy,0.8300000000000001,0.0,0.8283982776334081,1,1.0,1.0,9.90707752854105,,,308.0
noisy,0.9199999999999999,0.0,0.9171124773728274,1,1.0,1.0,9.908876032599029,,,252.0
noisy,1.01,0.0,1.0022510107758964,1,1.0,1.0,9.90768764810294,,,237.0
noisy,1.0999999999999999,0.0,1.083369171501763,1,1.0,1.0,9.909043802099413,,,221.0
noisy,1.19,0.0,1.1748094456426859,1,1.0,1.0,9.906146720247,,,220.0
noisy,1.28,0.0,1.2486888271902534,1,1.0,1.0,9.911339042252703,,,226.0
noisy,1.3699999999999999,0.0,1.336862090147278,1,1.0,1.0,9.902439895199391,,,168.0
noisy,1.46,0.0,1.4133447451966685,1,1.0,1.0,9.90993806763832,,,183.0
noisy,1.5499999999999998,0.0,1.5062964359842301,1,1.0,1.0,9.912779689004957,,,167.0
noisy,1.64,0.0,1.5899006671466507,1,1.0,1.0,9.905754633224467,,,149.0
noisy,1.73,0.0,1.6754564686282551,1,1.0,1.0,9.915241518629891,,,156.0
noisy,1.8199999999999998,0.0,1.7533755112509921,1,1.0,1.0,9.9100148308435,,,132.0
noisy,1.91,0.0,1.8360188933976642,1,1.0,1.0,9.916137891497756,,,124.0
noisy,2.0,0.0,1.9115400352942036,1,1.0,1.0,9.918956735686445,,,134.0
noisy,0.2,0.0,0.1981966974473995,2,1.0,1.0,3.975102702089406,,,410.0
noisy,0.29000000000000004,0.0,0.2944837148833875,2,1.0,1.0,5.923563673071689,,,378.0
noisy,0.38,0.0,0.38699458896796973,2,1.0,1.0,7.776149649754741,,,377.0
noisy,0.47000000000000003,0.0,0.4769476847397802,2,1.0,1.0,9.642915213182944,,,417.0
noisy,0.56,0.0,0.565242775067468,2,1.0,1.0,9.903957993727289,,,361.0
noisy,0.6499999999999999,0.0,0.6471598164672032,2,1.0,1.0,9.90392933328619,,,353.0
noisy,0.74,0.0,0.7443748297107279,2,1.0,1.0,9.906989681443564,,,335.0
noisy,0.8300000000000001,0.0,0.8304417405214849,2,1.0,1.0,9.907086865655556,,,248.0
noisy,0.9199999999999999,0.0,0.9161839322760658,2,1.0,1.0,9.909155654217454,,,264.0
noisy,1.01,0.0,1.0000990955356066,2,1.0,1.0,9.90853704045947,,,239.0
noisy,1.0999999999999999,0.0,1.0920513735666244,2,1.0,1.0,9.902897491770245,,,257.0
noisy,1.19,0.0,1.1667212219723002,2,1.0,1.0,9.908744654174306,,,210.0
noisy,1.28,0.0,1.2499611641001709,2,1.0,1.0,9.90991377041713,,,196.0
noisy,1.3699999999999999,0.0,1.3418511360520273,2,1.0,1.0,9.908541353269728,,,215.0
noisy,1.46,0.0,1.428751609162943,2,1.0,1.0,9.914386993646326,,,173.0
noisy,1.5499999999999998,0.0,1.5033357945572605,2,1.0,1.0,9.915021593904447,,,174.0
noisy,1.64,0.0,1.5920791355448303,2,1.0,1.0,9.905291761057939,,,162.0
noisy,1.73,0.0,1.676991898301204,2,1.0,1.0,9.916126592199024,,,144.0
noisy,1.8199999999999998,0.0,1.761067981310232,2,1.0,1.0,9.91624133246821,,,153.0
noisy,1.91,0.0,1.8319687002653662,2,1.0,1.0,9.912077269249549,,,135.0
noisy,2.0,0.0,1.9121198398339088,2,1.0,1.0,9.905525144391078,,,127.0
noisy,0.2,0.0,0.20944467778928366,3,1.0,1.0,4.249012391622517,,,244.0
noisy,0.29000000000000004,0.0,0.2937203224550236,3,1.0,1.0,6.0618823388694985,,,378.0
noisy,0.38,0.0,0.3805990312287138,3,1.0,1.0,7.642782928584613,,,371.0
noisy,0.47000000000000003,0.0,0.4764264569280306,3,1.0,1.0,9.616766316454575,,,447.0
noisy,0.56,0.0,0.565483845097709,3,1.0,1.0,9.90572326207537,,,378.0
noisy,0.6499999999999999,0.0,0.6542868094900681,3,1.0,1.0,9.905892908065688,,,281.0
noisy,0.74,0.0,0.7379509191474348,3,1.0,1.0,9.90532482880005,,,308.0
noisy,0.8300000000000001,0.0,0.8272779688300961,3,1.0,1.0,9.907325335069611,,,316.0
noisy,0.9199999999999999,0.0,0.9163598645395098,3,1.0,1.0,9.906923118388365,,,266.0
noisy,1.01,0.0,1.0021892895965623,3,1.0,1.0,9.909913771117644,,,255.0
noisy,1.0999999999999999,0.0,1.0896611654219752,3,1.0,1.0,9.906873996892626,,,248.0
noisy,1.19,0.0,1.1704161681292276,3,1.0,1.0,9.910961681017252,,,187.0
noisy,1.28,0.0,1.2558039835535995,3,1.0,1.0,9.9112562261804,,,191.0
noisy,1.3699999999999999,0.0,1.3313937398626334,3,1.0,1.0,9.912636977906795,,,181.0
noisy,1.46,0.0,1.421289440688754,3,1.0,1.0,9.908720668054634,,,145.0
noisy,1.5499999999999998,0.0,1.4980290221119834,3,1.0,1.0,9.914418584536723,,,160.0
noisy,1.64,0.0,1.5844115071191294,3,1.0,1.0,9.916585555662214,,,149.0
noisy,1.73,0.0,1.6705290872017213,3,1.0,1.0,9.912706142908933,,,167.0
noisy,1.8199999999999998,0.0,1.7481488970995478,3,1.0,1.0,9.917949154832057,,,139.0
noisy,1.91,0.0,1.8289779196098952,3,1.0,1.0,9.910294527169283,,,139.0
noisy,2.0,0.0,1.9123875299061501,3,1.0,1.0,9.918411240440731,,,143.0
noisy,0.2,0.0,0.1952963999881221,4,1.0,1.0,4.0777933466139125,,,333.0
noisy,0.29000000000000004,0.0,0.29240314251095745,4,1.0,1.0,5.944200057340456,,,363.0
noisy,0.38,0.0,0.38391579301278717,4,1.0,1.0,7.732685758878086,,,398.0
noisy,0.47000000000000003,0.0,0.47506551088105925,4,1.0,1.0,9.579392365650618,,,425.0
noisy,0.56,0.0,0.5647415110034069,4,1.0,1.0,9.902828681572384,,,361.0
noisy,0.6499999999999999,0.0,0.655855642387679,4,1.0,1.0,9.906015728627477,,,336.0
noisy,0.74,0.0,0.7399842989990143,4,1.0,1.0,9.906393876930688,,,312.0
noisy,0.8300000000000001,0.0,0.8290948220568527,4,1.0,1.0,9.906453849763054,,,275.0
noisy,0.9199999999999999,0.0,0.9136360844670538,4,1.0,1.0,9.908351802735844,,,257.0
noisy,1.01,0.0,0.9982990931498038,4,1.0,1.0,9.907373149028329,,,224.0
noisy,1.0999999999999999,0.0,1.0864172508114196,4,1.0,1.0,9.909608267679086,,,219.0
noisy,1.19,0.0,1.1733490952727539,4,1.0,1.0,9.911841160225745,,,222.0
noisy,1.28,0.0,1.251439816700634,4,1.0,1.0,9.909720069215076,,,191.0
noisy,1.3699999999999999,0.0,1.3331327403155753,4,1.0,1.0,9.911456147647332,,,194.0
noisy,1.46,0.0,1.4112862652689702,4,1.0,0.6666666666666666,9.911416498155594,,,64.0
noisy,1.5499999999999998,0.0,1.5030240405473254,4,1.0,1.0,9.907689662875482,,,183.0
noisy,1.64,0.0,1.5896760735592685,4,1.0,1.0,9.916347005220212,,,153.0
noisy,1.73,0.0,1.677368365681385,4,1.0,1.0,9.910036687297628,,,159.0
noisy,1.8199999999999998,0.0,1.747569723475092,4,1.0,0.6666666666666666,9.913438788856725,,,123.0
noisy,1.91,0.0,1.8285606739114149,4,1.0,1.0,9.912320926547611,,,160.0
noisy,2.0,0.0,1.8593262857905721,4,1.0,0.6666666666666666,9.916437494642055,,,48.0
noisy,0.2,0.0,0.20724417406760307,5,1.0,1.0,4.321480183649333,,,323.0
noisy,0.29000000000000004,0.0,0.2881988607855707,5,1.0,1.0,5.807682973134748,,,380.0
noisy,0.38,0.0,0.38599048511886475,5,1.0,1.0,7.761342928230474,,,371.0
noisy,0.47000000000000003,0.0,0.4732590805850714,5,1.0,1.0,9.558047073149535,,,395.0
noisy,0.56,0.0,0.5664458208070303,5,1.0,1.0,9.904170421161872,,,346.0
noisy,0.6499999999999999,0.0,0.6549777559385698,5,1.0,1.0,9.904783591996846,,,326.0
noisy,0.74,0.0,0.7398586835139539,5,1.0,1.0,9.90615973120606,,,283.0
noisy,0.8300000000000001,0.0,0.8298451459350501,5,1.0,1.0,9.907591512204613,,,307.0
noisy,0.9199999999999999,0.0,0.9186647006005287,5,1.0,1.0,9.907418471225727,,,244.0
noisy,1.01,0.0,1.0035625946698834,5,1.0,1.0,9.909684302364775,,,247.0
noisy,1.0999999999999999,0.0,1.0848132926302345,5,1.0,1.0,9.904979053274953,,,238.0
noisy,1.19,0.0,1.1703330975540738,5,1.0,1.0,9.906384224528413,,,187.0
noisy,1.28,0.0,1.2545634993528245,5,1.0,1.0,9.909215363060621,,,219.0
noisy,1.3699999999999999,0.0,1.342037002268231,5,1.0,1.0,9.90525983590647,,,171.0
noisy,1.46,0.0,1.4258633640796525,5,1.0,1.0,9.911971460283812,,,174.0
noisy,1.5499999999999998,0.0,1.5142637646536017,5,1.0,1.0,9.911749347050899,,,177.0
noisy,1.64,0.0,1.5894002421905453,5,1.0,1.0,9.902504373754347,,,163.0
noisy,1.73,0.0,1.6698929625065126,5,1.0,1.0,9.910598497869039,,,149.0
noisy,1.8199999999999998,0.0,1.7547021708530324,5,1.0,1.0,9.915331628612952,,,154.0
noisy,1.91,0.0,1.8341098930988637,5,1.0,1.0,9.919070769051558,,,141.0
noisy,2.0,0.0,1.9110173310275662,5,1.0,1.0,9.913303185391229,,,145.0
noisy,0.2,0.0,0.20133370299839481,6,1.0,1.0,4.043908269517742,,,306.0
noisy,0.29000000000000004,0.0,0.2938147319871237,6,1.0,1.0,6.025636221539201,,,353.0
noisy,0.38,0.0,0.38044158171490255,6,1.0,1.0,7.711327488223351,,,347.0
noisy,0.47000000000000003,0.0,0.4778751688750133,6,1.0,1.0,9.579660255080235,,,396.0
noisy,0.56,0.0,0.55992299748898,6,1.0,1.0,9.90391240082173,,,379.0
noisy,0.6499999999999999,0.0,0.6509224396017114,6,1.0,1.0,9.90503475624213,,,358.0
noisy,0.74,0.0,0.738365172455532,6,1.0,1.0,9.904589936437445,,,301.0
noisy,0.8300000000000001,0.0,0.8341434297598148,6,1.0,1.0,9.905101716676672,,,292.0
noisy,0.9199999999999999,0.0,0.9131174535367096,6,1.0,1.0,9.908437699177675,,,219.0
noisy,1.01,0.0,0.9992860748889149,6,1.0,1.0,9.909521425674779,,,276.0
noisy,1.0999999999999999,0.0,1.0896340303852001,6,1.0,1.0,9.907273655228723,,,224.0
noisy,1.19,0.0,1.167318701102958,6,1.0,1.0,9.903463009389865,,,222.0
noisy,1.28,0.0,1.2595372502868256,6,1.0,1.0,9.911575087899463,,,200.0
noisy,1.3699999999999999,0.0,1.3428066978967717,6,1.0,1.0,9.911500513052614,,,219.0
noisy,1.46,0.0,1.4266040877737896,6,1.0,1.0,9.909812887489537,,,177.0
noisy,1.5499999999999998,0.0,1.506296533934185,6,1.0,1.0,9.909652835381852,,,155.0
noisy,1.64,0.0,1.581948233420338,6,1.0,1.0,9.913346399529203,,,181.0
noisy,1.73,0.0,1.6772370300755848,6,1.0,1.0,9.915666818353765,,,151.0
noisy,1.8199999999999998,0.0,1.751556186063522,6,1.0,1.0,9.915232233299893,,,121.0
noisy,1.91,0.0,1.8196586680772187,6,1.0,0.6666666666666666,9.911091207290347,,,150.0
noisy,2.0,0.0,1.910331768308713,6,1.0,1.0,9.916366856776921,,,142.0
noisy,0.2,0.0,0.20257685543469736,7,1.0,1.0,4.184576752809574,,,426.0
noisy,0.29000000000000004,0.0,0.2929460336372854,7,1.0,1.0,5.927924342420285,,,361.0
noisy,0.38,0.0,0.3821290058440909,7,1.0,1.0,7.722476095105565,,,377.0
noisy,0.47000000000000003,0.0,0.47171547209338066,7,1.0,1.0,9.454899485180917,,,400.0
noisy,0.56,0.0,0.5660829557973358,7,1.0,1.0,9.904746427914239,,,298.0
noisy,0.6499999999999999,0.0,0.6561356910552116,7,1.0,1.0,9.905806929222361,,,351.0
noisy,0.74,0.0,0.742289250724668,7,1.0,1.0,9.906411261987817,,,268.0
noisy,0.8300000000000001,0.0,0.8321514512684688,7,1.0,1.0,9.904422868077654,,,278.0
noisy,0.9199999999999999,0.0,0.9145029205620325,7,1.0,1.0,9.906966518774988,,,273.0
noisy,1.01,0.0,1.0008554011582775,7,1.0,1.0,9.909598421211722,,,266.0
noisy,1.0999999999999999,0.0,1.0865523994825854,7,1.0,1.0,9.90959803469346,,,223.0
noisy,1.19,0.0,1.162930598121831,7,1.0,1.0,9.910922888468622,,,194.0
noisy,1.28,0.0,1.25343275050161,7,1.0,1.0,9.911766787732374,,,207.0
noisy,1.3699999999999999,0.0,1.3438301422770662,7,1.0,1.0,9.905746329980387,,,185.0
noisy,1.46,0.0,1.427871922163381,7,1.0,1.0,9.909854005058907,,,159.0
noisy,1.5499999999999998,0.0,1.4992608384414368,7,1.0,1.0,9.907849076572342,,,140.0
noisy,1.64,0.0,1.5897447969508118,7,1.0,1.0,9.906410112686913,,,168.0
noisy,1.73,0.0,1.665276759864556,7,1.0,1.0,9.91161988802008,,,144.0
noisy,1.8199999999999998,0.0,1.7410237059887825,7,1.0,1.0,9.908417126544988,,,164.0
noisy,1.91,0.0,1.8206313662465192,7,1.0,1.0,9.91066719705847,,,149.0
noisy,2.0,0.0,1.9085986603756646,7,1.0,1.0,9.910352902940474,,,135.0
noisy,0.2,0.0,0.19655974143483554,8,1.0,1.0,4.017553965430754,,,385.0
noisy,0.29000000000000004,0.0,0.2952280206046742,8,1.0,1.0,5.973078263362789,,,400.0
noisy,0.38,0.0,0.3797194092896643,8,1.0,1.0,7.7152544454718655,,,438.0
noisy,0.47000000000000003,0.0,0.4723850825397009,8,1.0,1.0,9.500877209290978,,,443.0
noisy,0.56,0.0,0.5631175141931858,8,1.0,1.0,9.90447461363269,,,332.0
noisy,0.6499999999999999,0.0,0.6480610651760134,8,1.0,1.0,9.905632432591537,,,367.0
noisy,0.74,0.0,0.7421723505225534,8,1.0,1.0,9.905897387398205,,,298.0
noisy,0.8300000000000001,0.0,0.8322431289541674,8,1.0,1.0,9.90482309715305,,,266.0
noisy,0.9199999999999999,0.0,0.9170293346426074,8,1.0,1.0,9.904589073477121,,,263.0
noisy,1.01,0.0,1.0008067414370305,8,1.0,1.0,9.909567215800651,,,268.0
noisy,1.0999999999999999,0.0,1.0870190269939801,8,1.0,1.0,9.909408101232271,,,239.0
noisy,1.19,0.0,1.176286842688751,8,1.0,1.0,9.910708707042293,,,218.0
noisy,1.28,0.0,1.2545516455454628,8,1.0,1.0,9.90982952730722,,,211.0
noisy,1.3699999999999999,0.0,1.3332518219000826,8,1.0,1.0,9.907558393072291,,,193.0
noisy,1.46,0.0,1.4184836221438761,8,1.0,1.0,9.911750353256325,,,195.0
noisy,1.5499999999999998,0.0,1.5052885515352799,8,1.0,1.0,9.90670861102523,,,163.0
noisy,1.64,0.0,1.5823897132392617,8,1.0,1.0,9.908641455622305,,,176.0
noisy,1.73,0.0,1.664322445151992,8,1.0,1.0,9.909748701750702,,,165.0
noisy,1.8199999999999998,0.0,1.6206966520346953,8,1.0,0.6666666666666666,9.908664057518896,,,160.0
noisy,1.91,0.0,1.8342866740292225,8,1.0,1.0,9.907749721681464,,,108.0
noisy,2.0,0.0,1.912950233720861,8,1.0,1.0,9.912668144971365,,,120.0
noisy,0.2,0.0,0.20026985866931168,9,1.0,1.0,4.023104175296602,,,410.0
noisy,0.29000000000000004,0.0,0.28860025307176534,9,1.0,1.0,5.8205840275009715,,,392.0
noisy,0.38,0.0,0.38668421217692445,9,1.0,1.0,7.943471014458891,,,411.0
noisy,0.47000000000000003,0.0,0.47632286965342735,9,1.0,1.0,9.533463725374938,,,421.0
noisy,0.56,0.0,0.5636291062831894,9,1.0,1.0,9.904218478138478,,,377.0
noisy,0.6499999999999999,0.0,0.6531135298303273,9,1.0,1.0,9.904137221765536,,,306.0
noisy,0.74,0.0,0.7404097761622145,9,1.0,1.0,9.901706627246877,,,307.0
noisy,0.8300000000000001,0.0,0.833250298550542,9,1.0,1.0,9.907468052748781,,,256.0
noisy,0.9199999999999999,0.0,0.917944927333154,9,1.0,1.0,9.907641956492471,,,289.0
noisy,1.01,0.0,1.0037352506936126,9,1.0,1.0,9.908842054899168,,,238.0
noisy,1.0999999999999999,0.0,1.0831925608144024,9,1.0,1.0,9.910963502793832,,,240.0
noisy,1.19,0.0,1.1741804503950124,9,1.0,1.0,9.909412127535747,,,213.0
noisy,1.28,0.0,1.2562397150679232,9,1.0,1.0,9.910410829288177,,,171.0
noisy,1.3699999999999999,0.0,1.3433971477311533,9,1.0,1.0,9.911315314919246,,,187.0
noisy,1.46,0.0,1.4195844997847338,9,1.0,1.0,9.912845694761206,,,180.0
noisy,1.5499999999999998,0.0,1.51025198478842,9,1.0,1.0,9.910456221099812,,,180.0
noisy,1.64,0.0,1.5786867141096241,9,1.0,1.0,9.91233869631734,,,159.0
noisy,1.73,0.0,1.6722730225606863,9,1.0,1.0,9.914452103478585,,,166.0
noisy,1.8199999999999998,0.0,1.7432746952189129,9,1.0,1.0,9.912805240066104,,,148.0
noisy,1.91,0.0,1.8258929545332225,9,1.0,1.0,9.911066362140351,,,125.0
noisy,2.0,0.0,1.9055635472329964,9,1.0,1.0,9.918692739690611,,,131.0
noisy,0.2,0.0,0.1984612764412282,10,1.0,1.0,4.002383676911992,,,369.0
noisy,0.29000000000000004,0.0,0.2907097984462543,10,1.0,1.0,5.944694759833188,,,413.0
noisy,0.38,0.0,0.38347929273688314,10,1.0,1.0,7.735869662246873,,,403.0
noisy,0.47000000000000003,0.0,0.4708653818207567,10,1.0,1.0,9.435605969104001,,,421.0
noisy,0.56,0.0,0.5651877103896215,10,1.0,1.0,9.905081666682653,,,363.0
noisy,0.6499999999999999,0.0,0.6546115042058905,10,1.0,1.0,9.902457187724911,,,350.0
noisy,0.74,0.0,0.7455815568248895,10,1.0,1.0,9.906039127536799,,,301.0
noisy,0.8300000000000001,0.0,0.8300602896185882,10,1.0,1.0,9.906437495011351,,,304.0
noisy,0.9199999999999999,0.0,0.9152011406388304,10,1.0,1.0,9.905190121904232,,,271.0
noisy,1.01,0.0,0.9983094276066172,10,1.0,0.6666666666666666,9.903344407894405,,,243.0
noisy,1.0999999999999999,0.0,1.0949715151736792,10,1.0,1.0,9.909166536644875,,,245.0
noisy,1.19,0.0,1.1724079983009676,10,1.0,1.0,9.906648431809687,,,212.0
noisy,1.28,0.0,1.2597619397581843,10,1.0,1.0,9.909090170420496,,,196.0
noisy,1.3699999999999999,0.0,1.3430223386797762,10,1.0,1.0,9.908860260136867,,,194.0
noisy,1.46,0.0,1.4188880574592837,10,1.0,1.0,9.912165529604737,,,169.0
noisy,1.5499999999999998,0.0,1.5051668393326647,10,1.0,1.0,9.908291987690006,,,178.0
noisy,1.64,0.0,1.5779601075596759,10,1.0,0.6666666666666666,9.90614191065331,,,161.0
noisy,1.73,0.0,1.660395487692288,10,1.0,1.0,9.914796927269059,,,151.0
noisy,1.8199999999999998,0.0,1.75486580673711,10,1.0,0.6666666666666666,9.916568105537282,,,150.0
noisy,1.91,0.0,1.8247855823827417,10,1.0,1.0,9.915202637931399,,,151.0
noisy,2.0,0.0,1.8969955531713907,10,1.0,1.0,9.914001928973363,,,117.0
noisy,0.2,0.0,0.19978283663394736,11,1.0,1.0,4.1404496929534185,,,290.0
noisy,0.29000000000000004,0.0,0.2912614098494219,11,1.0,1.0,5.856948683539873,,,383.0
noisy,0.38,0.0,0.3800637688648611,11,1.0,1.0,7.709866815710196,,,410.0
noisy,0.47000000000000003,0.0,0.47313257327340824,11,1.0,1.0,9.570529102064947,,,421.0
noisy,0.56,0.0,0.5683460347511464,11,1.0,1.0,9.904864659833844,,,347.0
noisy,0.6499999999999999,0.0,0.6539176001948581,11,1.0,1.0,9.904957823332854,,,375.0
noisy,0.74,0.0,0.7355988566991418,11,1.0,1.0,9.905650765354899,,,341.0
noisy,0.8300000000000001,0.0,0.8277446022466308,11,1.0,1.0,9.906008243099423,,,284.0
noisy,0.9199999999999999,0.0,0.9206190960239296,11,1.0,1.0,9.908484508108698,,,273.0
noisy,1.01,0.0,1.000615314246314,11,1.0,1.0,9.909826359947058,,,253.0
noisy,1.0999999999999999,0.0,1.0877199302829093,11,1.0,1.0,9.906530524637589,,,211.0
noisy,1.19,0.0,1.1662976945646621,11,1.0,1.0,9.907220756310323,,,210.0
noisy,1.28,0.0,1.25992289426788,11,1.0,0.6666666666666666,9.910449122016143,,,188.0
noisy,1.3699999999999999,0.0,1.343864089858655,11,1.0,1.0,9.907728868864876,,,179.0
noisy,1.46,0.0,1.4240646179749679,11,1.0,1.0,9.910287386972952,,,181.0
noisy,1.5499999999999998,0.0,1.4997763887581204,11,1.0,0.6666666666666666,9.909666783743234,,,163.0
noisy,1.64,0.0,1.5841868707289153,11,1.0,1.0,9.90752403363525,,,163.0
noisy,1.73,0.0,1.5154160085181505,11,1.0,0.3333333333333333,9.914085580786807,,,156.0
noisy,1.8199999999999998,0.0,1.7499502312188486,11,1.0,1.0,9.915257985693767,,,141.0
noisy,1.91,0.0,1.760814743053284,11,1.0,0.6666666666666666,9.91141981156395,,,143.0
noisy,2.0,0.0,1.902358973938444,11,1.0,1.0,9.916112599768882,,,148.0
noisy,0.2,0.0,0.20771345201859695,12,1.0,1.0,4.491895297473912,,,349.0
noisy,0.29000000000000004,0.0,0.1489958921277829,12,1.0,0.6666666666666666,5.9235304447405195,,,20.0
noisy,0.38,0.0,0.3793026736691376,12,1.0,1.0,7.700875936169131,,,368.0
noisy,0.47000000000000003,0.0,0.469212354168613,12,1.0,1.0,9.452311951844655,,,446.0
noisy,0.56,0.0,0.5635077453478838,12,1.0,1.0,9.903548734559777,,,388.0
noisy,0.6499999999999999,0.0,0.6509274445289529,12,1.0,1.0,9.903564251777166,,,309.0
noisy,0.74,0.0,0.7409766725358148,12,1.0,0.6666666666666666,9.907849420395468,,,303.0
noisy,0.8300000000000001,0.0,0.8301647875882336,12,1.0,0.3333333333333333,9.907481406558178,,,288.0
noisy,0.9199999999999999,0.0,0.9192667570327441,12,1.0,0.6666666666666666,9.902842467027403,,,260.0
noisy,1.01,0.0,1.0023577527730236,12,1.0,0.3333333333333333,9.90649602490293,,,202.0
noisy,1.0999999999999999,0.0,1.0913282394414503,12,1.0,1.0,9.909251158204622,,,221.0
noisy,1.19,0.0,1.1755249992458339,12,1.0,1.0,9.911394279220444,,,215.0
noisy,1.28,0.0,1.2541149532768439,12,1.0,0.6666666666666666,9.90928303761886,,,211.0
noisy,1.3699999999999999,0.0,1.342234726650813,12,1.0,0.3333333333333333,9.902183877175508,,,171.0
noisy,1.46,0.0,1.4227151140587473,12,1.0,1.0,9.911421258137489,,,191.0
noisy,1.5499999999999998,0.0,1.5003175999843703,12,1.0,1.0,9.911791172029632,,,169.0
noisy,1.64,0.0,1.5789079563403738,12,1.0,0.3333333333333333,9.908630501827814,,,145.0
noisy,1.73,0.0,1.6595981170861063,12,1.0,0.6666666666666666,9.91595393670497,,,148.0
noisy,1.8199999999999998,0.0,1.7499611489439697,12,1.0,0.6666666666666666,9.908848957013213,,,155.0
noisy,1.91,0.0,1.8220589417157402,12,1.0,1.0,9.907889038599128,,,131.0
noisy,2.0,0.0,1.8994882080008721,12,1.0,1.0,9.910807557764919,,,138.0
noisy,0.2,0.0,0.2033298359475527,13,1.0,1.0,4.14463796176578,,,304.0
noisy,0.29000000000000004,0.0,0.29444497704277933,13,1.0,1.0,5.9633954443559665,,,316.0
noisy,0.38,0.0,0.3790416879641639,13,1.0,1.0,7.625318713785629,,,412.0
noisy,0.47000000000000003,0.0,0.47189216741193807,13,1.0,1.0,9.501837156400368,,,385.0
noisy,0.56,0.0,0.560557101858737,13,1.0,0.0,9.653276125614024,,,382.0
noisy,0.6499999999999999,0.0,0.65449750900662,13,1.0,0.3333333333333333,9.905136145929996,,,327.0
noisy,0.74,0.0,0.7433805285864579,13,1.0,0.6666666666666666,9.905817433346554,,,325.0
noisy,0.8300000000000001,0.0,0.8252169310286422,13,1.0,0.3333333333333333,9.902448325859062,,,291.0
noisy,0.9199999999999999,0.0,0.9115787648207666,13,1.0,0.0,9.680627244256955,,,244.0
noisy,1.01,0.0,1.0079084162524499,13,1.0,0.3333333333333333,9.901681979706156,,,235.0
noisy,1.0999999999999999,0.0,1.0873690393675106,13,1.0,0.3333333333333333,9.903818165152337,,,216.0
noisy,1.19,0.0,1.174893952992973,13,1.0,0.3333333333333333,9.901720851192984,,,228.0
noisy,1.28,0.0,1.2627972872171382,13,1.0,0.3333333333333333,9.907001037104251,,,197.0
noisy,1.3699999999999999,0.0,1.3400978823198333,13,1.0,0.6666666666666666,9.912170444980704,,,184.0
noisy,1.46,0.0,1.4312853576360298,13,1.0,1.0,9.906856070452966,,,167.0
noisy,1.5499999999999998,0.0,1.4976917876453018,13,1.0,0.3333333333333333,9.907790306131178,,,161.0
noisy,1.64,0.0,1.5927008482888008,13,1.0,0.3333333333333333,9.907092196967449,,,135.0
noisy,1.73,0.0,1.661732800716446,13,1.0,0.3333333333333333,9.913973227231006,,,169.0
noisy,1.8199999999999998,0.0,1.7433551280120352,13,1.0,0.3333333333333333,9.918030047426072,,,141.0
noisy,1.91,0.0,1.8355285043874758,13,1.0,0.0,9.66452338518049,,,146.0
noisy,2.0,0.0,1.8947367646334372,13,1.0,0.3333333333333333,9.9136857524577,,,135.0
noisy,0.2,0.0,0.20902151084499468,14,1.0,1.0,4.203067990143097,,,328.0
noisy,0.29000000000000004,0.0,0.2941255865864952,14,1.0,1.0,5.918988854760139,,,427.0
noisy,0.38,0.0,0.38137413064964193,14,1.0,1.0,7.765553333840472,,,382.0
noisy,0.47000000000000003,0.0,0.4678901140052358,14,1.0,1.0,9.459100007594364,,,389.0
noisy,0.56,0.0,0.5560679763537254,14,1.0,0.0,9.652016685160511,,,367.0
noisy,0.6499999999999999,0.0,0.6485291552082417,14,1.0,0.0,9.65660660111606,,,330.0
noisy,0.74,0.0,0.7344198260015528,14,1.0,0.0,9.656226998100582,,,279.0
noisy,0.8300000000000001,0.0,0.8259674012495003,14,1.0,0.3333333333333333,9.90121323051864,,,268.0
noisy,0.9199999999999999,0.0,0.9127528091208882,14,1.0,0.0,9.659213455204233,,,282.0
noisy,1.01,0.0,1.0002811116733563,14,1.0,0.0,9.659042317159624,,,228.0
noisy,1.0999999999999999,0.0,1.0804873762857239,14,1.0,0.0,9.656599370515796,,,197.0
noisy,1.19,0.0,1.1679214516051646,14,1.0,0.0,9.659540705503968,,,226.0
noisy,1.28,0.0,1.2567753302049212,14,1.0,0.0,9.661218145127418,,,187.0
noisy,1.3699999999999999,0.0,1.3376879171470233,14,1.0,0.0,9.768796043248582,,,165.0
noisy,1.46,0.0,1.4212468244801488,14,1.0,0.0,9.899738166600399,,,173.0
noisy,1.5499999999999998,0.0,1.5060898543095729,14,1.0,0.3333333333333333,9.912008927699318,,,160.0
noisy,1.64,0.0,1.5885270684215687,14,1.0,0.0,9.721897532186242,,,157.0
noisy,1.73,0.0,1.6785227017266333,14,1.0,0.0,9.8340961481602,,,144.0
noisy,1.8199999999999998,0.0,1.744275423750672,14,1.0,0.0,9.662661474602677,,,146.0
noisy,1.91,0.0,1.8204638714660486,14,1.0,0.0,9.876238470914867,,,126.0
noisy,2.0,0.0,1.9021024229184575,14,1.0,0.0,9.886559644283388,,,132.0
noisy,0.2,0.0,0.20681026085418666,15,1.0,1.0,4.190700843831012,,,350.0
noisy,0.29000000000000004,0.0,0.29099599042398866,15,1.0,1.0,5.939625364424697,,,392.0
noisy,0.38,0.0,0.38441581865569185,15,1.0,1.0,7.734146296175328,,,390.0
noisy,0.47000000000000003,0.0,0.4727581484947769,15,1.0,1.0,9.570885457152222,,,431.0
noisy,0.56,0.0,0.5623222004613467,15,1.0,0.0,9.65232673477124,,,371.0
noisy,0.6499999999999999,0.0,0.6441643975876268,15,1.0,0.0,9.656345800476208,,,315.0
noisy,0.74,0.0,0.7417360660887472,15,1.0,0.0,9.656102040497496,,,315.0
noisy,0.8300000000000001,0.0,0.822287871616766,15,1.0,0.0,9.658701604902426,,,287.0
noisy,0.9199999999999999,0.0,0.914553047097504,15,1.0,0.0,9.657965863709533,,,240.0
noisy,1.01,0.0,0.9935049954437464,15,1.0,0.0,9.653881486523906,,,231.0
noisy,1.0999999999999999,0.0,1.0850875313309596,15,1.0,0.0,9.659979695297585,,,194.0
noisy,1.19,0.0,1.157945197105213,15,1.0,0.0,9.661964174422348,,,209.0
noisy,1.28,0.0,1.2538108871550488,15,1.0,0.0,9.66086743591909,,,160.0
noisy,1.3699999999999999,0.0,1.3293925468746977,15,1.0,0.0,9.688652874803022,,,175.0
noisy,1.46,0.0,1.416582953055418,15,1.0,0.0,9.661547282052922,,,159.0
noisy,1.5499999999999998,0.0,1.49101400412681,15,1.0,0.0,9.689550001263694,,,175.0
noisy,1.64,0.0,1.5751052951733697,15,1.0,0.0,9.664882346483923,,,150.0
noisy,1.73,0.0,1.6683121126141958,15,1.0,0.0,9.664216195052768,,,160.0
noisy,1.8199999999999998,0.0,1.7310006230729378,15,1.0,0.0,9.663676689413494,,,165.0
noisy,1.91,0.0,1.821816885611758,15,1.0,0.0,9.662219619832138,,,133.0
noisy,2.0,0.0,1.798683217132405,15,1.0,0.0,9.65634972182297,,,131.0
noisy,0.2,0.0,0.01930688715842906,16,1.0,0.6666666666666666,4.070368760510562,,,380.0
noisy,0.29000000000000004,0.0,0.2880732835180739,16,1.0,1.0,6.004842473117727,,,389.0
noisy,0.38,0.0,0.38163636938437046,16,1.0,1.0,7.737222793606407,,,415.0
noisy,0.47000000000000003,0.0,0.4684142235312326,16,1.0,1.0,9.496328238981327,,,379.0
noisy,0.56,0.0,0.5641069742039777,16,1.0,0.0,9.654121741331911,,,343.0
noisy,0.6499999999999999,0.0,0.6402684727223986,16,1.0,0.0,9.651975200557157,,,334.0
noisy,0.74,0.0,0.7373741126837762,16,1.0,0.0,9.654718987213085,,,291.0
noisy,0.8300000000000001,0.0,0.8168721656203944,16,1.0,0.0,9.657397565696723,,,269.0
noisy,0.9199999999999999,0.0,0.905289217090941,16,1.0,0.0,9.659015757891245,,,259.0
noisy,1.01,0.0,0.9996665384170766,16,1.0,0.0,9.660302434578002,,,255.0
noisy,1.0999999999999999,0.0,1.0830145517001453,16,1.0,0.0,9.659132922278863,,,233.0
noisy,1.19,0.0,1.161410091257285,16,1.0,0.0,9.659132446920887,,,208.0
noisy,1.28,0.0,1.251539850257921,16,1.0,0.0,9.655901877402263,,,204.0
noisy,1.3699999999999999,0.0,1.3315526869468748,16,1.0,0.0,9.657124452754198,,,227.0
noisy,1.46,0.0,1.4160829826642314,16,1.0,0.0,9.659366036028125,,,160.0
noisy,1.5499999999999998,0.0,1.5000003853728394,16,1.0,0.0,9.657094763951065,,,167.0
noisy,1.64,0.0,1.565500389765165,16,1.0,0.0,9.664865847058921,,,154.0
noisy,1.73,0.0,1.6354243810335252,16,1.0,0.0,9.667304691630317,,,151.0
noisy,1.8199999999999998,0.0,1.7304774007296455,16,1.0,0.0,9.661580706675343,,,149.0
noisy,1.91,0.0,1.8176236865939688,16,1.0,0.0,9.819327286104825,,,157.0
noisy,2.0,0.0,1.8991566346688524,16,1.0,0.0,9.667947595337393,,,137.0
noisy,0.2,0.0,0.0435347427115601,17,1.0,0.6666666666666666,4.135424682270739,,,279.0
noisy,0.29000000000000004,0.0,0.28477080688430934,17,1.0,1.0,5.921838668041448,,,404.0
noisy,0.38,0.0,0.3858803811273557,17,1.0,1.0,7.757578034808001,,,373.0
noisy,0.47000000000000003,0.0,0.47408159327770605,17,1.0,1.0,9.571665037658885,,,372.0
noisy,0.56,0.0,0.5608498479680549,17,1.0,0.0,9.652595061753045,,,348.0
noisy,0.6499999999999999,0.0,0.6430671438368695,17,1.0,0.0,9.656128816230606,,,337.0
noisy,0.74,0.0,0.7365998967912749,17,1.0,0.0,9.656889151802163,,,270.0
noisy,0.8300000000000001,0.0,0.8241375864586078,17,1.0,0.0,9.657304688587578,,,258.0
noisy,0.9199999999999999,0.0,0.9148193151300333,17,1.0,0.0,9.658735216769463,,,234.0
noisy,1.01,0.0,0.9964144801866291,17,1.0,0.0,9.658725140325858,,,238.0
noisy,1.0999999999999999,0.0,1.078157280263208,17,1.0,0.0,9.660438367283165,,,221.0
noisy,1.19,0.0,1.1623682697525983,17,1.0,0.0,9.661711629128373,,,213.0
noisy,1.28,0.0,1.253733132036248,17,1.0,0.0,9.659486813907208,,,174.0
noisy,1.3699999999999999,0.0,1.3276914838579634,17,1.0,0.0,9.660200187870158,,,191.0
noisy,1.46,0.0,1.4103478110619763,17,1.0,0.0,9.660692173357093,,,182.0
noisy,1.5499999999999998,0.0,1.494064074087264,17,1.0,0.0,9.658480549604397,,,154.0
noisy,1.64,0.0,1.387608216465667,17,1.0,0.0,9.659011767797308,,,133.0
noisy,1.73,0.0,1.6416839445034466,17,1.0,0.0,9.661920639892912,,,141.0
noisy,1.8199999999999998,0.0,1.7428423819774757,17,1.0,0.0,9.665040091635825,,,127.0
noisy,1.91,0.0,1.797043287945068,17,1.0,0.0,9.658874982127806,,,126.0
noisy,2.0,0.0,1.524146035288852,17,1.0,0.0,9.66556451039611,,,141.0
noisy,0.2,0.0,0.20207048809044378,18,1.0,1.0,4.113900223071853,,,313.0
noisy,0.29000000000000004,0.0,0.10772283531936792,18,1.0,0.6666666666666666,5.952161563688978,,,12.0
noisy,0.38,0.0,0.38415379826451024,18,1.0,1.0,7.740608282750103,,,356.0
noisy,0.47000000000000003,0.0,0.47319264833816516,18,1.0,1.0,9.564513728090079,,,402.0
noisy,0.56,0.0,0.5611820016016216,18,1.0,0.0,9.653947156097757,,,324.0
noisy,0.6499999999999999,0.0,0.6515239960669895,18,1.0,0.0,9.652189189592185,,,370.0
noisy,0.74,0.0,0.7332445768268853,18,1.0,0.0,9.654730199454313,,,315.0
noisy,0.8300000000000001,0.0,0.8217787029744649,18,1.0,0.0,9.657588610796271,,,292.0
noisy,0.9199999999999999,0.0,0.9049770786426427,18,1.0,0.0,9.656147872848168,,,246.0
noisy,1.01,0.0,0.9962865425425056,18,1.0,0.0,9.658780568053055,,,247.0
noisy,1.0999999999999999,0.0,1.0826213874821617,18,1.0,0.0,9.660185526288975,,,209.0
noisy,1.19,0.0,1.1681325748842044,18,1.0,0.0,9.659348447197843,,,197.0
noisy,1.28,0.0,1.2437944896055952,18,1.0,0.0,9.658252622127247,,,196.0
noisy,1.3699999999999999,0.0,1.3190543137435058,18,1.0,0.0,9.6625596258611,,,187.0
noisy,1.46,0.0,1.4200670335347623,18,1.0,0.0,9.662297072370455,,,173.0
noisy,1.5499999999999998,0.0,1.4977738732501595,18,1.0,0.0,9.658443650556954,,,163.0
noisy,1.64,0.0,1.5716335044113823,18,1.0,0.0,9.657406335566048,,,153.0
noisy,1.73,0.0,1.6526809860431078,18,1.0,0.0,9.665190336389694,,,161.0
noisy,1.8199999999999998,0.0,1.7243929571223056,18,1.0,0.0,9.65902612991748,,,143.0
noisy,1.91,0.0,1.8002630475701145,18,1.0,0.0,9.666172018983676,,,139.0
noisy,2.0,0.0,1.8552910574266477,18,1.0,0.0,9.66673056077482,,,125.0
noisy,0.2,0.0,0.07254648589625175,19,1.0,0.6666666666666666,4.103229593289878,,,17.0
noisy,0.29000000000000004,0.0,0.29329288865220643,19,1.0,1.0,5.9949174700750065,,,342.0
noisy,0.38,0.0,0.3798305720483552,19,1.0,1.0,7.727713606783228,,,407.0
noisy,0.47000000000000003,0.0,0.4699501794384389,19,1.0,1.0,9.54078697114024,,,396.0
noisy,0.56,0.0,0.5564379284558189,19,1.0,0.0,9.655210935680088,,,372.0
noisy,0.6499999999999999,0.0,0.6509164880717941,19,1.0,0.0,9.656218666929142,,,307.0
noisy,0.74,0.0,0.7356664753826897,19,1.0,0.0,9.65584283012453,,,283.0
noisy,0.8300000000000001,0.0,0.8207607153438072,19,1.0,0.0,9.657004977940606,,,281.0
noisy,0.9199999999999999,0.0,0.9095525372600695,19,1.0,0.0,9.658278732141337,,,254.0
noisy,1.01,0.0,0.9928435776672203,19,1.0,0.0,9.658524720182108,,,221.0
noisy,1.0999999999999999,0.0,1.083402020757553,19,1.0,0.0,9.660322548209631,,,220.0
noisy,1.19,0.0,1.1660057802648234,19,1.0,0.0,9.660938347474032,,,215.0
noisy,1.28,0.0,1.2381353046433297,19,1.0,0.0,9.661619218689202,,,208.0
noisy,1.3699999999999999,0.0,1.3156012420473593,19,1.0,0.0,9.662530662726518,,,66.0
noisy,1.46,0.0,1.4113294342246085,19,1.0,0.0,9.66466640663727,,,186.0
noisy,1.5499999999999998,0.0,1.490552392986513,19,1.0,0.0,9.663333444220363,,,153.0
noisy,1.64,0.0,1.5685079098309676,19,1.0,0.0,9.664449676697224,,,139.0
noisy,1.73,0.0,1.6477111044500374,19,1.0,0.0,9.662586206041075,,,148.0
noisy,1.8199999999999998,0.0,1.7142561436474992,19,1.0,0.0,9.666837648665531,,,143.0
noisy,1.91,0.0,1.7933885786033832,19,1.0,0.0,9.668808844120127,,,127.0
noisy,2.0,0.0,1.8876101087600345,19,1.0,0.0,9.661913046090351,,,123.0
noisy,0.2,0.0,0.20161303757954196,1,2.0,1.0,4.073084943816718,,,336.0
noisy,0.29000000000000004,0.0,0.2912072125322222,1,2.0,1.0,5.928149320402285,,,360.0
noisy,0.38,0.0,0.38774308083566633,1,2.0,1.0,7.9227159138271155,,,417.0
noisy,0.47000000000000003,0.0,0.4773727978457211,1,2.0,1.0,9.640206644976882,,,413.0
noisy,0.56,0.0,0.5642180643698378,1,2.0,1.0,9.902721382026003,,,377.0
noisy,0.6499999999999999,0.0,0.656111093448161,1,2.0,1.0,9.906712336754502,,,348.0
noisy,0.74,0.0,0.74310182255111,1,2.0,1.0,9.906571120972384,,,290.0
noisy,0.8300000000000001,0.0,0.8292884815971053,1,2.0,1.0,9.906339610353957,,,260.0
noisy,0.9199999999999999,0.0,0.9213458454592444,1,2.0,1.0,9.908598446567122,,,253.0
noisy,1.01,0.0,1.0017357281885255,1,2.0,1.0,9.906395601380046,,,233.0
noisy,1.0999999999999999,0.0,1.0878296360660964,1,2.0,1.0,9.907634733968314,,,227.0
noisy,1.19,0.0,1.174963255299594,1,2.0,1.0,9.910474188033337,,,220.0
noisy,1.28,0.0,1.2590238710067505,1,2.0,1.0,9.909161607337674,,,180.0
noisy,1.3699999999999999,0.0,1.3369872589103409,1,2.0,1.0,9.912098580397119,,,193.0
noisy,1.46,0.0,1.4209592087699079,1,2.0,1.0,9.914227145538204,,,170.0
noisy,1.5499999999999998,0.0,1.4789559556556569,1,2.0,0.6666666666666666,9.911977777568207,,,170.0
noisy,1.64,0.0,1.5835121712888294,1,2.0,1.0,9.914208889555177,,,175.0
noisy,1.73,0.0,1.6685256015859729,1,2.0,1.0,9.91541972549899,,,168.0
noisy,1.8199999999999998,0.0,1.7493875694228425,1,2.0,1.0,9.915842879354944,,,159.0
noisy,1.91,0.0,1.8352233690639694,1,2.0,1.0,9.91907637532033,,,144.0
noisy,2.0,0.0,1.9181931605332405,1,2.0,1.0,9.919662231706177,,,135.0
noisy,0.2,0.0,0.2008377104816197,2,2.0,1.0,4.109226098287731,,,276.0
noisy,0.29000000000000004,0.0,0.29769573552032996,2,2.0,1.0,5.972868981954125,,,371.0
noisy,0.38,0.0,0.3837423539448059,2,2.0,1.0,7.762581432565912,,,417.0
noisy,0.47000000000000003,0.0,0.4807285615461163,2,2.0,1.0,9.647240918519751,,,414.0
noisy,0.56,0.0,0.5626650668097227,2,2.0,1.0,9.906074191256474,,,407.0
noisy,0.6499999999999999,0.0,0.6561323257698981,2,2.0,1.0,9.90541881166962,,,326.0
noisy,0.74,0.0,0.7395534213140831,2,2.0,1.0,9.90352612820585,,,341.0
noisy,0.8300000000000001,0.0,0.8281778022219856,2,2.0,1.0,9.907776545282397,,,280.0
noisy,0.9199999999999999,0.0,0.9155770106851399,2,2.0,1.0,9.908508014470804,,,264.0
noisy,1.01,0.0,0.9945356541896357,2,2.0,0.6666666666666666,9.909866742631776,,,277.0
noisy,1.0999999999999999,0.0,1.0856482958344165,2,2.0,1.0,9.90561057549498,,,187.0
noisy,1.19,0.0,1.1745183754229782,2,2.0,1.0,9.90900024445092,,,229.0
noisy,1.28,0.0,1.2508172662158021,2,2.0,1.0,9.910847162143819,,,211.0
noisy,1.3699999999999999,0.0,1.3484621404207608,2,2.0,1.0,9.90354529421028,,,180.0
noisy,1.46,0.0,1.4178945987453222,2,2.0,1.0,9.911085106558627,,,177.0
noisy,1.5499999999999998,0.0,1.5110371262345001,2,2.0,1.0,9.911472274299529,,,189.0
noisy,1.64,0.0,1.5910925623832544,2,2.0,1.0,9.914959975582095,,,163.0
noisy,1.73,0.0,1.659394493633316,2,2.0,0.6666666666666666,9.90200282151485,,,155.0
noisy,1.8199999999999998,0.0,1.7448689836470044,2,2.0,1.0,9.912916584348869,,,133.0
noisy,1.91,0.0,1.8340624687523686,2,2.0,1.0,9.917365898007583,,,133.0
noisy,2.0,0.0,1.9110520275525105,2,2.0,1.0,9.910014599371904,,,132.0
noisy,0.2,0.0,0.2036286073514696,3,2.0,1.0,4.137767939869049,,,332.0
noisy,0.29000000000000004,0.0,0.2890457352596568,3,2.0,1.0,5.852047079833437,,,432.0
noisy,0.38,0.0,0.3847170819413171,3,2.0,1.0,7.792896072645256,,,382.0
noisy,0.47000000000000003,0.0,0.47483179276714277,3,2.0,1.0,9.579448435659618,,,461.0
noisy,0.56,0.0,0.5671021646110042,3,2.0,1.0,9.904585502829175,,,385.0
noisy,0.6499999999999999,0.0,0.6567345620120715,3,2.0,1.0,9.90505728495578,,,344.0
noisy,0.74,0.0,0.7417613942848291,3,2.0,1.0,9.906942237785007,,,309.0
noisy,0.8300000000000001,0.0,0.8271954918609684,3,2.0,1.0,9.90823429408365,,,295.0
noisy,0.9199999999999999,0.0,0.9153656580674238,3,2.0,1.0,9.907534799352796,,,257.0
noisy,1.01,0.0,1.0057430303451824,3,2.0,1.0,9.904660925086022,,,250.0
noisy,1.0999999999999999,0.0,1.0864914969174109,3,2.0,1.0,9.90907770857522,,,227.0
noisy,1.19,0.0,1.1638464542764717,3,2.0,1.0,9.907216309135887,,,222.0
noisy,1.28,0.0,1.2541056810184192,3,2.0,1.0,9.906816747664504,,,195.0
noisy,1.3699999999999999,0.0,1.3379553581423203,3,2.0,1.0,9.909198271970217,,,195.0
noisy,1.46,0.0,1.4254066284624625,3,2.0,1.0,9.903980688147586,,,177.0
noisy,1.5499999999999998,0.0,1.5062793614501249,3,2.0,1.0,9.91443765162338,,,176.0
noisy,1.64,0.0,1.5861687543936245,3,2.0,1.0,9.911564332411746,,,157.0
noisy,1.73,0.0,1.6704259241170423,3,2.0,1.0,9.91387512239669,,,165.0
noisy,1.8199999999999998,0.0,1.7512772656251723,3,2.0,1.0,9.91077114347575,,,163.0
noisy,1.91,0.0,1.8273153728603528,3,2.0,1.0,9.917219051277177,,,169.0
noisy,2.0,0.0,1.9133650852140434,3,2.0,1.0,9.91928465875892,,,152.0
noisy,0.2,0.0,0.20130092959706003,4,2.0,1.0,4.259010313070252,,,400.0
noisy,0.29000000000000004,0.0,0.2945649428455423,4,2.0,1.0,6.051193877151197,,,343.0
noisy,0.38,0.0,0.39088821835098025,4,2.0,1.0,7.944888838314743,,,384.0
noisy,0.47000000000000003,0.0,0.4752689997715153,4,2.0,1.0,9.582828755448775,,,452.0
noisy,0.56,0.0,0.5634771052429315,4,2.0,1.0,9.904652102177828,,,405.0
noisy,0.6499999999999999,0.0,0.6567959711018272,4,2.0,1.0,9.905384374217025,,,375.0
noisy,0.74,0.0,0.7443189659819044,4,2.0,1.0,9.904436511255817,,,326.0
noisy,0.8300000000000001,0.0,0.8319493309135298,4,2.0,1.0,9.90653199556942,,,287.0
noisy,0.9199999999999999,0.0,0.9157901017572009,4,2.0,1.0,9.903127901107068,,,242.0
noisy,1.01,0.0,1.001160135317998,4,2.0,1.0,9.909506067988845,,,244.0
noisy,1.0999999999999999,0.0,1.0869909187050621,4,2.0,1.0,9.90705762266831,,,218.0
noisy,1.19,0.0,1.1699174440642255,4,2.0,1.0,9.909194973361533,,,220.0
noisy,1.28,0.0,1.2593129633648037,4,2.0,1.0,9.911986199677683,,,200.0
noisy,1.3699999999999999,0.0,1.3406588156359909,4,2.0,1.0,9.910036587227326,,,191.0
noisy,1.46,0.0,1.4259060645698802,4,2.0,1.0,9.91338105664208,,,182.0
noisy,1.5499999999999998,0.0,1.5002639223425769,4,2.0,1.0,9.914699375030226,,,171.0
noisy,1.64,0.0,1.585462216585863,4,2.0,1.0,9.915534969066206,,,156.0
noisy,1.73,0.0,1.6726772750269865,4,2.0,1.0,9.915915333362106,,,169.0
noisy,1.8199999999999998,0.0,1.7453539572048975,4,2.0,1.0,9.91234911876293,,,152.0
noisy,1.91,0.0,1.8208619565157094,4,2.0,1.0,9.907660101756248,,,143.0
noisy,2.0,0.0,1.9099204546475101,4,2.0,1.0,9.917548517831813,,,132.0
noisy,0.2,0.0,0.20658855443575172,5,2.0,1.0,4.356201113493619,,,312.0
noisy,0.29000000000000004,0.0,0.2943506330835714,5,2.0,1.0,5.955396979910024,,,388.0
noisy,0.38,0.0,0.39127034265653626,5,2.0,1.0,7.862625600574539,,,398.0
noisy,0.47000000000000003,0.0,0.4773169864217661,5,2.0,1.0,9.661554589697888,,,423.0
noisy,0.56,0.0,0.566038006294043,5,2.0,1.0,9.905754015745352,,,347.0
noisy,0.6499999999999999,0.0,0.657950427231282,5,2.0,1.0,9.904676276917513,,,362.0
noisy,0.74,0.0,0.7400453064488485,5,2.0,1.0,9.90523394910475,,,322.0
noisy,0.8300000000000001,0.0,0.8298010059076123,5,2.0,1.0,9.90832020713622,,,282.0
noisy,0.9199999999999999,0.0,0.9201825141851995,5,2.0,1.0,9.908961820417508,,,279.0
noisy,1.01,0.0,1.0087359886120864,5,2.0,1.0,9.908932209424224,,,238.0
noisy,1.0999999999999999,0.0,1.0865250688433212,5,2.0,1.0,9.903555379017778,,,228.0
noisy,1.19,0.0,1.1732110991356561,5,2.0,1.0,9.903568478888916,,,206.0
noisy,1.28,0.0,1.2577781751658426,5,2.0,1.0,9.91038558143892,,,220.0
noisy,1.3699999999999999,0.0,1.3414957031192662,5,2.0,1.0,9.912732101122371,,,176.0
noisy,1.46,0.0,1.4271009354743749,5,2.0,1.0,9.907024334733055,,,206.0
noisy,1.5499999999999998,0.0,1.5067696586457313,5,2.0,1.0,9.906747140500626,,,179.0
noisy,1.64,0.0,1.5867889964482822,5,2.0,1.0,9.91616185642549,,,149.0
noisy,1.73,0.0,1.6734127320020902,5,2.0,1.0,9.913317345486112,,,158.0
noisy,1.8199999999999998,0.0,1.7545061872068128,5,2.0,0.6666666666666666,9.915671097260054,,,126.0
noisy,1.91,0.0,1.8280662941306407,5,2.0,1.0,9.915861699863841,,,161.0
noisy,2.0,0.0,1.9055901401734616,5,2.0,1.0,9.917935431510381,,,138.0
noisy,0.2,0.0,0.20763320127707408,6,2.0,1.0,4.373407708955496,,,357.0
noisy,0.29000000000000004,0.0,0.29383507821549454,6,2.0,1.0,5.927924035752203,,,350.0
noisy,0.38,0.0,0.384360729066318,6,2.0,1.0,7.755095261346644,,,355.0
noisy,0.47000000000000003,0.0,0.4764290591135816,6,2.0,1.0,9.564937412178455,,,381.0
noisy,0.56,0.0,0.5643335300271276,6,2.0,1.0,9.904513991802023,,,370.0
noisy,0.6499999999999999,0.0,0.6565657902179542,6,2.0,1.0,9.90397755295257,,,343.0
noisy,0.74,0.0,0.7389019360207362,6,2.0,1.0,9.906834557673415,,,301.0
noisy,0.8300000000000001,0.0,0.8283529234266954,6,2.0,1.0,9.905212009625686,,,315.0
noisy,0.9199999999999999,0.0,0.9174579147152121,6,2.0,1.0,9.903313204383554,,,258.0
noisy,1.01,0.0,1.0024229836062715,6,2.0,1.0,9.907571463235945,,,259.0
noisy,1.0999999999999999,0.0,1.0885302835086577,6,2.0,1.0,9.910965014706175,,,202.0
noisy,1.19,0.0,1.176622935605885,6,2.0,1.0,9.907569804180525,,,212.0
noisy,1.28,0.0,1.2615259184763403,6,2.0,1.0,9.911189924358428,,,215.0
noisy,1.3699999999999999,0.0,1.3389357158653101,6,2.0,1.0,9.908172693762872,,,194.0
noisy,1.46,0.0,1.4256168251896073,6,2.0,1.0,9.911517336484543,,,194.0
noisy,1.5499999999999998,0.0,1.5065035915282008,6,2.0,1.0,9.913175908992608,,,179.0
noisy,1.64,0.0,1.5899929178088195,6,2.0,1.0,9.910689730249844,,,177.0
noisy,1.73,0.0,1.6654088575446249,6,2.0,1.0,9.916296531030294,,,158.0
noisy,1.8199999999999998,0.0,1.7490860570642273,6,2.0,1.0,9.914083274598752,,,133.0
noisy,1.91,0.0,1.8094967141031513,6,2.0,0.6666666666666666,9.917813516140315,,,87.0
noisy,2.0,0.0,1.904994913806954,6,2.0,1.0,9.917217643299464,,,138.0
noisy,0.2,0.0,0.20073576388582168,7,2.0,1.0,4.146504432506155,,,367.0
noisy,0.29000000000000004,0.0,0.29072257187933964,7,2.0,1.0,5.917701605269004,,,367.0
noisy,0.38,0.0,0.3831665199880662,7,2.0,1.0,7.844753982863005,,,381.0
noisy,0.47000000000000003,0.0,0.475407654186146,7,2.0,1.0,9.51988033645906,,,430.0
noisy,0.56,0.0,0.5675611864698338,7,2.0,1.0,9.90466244019834,,,390.0
noisy,0.6499999999999999,0.0,0.6545696595813366,7,2.0,1.0,9.904706634192456,,,309.0
noisy,0.74,0.0,0.7481947791244399,7,2.0,1.0,9.907064810420882,,,341.0
noisy,0.8300000000000001,0.0,0.8304341441962211,7,2.0,1.0,9.905747597167226,,,311.0
noisy,0.9199999999999999,0.0,0.9190148287913571,7,2.0,1.0,9.906514907063006,,,247.0
noisy,1.01,0.0,1.0035829746952507,7,2.0,1.0,9.906242625766318,,,229.0
noisy,1.0999999999999999,0.0,1.0864729841861755,7,2.0,1.0,9.909139517112399,,,235.0
noisy,1.19,0.0,1.1760338208250436,7,2.0,1.0,9.910757680498483,,,196.0
noisy,1.28,0.0,1.2589850087105567,7,2.0,1.0,9.909439545342535,,,210.0
noisy,1.3699999999999999,0.0,1.3407834051940917,7,2.0,1.0,9.91062161682943,,,198.0
noisy,1.46,0.0,1.4222416599948549,7,2.0,1.0,9.909503656616346,,,164.0
noisy,1.5499999999999998,0.0,1.508247987661836,7,2.0,1.0,9.914657101086076,,,173.0
noisy,1.64,0.0,1.5924499669305543,7,2.0,1.0,9.913173024376775,,,138.0
noisy,1.73,0.0,1.6718077019779012,7,2.0,1.0,9.916461078026604,,,169.0
noisy,1.8199999999999998,0.0,1.7502600204372267,7,2.0,1.0,9.916196816896976,,,138.0
noisy,1.91,0.0,1.8340920815271435,7,2.0,1.0,9.914183146074711,,,137.0
noisy,2.0,0.0,1.9112569738426863,7,2.0,1.0,9.915176580483784,,,144.0
noisy,0.2,0.0,0.20988560155980984,8,2.0,1.0,4.346167201689778,,,325.0
noisy,0.29000000000000004,0.0,0.29213658704961,8,2.0,1.0,5.914378340666069,,,406.0
noisy,0.38,0.0,0.3825537658767928,8,2.0,1.0,7.6587617741070435,,,411.0
noisy,0.47000000000000003,0.0,0.47313297890547973,8,2.0,1.0,9.514274977178864,,,428.0
noisy,0.56,0.0,0.5661188188947343,8,2.0,1.0,9.905118035710515,,,336.0
noisy,0.6499999999999999,0.0,0.6568624662987306,8,2.0,1.0,9.904795748961458,,,342.0
noisy,0.74,0.0,0.747179924129246,8,2.0,1.0,9.906527032225737,,,320.0
noisy,0.8300000000000001,0.0,0.8297461018108218,8,2.0,1.0,9.906491873545146,,,305.0
noisy,0.9199999999999999,0.0,0.9151572369362118,8,2.0,1.0,9.908494018223706,,,277.0
noisy,1.01,0.0,0.9974727016379937,8,2.0,1.0,9.909450360465828,,,248.0
noisy,1.0999999999999999,0.0,1.0884870508582003,8,2.0,1.0,9.90988388067929,,,225.0
noisy,1.19,0.0,1.175558446935555,8,2.0,1.0,9.90949393465652,,,214.0
noisy,1.28,0.0,1.2627218979721262,8,2.0,1.0,9.91131825764216,,,179.0
noisy,1.3699999999999999,0.0,1.3389758002676653,8,2.0,1.0,9.913175090130748,,,208.0
noisy,1.46,0.0,1.425355659658372,8,2.0,1.0,9.908382541907914,,,183.0
noisy,1.5499999999999998,0.0,1.5093518183541186,8,2.0,1.0,9.90791826784584,,,180.0
noisy,1.64,0.0,1.5818496082601328,8,2.0,0.6666666666666666,9.912465699571483,,,123.0
noisy,1.73,0.0,1.6710883444783617,8,2.0,1.0,9.912253349745278,,,150.0
noisy,1.8199999999999998,0.0,1.7509752405496044,8,2.0,1.0,9.916988440347422,,,156.0
noisy,1.91,0.0,1.841759808263359,8,2.0,1.0,9.911614228940103,,,125.0
noisy,2.0,0.0,1.9147156619088452,8,2.0,1.0,9.918974753529477,,,128.0
noisy,0.2,0.0,0.20626428622916362,9,2.0,1.0,4.211632060661708,,,374.0
noisy,0.29000000000000004,0.0,0.2953748949561808,9,2.0,1.0,6.01862276071348,,,388.0
noisy,0.38,0.0,0.38133077442105695,9,2.0,1.0,7.7063364920605295,,,441.0
noisy,0.47000000000000003,0.0,0.4728058848210428,9,2.0,1.0,9.474162792233065,,,408.0
noisy,0.56,0.0,0.5634476679074125,9,2.0,1.0,9.905383174451227,,,343.0
noisy,0.6499999999999999,0.0,0.65831999927296,9,2.0,1.0,9.902575524529905,,,329.0
noisy,0.74,0.0,0.7424779508677962,9,2.0,1.0,9.906378301874119,,,334.0
noisy,0.8300000000000001,0.0,0.8311139429448732,9,2.0,1.0,9.907342318694752,,,284.0
noisy,0.9199999999999999,0.0,0.9219710992940895,9,2.0,1.0,9.906880855190558,,,285.0
noisy,1.01,0.0,1.0049171281141969,9,2.0,1.0,9.90974170027902,,,250.0
noisy,1.0999999999999999,0.0,1.090402020273888,9,2.0,1.0,9.906343373173163,,,233.0
noisy,1.19,0.0,1.1756335847086092,9,2.0,1.0,9.909117779336261,,,216.0
noisy,1.28,0.0,1.2607134471094752,9,2.0,1.0,9.91018594045214,,,199.0
noisy,1.3699999999999999,0.0,1.3415073043634822,9,2.0,1.0,9.912242288805801,,,183.0
noisy,1.46,0.0,1.4268871121091877,9,2.0,1.0,9.904556303897289,,,172.0
noisy,1.5499999999999998,0.0,1.5060954751398248,9,2.0,1.0,9.913259971107237,,,172.0
noisy,1.64,0.0,1.5870552936867004,9,2.0,1.0,9.912184023755069,,,149.0
noisy,1.73,0.0,1.6704642228561035,9,2.0,1.0,9.913380462462518,,,130.0
noisy,1.8199999999999998,0.0,1.747889002251985,9,2.0,1.0,9.909124078126375,,,134.0
noisy,1.91,0.0,1.8292552268394031,9,2.0,1.0,9.914378270898974,,,128.0
noisy,2.0,0.0,1.912348508709518,9,2.0,1.0,9.918740871543772,,,127.0
noisy,0.2,0.0,0.2079384780802629,10,2.0,1.0,4.252631126317433,,,310.0
noisy,0.29000000000000004,0.0,0.29180264013407964,10,2.0,1.0,5.910759534737155,,,416.0
noisy,0.38,0.0,0.3849179012868528,10,2.0,1.0,7.817004776054537,,,365.0
noisy,0.47000000000000003,0.0,0.4733709751406842,10,2.0,1.0,9.555133953942406,,,420.0
noisy,0.56,0.0,0.5683918095441998,10,2.0,1.0,9.904561951161854,,,386.0
noisy,0.6499999999999999,0.0,0.6525283156423235,10,2.0,1.0,9.901453070817764,,,327.0
noisy,0.74,0.0,0.7470522689997349,10,2.0,1.0,9.904960319412657,,,324.0
noisy,0.8300000000000001,0.0,0.8307774300981321,10,2.0,1.0,9.90469213259305,,,307.0
noisy,0.9199999999999999,0.0,0.9188366140378451,10,2.0,1.0,9.908993488707686,,,290.0
noisy,1.01,0.0,1.0027393628060823,10,2.0,1.0,9.904684413819094,,,223.0
noisy,1.0999999999999999,0.0,1.0818081981347127,10,2.0,1.0,9.90662414141524,,,232.0
noisy,1.19,0.0,1.1699215033214243,10,2.0,1.0,9.910289169691147,,,218.0
noisy,1.28,0.0,1.265757038917471,10,2.0,1.0,9.91201239686568,,,177.0
noisy,1.3699999999999999,0.0,1.3445877249102576,10,2.0,1.0,9.905234963897014,,,190.0
noisy,1.46,0.0,1.420582876194865,10,2.0,1.0,9.913426472540083,,,157.0
noisy,1.5499999999999998,0.0,1.5008065846503247,10,2.0,1.0,9.910127746097405,,,160.0
noisy,1.64,0.0,1.5934929644393456,10,2.0,1.0,9.912791816734874,,,153.0
noisy,1.73,0.0,1.6714146971374195,10,2.0,1.0,9.911092633769826,,,151.0
noisy,1.8199999999999998,0.0,1.7491211542409173,10,2.0,1.0,9.91607332454179,,,145.0
noisy,1.91,0.0,1.8366684631689536,10,2.0,1.0,9.908467992044415,,,119.0
noisy,2.0,0.0,1.9172685120981232,10,2.0,1.0,9.918000959932138,,,148.0
noisy,0.2,0.0,0.20035712110594703,11,2.0,1.0,4.110772227312825,,,303.0
noisy,0.29000000000000004,0.0,0.2917357361936779,11,2.0,1.0,5.873697398345361,,,350.0
noisy,0.38,0.0,0.37982283471360034,11,2.0,1.0,7.6288500710153695,,,399.0
noisy,0.47000000000000003,0.0,0.47715382659772576,11,2.0,1.0,9.674540291677207,,,426.0
noisy,0.56,0.0,0.5689152264954739,11,2.0,1.0,9.905921100438153,,,345.0
noisy,0.6499999999999999,0.0,0.6555084156178904,11,2.0,1.0,9.906158443263202,,,317.0
noisy,0.74,0.0,0.7483259170073256,11,2.0,1.0,9.906441737045562,,,314.0
noisy,0.8300000000000001,0.0,0.8317695339410709,11,2.0,1.0,9.905724561984803,,,279.0
noisy,0.9199999999999999,0.0,0.9221987907653498,11,2.0,1.0,9.905182028550499,,,236.0
noisy,1.01,0.0,1.0012766930172596,11,2.0,1.0,9.910359277430324,,,252.0
noisy,1.0999999999999999,0.0,1.0795002885563008,11,2.0,1.0,9.909488116733954,,,216.0
noisy,1.19,0.0,1.1700332979063726,11,2.0,1.0,9.910893356489254,,,218.0
noisy,1.28,0.0,1.2547030258734149,11,2.0,1.0,9.91147808864738,,,219.0
noisy,1.3699999999999999,0.0,1.3439265884876184,11,2.0,1.0,9.906226310828249,,,170.0
noisy,1.46,0.0,1.4249238693096462,11,2.0,1.0,9.909755388293178,,,187.0
noisy,1.5499999999999998,0.0,1.507785644855552,11,2.0,1.0,9.906719282893702,,,177.0
noisy,1.64,0.0,1.5906367095375984,11,2.0,1.0,9.913489533537842,,,165.0
noisy,1.73,0.0,1.669666490237341,11,2.0,1.0,9.911650894899328,,,161.0
noisy,1.8199999999999998,0.0,1.7556106360998867,11,2.0,1.0,9.91656338082031,,,156.0
noisy,1.91,0.0,1.8236329472629595,11,2.0,1.0,9.904894855603422,,,149.0
noisy,2.0,0.0,1.9125533833818673,11,2.0,1.0,9.910394803512522,,,130.0
noisy,0.2,0.0,0.21052645417571225,12,2.0,1.0,4.267298774109839,,,332.0
noisy,0.29000000000000004,0.0,0.29220558105921507,12,2.0,1.0,5.96966153488779,,,326.0
noisy,0.38,0.0,0.38398296473843346,12,2.0,1.0,7.766866387833241,,,422.0
noisy,0.47000000000000003,0.0,0.4807716294046284,12,2.0,1.0,9.728400753265456,,,403.0
noisy,0.56,0.0,0.5614050952031727,12,2.0,1.0,9.904422968983605,,,373.0
noisy,0.6499999999999999,0.0,0.6588507259906994,12,2.0,1.0,9.90592622876898,,,337.0
noisy,0.74,0.0,0.741897911768664,12,2.0,1.0,9.90432415936214,,,295.0
noisy,0.8300000000000001,0.0,0.8368052043476425,12,2.0,1.0,9.904761753947474,,,271.0
noisy,0.9199999999999999,0.0,0.9106516408583256,12,2.0,1.0,9.908778042756973,,,288.0
noisy,1.01,0.0,1.0006551345553438,12,2.0,1.0,9.909485578694207,,,244.0
noisy,1.0999999999999999,0.0,1.0922634695499733,12,2.0,1.0,9.91074664956313,,,238.0
noisy,1.19,0.0,1.1689430010743609,12,2.0,1.0,9.909301287691003,,,194.0
noisy,1.28,0.0,1.2554536021133602,12,2.0,1.0,9.912372498490416,,,213.0
noisy,1.3699999999999999,0.0,1.3462686520297271,12,2.0,1.0,9.906071746674254,,,184.0
noisy,1.46,0.0,1.4289545534141566,12,2.0,1.0,9.913085498353531,,,169.0
noisy,1.5499999999999998,0.0,1.5025369261168395,12,2.0,1.0,9.902277419188483,,,161.0
noisy,1.64,0.0,1.5879587171052474,12,2.0,1.0,9.915658084829701,,,183.0
noisy,1.73,0.0,1.6654379701468072,12,2.0,1.0,9.912965184344404,,,137.0
noisy,1.8199999999999998,0.0,1.7602668435472815,12,2.0,1.0,9.909423440167213,,,141.0
noisy,1.91,0.0,1.8256638196211723,12,2.0,1.0,9.910103130574939,,,163.0
noisy,2.0,0.0,1.922037407598026,12,2.0,1.0,9.919535468447986,,,128.0
noisy,0.2,0.0,0.20616048962984657,13,2.0,1.0,4.281201660810941,,,384.0
noisy,0.29000000000000004,0.0,0.2317443949575829,13,2.0,0.6666666666666666,5.844951317656556,,,6.0
noisy,0.38,0.0,0.3788084678079124,13,2.0,1.0,7.663376155758038,,,411.0
noisy,0.47000000000000003,0.0,0.47498601677072005,13,2.0,1.0,9.549758679879279,,,428.0
noisy,0.56,0.0,0.5698027692675224,13,2.0,1.0,9.901692923653446,,,373.0
noisy,0.6499999999999999,0.0,0.6571007833286524,13,2.0,1.0,9.904318492188848,,,353.0
noisy,0.74,0.0,0.750756042179984,13,2.0,1.0,9.907246901077908,,,303.0
noisy,0.8300000000000001,0.0,0.8330381677814341,13,2.0,1.0,9.90278906555476,,,282.0
noisy,0.9199999999999999,0.0,0.912589985683497,13,2.0,1.0,9.905600126320945,,,263.0
noisy,1.01,0.0,1.0023677185086115,13,2.0,1.0,9.909556335710276,,,251.0
noisy,1.0999999999999999,0.0,1.089725004060865,13,2.0,1.0,9.90353290599014,,,230.0
noisy,1.19,0.0,1.1713597386208219,13,2.0,1.0,9.90868833553087,,,204.0
noisy,1.28,0.0,1.2551736227501105,13,2.0,1.0,9.911868074211243,,,180.0
noisy,1.3699999999999999,0.0,1.335828953590141,13,2.0,1.0,9.90544148474281,,,173.0
noisy,1.46,0.0,1.4262358758052007,13,2.0,1.0,9.910769742666634,,,184.0
noisy,1.5499999999999998,0.0,1.4954595701329552,13,2.0,1.0,9.913247183591178,,,174.0
noisy,1.64,0.0,1.591945294421114,13,2.0,1.0,9.913710490667894,,,156.0
noisy,1.73,0.0,1.6669766584030874,13,2.0,1.0,9.904118727065843,,,143.0
noisy,1.8199999999999998,0.0,1.7451473852200354,13,2.0,1.0,9.908926746817903,,,152.0
noisy,1.91,0.0,1.8281143376755533,13,2.0,1.0,9.910744383714366,,,133.0
noisy,2.0,0.0,1.916288814993204,13,2.0,1.0,9.914182411729007,,,141.0
noisy,0.2,0.0,0.20025573859695225,14,2.0,1.0,4.234002178488964,,,434.0
noisy,0.29000000000000004,0.0,0.15459956355787832,14,2.0,0.6666666666666666,6.046410376871758,,,59.0
noisy,0.38,0.0,0.3879996690360272,14,2.0,1.0,7.8323250481494195,,,366.0
noisy,0.47000000000000003,0.0,0.4765484353232887,14,2.0,1.0,9.585264440767554,,,447.0
noisy,0.56,0.0,0.5629416279048299,14,2.0,1.0,9.905431796004724,,,400.0
noisy,0.6499999999999999,0.0,0.6516650617012338,14,2.0,1.0,9.904258016611134,,,360.0
noisy,0.74,0.0,0.7431007610849232,14,2.0,1.0,9.905956329498247,,,328.0
noisy,0.8300000000000001,0.0,0.830083499657638,14,2.0,1.0,9.903517952509233,,,287.0
noisy,0.9199999999999999,0.0,0.9174594971905763,14,2.0,1.0,9.907612959549366,,,292.0
noisy,1.01,0.0,0.9995668580401323,14,2.0,1.0,9.903410642112968,,,256.0
noisy,1.0999999999999999,0.0,1.0852074201641235,14,2.0,1.0,9.910446275972372,,,249.0
noisy,1.19,0.0,1.1703552340914072,14,2.0,1.0,9.906429852326843,,,239.0
noisy,1.28,0.0,1.2462551326109912,14,2.0,1.0,9.911192332488508,,,192.0
noisy,1.3699999999999999,0.0,1.3385181014810403,14,2.0,1.0,9.911568063786719,,,175.0
noisy,1.46,0.0,1.4309723686566513,14,2.0,1.0,9.913233794035131,,,192.0
noisy,1.5499999999999998,0.0,1.5050889595794363,14,2.0,1.0,9.907587404876626,,,178.0
noisy,1.64,0.0,1.583070450250405,14,2.0,1.0,9.912915502767637,,,161.0
noisy,1.73,0.0,1.6648119576548768,14,2.0,1.0,9.911810527268937,,,149.0
noisy,1.8199999999999998,0.0,1.7377268870096956,14,2.0,1.0,9.90605286707077,,,163.0
noisy,1.91,0.0,1.8264880046819758,14,2.0,1.0,9.918784923954034,,,114.0
noisy,2.0,0.0,1.8982125711490136,14,2.0,1.0,9.909480337187064,,,135.0
noisy,0.2,0.0,0.09541504045135348,15,2.0,0.6666666666666666,4.2512311117296235,,,355.0
noisy,0.29000000000000004,0.0,0.29623857634233497,15,2.0,1.0,6.033839625468037,,,410.0
noisy,0.38,0.0,0.3815070456115331,15,2.0,1.0,7.691172597103974,,,406.0
noisy,0.47000000000000003,0.0,0.4695085706895454,15,2.0,1.0,9.408392914104544,,,424.0
noisy,0.56,0.0,0.5616424738643127,15,2.0,1.0,9.902607759351888,,,331.0
noisy,0.6499999999999999,0.0,0.652795389098933,15,2.0,1.0,9.90649340029935,,,360.0
noisy,0.74,0.0,0.7393881979574323,15,2.0,1.0,9.903354029542212,,,300.0
noisy,0.8300000000000001,0.0,0.8246435958323587,15,2.0,1.0,9.904798690683082,,,256.0
noisy,0.9199999999999999,0.0,0.9127355701481189,15,2.0,1.0,9.90876702932191,,,253.0
noisy,1.01,0.0,1.0029754885937152,15,2.0,1.0,9.908122701497826,,,250.0
noisy,1.0999999999999999,0.0,1.082017958880892,15,2.0,1.0,9.907052371097073,,,214.0
noisy,1.19,0.0,1.1671826046163216,15,2.0,1.0,9.908867810432824,,,207.0
noisy,1.28,0.0,1.2518323791729484,15,2.0,1.0,9.911065329841248,,,183.0
noisy,1.3699999999999999,0.0,1.3385238936266581,15,2.0,1.0,9.912475457541488,,,202.0
noisy,1.46,0.0,1.4192944379962338,15,2.0,1.0,9.914207600766556,,,174.0
noisy,1.5499999999999998,0.0,1.5084455530851404,15,2.0,1.0,9.914808534313455,,,165.0
noisy,1.64,0.0,1.339561722850738,15,2.0,0.6666666666666666,9.914065051434932,,,5.0
noisy,1.73,0.0,1.6553261787301776,15,2.0,1.0,9.910467248929928,,,152.0
noisy,1.8199999999999998,0.0,1.7482005360309856,15,2.0,1.0,9.91548359288391,,,149.0
noisy,1.91,0.0,1.8202623481005198,15,2.0,1.0,9.912567859958077,,,123.0
noisy,2.0,0.0,1.9034946961992754,15,2.0,1.0,9.910073439858225,,,124.0
noisy,0.2,0.0,0.2065752164964886,16,2.0,1.0,4.321929796454527,,,371.0
noisy,0.29000000000000004,0.0,0.2823846705265819,16,2.0,1.0,5.705519854046504,,,333.0
noisy,0.38,0.0,0.3800131797920847,16,2.0,1.0,7.658690856938958,,,363.0
noisy,0.47000000000000003,0.0,0.47496193970921663,16,2.0,1.0,9.583140074098255,,,400.0
noisy,0.56,0.0,0.5637056110694058,16,2.0,1.0,9.904048872435173,,,371.0
noisy,0.6499999999999999,0.0,0.6508156292174165,16,2.0,1.0,9.905544244067832,,,351.0
noisy,0.74,0.0,0.742720721417972,16,2.0,1.0,9.904028102220769,,,325.0
noisy,0.8300000000000001,0.0,0.8224411866199283,16,2.0,1.0,9.907894275456101,,,292.0
noisy,0.9199999999999999,0.0,0.9167020797704972,16,2.0,1.0,9.904139411884177,,,252.0
noisy,1.01,0.0,1.0008037540709078,16,2.0,1.0,9.907443803843933,,,254.0
noisy,1.0999999999999999,0.0,1.0805092779758967,16,2.0,1.0,9.910535973509703,,,240.0
noisy,1.19,0.0,1.1604947900692797,16,2.0,1.0,9.903645656183702,,,201.0
noisy,1.28,0.0,1.2431840122904705,16,2.0,1.0,9.91285448480215,,,208.0
noisy,1.3699999999999999,0.0,1.33295190287471,16,2.0,1.0,9.907829135991529,,,172.0
noisy,1.46,0.0,1.4083442773866544,16,2.0,1.0,9.912195199131748,,,168.0
noisy,1.5499999999999998,0.0,1.5012149428893113,16,2.0,1.0,9.91327330358339,,,179.0
noisy,1.64,0.0,1.574241071407801,16,2.0,1.0,9.913814003155764,,,164.0
noisy,1.73,0.0,1.660147758897305,16,2.0,1.0,9.915075183477688,,,163.0
noisy,1.8199999999999998,0.0,1.734212592906504,16,2.0,1.0,9.911492731194812,,,170.0
noisy,1.91,0.0,1.8267998481201504,16,2.0,1.0,9.918471307574276,,,139.0
noisy,2.0,0.0,1.887231955712287,16,2.0,1.0,9.90907505597233,,,146.0
noisy,0.2,0.0,-0.04339877692472826,17,2.0,0.3333333333333333,4.220875974245183,,,8.0
noisy,0.29000000000000004,0.0,0.1827634138193396,17,2.0,0.6666666666666666,5.936399868087275,,,350.0
noisy,0.38,0.0,0.3823950088283355,17,2.0,1.0,7.690392768861832,,,371.0
noisy,0.47000000000000003,0.0,0.4701869078854115,17,2.0,1.0,9.523339130282316,,,408.0
noisy,0.56,0.0,0.5606001684442526,17,2.0,1.0,9.904563607777327,,,375.0
noisy,0.6499999999999999,0.0,0.6499026445452635,17,2.0,1.0,9.906031911629167,,,370.0
noisy,0.74,0.0,0.7404215789847081,17,2.0,1.0,9.905622493578587,,,324.0
noisy,0.8300000000000001,0.0,0.8282706426581116,17,2.0,1.0,9.908940296952522,,,256.0
noisy,0.9199999999999999,0.0,0.9144054402099268,17,2.0,1.0,9.907146795756775,,,258.0
noisy,1.01,0.0,0.9994283472809848,17,2.0,1.0,9.908738421270048,,,242.0
noisy,1.0999999999999999,0.0,1.0775648531426174,17,2.0,1.0,9.908063051808334,,,231.0
noisy,1.19,0.0,1.1706277473598885,17,2.0,1.0,9.90393527475918,,,225.0
noisy,1.28,0.0,1.253771256792634,17,2.0,1.0,9.90675147986723,,,164.0
noisy,1.3699999999999999,0.0,1.3299627035665287,17,2.0,1.0,9.910971371253051,,,189.0
noisy,1.46,0.0,1.4208860681492954,17,2.0,1.0,9.911770334095351,,,204.0
noisy,1.5499999999999998,0.0,1.4952048677509593,17,2.0,1.0,9.908058026483936,,,146.0
noisy,1.64,0.0,1.5612529914479112,17,2.0,1.0,9.914351937724406,,,160.0
noisy,1.73,0.0,1.6457847397347416,17,2.0,1.0,9.90915146148545,,,165.0
noisy,1.8199999999999998,0.0,1.738187898188155,17,2.0,1.0,9.9101349619891,,,135.0
noisy,1.91,0.0,1.812504289002059,17,2.0,1.0,9.914692475469534,,,132.0
noisy,2.0,0.0,1.5531648112589218,17,2.0,0.6666666666666666,9.909244353095051,,,141.0
noisy,0.2,0.0,0.20322942222703264,18,2.0,1.0,4.161599270760036,,,277.0
noisy,0.29000000000000004,0.0,0.29296390127267846,18,2.0,1.0,5.9619795788819046,,,319.0
noisy,0.38,0.0,0.3751876753351901,18,2.0,1.0,7.527517896529763,,,368.0
noisy,0.47000000000000003,0.0,0.4728448006770867,18,2.0,1.0,9.571381545074523,,,359.0
noisy,0.56,0.0,0.5615295983190798,18,2.0,1.0,9.905214306859824,,,359.0
noisy,0.6499999999999999,0.0,0.6460232562096943,18,2.0,1.0,9.905243883832838,,,328.0
noisy,0.74,0.0,0.7340924520622073,18,2.0,1.0,9.905238562686534,,,309.0
noisy,0.8300000000000001,0.0,0.8209229733552195,18,2.0,1.0,9.907924926926478,,,292.0
noisy,0.9199999999999999,0.0,0.909608149728125,18,2.0,1.0,9.907388224207354,,,271.0
noisy,1.01,0.0,1.0018047285818945,18,2.0,1.0,9.908181252867244,,,260.0
noisy,1.0999999999999999,0.0,1.0786276301679962,18,2.0,1.0,9.902146089959562,,,251.0
noisy,1.19,0.0,1.1641207885751745,18,2.0,1.0,9.910673048953837,,,193.0
noisy,1.28,0.0,1.2600823918883914,18,2.0,1.0,9.90639404291288,,,200.0
noisy,1.3699999999999999,0.0,1.3260492438214617,18,2.0,1.0,9.907686797771415,,,173.0
noisy,1.46,0.0,1.4132367997962147,18,2.0,1.0,9.91241660172067,,,163.0
noisy,1.5499999999999998,0.0,1.503548234640773,18,2.0,1.0,9.911866612818523,,,178.0
noisy,1.64,0.0,1.3159889683923012,18,2.0,0.6666666666666666,9.909233645908692,,,12.0
noisy,1.73,0.0,1.6620624401984851,18,2.0,1.0,9.914715904751992,,,164.0
noisy,1.8199999999999998,0.0,1.7320338936210309,18,2.0,1.0,9.915284173103077,,,149.0
noisy,1.91,0.0,1.8044254086089484,18,2.0,1.0,9.918122394036784,,,159.0
noisy,2.0,0.0,1.8920755022043754,18,2.0,1.0,9.919852227195454,,,145.0
noisy,0.2,0.0,0.07575468648621377,19,2.0,0.6666666666666666,4.174480806386228,,,14.0
noisy,0.29000000000000004,0.0,0.29552950824517804,19,2.0,1.0,6.104567847095013,,,319.0
noisy,0.38,0.0,0.22161000028706965,19,2.0,0.6666666666666666,7.639586095670481,,,13.0
noisy,0.47000000000000003,0.0,0.2515882872189237,19,2.0,0.6666666666666666,9.577588527572425,,,415.0
noisy,0.56,0.0,0.5538325555292771,19,2.0,1.0,9.903712846425229,,,365.0
noisy,0.6499999999999999,0.0,0.6469780464079701,19,2.0,1.0,9.904977387341999,,,333.0
noisy,0.74,0.0,0.7411921212594134,19,2.0,1.0,9.907080262648208,,,293.0
noisy,0.8300000000000001,0.0,0.8217053615712181,19,2.0,1.0,9.906185995294658,,,274.0
noisy,0.9199999999999999,0.0,0.9165343106459977,19,2.0,1.0,9.908159120230664,,,271.0
noisy,1.01,0.0,0.9918538091532767,19,2.0,1.0,9.908750708966991,,,268.0
noisy,1.0999999999999999,0.0,1.0892850329635395,19,2.0,1.0,9.907667283287035,,,228.0
noisy,1.19,0.0,1.1591732552513747,19,2.0,1.0,9.91183560921061,,,206.0
noisy,1.28,0.0,1.248179627636132,19,2.0,1.0,9.91058246928872,,,217.0
noisy,1.3699999999999999,0.0,1.3327402817179037,19,2.0,1.0,9.90944755004943,,,161.0
noisy,1.46,0.0,1.4168155662579134,19,2.0,1.0,9.914302838131825,,,179.0
noisy,1.5499999999999998,0.0,1.5022636096760964,19,2.0,1.0,9.912704057858386,,,177.0
noisy,1.64,0.0,1.5751476700686622,19,2.0,1.0,9.911985921891175,,,165.0
noisy,1.73,0.0,1.641340287061733,19,2.0,1.0,9.910071193683963,,,154.0
noisy,1.8199999999999998,0.0,1.7252168896004367,19,2.0,1.0,9.913923720647096,,,158.0
noisy,1.91,0.0,1.809617212400088,19,2.0,1.0,9.917531776311284,,,133.0
noisy,2.0,0.0,1.8636310276660482,19,2.0,0.6666666666666666,9.906155727547977,,,149.0
