demo type,cmd speed,angle,mean speed,noise level,resolution,success,max range,trial_no,steps taken
noisy,0.2,0.0,0.19798249992141637,1,0.25,1.0,4.062636012818708,,283.0
noisy,0.29000000000000004,0.0,0.29311227082332564,1,0.25,1.0,5.9988249597586,,311.0
noisy,0.38,0.0,0.3639449017656962,1,0.25,1.0,7.649980943918072,,277.0
noisy,0.47000000000000003,0.0,0.4590305045438778,1,0.25,1.0,9.264952986334336,,325.0
noisy,0.56,0.0,0.5589442646277226,1,0.25,1.0,9.906303412623664,,288.0
noisy,0.6499999999999999,0.0,0.6363453290642932,1,0.25,1.0,9.905434902537733,,297.0
noisy,0.74,0.0,0.7336149137144985,1,0.25,1.0,9.907780847078337,,305.0
noisy,0.8300000000000001,0.0,0.81984905608635,1,0.25,1.0,9.906694796636193,,242.0
noisy,0.9199999999999999,0.0,0.902608227669721,1,0.25,1.0,9.907316945061526,,277.0
noisy,1.01,0.0,0.9997030915057751,1,0.25,1.0,9.908925269960042,,218.0
noisy,1.0999999999999999,0.0,1.0805270197338517,1,0.25,1.0,9.910002073904943,,201.0
noisy,1.19,0.0,1.171939303298043,1,0.25,1.0,9.911939137351053,,195.0
noisy,1.28,0.0,1.2568500832756755,1,0.25,0.6666666666666666,9.906540886894886,,164.0
noisy,1.3699999999999999,0.0,1.3324872961032446,1,0.25,0.6666666666666666,9.910096604530109,,207.0
noisy,1.46,0.0,1.4254277999295197,1,0.25,1.0,9.907562854927855,,173.0
noisy,1.5499999999999998,0.0,1.5120645704652453,1,0.25,1.0,9.906097177064165,,158.0
noisy,1.64,0.0,1.6015430447636092,1,0.25,1.0,9.912899239451228,,180.0
noisy,1.73,0.0,1.6867203377935798,1,0.25,1.0,9.911074577715768,,149.0
noisy,1.8199999999999998,0.0,1.7599225368125435,1,0.25,1.0,9.911863933753065,,151.0
noisy,1.91,0.0,1.6091802356278553,1,0.25,0.3333333333333333,9.912300099021705,,29.0
noisy,2.0,0.0,1.9243154946191439,1,0.25,1.0,9.914941258082033,,134.0
noisy,0.2,0.0,-0.04661908387676794,2,0.25,0.0,0.0,,980.0
noisy,0.29000000000000004,0.0,-0.035298050209639456,2,0.25,0.0,0.0,,884.0
noisy,0.38,0.0,-0.040283414109118086,2,0.25,0.0,0.0,,820.0
noisy,0.47000000000000003,0.0,-0.03692895270410141,2,0.25,0.0,0.0,,739.0
noisy,0.56,0.0,-0.033664172323771585,2,0.25,0.0,0.0,,713.0
noisy,0.6499999999999999,0.0,-0.024410060798137765,2,0.25,0.0,0.0,,653.0
noisy,0.74,0.0,-0.03927257637229603,2,0.25,0.0,0.0,,629.0
noisy,0.8300000000000001,0.0,-0.05584975445927195,2,0.25,0.0,0.0,,568.0
noisy,0.9199999999999999,0.0,-0.10947277373711001,2,0.25,0.0,0.0,,678.0
noisy,1.01,0.0,-0.15719142679107836,2,0.25,0.0,0.0,,779.0
noisy,1.0999999999999999,0.0,-0.20355734085919344,2,0.25,0.0,0.0,,178.0
noisy,1.19,0.0,-0.3072106970662802,2,0.25,0.0,0.0,,156.0
noisy,1.28,0.0,-0.2625019582995292,2,0.25,0.0,0.0,,219.0
noisy,1.3699999999999999,0.0,-0.24546441338130176,2,0.25,0.0,0.0,,79.0
noisy,1.46,0.0,-0.33967101618591844,2,0.25,0.0,0.0,,154.0
noisy,1.5499999999999998,0.0,-0.2620878208300469,2,0.25,0.0,0.0,,62.0
noisy,1.64,0.0,-0.3012815318442064,2,0.25,0.0,0.0,,69.0
noisy,1.73,0.0,-0.6178365383452478,2,0.25,0.0,0.0,,34.0
noisy,1.8199999999999998,0.0,-0.6381475274434165,2,0.25,0.0,0.0,,41.0
noisy,1.91,0.0,-0.6023161860982004,2,0.25,0.0,0.0,,26.0
noisy,2.0,0.0,-0.749991178229216,2,0.25,0.0,0.0,,35.0
noisy,0.2,0.0,-0.015825736939872524,3,0.25,0.0,0.0,,832.0
noisy,0.29000000000000004,0.0,-0.0230217624917176,3,0.25,0.0,0.0,,845.0
noisy,0.38,0.0,-0.016922853402046887,3,0.25,0.0,0.0,,930.0
noisy,0.47000000000000003,0.0,-0.01771566093773719,3,0.25,0.0,0.0,,830.0
noisy,0.56,0.0,-0.021540922677883698,3,0.25,0.0,0.0,,718.0
noisy,0.6499999999999999,0.0,-0.03294094203482987,3,0.25,0.0,0.0,,610.0
noisy,0.74,0.0,-0.0220355992636402,3,0.25,0.0,0.0,,623.0
noisy,0.8300000000000001,0.0,-0.03040018503780735,3,0.25,0.0,0.0,,609.0
noisy,0.9199999999999999,0.0,-0.09990977493089649,3,0.25,0.0,0.0,,687.0
noisy,1.01,0.0,-0.12102657536708783,3,0.25,0.0,0.0,,711.0
noisy,1.0999999999999999,0.0,-0.16200308269499497,3,0.25,0.0,0.0,,708.0
noisy,1.19,0.0,-0.20386300789723247,3,0.25,0.0,0.0,,730.0
noisy,1.28,0.0,-0.2907617844291295,3,0.25,0.0,0.0,,141.0
noisy,1.3699999999999999,0.0,-0.3132700061905893,3,0.25,0.0,0.0,,48.0
noisy,1.46,0.0,-0.23084273665449198,3,0.25,0.0,0.0,,73.0
noisy,1.5499999999999998,0.0,-0.4993255342374272,3,0.25,0.0,0.0,,36.0
noisy,1.64,0.0,-0.33589469089646,3,0.25,0.0,0.0,,117.0
noisy,1.73,0.0,-0.218910438438734,3,0.25,0.0,0.0,,126.0
noisy,1.8199999999999998,0.0,-0.28763377561470205,3,0.25,0.0,0.0,,43.0
noisy,1.91,0.0,-0.5138972014615865,3,0.25,0.0,0.0,,100.0
noisy,2.0,0.0,-0.5605439363808341,3,0.25,0.0,0.0,,29.0
noisy,0.2,0.0,-0.017289508588073297,4,0.25,0.0,0.0,,783.0
noisy,0.29000000000000004,0.0,-0.014321100664818369,4,0.25,0.0,0.0,,772.0
noisy,0.38,0.0,-0.017887489288752747,4,0.25,0.0,0.0,,673.0
noisy,0.47000000000000003,0.0,-0.0245482074352614,4,0.25,0.0,0.0,,790.0
noisy,0.56,0.0,-0.02334517441203461,4,0.25,0.0,0.0,,611.0
noisy,0.6499999999999999,0.0,-0.013340406465233745,4,0.25,0.0,0.0,,657.0
noisy,0.74,0.0,-0.019591373802448093,4,0.25,0.0,0.0,,629.0
noisy,0.8300000000000001,0.0,-0.02519955397100941,4,0.25,0.0,0.0,,464.0
noisy,0.9199999999999999,0.0,-0.07880168317144581,4,0.25,0.0,0.0,,565.0
noisy,1.01,0.0,-0.11820748630751514,4,0.25,0.0,0.0,,693.0
noisy,1.0999999999999999,0.0,-0.12711846129306745,4,0.25,0.0,0.0,,663.0
noisy,1.19,0.0,-0.22868829693790108,4,0.25,0.0,0.0,,52.0
noisy,1.28,0.0,-0.2131240661049664,4,0.25,0.0,0.0,,273.0
noisy,1.3699999999999999,0.0,-0.3049182033761926,4,0.25,0.0,0.0,,33.0
noisy,1.46,0.0,-0.20186249798057743,4,0.25,0.0,0.0,,118.0
noisy,1.5499999999999998,0.0,-0.31763234764765097,4,0.25,0.0,0.0,,31.0
noisy,1.64,0.0,-0.6262089160787944,4,0.25,0.0,0.0,,106.0
noisy,1.73,0.0,-0.3141665098166669,4,0.25,0.0,0.0,,54.0
noisy,1.8199999999999998,0.0,-0.5561829374382131,4,0.25,0.0,0.0,,52.0
noisy,1.91,0.0,-0.20737901170069795,4,0.25,0.0,0.0,,76.0
noisy,2.0,0.0,-0.5475139591173354,4,0.25,0.0,0.0,,9.0
noisy,0.2,0.0,-0.050679862821202175,5,0.25,0.0,0.0,,770.0
noisy,0.29000000000000004,0.0,-0.01133862323633627,5,0.25,0.0,0.0,,761.0
noisy,0.38,0.0,-0.01290946266046447,5,0.25,0.0,0.0,,527.0
noisy,0.47000000000000003,0.0,-0.014225099923303274,5,0.25,0.0,0.0,,645.0
noisy,0.56,0.0,-0.02149992411551241,5,0.25,0.0,0.0,,636.0
noisy,0.6499999999999999,0.0,-0.014298877301184726,5,0.25,0.0,0.0,,536.0
noisy,0.74,0.0,-0.013775999967471845,5,0.25,0.0,0.0,,459.0
noisy,0.8300000000000001,0.0,-0.012911726345665358,5,0.25,0.0,0.0,,569.0
noisy,0.9199999999999999,0.0,-0.05765307351405674,5,0.25,0.0,0.0,,553.0
noisy,1.01,0.0,-0.08381281709460951,5,0.25,0.0,0.0,,631.0
noisy,1.0999999999999999,0.0,-0.13504033689805897,5,0.25,0.0,0.0,,683.0
noisy,1.19,0.0,-0.14367223747913363,5,0.25,0.0,0.0,,462.0
noisy,1.28,0.0,-0.18913144489460307,5,0.25,0.0,0.0,,296.0
noisy,1.3699999999999999,0.0,-0.17555794514590417,5,0.25,0.0,0.0,,260.0
noisy,1.46,0.0,-0.18204177614848457,5,0.25,0.0,0.0,,25.0
noisy,1.5499999999999998,0.0,-0.18678918543492432,5,0.25,0.0,0.0,,217.0
noisy,1.64,0.0,-0.17207240481391306,5,0.25,0.0,0.0,,81.0
noisy,1.73,0.0,-0.2970750893532424,5,0.25,0.0,0.0,,48.0
noisy,1.8199999999999998,0.0,-0.43388307627986306,5,0.25,0.0,0.0,,104.0
noisy,1.91,0.0,-0.29668838062278796,5,0.25,0.0,0.0,,28.0
noisy,2.0,0.0,-0.18082607112823224,5,0.25,0.0,0.0,,26.0
noisy,0.2,0.0,-0.04678298037861426,6,0.25,0.0,0.0,,715.0
noisy,0.29000000000000004,0.0,-0.010113991865089688,6,0.25,0.0,0.0,,596.0
noisy,0.38,0.0,-0.010508084028248927,6,0.25,0.0,0.0,,486.0
noisy,0.47000000000000003,0.0,-0.010039200801004775,6,0.25,0.0,0.0,,636.0
noisy,0.56,0.0,-0.008514120027348995,6,0.25,0.0,0.0,,556.0
noisy,0.6499999999999999,0.0,-0.008791641536247627,6,0.25,0.0,0.0,,501.0
noisy,0.74,0.0,-0.008443955380629902,6,0.25,0.0,0.0,,614.0
noisy,0.8300000000000001,0.0,-0.0114763416279101,6,0.25,0.0,0.0,,591.0
noisy,0.9199999999999999,0.0,-0.03484694605073396,6,0.25,0.0,0.0,,541.0
noisy,1.01,0.0,-0.03540648799456265,6,0.25,0.0,0.0,,588.0
noisy,1.0999999999999999,0.0,-0.08878702809766904,6,0.25,0.0,0.0,,638.0
noisy,1.19,0.0,-0.19578815807834868,6,0.25,0.0,0.0,,549.0
noisy,1.28,0.0,-0.08811981255031737,6,0.25,0.0,0.0,,576.0
noisy,1.3699999999999999,0.0,-0.47202949498661084,6,0.25,0.0,0.0,,18.0
noisy,1.46,0.0,-0.19134289295663506,6,0.25,0.0,0.0,,33.0
noisy,1.5499999999999998,0.0,-0.255447687828746,6,0.25,0.0,0.0,,36.0
noisy,1.64,0.0,-0.1658174289289488,6,0.25,0.0,0.0,,37.0
noisy,1.73,0.0,-0.2108894706403376,6,0.25,0.0,0.0,,42.0
noisy,1.8199999999999998,0.0,-0.43742964356115216,6,0.25,0.0,0.0,,40.0
noisy,1.91,0.0,-0.22658391516906548,6,0.25,0.0,0.0,,118.0
noisy,2.0,0.0,-0.6081245174675517,6,0.25,0.0,0.0,,14.0
noisy,0.2,0.0,-0.03461998509322234,7,0.25,0.0,0.0,,668.0
noisy,0.29000000000000004,0.0,-0.009110429267170915,7,0.25,0.0,0.0,,616.0
noisy,0.38,0.0,-0.008249651491004404,7,0.25,0.0,0.0,,604.0
noisy,0.47000000000000003,0.0,-0.008041903321441503,7,0.25,0.0,0.0,,562.0
noisy,0.56,0.0,-0.007592794704245168,7,0.25,0.0,0.0,,477.0
noisy,0.6499999999999999,0.0,-0.007232438200590381,7,0.25,0.0,0.0,,457.0
noisy,0.74,0.0,-0.007287395234630559,7,0.25,0.0,0.0,,579.0
noisy,0.8300000000000001,0.0,-0.0073065039639418836,7,0.25,0.0,0.0,,557.0
noisy,0.9199999999999999,0.0,-0.010673044473044633,7,0.25,0.0,0.0,,497.0
noisy,1.01,0.0,-0.03929581783036115,7,0.25,0.0,0.0,,574.0
noisy,1.0999999999999999,0.0,-0.018086057792914417,7,0.25,0.0,0.0,,608.0
noisy,1.19,0.0,-0.11549942864686175,7,0.25,0.0,0.0,,564.0
noisy,1.28,0.0,-0.02881372741941593,7,0.25,0.0,0.0,,610.0
noisy,1.3699999999999999,0.0,-0.08527103171481704,7,0.25,0.0,0.0,,671.0
noisy,1.46,0.0,-0.05691212350826106,7,0.25,0.0,0.0,,201.0
noisy,1.5499999999999998,0.0,-0.5171662509447231,7,0.25,0.0,0.0,,13.0
noisy,1.64,0.0,-0.2599722202601307,7,0.25,0.0,0.0,,34.0
noisy,1.73,0.0,-0.4523550142044177,7,0.25,0.0,0.0,,36.0
noisy,1.8199999999999998,0.0,-0.160671512170285,7,0.25,0.0,0.0,,234.0
noisy,1.91,0.0,-0.6778254866733259,7,0.25,0.0,0.0,,10.0
noisy,2.0,0.0,-0.40385652494714214,7,0.25,0.0,0.16357265432034893,,12.0
noisy,0.2,0.0,-0.03288191207905766,8,0.25,0.0,0.0,,668.0
noisy,0.29000000000000004,0.0,-0.01726181004639359,8,0.25,0.0,0.0,,933.0
noisy,0.38,0.0,-0.007043308903487523,8,0.25,0.0,0.0,,710.0
noisy,0.47000000000000003,0.0,-0.007970511731547806,8,0.25,0.0,0.0,,528.0
noisy,0.56,0.0,-0.006149182194707657,8,0.25,0.0,0.0,,478.0
noisy,0.6499999999999999,0.0,-0.006321888587524349,8,0.25,0.0,0.0,,610.0
noisy,0.74,0.0,-0.005816941715266292,8,0.25,0.0,0.0,,501.0
noisy,0.8300000000000001,0.0,-0.006260892614493432,8,0.25,0.0,0.0,,581.0
noisy,0.9199999999999999,0.0,-0.006332897608531743,8,0.25,0.0,0.0,,487.0
noisy,1.01,0.0,-0.0069394075063146975,8,0.25,0.0,0.0,,568.0
noisy,1.0999999999999999,0.0,-0.0078114579293519955,8,0.25,0.0,0.0,,521.0
noisy,1.19,0.0,-0.009912826029183842,8,0.25,0.0,0.0,,526.0
noisy,1.28,0.0,-0.14176322896498011,8,0.25,0.0,0.0,,538.0
noisy,1.3699999999999999,0.0,-0.20398913412226868,8,0.25,0.0,0.0,,42.0
noisy,1.46,0.0,-0.15373852980854652,8,0.25,0.0,0.0,,25.0
noisy,1.5499999999999998,0.0,0.0018972261674005248,8,0.25,0.0,0.07734412248821891,,91.0
noisy,1.64,0.0,-0.6646235783264242,8,0.25,0.0,0.0,,39.0
noisy,1.73,0.0,-0.2696040010837527,8,0.25,0.0,0.0,,47.0
noisy,1.8199999999999998,0.0,-0.6386398648721788,8,0.25,0.0,0.0,,32.0
noisy,1.91,0.0,-0.24241956793773853,8,0.25,0.0,0.0,,24.0
noisy,2.0,0.0,-0.4872008952789543,8,0.25,0.0,0.0,,44.0
noisy,0.2,0.0,-0.03094177963742328,9,0.25,0.0,0.0,,480.0
noisy,0.29000000000000004,0.0,-0.031759519952131825,9,0.25,0.0,0.0,,645.0
noisy,0.38,0.0,-0.014883949321173207,9,0.25,0.0,0.0,,639.0
noisy,0.47000000000000003,0.0,-0.006748282852732786,9,0.25,0.0,0.0,,633.0
noisy,0.56,0.0,-0.004701371509155726,9,0.25,0.0,0.0,,581.0
noisy,0.6499999999999999,0.0,-0.004425934225999609,9,0.25,0.0,0.0,,511.0
noisy,0.74,0.0,0.047781987066363545,9,0.25,0.0,0.07187309901500247,,0.0
noisy,0.8300000000000001,0.0,-0.005042878609216106,9,0.25,0.0,0.0,,519.0
noisy,0.9199999999999999,0.0,-0.004557657632113555,9,0.25,0.0,0.0,,481.0
noisy,1.01,0.0,-0.004213754475371873,9,0.25,0.0,0.0,,506.0
noisy,1.0999999999999999,0.0,-0.005543113501598497,9,0.25,0.0,0.0,,506.0
noisy,1.19,0.0,-0.004817135086594173,9,0.25,0.0,0.0,,531.0
noisy,1.28,0.0,-0.005643571454679391,9,0.25,0.0,0.0,,659.0
noisy,1.3699999999999999,0.0,0.01095335254402418,9,0.25,0.0,0.10639994960858033,,692.0
noisy,1.46,0.0,0.008252955573692369,9,0.25,0.0,0.09289345250156375,,643.0
noisy,1.5499999999999998,0.0,-0.003822307461936574,9,0.25,0.0,0.0,,677.0
noisy,1.64,0.0,-0.003811354269085248,9,0.25,0.0,0.0,,561.0
noisy,1.73,0.0,-0.6602790762334961,9,0.25,0.0,0.0,,4.0
noisy,1.8199999999999998,0.0,-0.5820845701971437,9,0.25,0.0,0.0010014640602598313,,432.0
noisy,1.91,0.0,-0.3807288267708137,9,0.25,0.0,0.0,,25.0
noisy,2.0,0.0,-0.8298635526610451,9,0.25,0.0,0.0,,6.0
noisy,0.2,0.0,-0.02995489412277676,10,0.25,0.0,0.0,,578.0
noisy,0.29000000000000004,0.0,0.030468498551049297,10,0.25,0.0,0.035065365855439186,,725.0
noisy,0.38,0.0,0.009208453328970422,10,0.25,0.0,0.01627131573840709,,632.0
noisy,0.47000000000000003,0.0,0.11028564986753199,10,0.25,0.0,0.052084222443199074,,0.0
noisy,0.56,0.0,0.04492225570557659,10,0.25,0.0,0.038839555388772665,,558.0
noisy,0.6499999999999999,0.0,-0.0040213530254664285,10,0.25,0.0,0.0,,592.0
noisy,0.74,0.0,0.08755674210215864,10,0.25,0.0,0.07525801625933899,,0.0
noisy,0.8300000000000001,0.0,-0.0038674503636993776,10,0.25,0.0,0.0,,532.0
noisy,0.9199999999999999,0.0,-0.004094782375454781,10,0.25,0.0,0.0,,488.0
noisy,1.01,0.0,-0.005175447675530542,10,0.25,0.0,0.0,,469.0
noisy,1.0999999999999999,0.0,-0.003525582531482709,10,0.25,0.0,0.0,,541.0
noisy,1.19,0.0,-0.0028750440137359293,10,0.25,0.0,0.0,,534.0
noisy,1.28,0.0,0.280703399355881,10,0.25,0.0,0.11001123946822372,,527.0
noisy,1.3699999999999999,0.0,0.27587564289390604,10,0.25,0.0,0.09190727836320717,,716.0
noisy,1.46,0.0,0.20247871403851816,10,0.25,0.0,0.14959259699908428,,0.0
noisy,1.5499999999999998,0.0,-0.21513765739981308,10,0.25,0.0,0.004961426086369473,,229.0
noisy,1.64,0.0,-0.003731956479700369,10,0.25,0.0,0.0,,550.0
noisy,1.73,0.0,-0.34806692628954844,10,0.25,0.0,0.0,,4.0
noisy,1.8199999999999998,0.0,-0.22485946426581704,10,0.25,0.0,0.0,,26.0
noisy,1.91,0.0,-0.5005695941477939,10,0.25,0.0,0.18211524898687798,,8.0
noisy,2.0,0.0,-0.46917988716887304,10,0.25,0.0,0.0,,13.0
noisy,0.2,0.0,0.03444269519072942,11,0.25,0.0,0.04097617690310183,,0.0
noisy,0.29000000000000004,0.0,0.02714975531921952,11,0.25,0.0,0.03550132230067286,,0.0
noisy,0.38,0.0,0.02831885121916211,11,0.25,0.0,0.024704447548245426,,0.0
noisy,0.47000000000000003,0.0,0.0455481644594741,11,0.25,0.0,0.03860088295988616,,624.0
noisy,0.56,0.0,0.07017099797775636,11,0.25,0.0,0.05418922933641581,,0.0
noisy,0.6499999999999999,0.0,0.0811478134106718,11,0.25,0.0,0.06496802725483251,,0.0
noisy,0.74,0.0,-0.002099148269725027,11,0.25,0.0,0.0,,557.0
noisy,0.8300000000000001,0.0,-0.3690120542527959,11,0.25,0.0,0.0,,560.0
noisy,0.9199999999999999,0.0,-0.0029144819804474316,11,0.25,0.0,0.0,,523.0
noisy,1.01,0.0,-0.14073680869023772,11,0.25,0.0,0.06293468568244856,,478.0
noisy,1.0999999999999999,0.0,0.10357231285541192,11,0.25,0.0,0.0758104216669256,,0.0
noisy,1.19,0.0,0.12333777233395281,11,0.25,0.0,0.08182366671364062,,515.0
noisy,1.28,0.0,0.125160107977763,11,0.25,0.0,0.09921425687759484,,549.0
noisy,1.3699999999999999,0.0,0.5083405768583845,11,0.25,0.0,0.15307339644020526,,592.0
noisy,1.46,0.0,3.159536470786627e-05,11,0.25,0.0,0.013248990642485284,,248.0
noisy,1.5499999999999998,0.0,-0.05820797356045449,11,0.25,0.0,0.18562895401613488,,471.0
noisy,1.64,0.0,0.34916446958655484,11,0.25,0.0,0.1356241595926703,,1.0
noisy,1.73,0.0,0.15816016355755871,11,0.25,0.0,0.1152988434807946,,0.0
noisy,1.8199999999999998,0.0,1.0458032009553142,11,0.25,0.0,0.2672921600287242,,0.0
noisy,1.91,0.0,0.16198280135757517,11,0.25,0.0,0.18724127492361406,,9.0
noisy,2.0,0.0,-0.0657096428626422,11,0.25,0.0,0.13421288823452113,,28.0
noisy,0.2,0.0,0.08739471065080796,12,0.25,0.0,0.030991779670266346,,0.0
noisy,0.29000000000000004,0.0,0.017265440041185482,12,0.25,0.0,0.026094261563607397,,788.0
noisy,0.38,0.0,0.06818402583606266,12,0.25,0.0,0.0295905771581619,,0.0
noisy,0.47000000000000003,0.0,0.08291680969624765,12,0.25,0.0,0.039684837092361126,,0.0
noisy,0.56,0.0,0.10974253227782195,12,0.25,0.0,0.052275697479756564,,0.0
noisy,0.6499999999999999,0.0,0.1272964102045289,12,0.25,0.0,0.053792565484284974,,1.0
noisy,0.74,0.0,0.2109389021373779,12,0.25,0.0,0.059281770872672127,,0.0
noisy,0.8300000000000001,0.0,0.16234641546948944,12,0.25,0.3333333333333333,0.06257885934998655,,480.0
noisy,0.9199999999999999,0.0,-0.0015246696284514812,12,0.25,0.0,0.0,,485.0
noisy,1.01,0.0,0.9307399121252486,12,0.25,0.0,0.22437837606534636,,1.0
noisy,1.0999999999999999,0.0,0.012558492176450492,12,0.25,0.0,0.003264813224441017,,1.0
noisy,1.19,0.0,0.9953159819890538,12,0.25,0.0,0.23993292615287864,,0.0
noisy,1.28,0.0,1.3952056787165086,12,0.25,0.0,0.2166086091602751,,590.0
noisy,1.3699999999999999,0.0,0.8744456996246525,12,0.25,0.0,0.21150789064002798,,0.0
noisy,1.46,0.0,0.26599606598375786,12,0.25,0.0,0.0978862355885632,,126.0
noisy,1.5499999999999998,0.0,0.11895829853922925,12,0.25,0.0,0.08598599315944037,,0.0
noisy,1.64,0.0,-0.10286574020060789,12,0.25,0.0,0.026429813571621972,,87.0
noisy,1.73,0.0,0.15855230171741477,12,0.25,0.0,0.1063014752431833,,1.0
noisy,1.8199999999999998,0.0,-0.06266449075250358,12,0.25,0.0,0.11331378562579969,,0.0
noisy,1.91,0.0,0.5179432974286441,12,0.25,0.0,0.14540588359674025,,1.0
noisy,2.0,0.0,0.0856332221790425,12,0.25,0.0,0.13250432611614454,,326.0
noisy,0.2,0.0,0.06839566883426919,13,0.25,0.0,0.029587842961302943,,0.0
noisy,0.29000000000000004,0.0,0.07595852946098375,13,0.25,0.0,0.020960757868449316,,0.0
noisy,0.38,0.0,0.08103621344606689,13,0.25,0.0,0.02961506248573385,,0.0
noisy,0.47000000000000003,0.0,0.04599069422119386,13,0.25,0.0,0.025910209255544162,,0.0
noisy,0.56,0.0,0.1519119139269981,13,0.25,0.0,0.052486900001738696,,0.0
noisy,0.6499999999999999,0.0,0.068449079232636,13,0.25,0.6666666666666666,0.049230732659253554,,0.0
noisy,0.74,0.0,0.1328465301782011,13,0.25,0.0,0.056460922128728115,,618.0
noisy,0.8300000000000001,0.0,0.2739084820418702,13,0.25,0.0,0.08122042929932727,,0.0
noisy,0.9199999999999999,0.0,0.21729865602028428,13,0.25,0.0,0.054385066715189494,,0.0
noisy,1.01,0.0,0.23286995347397973,13,0.25,0.0,0.07363954574082911,,0.0
noisy,1.0999999999999999,0.0,0.5607633602083816,13,0.25,0.0,0.12946913523765488,,1.0
noisy,1.19,0.0,0.590034494170823,13,0.25,0.0,0.10814584145721962,,0.0
noisy,1.28,0.0,0.22973844201688956,13,0.25,0.3333333333333333,0.1002814054669605,,627.0
noisy,1.3699999999999999,0.0,0.8532790870427073,13,0.25,0.0,0.19420294250442294,,56.0
noisy,1.46,0.0,0.37837476117890495,13,0.25,0.0,0.10677656769284569,,0.0
noisy,1.5499999999999998,0.0,0.7028104352336618,13,0.25,0.0,0.19202192321159983,,0.0
noisy,1.64,0.0,0.3123842250052486,13,0.25,0.0,0.12543563735920885,,295.0
noisy,1.73,0.0,0.05286527904135705,13,0.25,0.0,0.12647855974348712,,35.0
noisy,1.8199999999999998,0.0,0.5102806791494483,13,0.25,0.0,0.1309976346004992,,0.0
noisy,1.91,0.0,0.061155974698728376,13,0.25,0.0,0.1310191083554726,,26.0
noisy,2.0,0.0,0.2855948971804929,13,0.25,0.0,0.13385784614899987,,21.0
noisy,0.2,0.0,0.03256898677029437,14,0.25,0.0,0.025655959432364553,,0.0
noisy,0.29000000000000004,0.0,0.12003413205933784,14,0.25,0.0,0.04563289804786687,,0.0
noisy,0.38,0.0,0.10040059798879386,14,0.25,0.0,0.035785062619549925,,0.0
noisy,0.47000000000000003,0.0,-1.062351369833535,14,0.25,0.0,0.024077555400512304,,0.0
noisy,0.56,0.0,0.1460260029719625,14,0.25,0.0,0.0450255817523496,,0.0
noisy,0.6499999999999999,0.0,0.17109880928370527,14,0.25,0.0,0.04521359779195851,,0.0
noisy,0.74,0.0,0.20262515116573357,14,0.25,0.0,0.06461265035078051,,0.0
noisy,0.8300000000000001,0.0,0.21395871791687385,14,0.25,0.0,0.052943535785668724,,1.0
noisy,0.9199999999999999,0.0,0.08117699113284725,14,0.25,0.6666666666666666,0.05804079948829826,,535.0
noisy,1.01,0.0,1.6718182098190038,14,0.25,0.0,0.4087792047000585,,2.0
noisy,1.0999999999999999,0.0,0.3004174063538803,14,0.25,0.0,0.09557813837747615,,0.0
noisy,1.19,0.0,0.5864955295640564,14,0.25,0.0,0.2650082156012402,,1.0
noisy,1.28,0.0,0.31996702468210875,14,0.25,0.0,0.08745292539950295,,0.0
noisy,1.3699999999999999,0.0,0.3328724438543076,14,0.25,0.0,0.08194181193439189,,0.0
noisy,1.46,0.0,0.3700801434330752,14,0.25,0.0,0.11041541303565534,,0.0
noisy,1.5499999999999998,0.0,1.17697536716643,14,0.25,0.0,0.24732326654905876,,0.0
noisy,1.64,0.0,0.4552696320922804,14,0.25,0.0,0.12219942988769462,,0.0
noisy,1.73,0.0,0.17638239222273253,14,0.25,0.0,0.11886109115338865,,50.0
noisy,1.8199999999999998,0.0,1.1788443931830552,14,0.25,0.0,0.24131662682227387,,0.0
noisy,1.91,0.0,0.8294099042625119,14,0.25,0.0,0.24244786213184683,,1.0
noisy,2.0,0.0,0.09465107962987679,14,0.25,0.0,0.13723730058799832,,0.0
noisy,0.2,0.0,0.08473617745422572,15,0.25,0.0,0.028938029318537367,,0.0
noisy,0.29000000000000004,0.0,0.10886834454627482,15,0.25,0.0,0.03009096293608354,,0.0
noisy,0.38,0.0,0.2756545598420201,15,0.25,0.0,0.047895855975722955,,0.0
noisy,0.47000000000000003,0.0,0.12637725865382407,15,0.25,0.0,0.03689176668918544,,0.0
noisy,0.56,0.0,0.12066517760115575,15,0.25,0.0,0.03490006094957326,,0.0
noisy,0.6499999999999999,0.0,0.14535940397218117,15,0.25,0.0,0.037301371074802046,,0.0
noisy,0.74,0.0,0.22659991709143137,15,0.25,0.0,0.07288474374925813,,0.0
noisy,0.8300000000000001,0.0,0.20079933313484546,15,0.25,0.0,0.05021217614727598,,0.0
noisy,0.9199999999999999,0.0,0.21801142060311185,15,0.25,0.0,0.059176798209709336,,1.0
noisy,1.01,0.0,-0.14423366243339072,15,0.25,0.0,0.05391378867671114,,0.0
noisy,1.0999999999999999,0.0,0.25570951137761666,15,0.25,0.0,0.06128769650137673,,0.0
noisy,1.19,0.0,0.2778265974634073,15,0.25,0.0,0.07570798312704755,,0.0
noisy,1.28,0.0,0.29532795588571015,15,0.25,0.0,0.07400950877910932,,0.0
noisy,1.3699999999999999,0.0,0.3471684454151785,15,0.25,0.0,0.10671519651772714,,0.0
noisy,1.46,0.0,1.565372866491818,15,0.25,0.0,0.2413188112638786,,0.0
noisy,1.5499999999999998,0.0,-0.3711943639823763,15,0.25,0.0,0.104626730947621,,0.0
noisy,1.64,0.0,0.42308559634992676,15,0.25,0.0,0.11216964284145199,,0.0
noisy,1.73,0.0,-0.09342807183722375,15,0.25,0.0,0.10974436539689314,,3.0
noisy,1.8199999999999998,0.0,0.46401935634388475,15,0.25,0.0,0.11889500356531346,,0.0
noisy,1.91,0.0,0.5464106439836554,15,0.25,0.0,0.14042844650948022,,0.0
noisy,2.0,0.0,0.5746473482059834,15,0.25,0.0,0.26301072449625545,,0.0
noisy,0.2,0.0,0.0924229034339706,16,0.25,0.0,0.03333175853459127,,0.0
noisy,0.29000000000000004,0.0,0.08939255339348123,16,0.25,0.0,0.032606610687191166,,0.0
noisy,0.38,0.0,0.13940698667647863,16,0.25,0.0,0.037514266533251316,,0.0
noisy,0.47000000000000003,0.0,0.12316800202385293,16,0.25,0.0,0.0351664864073752,,0.0
noisy,0.56,0.0,0.1406208232790306,16,0.25,0.0,0.04045129534846971,,0.0
noisy,0.6499999999999999,0.0,0.1362497592162295,16,0.25,0.0,0.03672208081761023,,0.0
noisy,0.74,0.0,0.19087402717552457,16,0.25,0.0,0.06373734184646052,,0.0
noisy,0.8300000000000001,0.0,0.2043875718196584,16,0.25,0.0,0.046432729536940616,,0.0
noisy,0.9199999999999999,0.0,0.21264561453295241,16,0.25,0.0,0.05383054822267768,,0.0
noisy,1.01,0.0,0.2460807885502163,16,0.25,0.0,0.06721998591846524,,0.0
noisy,1.0999999999999999,0.0,0.2526114025333393,16,0.25,0.0,0.0620038005923857,,0.0
noisy,1.19,0.0,0.2747275046529712,16,0.25,0.0,0.06650538439429864,,0.0
noisy,1.28,0.0,0.3485523016841919,16,0.25,0.0,0.09929154325945823,,0.0
noisy,1.3699999999999999,0.0,0.3283709910359911,16,0.25,0.0,0.0813806553311154,,0.0
noisy,1.46,0.0,0.38203438950311397,16,0.25,0.0,0.09605625878750533,,0.0
noisy,1.5499999999999998,0.0,0.39322511220909845,16,0.25,0.0,0.11156262184469846,,0.0
noisy,1.64,0.0,0.4168976064301159,16,0.25,0.0,0.10756039154341834,,0.0
noisy,1.73,0.0,0.20141055974435665,16,0.25,0.0,0.10435764228096908,,0.0
noisy,1.8199999999999998,0.0,0.42922202948531174,16,0.25,0.0,0.10552220140562114,,0.0
noisy,1.91,0.0,0.4746942407524363,16,0.25,0.0,0.12241607844200887,,0.0
noisy,2.0,0.0,0.27091099154257375,16,0.25,0.0,0.11636379932202322,,40.0
noisy,0.2,0.0,0.0679315625492282,17,0.25,0.0,0.020947600517728978,,0.0
noisy,0.29000000000000004,0.0,0.055466288477305885,17,0.25,0.0,0.021924793804288023,,0.0
noisy,0.38,0.0,0.10393327195295747,17,0.25,0.0,0.02910955236720354,,0.0
noisy,0.47000000000000003,0.0,0.10795949060543873,17,0.25,0.0,0.039856388521446774,,0.0
noisy,0.56,0.0,0.1364980322760503,17,0.25,0.0,0.037015290062095106,,0.0
noisy,0.6499999999999999,0.0,0.19796669406158549,17,0.25,0.0,0.044864974299896346,,0.0
noisy,0.74,0.0,0.1834917326771741,17,0.25,0.0,0.056200827461047514,,0.0
noisy,0.8300000000000001,0.0,0.1639830083251278,17,0.25,0.0,0.04732303283555467,,1.0
noisy,0.9199999999999999,0.0,0.22176882585480695,17,0.25,0.0,0.0634625011905286,,0.0
noisy,1.01,0.0,0.201642516765458,17,0.25,0.0,0.04883352505073532,,0.0
noisy,1.0999999999999999,0.0,0.22931226642738192,17,0.25,0.0,0.05655939663861063,,0.0
noisy,1.19,0.0,0.2781323146269134,17,0.25,0.0,0.06355191535740702,,0.0
noisy,1.28,0.0,0.27717561111344596,17,0.25,0.0,0.0669213220918232,,0.0
noisy,1.3699999999999999,0.0,0.3232852440040794,17,0.25,0.0,0.07855900564974325,,0.0
noisy,1.46,0.0,0.306192824773235,17,0.25,0.0,0.07888344896002485,,0.0
noisy,1.5499999999999998,0.0,0.38843791610807094,17,0.25,0.0,0.09277987943429682,,0.0
noisy,1.64,0.0,0.3603524088643127,17,0.25,0.0,0.09007322811661549,,1.0
noisy,1.73,0.0,0.45461685014919045,17,0.25,0.0,0.11077983302777478,,0.0
noisy,1.8199999999999998,0.0,0.4007079915111888,17,0.25,0.0,0.10565368428676156,,0.0
noisy,1.91,0.0,0.502861939145917,17,0.25,0.0,0.14375725044282497,,0.0
noisy,2.0,0.0,0.5212166377551358,17,0.25,0.0,0.13427691488734467,,0.0
noisy,0.2,0.0,0.09090410323587839,18,0.25,0.0,0.028107811472151554,,0.0
noisy,0.29000000000000004,0.0,0.10086004756590788,18,0.25,0.0,0.02797840657523046,,0.0
noisy,0.38,0.0,0.10122936852197406,18,0.25,0.0,0.030850475002463528,,0.0
noisy,0.47000000000000003,0.0,0.16580635220016388,18,0.25,0.0,0.052910400851460246,,0.0
noisy,0.56,0.0,0.1571729274996415,18,0.25,0.0,0.0414279291083752,,0.0
noisy,0.6499999999999999,0.0,0.14742047517056356,18,0.25,0.0,0.034511900161654605,,0.0
noisy,0.74,0.0,0.14679020003360918,18,0.25,0.0,0.03508868776322289,,0.0
noisy,0.8300000000000001,0.0,0.19674058901207014,18,0.25,0.0,0.046157238071331215,,0.0
noisy,0.9199999999999999,0.0,0.21203964709443504,18,0.25,0.0,0.04824504507611292,,0.0
noisy,1.01,0.0,0.17959550803780097,18,0.25,0.0,0.0494828604037545,,0.0
noisy,1.0999999999999999,0.0,0.22440025218651413,18,0.25,0.0,0.04943541977677805,,0.0
noisy,1.19,0.0,0.2319710530649802,18,0.25,0.0,0.05522247538887523,,0.0
noisy,1.28,0.0,0.2660620313119375,18,0.25,0.0,0.06785489712325884,,0.0
noisy,1.3699999999999999,0.0,0.3018152476143887,18,0.25,0.0,0.07373589891701617,,1.0
noisy,1.46,0.0,0.3368655397394374,18,0.25,0.0,0.08631005070533804,,0.0
noisy,1.5499999999999998,0.0,0.33286422858217896,18,0.25,0.0,0.07823853117045726,,0.0
noisy,1.64,0.0,0.020254389887613373,18,0.25,0.0,0.09359370624871242,,17.0
noisy,1.73,0.0,0.4364226137902109,18,0.25,0.0,0.10623125135784946,,0.0
noisy,1.8199999999999998,0.0,0.4011722621060803,18,0.25,0.0,0.09275765103588339,,0.0
noisy,1.91,0.0,0.45085060803073573,18,0.25,0.0,0.10930753991170468,,0.0
noisy,2.0,0.0,0.46946805553148435,18,0.25,0.0,0.10750673604047917,,0.0
noisy,0.2,0.0,0.11470024324450528,19,0.25,0.0,0.025896107577204792,,0.0
noisy,0.29000000000000004,0.0,0.04940767266643006,19,0.25,0.0,0.011515992805029232,,0.0
noisy,0.38,0.0,0.09857895798298323,19,0.25,0.0,0.022535768022339465,,0.0
noisy,0.47000000000000003,0.0,0.11486596071793105,19,0.25,0.0,0.031032012781676888,,0.0
noisy,0.56,0.0,0.14437505647778381,19,0.25,0.0,0.033625867858236416,,0.0
noisy,0.6499999999999999,0.0,0.12686354005746392,19,0.25,0.0,0.03534860245446094,,0.0
noisy,0.74,0.0,0.15918073530906016,19,0.25,0.0,0.03700084440473403,,0.0
noisy,0.8300000000000001,0.0,0.21260620915180609,19,0.25,0.0,0.07275169378416056,,0.0
noisy,0.9199999999999999,0.0,0.18540181897951177,19,0.25,0.0,0.055368167435084,,0.0
noisy,1.01,0.0,0.18885007545893776,19,0.25,0.0,0.05020057654012493,,0.0
noisy,1.0999999999999999,0.0,0.21384833178003446,19,0.25,0.0,0.05599654895101811,,0.0
noisy,1.19,0.0,0.22138395376879205,19,0.25,0.0,0.05665790156226555,,0.0
noisy,1.28,0.0,0.2308130357766851,19,0.25,0.0,0.051192988175712176,,0.0
noisy,1.3699999999999999,0.0,0.32523976504119534,19,0.25,0.0,0.07373603189404425,,0.0
noisy,1.46,0.0,0.3561097558321602,19,0.25,0.0,0.10089001427387588,,0.0
noisy,1.5499999999999998,0.0,0.3396107612284999,19,0.25,0.0,0.08013664708506148,,0.0
noisy,1.64,0.0,0.41120221642780636,19,0.25,0.0,0.09988405377828219,,0.0
noisy,1.73,0.0,0.37929995035620107,19,0.25,0.0,0.08722320357452902,,0.0
noisy,1.8199999999999998,0.0,0.47656158786858877,19,0.25,0.0,0.11735394598800322,,0.0
noisy,1.91,0.0,0.45953014745714427,19,0.25,0.0,0.13725674403955,,0.0
noisy,2.0,0.0,0.474829524082988,19,0.25,0.0,0.10854536127821454,,0.0
noisy,0.2,0.0,-0.059685849331611494,1,0.5,0.0,0.0,,861.0
noisy,0.29000000000000004,0.0,-0.05730111836536284,1,0.5,0.0,0.0,,827.0
noisy,0.38,0.0,-0.05248303398511689,1,0.5,0.0,0.0,,756.0
noisy,0.47000000000000003,0.0,-0.047832150187135845,1,0.5,0.0,0.0,,671.0
noisy,0.56,0.0,-0.044525523714356884,1,0.5,0.0,0.0,,612.0
noisy,0.6499999999999999,0.0,-0.035549215335081395,1,0.5,0.0,0.0,,574.0
noisy,0.74,0.0,-0.04173191340376187,1,0.5,0.0,0.0,,642.0
noisy,0.8300000000000001,0.0,-0.07173298942509075,1,0.5,0.0,0.0,,681.0
noisy,0.9199999999999999,0.0,-0.14011836197108746,1,0.5,0.0,0.0,,735.0
noisy,1.01,0.0,-0.17369526967956092,1,0.5,0.0,0.0,,786.0
noisy,1.0999999999999999,0.0,-0.2198787968588015,1,0.5,0.0,0.0,,720.0
noisy,1.19,0.0,-0.3999479082798576,1,0.5,0.0,0.0,,97.0
noisy,1.28,0.0,-0.26880415073260866,1,0.5,0.0,0.0,,216.0
noisy,1.3699999999999999,0.0,-0.33704395548374344,1,0.5,0.0,0.0,,62.0
noisy,1.46,0.0,-0.3542810930109561,1,0.5,0.0,0.0,,56.0
noisy,1.5499999999999998,0.0,-0.45547349186072944,1,0.5,0.0,0.0,,46.0
noisy,1.64,0.0,-0.30109429001046367,1,0.5,0.0,0.0,,39.0
noisy,1.73,0.0,-0.5753049908080649,1,0.5,0.0,0.0,,29.0
noisy,1.8199999999999998,0.0,-0.528480988322429,1,0.5,0.0,0.0,,14.0
noisy,1.91,0.0,-0.4904097288056151,1,0.5,0.0,0.0,,29.0
noisy,2.0,0.0,-0.6727470817516719,1,0.5,0.0,0.0,,31.0
noisy,0.2,0.0,-0.05994589258779692,2,0.5,0.0,0.0,,938.0
noisy,0.29000000000000004,0.0,-0.06050213620448761,2,0.5,0.0,0.0,,838.0
noisy,0.38,0.0,-0.05237384909797967,2,0.5,0.0,0.0,,726.0
noisy,0.47000000000000003,0.0,-0.04622357121437818,2,0.5,0.0,0.0,,688.0
noisy,0.56,0.0,-0.03527461968782867,2,0.5,0.0,0.0,,536.0
noisy,0.6499999999999999,0.0,-0.03270302886476938,2,0.5,0.0,0.0,,662.0
noisy,0.74,0.0,-0.04068501850497961,2,0.5,0.0,0.0,,626.0
noisy,0.8300000000000001,0.0,-0.0760001782643396,2,0.5,0.0,0.0,,738.0
noisy,0.9199999999999999,0.0,-0.13998053429957755,2,0.5,0.0,0.0,,790.0
noisy,1.01,0.0,-0.16340722585425335,2,0.5,0.0,0.0,,765.0
noisy,1.0999999999999999,0.0,-0.21366918602416854,2,0.5,0.0,0.0,,765.0
noisy,1.19,0.0,-0.219909095256552,2,0.5,0.0,0.0,,304.0
noisy,1.28,0.0,-0.3576695393993617,2,0.5,0.0,0.0,,91.0
noisy,1.3699999999999999,0.0,-0.3901446717381177,2,0.5,0.0,0.0,,51.0
noisy,1.46,0.0,-0.3575164059001139,2,0.5,0.0,0.0,,78.0
noisy,1.5499999999999998,0.0,-0.35992060247576657,2,0.5,0.0,0.0,,81.0
noisy,1.64,0.0,-0.5194293279325811,2,0.5,0.0,0.0,,13.0
noisy,1.73,0.0,-0.5943956214738148,2,0.5,0.0,0.0,,24.0
noisy,1.8199999999999998,0.0,-0.5955992599585708,2,0.5,0.0,0.0,,52.0
noisy,1.91,0.0,-0.8019621426107123,2,0.5,0.0,0.0,,19.0
noisy,2.0,0.0,-0.4391926436202383,2,0.5,0.0,0.0,,22.0
noisy,0.2,0.0,-0.05342484293381741,3,0.5,0.0,0.0,,0.0
noisy,0.29000000000000004,0.0,-0.05915624993320392,3,0.5,0.0,0.0,,0.0
noisy,0.38,0.0,-0.055369897394321195,3,0.5,0.0,0.0,,0.0
noisy,0.47000000000000003,0.0,-0.06593774863483046,3,0.5,0.0,0.0,,0.0
noisy,0.56,0.0,-0.04940469109665981,3,0.5,0.0,0.0,,0.0
noisy,0.6499999999999999,0.0,-0.0519572197874948,3,0.5,0.0,0.0,,0.0
noisy,0.74,0.0,-0.07267406220466925,3,0.5,0.0,0.0,,0.0
noisy,0.8300000000000001,0.0,-0.27061693511065205,3,0.5,0.0,0.0,,0.0
noisy,0.9199999999999999,0.0,-0.2830488821820143,3,0.5,0.0,0.0,,0.0
noisy,1.01,0.0,-0.6221993803085729,3,0.5,0.0,0.0,,0.0
noisy,1.0999999999999999,0.0,-0.5040699009609155,3,0.5,0.0,0.0,,0.0
noisy,1.19,0.0,-0.449028606833852,3,0.5,0.0,0.0,,0.0
noisy,1.28,0.0,-0.714471742003958,3,0.5,0.0,0.0,,0.0
noisy,1.3699999999999999,0.0,-0.7473973057437945,3,0.5,0.0,0.0,,0.0
noisy,1.46,0.0,-0.7612507654261526,3,0.5,0.0,0.0,,0.0
noisy,1.5499999999999998,0.0,-0.801545315563656,3,0.5,0.0,0.0,,0.0
noisy,1.64,0.0,-0.6900867980713158,3,0.5,0.0,0.0,,0.0
noisy,1.73,0.0,-0.8361187160788416,3,0.5,0.0,0.0,,0.0
noisy,1.8199999999999998,0.0,-0.8099401836661508,3,0.5,0.0,0.0,,0.0
noisy,1.91,0.0,-0.813589822820973,3,0.5,0.0,0.0,,0.0
noisy,2.0,0.0,-0.8326341654084928,3,0.5,0.0,0.0,,0.0
noisy,0.2,0.0,-0.0010285200468520294,4,0.5,0.3333333333333333,0.007633224785234526,,0.0
noisy,0.29000000000000004,0.0,-0.0012547937732916344,4,0.5,0.3333333333333333,0.006003246926144434,,0.0
noisy,0.38,0.0,-0.001150475559332372,4,0.5,0.0,0.0,,0.0
noisy,0.47000000000000003,0.0,-0.00012793506309052873,4,0.5,0.6666666666666666,0.02942845787019298,,0.0
noisy,0.56,0.0,0.0012337790253641827,4,0.5,1.0,0.03377852123284244,,0.0
noisy,0.6499999999999999,0.0,0.039341644327801094,4,0.5,0.0,0.17617517526860135,,0.0
noisy,0.74,0.0,0.06845791248947117,4,0.5,0.0,0.17720867574458493,,0.0
noisy,0.8300000000000001,0.0,0.09839422673279669,4,0.5,0.0,0.1764291215469176,,0.0
noisy,0.9199999999999999,0.0,0.11975392730141265,4,0.5,0.0,0.1768606351383738,,0.0
noisy,1.01,0.0,0.1346759352834895,4,0.5,0.0,0.1768740910698738,,0.0
noisy,1.0999999999999999,0.0,0.13243138040783053,4,0.5,0.0,0.1770988759343119,,0.0
noisy,1.19,0.0,0.15252213997705907,4,0.5,0.0,0.17697724140159515,,0.0
noisy,1.28,0.0,0.13805184736007534,4,0.5,0.0,0.17657302809526795,,0.0
noisy,1.3699999999999999,0.0,0.08813641998623951,4,0.5,0.0,0.17832522398690384,,0.0
noisy,1.46,0.0,0.039122163976221425,4,0.5,0.0,0.17861922016478646,,0.0
noisy,1.5499999999999998,0.0,-0.16089679273248608,4,0.5,0.0,0.1767700312818571,,0.0
noisy,1.64,0.0,-0.34683185859841337,4,0.5,0.0,0.0,,0.0
noisy,1.73,0.0,-0.310740490793314,4,0.5,0.0,0.0,,0.0
noisy,1.8199999999999998,0.0,-0.39639591711597016,4,0.5,0.0,0.0,,0.0
noisy,1.91,0.0,-0.4387125129575453,4,0.5,0.0,0.0,,0.0
noisy,2.0,0.0,-0.46827876673921937,4,0.5,0.0,0.0,,0.0
noisy,0.2,0.0,-0.6006103032885185,5,0.5,0.0,0.0,,0.0
noisy,0.29000000000000004,0.0,-0.6880045167268257,5,0.5,0.0,0.0,,0.0
noisy,0.38,0.0,-0.6869910250719639,5,0.5,0.0,0.0,,0.0
noisy,0.47000000000000003,0.0,-0.7481621171725447,5,0.5,0.0,0.0,,0.0
noisy,0.56,0.0,-0.713053348668541,5,0.5,0.0,0.0,,0.0
noisy,0.6499999999999999,0.0,-0.7434434294305547,5,0.5,0.0,0.0,,0.0
noisy,0.74,0.0,-0.700131786141795,5,0.5,0.0,0.0,,0.0
noisy,0.8300000000000001,0.0,-0.6638725022106778,5,0.5,0.0,0.0,,0.0
noisy,0.9199999999999999,0.0,-0.6077090310446452,5,0.5,0.0,0.0,,0.0
noisy,1.01,0.0,-0.6293550420846549,5,0.5,0.0,0.0,,0.0
noisy,1.0999999999999999,0.0,-0.6116999826103408,5,0.5,0.0,0.0,,0.0
noisy,1.19,0.0,-0.5455831630831194,5,0.5,0.0,0.0,,0.0
noisy,1.28,0.0,-0.5685731065726071,5,0.5,0.0,0.0,,0.0
noisy,1.3699999999999999,0.0,-0.47977383602152934,5,0.5,0.0,0.0,,0.0
noisy,1.46,0.0,-0.47079124563095026,5,0.5,0.0,0.0,,0.0
noisy,1.5499999999999998,0.0,-0.5384824630336569,5,0.5,0.0,0.0,,0.0
noisy,1.64,0.0,-0.5285566981624042,5,0.5,0.0,0.0,,0.0
noisy,1.73,0.0,-0.5184278018053161,5,0.5,0.0,0.0,,0.0
noisy,1.8199999999999998,0.0,-0.4657000739299672,5,0.5,0.0,0.0,,0.0
noisy,1.91,0.0,-0.4719766889092065,5,0.5,0.0,0.0,,0.0
noisy,2.0,0.0,-0.4533939449865243,5,0.5,0.0,0.0,,0.0
noisy,0.2,0.0,0.00867489086050678,6,0.5,0.0,0.0001525041164126992,,0.0
noisy,0.29000000000000004,0.0,0.023601170842220298,6,0.5,0.0,0.0002626005865019715,,0.0
noisy,0.38,0.0,0.03267181289193045,6,0.5,0.0,0.0004876512979174674,,0.0
noisy,0.47000000000000003,0.0,0.03953191842437942,6,0.5,0.0,0.0005923083434514712,,0.0
noisy,0.56,0.0,0.03448379971112237,6,0.5,0.0,0.0003898898994801974,,0.0
noisy,0.6499999999999999,0.0,0.02723644484830638,6,0.5,0.0,0.00034642707991797844,,0.0
noisy,0.74,0.0,0.04197412992958993,6,0.5,0.0,0.00048007621779648643,,0.0
noisy,0.8300000000000001,0.0,0.041154980507113685,6,0.5,0.0,0.0004549293560860753,,0.0
noisy,0.9199999999999999,0.0,0.04261540171534176,6,0.5,0.0,0.000492557002322826,,0.0
noisy,1.01,0.0,0.035883374865975,6,0.5,0.0,0.0004500843919869453,,0.0
noisy,1.0999999999999999,0.0,0.03719685958195248,6,0.5,0.0,0.00047741579535991017,,0.0
noisy,1.19,0.0,0.04068191464471961,6,0.5,0.0,0.00046721526357439776,,0.0
noisy,1.28,0.0,0.04121412447668845,6,0.5,0.0,0.0005549431264259411,,0.0
noisy,1.3699999999999999,0.0,0.04445087764587832,6,0.5,0.0,0.0005077636001669717,,0.0
noisy,1.46,0.0,0.04035684942938983,6,0.5,0.0,0.00044051765866577565,,0.0
noisy,1.5499999999999998,0.0,0.043079992089098906,6,0.5,0.0,0.0004449040603121854,,0.0
noisy,1.64,0.0,0.03306325527303151,6,0.5,0.0,0.0004018157600603316,,0.0
noisy,1.73,0.0,0.028745950428695138,6,0.5,0.0,0.00037146769147330933,,0.0
noisy,1.8199999999999998,0.0,0.028448457376116922,6,0.5,0.0,0.00037924859432277513,,0.0
noisy,1.91,0.0,0.037122103276236634,6,0.5,0.0,0.00047448492956947907,,0.0
noisy,2.0,0.0,0.019159582301524074,6,0.5,0.0,0.00032199495788722,,0.0
noisy,0.2,0.0,0.02503771947945969,7,0.5,0.0,0.0003464216846346543,,0.0
noisy,0.29000000000000004,0.0,0.01290598389162157,7,0.5,0.0,0.00019920155696602243,,0.0
noisy,0.38,0.0,0.025680049810852357,7,0.5,0.0,0.00034496233912153585,,0.0
noisy,0.47000000000000003,0.0,0.04511335956717442,7,0.5,0.0,0.00047829697920643877,,0.0
noisy,0.56,0.0,0.04162495861666223,7,0.5,0.0,0.0006106981515956122,,0.0
noisy,0.6499999999999999,0.0,0.03077210791463415,7,0.5,0.0,0.0004729595699007271,,0.0
noisy,0.74,0.0,0.03002642594378971,7,0.5,0.0,0.0004262269588814069,,0.0
noisy,0.8300000000000001,0.0,0.03971197592282765,7,0.5,0.0,0.000412719389059025,,0.0
noisy,0.9199999999999999,0.0,0.03149177154530634,7,0.5,0.0,0.0005434957365733597,,0.0
noisy,1.01,0.0,0.02710114203260007,7,0.5,0.0,0.00047056565576867834,,0.0
noisy,1.0999999999999999,0.0,0.037447662649691786,7,0.5,0.0,0.0004284075923512416,,0.0
noisy,1.19,0.0,0.03162175375569893,7,0.5,0.0,0.0005308944022688191,,0.0
noisy,1.28,0.0,0.018635608541781954,7,0.5,0.0,0.00030461069046849735,,0.0
noisy,1.3699999999999999,0.0,0.04235594089034955,7,0.5,0.0,0.0004731891057035473,,0.0
noisy,1.46,0.0,0.041799995326121255,7,0.5,0.0,0.00047015650670936403,,0.0
noisy,1.5499999999999998,0.0,0.020781171156989253,7,0.5,0.0,0.00030101466059145773,,0.0
noisy,1.64,0.0,0.0290607759617063,7,0.5,0.0,0.00032766135817762984,,0.0
noisy,1.73,0.0,0.023189638974498022,7,0.5,0.0,0.00033629307651433446,,0.0
noisy,1.8199999999999998,0.0,0.029040103650848928,7,0.5,0.0,0.0003639475941322999,,0.0
noisy,1.91,0.0,0.030652646423313622,7,0.5,0.0,0.0003170374996679504,,0.0
noisy,2.0,0.0,0.02614084314152112,7,0.5,0.0,0.0002992982279073175,,0.0
noisy,0.2,0.0,0.014267891920308853,8,0.5,0.0,0.00019023974561860126,,0.0
noisy,0.29000000000000004,0.0,0.014337415004761113,8,0.5,0.0,0.00022245913971740008,,0.0
noisy,0.38,0.0,0.023881096064425913,8,0.5,0.0,0.0003459736411446996,,0.0
noisy,0.47000000000000003,0.0,0.020670199538245105,8,0.5,0.0,0.00025406612932269145,,0.0
noisy,0.56,0.0,0.022077168640108367,8,0.5,0.0,0.00032640382969334345,,0.0
noisy,0.6499999999999999,0.0,0.032407330106896844,8,0.5,0.0,0.00037355970192645596,,0.0
noisy,0.74,0.0,0.024794232433847787,8,0.5,0.0,0.0002682286315679569,,0.0
noisy,0.8300000000000001,0.0,0.030688297925020896,8,0.5,0.0,0.0003228111827374713,,0.0
noisy,0.9199999999999999,0.0,0.03653047888847107,8,0.5,0.0,0.0003991115199224347,,0.0
noisy,1.01,0.0,0.032238653765109,8,0.5,0.0,0.0003509881953214271,,0.0
noisy,1.0999999999999999,0.0,0.03165665323105022,8,0.5,0.0,0.00035390169643736866,,0.0
noisy,1.19,0.0,0.028327979288631077,8,0.5,0.0,0.00034205403089125955,,0.0
noisy,1.28,0.0,0.03304061414318396,8,0.5,0.0,0.00036324387046542095,,0.0
noisy,1.3699999999999999,0.0,0.03127946567410741,8,0.5,0.0,0.00042317787760947305,,0.0
noisy,1.46,0.0,0.020708966131117695,8,0.5,0.0,0.00025231224980689753,,0.0
noisy,1.5499999999999998,0.0,0.026187987060982312,8,0.5,0.0,0.0003237646774405624,,0.0
noisy,1.64,0.0,0.02047990517681069,8,0.5,0.0,0.0002550683620754666,,0.0
noisy,1.73,0.0,0.02185017097520404,8,0.5,0.0,0.00023127901998199358,,0.0
noisy,1.8199999999999998,0.0,0.019410716454165654,8,0.5,0.0,0.0002501494059399871,,0.0
noisy,1.91,0.0,0.02073524737447201,8,0.5,0.0,0.0002643333405714047,,0.0
noisy,2.0,0.0,0.02102261603119011,8,0.5,0.0,0.0002551115611081822,,0.0
noisy,0.2,0.0,-0.15793687733947864,9,0.5,0.0,0.0,,0.0
noisy,0.29000000000000004,0.0,-0.15172428996190643,9,0.5,0.0,0.0,,0.0
noisy,0.38,0.0,-0.14814733680970066,9,0.5,0.0,0.0,,0.0
noisy,0.47000000000000003,0.0,-0.14010431283436517,9,0.5,0.0,0.0,,0.0
noisy,0.56,0.0,-0.1359330335988164,9,0.5,0.0,0.0,,0.0
noisy,0.6499999999999999,0.0,-0.1423643736510494,9,0.5,0.0,0.0,,0.0
noisy,0.74,0.0,-0.1357640852112492,9,0.5,0.0,0.0,,0.0
noisy,0.8300000000000001,0.0,-0.13871582703031368,9,0.5,0.0,0.0,,0.0
noisy,0.9199999999999999,0.0,-0.12974661784996466,9,0.5,0.0,0.0,,0.0
noisy,1.01,0.0,-0.13812882125462964,9,0.5,0.0,0.0,,0.0
noisy,1.0999999999999999,0.0,-0.13881579242975897,9,0.5,0.0,0.0,,0.0
noisy,1.19,0.0,-0.1444769099841491,9,0.5,0.0,0.0,,0.0
noisy,1.28,0.0,-0.14426413658056036,9,0.5,0.0,0.0,,0.0
noisy,1.3699999999999999,0.0,-0.13359904283598967,9,0.5,0.0,0.0,,0.0
noisy,1.46,0.0,-0.14585099123620737,9,0.5,0.0,0.0,,0.0
noisy,1.5499999999999998,0.0,-0.14806503024186637,9,0.5,0.0,0.0,,0.0
noisy,1.64,0.0,-0.14473856231530172,9,0.5,0.0,0.0,,0.0
noisy,1.73,0.0,-0.14749300145424943,9,0.5,0.0,0.0,,0.0
noisy,1.8199999999999998,0.0,-0.14823051669710444,9,0.5,0.0,0.0,,0.0
noisy,1.91,0.0,-0.14717392079538658,9,0.5,0.0,0.0,,0.0
noisy,2.0,0.0,-0.1407916474303383,9,0.5,0.0,0.0,,0.0
noisy,0.2,0.0,0.260822767501967,10,0.5,0.0,0.0027037085031848236,,0.0
noisy,0.29000000000000004,0.0,0.26213646070668245,10,0.5,0.0,0.002735874623242862,,0.0
noisy,0.38,0.0,0.2683447707193007,10,0.5,0.0,0.002754444003553196,,0.0
noisy,0.47000000000000003,0.0,0.2687325538077683,10,0.5,0.0,0.002819764289274428,,0.0
noisy,0.56,0.0,0.25153052827931294,10,0.5,0.0,0.0026167381776619906,,0.0
noisy,0.6499999999999999,0.0,0.23749882469102454,10,0.5,0.0,0.0025311112077177206,,0.0
noisy,0.74,0.0,0.24418230030419022,10,0.5,0.0,0.002544335654258328,,0.0
noisy,0.8300000000000001,0.0,0.2523445223861185,10,0.5,0.0,0.002630369590216989,,0.0
noisy,0.9199999999999999,0.0,0.2645274590817475,10,0.5,0.0,0.0026932914270299925,,0.0
noisy,1.01,0.0,0.27204153298241457,10,0.5,0.0,0.002771403395338581,,0.0
noisy,1.0999999999999999,0.0,0.27374184533060236,10,0.5,0.0,0.002791445902382535,,0.0
noisy,1.19,0.0,0.27088786296477524,10,0.5,0.0,0.0028070029930804207,,0.0
noisy,1.28,0.0,0.27375908985026154,10,0.5,0.0,0.0027917547716765443,,0.0
noisy,1.3699999999999999,0.0,0.260366558748311,10,0.5,0.0,0.0026859540939568652,,0.0
noisy,1.46,0.0,0.26841693213809564,10,0.5,0.0,0.0027143803399907354,,0.0
noisy,1.5499999999999998,0.0,0.2722874614668211,10,0.5,0.0,0.002779901010111411,,0.0
noisy,1.64,0.0,0.2674212010441062,10,0.5,0.0,0.002763699983207988,,0.0
noisy,1.73,0.0,0.2714440458079401,10,0.5,0.0,0.002785746322415054,,0.0
noisy,1.8199999999999998,0.0,0.26848098239251,10,0.5,0.0,0.0027759825254256394,,0.0
noisy,1.91,0.0,0.26250930787637045,10,0.5,0.0,0.0027831623492620304,,0.0
noisy,2.0,0.0,0.2686620746667416,10,0.5,0.0,0.002801633118012262,,0.0
noisy,0.2,0.0,-0.21543940765282607,11,0.5,0.0,0.0,,0.0
noisy,0.29000000000000004,0.0,-0.20125202593579716,11,0.5,0.0,0.0,,0.0
noisy,0.38,0.0,-0.20558603380653376,11,0.5,0.0,0.0,,0.0
noisy,0.47000000000000003,0.0,-0.20515677794883766,11,0.5,0.0,0.0,,0.0
noisy,0.56,0.0,-0.20180806690931663,11,0.5,0.0,0.0,,0.0
noisy,0.6499999999999999,0.0,-0.20978718929747284,11,0.5,0.0,0.0,,0.0
noisy,0.74,0.0,-0.20727271878872358,11,0.5,0.0,0.0,,0.0
noisy,0.8300000000000001,0.0,-0.2099739779864388,11,0.5,0.0,0.0,,0.0
noisy,0.9199999999999999,0.0,-0.19991011939104394,11,0.5,0.0,0.0,,0.0
noisy,1.01,0.0,-0.20380238886825064,11,0.5,0.0,0.0,,0.0
noisy,1.0999999999999999,0.0,-0.20155285513002674,11,0.5,0.0,0.0,,0.0
noisy,1.19,0.0,-0.20504298002969168,11,0.5,0.0,0.0,,0.0
noisy,1.28,0.0,-0.2019536191797118,11,0.5,0.0,0.0,,0.0
noisy,1.3699999999999999,0.0,-0.20746033382661802,11,0.5,0.0,0.0,,0.0
noisy,1.46,0.0,-0.21704394473315933,11,0.5,0.0,0.0,,0.0
noisy,1.5499999999999998,0.0,-0.20730133205749016,11,0.5,0.0,0.0,,0.0
noisy,1.64,0.0,-0.20295190498737295,11,0.5,0.0,0.0,,0.0
noisy,1.73,0.0,-0.20910412617156818,11,0.5,0.0,0.0,,0.0
noisy,1.8199999999999998,0.0,-0.2149883166751461,11,0.5,0.0,0.0,,0.0
noisy,1.91,0.0,-0.20348047137857708,11,0.5,0.0,0.0,,0.0
noisy,2.0,0.0,-0.20830740971455305,11,0.5,0.0,0.0,,0.0
noisy,0.2,0.0,-0.02942173317026206,12,0.5,0.0,0.0,,0.0
noisy,0.29000000000000004,0.0,-0.035302242401633016,12,0.5,0.0,0.0,,0.0
noisy,0.38,0.0,-0.02722562362501198,12,0.5,0.0,0.0,,0.0
noisy,0.47000000000000003,0.0,-0.022438579694392464,12,0.5,0.0,0.0,,0.0
noisy,0.56,0.0,-0.014747934765520526,12,0.5,0.0,0.0,,0.0
noisy,0.6499999999999999,0.0,-0.02334462516749286,12,0.5,0.0,0.0,,0.0
noisy,0.74,0.0,-0.013096804449548876,12,0.5,0.0,0.0,,0.0
noisy,0.8300000000000001,0.0,-0.005575616767174444,12,0.5,0.0,0.0,,0.0
noisy,0.9199999999999999,0.0,-0.005528721482316906,12,0.5,0.0,0.0,,0.0
noisy,1.01,0.0,-0.0046314016594685104,12,0.5,0.0,4.513836579985649e-05,,0.0
noisy,1.0999999999999999,0.0,0.002926563198706459,12,0.5,0.0,5.143776998599284e-05,,0.0
noisy,1.19,0.0,0.0011543961188677139,12,0.5,0.0,2.7007378995112634e-05,,0.0
noisy,1.28,0.0,0.0003036518106806609,12,0.5,0.0,2.488769290609559e-05,,0.0
noisy,1.3699999999999999,0.0,0.001542627945023291,12,0.5,0.0,4.946799406426341e-05,,0.0
noisy,1.46,0.0,0.0007773896594108848,12,0.5,0.0,8.065800047977368e-05,,0.0
noisy,1.5499999999999998,0.0,-8.222013371261712e-05,12,0.5,0.0,2.5460936433038758e-05,,0.0
noisy,1.64,0.0,-0.0033453335155566506,12,0.5,0.0,3.0670677940325564e-05,,0.0
noisy,1.73,0.0,0.0025134209652855526,12,0.5,0.0,0.00010507273338058586,,0.0
noisy,1.8199999999999998,0.0,0.0014069759103702447,12,0.5,0.0,2.1768326057959074e-05,,0.0
noisy,1.91,0.0,0.002832557825748531,12,0.5,0.0,9.642342717921206e-05,,0.0
noisy,2.0,0.0,0.0005078070645406005,12,0.5,0.0,4.6029529088539876e-05,,0.0
noisy,0.2,0.0,0.01199086020614886,13,0.5,0.0,0.00016258140304352262,,0.0
noisy,0.29000000000000004,0.0,0.011562361123857919,13,0.5,0.0,0.00014034780838619975,,0.0
noisy,0.38,0.0,0.025010371825039387,13,0.5,0.0,0.00035493440411846433,,0.0
noisy,0.47000000000000003,0.0,0.026328905528018212,13,0.5,0.0,0.00029559992872792195,,0.0
noisy,0.56,0.0,0.02281504754131106,13,0.5,0.0,0.00033852007153517143,,0.0
noisy,0.6499999999999999,0.0,0.027649194804285588,13,0.5,0.0,0.0003230504500152032,,0.0
noisy,0.74,0.0,0.02187496043520983,13,0.5,0.0,0.000273479257847877,,0.0
noisy,0.8300000000000001,0.0,0.025638288689717303,13,0.5,0.0,0.0002931139079780166,,0.0
noisy,0.9199999999999999,0.0,0.027628964753245083,13,0.5,0.0,0.000295154923579994,,0.0
noisy,1.01,0.0,0.025782347890129387,13,0.5,0.0,0.0002790587437403494,,0.0
noisy,1.0999999999999999,0.0,0.024686924643171793,13,0.5,0.0,0.0002920273354193447,,0.0
noisy,1.19,0.0,0.02944273153454054,13,0.5,0.0,0.00033967307602031317,,0.0
noisy,1.28,0.0,0.03141110386096332,13,0.5,0.0,0.00042441015285771917,,0.0
noisy,1.3699999999999999,0.0,0.025692057350862305,13,0.5,0.0,0.00027592049825207174,,0.0
noisy,1.46,0.0,0.024853821591406634,13,0.5,0.0,0.000271606215517876,,0.0
noisy,1.5499999999999998,0.0,0.027121908796816783,13,0.5,0.0,0.00030582112748140484,,0.0
noisy,1.64,0.0,0.023009272013285464,13,0.5,0.0,0.0002537098766634551,,0.0
noisy,1.73,0.0,0.02078830827006135,13,0.5,0.0,0.0002492060851034748,,0.0
noisy,1.8199999999999998,0.0,0.022659382111577697,13,0.5,0.0,0.00027956012555142395,,0.0
noisy,1.91,0.0,0.027621958064324135,13,0.5,0.0,0.00030334426182199593,,0.0
noisy,2.0,0.0,0.023596044254365012,13,0.5,0.0,0.0002635732094497587,,0.0
noisy,0.2,0.0,0.018272300432629993,14,0.5,0.0,0.00026569423390211645,,0.0
noisy,0.29000000000000004,0.0,0.02291169922307423,14,0.5,0.0,0.0003130629019912754,,0.0
noisy,0.38,0.0,0.04199207403070671,14,0.5,0.0,0.0004711439206268761,,0.0
noisy,0.47000000000000003,0.0,0.03660240437486873,14,0.5,0.0,0.0005416394284612572,,0.0
noisy,0.56,0.0,0.03996064476877586,14,0.5,0.0,0.0005353838657572782,,0.0
noisy,0.6499999999999999,0.0,0.0351212011224011,14,0.5,0.0,0.0003750812658228094,,0.0
noisy,0.74,0.0,0.026569080431600556,14,0.5,0.0,0.00032680152027029943,,0.0
noisy,0.8300000000000001,0.0,0.033243499175028966,14,0.5,0.0,0.0003575299079335205,,0.0
noisy,0.9199999999999999,0.0,0.03335140665967771,14,0.5,0.0,0.0003869847372515596,,0.0
noisy,1.01,0.0,0.03208139387398454,14,0.5,0.0,0.00036775201819032305,,0.0
noisy,1.0999999999999999,0.0,0.030071588613962617,14,0.5,0.0,0.00041951041813779625,,0.0
noisy,1.19,0.0,0.028407537460645865,14,0.5,0.0,0.0003183692719813939,,0.0
noisy,1.28,0.0,0.024164597376986185,14,0.5,0.0,0.0003540900937642203,,0.0
noisy,1.3699999999999999,0.0,0.027818384190399382,14,0.5,0.0,0.00031038143595576523,,0.0
noisy,1.46,0.0,0.029331265363515362,14,0.5,0.0,0.0003263756653326559,,0.0
noisy,1.5499999999999998,0.0,0.02236879441902233,14,0.5,0.0,0.00023039743002645858,,0.0
noisy,1.64,0.0,0.02754306588927981,14,0.5,0.0,0.0004092489259983679,,0.0
noisy,1.73,0.0,0.02007726632780663,14,0.5,0.0,0.0002364257059176852,,0.0
noisy,1.8199999999999998,0.0,0.03061767833594403,14,0.5,0.0,0.0003812523974415169,,0.0
noisy,1.91,0.0,0.028183949757875762,14,0.5,0.0,0.00029087066671705476,,0.0
noisy,2.0,0.0,0.02507086182718057,14,0.5,0.0,0.00030942789519807515,,0.0
noisy,0.2,0.0,0.025714984971471355,15,0.5,0.0,0.000289201642792544,,0.0
noisy,0.29000000000000004,0.0,0.02159122015151296,15,0.5,0.0,0.0003023018693647052,,0.0
noisy,0.38,0.0,0.02462467265144162,15,0.5,0.0,0.00028572785811928326,,0.0
noisy,0.47000000000000003,0.0,0.035703639544541026,15,0.5,0.0,0.00036742213742444157,,0.0
noisy,0.56,0.0,0.032387968452599565,15,0.5,0.0,0.00035832954182505976,,0.0
noisy,0.6499999999999999,0.0,0.023748577999481057,15,0.5,0.0,0.0003601550598853218,,0.0
noisy,0.74,0.0,0.023884307843562696,15,0.5,0.0,0.00032396750470579336,,0.0
noisy,0.8300000000000001,0.0,0.020587576957548617,15,0.5,0.0,0.00026588064210107687,,0.0
noisy,0.9199999999999999,0.0,0.02836562168375689,15,0.5,0.0,0.00042245170176207327,,0.0
noisy,1.01,0.0,0.024468661702680028,15,0.5,0.0,0.00031719374209285473,,0.0
noisy,1.0999999999999999,0.0,0.015315818507025215,15,0.5,0.0,0.00021602500026536692,,0.0
noisy,1.19,0.0,0.02093218051173837,15,0.5,0.0,0.00023171897395492594,,0.0
noisy,1.28,0.0,0.024741384897840488,15,0.5,0.0,0.0003450768965648421,,0.0
noisy,1.3699999999999999,0.0,0.0265698710446647,15,0.5,0.0,0.0002891619523789903,,0.0
noisy,1.46,0.0,0.023816787548073152,15,0.5,0.0,0.00025567996665513677,,0.0
noisy,1.5499999999999998,0.0,0.019770963629718117,15,0.5,0.0,0.00022395377449235457,,0.0
noisy,1.64,0.0,0.022032202220808112,15,0.5,0.0,0.0002597582475632952,,0.0
noisy,1.73,0.0,0.020687641587190237,15,0.5,0.0,0.0002683814856039463,,0.0
noisy,1.8199999999999998,0.0,0.024071550756164368,15,0.5,0.0,0.000254854979304154,,0.0
noisy,1.91,0.0,0.02340209698186067,15,0.5,0.0,0.0002873927947774581,,0.0
noisy,2.0,0.0,0.023299963056637906,15,0.5,0.0,0.00024992459673913613,,0.0
noisy,0.2,0.0,-0.6393569408651271,16,0.5,0.0,0.0,,0.0
noisy,0.29000000000000004,0.0,-0.638896805218537,16,0.5,0.0,0.0,,0.0
noisy,0.38,0.0,-0.6378580781954243,16,0.5,0.0,0.0,,0.0
noisy,0.47000000000000003,0.0,-0.6387290068241628,16,0.5,0.0,0.0,,0.0
noisy,0.56,0.0,-0.6406690568560448,16,0.5,0.0,0.0,,0.0
noisy,0.6499999999999999,0.0,-0.6382621772002762,16,0.5,0.0,0.0,,0.0
noisy,0.74,0.0,-0.6386242253212052,16,0.5,0.0,0.0,,0.0
noisy,0.8300000000000001,0.0,-0.6392312633712772,16,0.5,0.0,0.0,,0.0
noisy,0.9199999999999999,0.0,-0.6404226817660902,16,0.5,0.0,0.0,,0.0
noisy,1.01,0.0,-0.6398944919939901,16,0.5,0.0,0.0,,0.0
noisy,1.0999999999999999,0.0,-0.6401470186485995,16,0.5,0.0,0.0,,0.0
noisy,1.19,0.0,-0.638990676793522,16,0.5,0.0,0.0,,0.0
noisy,1.28,0.0,-0.6383803453739922,16,0.5,0.0,0.0,,0.0
noisy,1.3699999999999999,0.0,-0.6391372260700718,16,0.5,0.0,0.0,,0.0
noisy,1.46,0.0,-0.6373389419432296,16,0.5,0.0,0.0,,0.0
noisy,1.5499999999999998,0.0,-0.6381168866619803,16,0.5,0.0,0.0,,0.0
noisy,1.64,0.0,-0.6376475334447335,16,0.5,0.0,0.0,,0.0
noisy,1.73,0.0,-0.6380180273392339,16,0.5,0.0,0.0,,0.0
noisy,1.8199999999999998,0.0,-0.6373519039395789,16,0.5,0.0,0.0,,0.0
noisy,1.91,0.0,-0.6378170918605649,16,0.5,0.0,0.0,,0.0
noisy,2.0,0.0,-0.6377723966114396,16,0.5,0.0,0.0,,0.0
noisy,0.2,0.0,-0.015834563690402665,17,0.5,0.0,0.0,,0.0
noisy,0.29000000000000004,0.0,-0.015809940127786973,17,0.5,0.0,0.0,,0.0
noisy,0.38,0.0,-0.01578551205612817,17,0.5,0.0,0.0,,0.0
noisy,0.47000000000000003,0.0,-0.015791438363789143,17,0.5,0.0,0.0,,0.0
noisy,0.56,0.0,-0.015785159423732997,17,0.5,0.0,0.0,,0.0
noisy,0.6499999999999999,0.0,-0.01581191785814703,17,0.5,0.0,0.0,,0.0
noisy,0.74,0.0,-0.015800600500135778,17,0.5,0.0,0.0,,0.0
noisy,0.8300000000000001,0.0,-0.01582253661301923,17,0.5,0.0,0.0,,0.0
noisy,0.9199999999999999,0.0,-0.015804976278527085,17,0.5,0.0,0.0,,0.0
noisy,1.01,0.0,-0.015822598164440812,17,0.5,0.0,0.0,,0.0
noisy,1.0999999999999999,0.0,-0.01581604804769177,17,0.5,0.0,0.0,,0.0
noisy,1.19,0.0,-0.01581481695509109,17,0.5,0.0,0.0,,0.0
noisy,1.28,0.0,-0.015799225938205586,17,0.5,0.0,0.0,,0.0
noisy,1.3699999999999999,0.0,-0.015816133753958895,17,0.5,0.0,0.0,,0.0
noisy,1.46,0.0,-0.015839056538758417,17,0.5,0.0,0.0,,0.0
noisy,1.5499999999999998,0.0,-0.015869932901384404,17,0.5,0.0,0.0,,0.0
noisy,1.64,0.0,-0.015855969056160966,17,0.5,0.0,0.0,,0.0
noisy,1.73,0.0,-0.01587236805192442,17,0.5,0.0,0.0,,0.0
noisy,1.8199999999999998,0.0,-0.01584731115988187,17,0.5,0.0,0.0,,0.0
noisy,1.91,0.0,-0.01584143749450884,17,0.5,0.0,0.0,,0.0
noisy,2.0,0.0,-0.015890302362014313,17,0.5,0.0,0.0,,0.0
noisy,0.2,0.0,-0.8546887782518481,18,0.5,0.0,0.0,,0.0
noisy,0.29000000000000004,0.0,-0.8547104435705147,18,0.5,0.0,0.0,,0.0
noisy,0.38,0.0,-0.8544733254942029,18,0.5,0.0,0.0,,0.0
noisy,0.47000000000000003,0.0,-0.8544316355907435,18,0.5,0.0,0.0,,0.0
noisy,0.56,0.0,-0.8545857613058359,18,0.5,0.0,0.0,,0.0
noisy,0.6499999999999999,0.0,-0.8545368991809089,18,0.5,0.0,0.0,,0.0
noisy,0.74,0.0,-0.8545934363369861,18,0.5,0.0,0.0,,0.0
noisy,0.8300000000000001,0.0,-0.8548792887764446,18,0.5,0.0,0.0,,0.0
noisy,0.9199999999999999,0.0,-0.8547397677994436,18,0.5,0.0,0.0,,0.0
noisy,1.01,0.0,-0.8544084699081292,18,0.5,0.0,0.0,,0.0
noisy,1.0999999999999999,0.0,-0.8549541672877,18,0.5,0.0,0.0,,0.0
noisy,1.19,0.0,-0.8546543699422487,18,0.5,0.0,0.0,,0.0
noisy,1.28,0.0,-0.8550194040665762,18,0.5,0.0,0.0,,0.0
noisy,1.3699999999999999,0.0,-0.8549728273808076,18,0.5,0.0,0.0,,0.0
noisy,1.46,0.0,-0.8549193362022095,18,0.5,0.0,0.0,,0.0
noisy,1.5499999999999998,0.0,-0.8551823548388832,18,0.5,0.0,0.0,,0.0
noisy,1.64,0.0,-0.8554346353306298,18,0.5,0.0,0.0,,0.0
noisy,1.73,0.0,-0.8554404602408746,18,0.5,0.0,0.0,,0.0
noisy,1.8199999999999998,0.0,-0.8552528307442859,18,0.5,0.0,0.0,,0.0
noisy,1.91,0.0,-0.8551743298239766,18,0.5,0.0,0.0,,0.0
noisy,2.0,0.0,-0.8555256669684822,18,0.5,0.0,0.0,,0.0
noisy,0.2,0.0,0.02993800493251524,19,0.5,0.0,0.0004889562326494363,,0.0
noisy,0.29000000000000004,0.0,0.030156584348973208,19,0.5,0.0,0.00034292248835049183,,0.0
noisy,0.38,0.0,0.026319068258436024,19,0.5,0.0,0.00037448241230691174,,0.0
noisy,0.47000000000000003,0.0,0.04082518926862657,19,0.5,0.0,0.00048722315669403384,,0.0
noisy,0.56,0.0,0.03232629909045464,19,0.5,0.0,0.0004250706910770936,,0.0
noisy,0.6499999999999999,0.0,0.03714470410320137,19,0.5,0.0,0.0003878852957136152,,0.0
noisy,0.74,0.0,0.04480868792085818,19,0.5,0.0,0.0004911793019858473,,0.0
noisy,0.8300000000000001,0.0,0.03350151024863157,19,0.5,0.0,0.00048381503198276427,,0.0
noisy,0.9199999999999999,0.0,0.03996397998545328,19,0.5,0.0,0.00045263054675307904,,0.0
noisy,1.01,0.0,0.03403304437242946,19,0.5,0.0,0.0004348375287042538,,0.0
noisy,1.0999999999999999,0.0,0.03905887240972148,19,0.5,0.0,0.00042560815305650904,,0.0
noisy,1.19,0.0,0.04057651164842646,19,0.5,0.0,0.000438483260168412,,0.0
noisy,1.28,0.0,0.04052422705600985,19,0.5,0.0,0.00044908356686330594,,0.0
noisy,1.3699999999999999,0.0,0.03550682950771585,19,0.5,0.0,0.00041826672598615155,,0.0
noisy,1.46,0.0,0.03796463395358871,19,0.5,0.0,0.00042931107453335083,,0.0
noisy,1.5499999999999998,0.0,0.042082198423214284,19,0.5,0.0,0.0004707105728255571,,0.0
noisy,1.64,0.0,0.028563414744692497,19,0.5,0.0,0.0003733759969223922,,0.0
noisy,1.73,0.0,0.031556206446797824,19,0.5,0.0,0.00041011774854289926,,0.0
noisy,1.8199999999999998,0.0,0.030319626955180857,19,0.5,0.0,0.0003558169117381675,,0.0
noisy,1.91,0.0,0.03836024942194589,19,0.5,0.0,0.0004311266950030147,,0.0
noisy,2.0,0.0,0.036851034673752975,19,0.5,0.0,0.0004358565972919391,,0.0
noisy,0.2,0.0,0.19787416293556612,1,1.0,1.0,4.03403834175133,,336.0
noisy,0.29000000000000004,0.0,0.29387893736305554,1,1.0,1.0,6.146126860150697,,351.0
noisy,0.38,0.0,0.37316876781118263,1,1.0,1.0,7.506037979107456,,407.0
noisy,0.47000000000000003,0.0,0.4644515613786191,1,1.0,1.0,9.318619475472152,,405.0
noisy,0.56,0.0,0.5589278642478291,1,1.0,1.0,9.905722303274706,,460.0
noisy,0.6499999999999999,0.0,0.6396062416248957,1,1.0,1.0,9.906337418646768,,388.0
noisy,0.74,0.0,0.7267352428651529,1,1.0,1.0,9.907402921295242,,379.0
noisy,0.8300000000000001,0.0,0.8139460735594133,1,1.0,1.0,9.90416039342784,,337.0
noisy,0.9199999999999999,0.0,0.9027051674411247,1,1.0,1.0,9.904230274600376,,335.0
noisy,1.01,0.0,0.9953143821079986,1,1.0,1.0,9.909373545867165,,326.0
noisy,1.0999999999999999,0.0,1.0840304476138851,1,1.0,1.0,9.909930431879474,,281.0
noisy,1.19,0.0,1.1602690602008507,1,1.0,1.0,9.90538846386496,,263.0
noisy,1.28,0.0,1.2453512798482314,1,1.0,1.0,9.912732601765965,,295.0
noisy,1.3699999999999999,0.0,1.339245900731598,1,1.0,1.0,9.90893642815826,,262.0
noisy,1.46,0.0,1.4190892340273444,1,1.0,1.0,9.911953182829782,,235.0
noisy,1.5499999999999998,0.0,1.5087348790458182,1,1.0,1.0,9.915270082952073,,209.0
noisy,1.64,0.0,1.5864737038304264,1,1.0,1.0,9.915172479346843,,205.0
noisy,1.73,0.0,1.6702359071516666,1,1.0,1.0,9.913558802674762,,190.0
noisy,1.8199999999999998,0.0,1.7628622634677598,1,1.0,1.0,9.917835558146496,,184.0
noisy,1.91,0.0,1.85084027928591,1,1.0,1.0,9.915254325074404,,156.0
noisy,2.0,0.0,1.9224450137947624,1,1.0,1.0,9.919519023511567,,164.0
noisy,0.2,0.0,0.18750378018233463,2,1.0,1.0,4.068537919705296,,274.0
noisy,0.29000000000000004,0.0,0.286910541264965,2,1.0,1.0,5.837157541221576,,371.0
noisy,0.38,0.0,0.38349966286834286,2,1.0,1.0,7.72654523717684,,428.0
noisy,0.47000000000000003,0.0,0.4626694254082473,2,1.0,1.0,9.366516591884702,,447.0
noisy,0.56,0.0,0.5514899599802946,2,1.0,1.0,9.903811155809425,,424.0
noisy,0.6499999999999999,0.0,0.6391157551407439,2,1.0,1.0,9.90571455337521,,381.0
noisy,0.74,0.0,0.7210307116508851,2,1.0,1.0,9.902394725630879,,413.0
noisy,0.8300000000000001,0.0,0.8210579834405598,2,1.0,1.0,9.905534134630967,,285.0
noisy,0.9199999999999999,0.0,0.9070445588616933,2,1.0,1.0,9.90278465407182,,302.0
noisy,1.01,0.0,0.9846518889707822,2,1.0,1.0,9.906436944047066,,340.0
noisy,1.0999999999999999,0.0,1.0757045554983642,2,1.0,1.0,9.9086844286511,,246.0
noisy,1.19,0.0,1.1564322613509492,2,1.0,1.0,9.906555559152194,,248.0
noisy,1.28,0.0,1.2463975704792867,2,1.0,1.0,9.911696656705217,,230.0
noisy,1.3699999999999999,0.0,1.2120065192638647,2,1.0,0.6666666666666666,9.902526899131704,,246.0
noisy,1.46,0.0,1.4223927674062935,2,1.0,1.0,9.912346965880976,,242.0
noisy,1.5499999999999998,0.0,1.5083641763790778,2,1.0,1.0,9.913807605334014,,198.0
noisy,1.64,0.0,1.5988258334620928,2,1.0,1.0,9.915432568024208,,192.0
noisy,1.73,0.0,1.6756006698339725,2,1.0,1.0,9.906766840775663,,191.0
noisy,1.8199999999999998,0.0,1.7517675523072234,2,1.0,1.0,9.914135347467122,,183.0
noisy,1.91,0.0,1.8547843922657314,2,1.0,1.0,9.917010042754624,,176.0
noisy,2.0,0.0,1.9274412848332325,2,1.0,1.0,9.915988525956967,,134.0
noisy,0.2,0.0,0.1979861066960447,3,1.0,1.0,3.982593687863222,,309.0
noisy,0.29000000000000004,0.0,0.28521922231504193,3,1.0,1.0,5.788573587395798,,364.0
noisy,0.38,0.0,0.37584323302977846,3,1.0,1.0,7.540496067433788,,401.0
noisy,0.47000000000000003,0.0,0.4643920879692532,3,1.0,1.0,9.417340004991361,,460.0
noisy,0.56,0.0,0.5505962394068474,3,1.0,1.0,9.904522557185825,,445.0
noisy,0.6499999999999999,0.0,0.6382262655548127,3,1.0,1.0,9.904536488570015,,378.0
noisy,0.74,0.0,0.725923725751147,3,1.0,1.0,9.902124883129169,,389.0
noisy,0.8300000000000001,0.0,0.8138439767984499,3,1.0,1.0,9.907413557636724,,366.0
noisy,0.9199999999999999,0.0,0.9089911393330494,3,1.0,1.0,9.908137905768795,,300.0
noisy,1.01,0.0,0.9845506618273191,3,1.0,1.0,9.908651527877888,,291.0
noisy,1.0999999999999999,0.0,1.074851071059115,3,1.0,1.0,9.906506202154638,,277.0
noisy,1.19,0.0,1.1586058698469908,3,1.0,1.0,9.90883992555926,,289.0
noisy,1.28,0.0,1.2474977643051648,3,1.0,1.0,9.9074676492198,,236.0
noisy,1.3699999999999999,0.0,1.3452275444990576,3,1.0,1.0,9.90785419354706,,251.0
noisy,1.46,0.0,1.4300179768182542,3,1.0,1.0,9.907592041727147,,232.0
noisy,1.5499999999999998,0.0,1.5055095447462354,3,1.0,1.0,9.913752949897786,,231.0
noisy,1.64,0.0,1.6038543226341215,3,1.0,1.0,9.914706502361577,,199.0
noisy,1.73,0.0,1.619936091811358,3,1.0,0.6666666666666666,9.914211826511087,,188.0
noisy,1.8199999999999998,0.0,1.7524599811360122,3,1.0,1.0,9.90894700540064,,184.0
noisy,1.91,0.0,1.84058078223084,3,1.0,1.0,9.903785974578962,,169.0
noisy,2.0,0.0,1.9209773961445133,3,1.0,1.0,9.91502242052291,,156.0
noisy,0.2,0.0,0.19724784574701107,4,1.0,1.0,4.068825384252881,,298.0
noisy,0.29000000000000004,0.0,0.2896157560079491,4,1.0,1.0,5.913507533947077,,388.0
noisy,0.38,0.0,0.3748136392812009,4,1.0,1.0,7.552082213685709,,403.0
noisy,0.47000000000000003,0.0,0.4637054002178313,4,1.0,1.0,9.343547262658412,,459.0
noisy,0.56,0.0,0.5498937266609785,4,1.0,1.0,9.905699599031866,,410.0
noisy,0.6499999999999999,0.0,0.6379567992280545,4,1.0,1.0,9.90560226031376,,403.0
noisy,0.74,0.0,0.7288507149279134,4,1.0,1.0,9.906876475228405,,388.0
noisy,0.8300000000000001,0.0,0.8158538748133388,4,1.0,1.0,9.905294261615413,,355.0
noisy,0.9199999999999999,0.0,0.9023851430488419,4,1.0,1.0,9.907152700712645,,338.0
noisy,1.01,0.0,0.9916471551757507,4,1.0,1.0,9.906115806522408,,306.0
noisy,1.0999999999999999,0.0,1.0836754208666093,4,1.0,1.0,9.907179099894845,,275.0
noisy,1.19,0.0,1.1635256615508027,4,1.0,1.0,9.907511871416059,,271.0
noisy,1.28,0.0,1.249181375597287,4,1.0,1.0,9.91164854030394,,261.0
noisy,1.3699999999999999,0.0,1.3278811324404767,4,1.0,1.0,9.910545200022133,,236.0
noisy,1.46,0.0,1.4300968225204482,4,1.0,1.0,9.911452403349456,,217.0
noisy,1.5499999999999998,0.0,1.5146067074346738,4,1.0,1.0,9.912454283791028,,222.0
noisy,1.64,0.0,1.5963834615246586,4,1.0,1.0,9.91270973940809,,196.0
noisy,1.73,0.0,1.6801054980315329,4,1.0,1.0,9.91735385140994,,182.0
noisy,1.8199999999999998,0.0,1.7619551810545404,4,1.0,1.0,9.915574016088723,,178.0
noisy,1.91,0.0,1.850178364496322,4,1.0,1.0,9.91872183350747,,170.0
noisy,2.0,0.0,1.9364363427721285,4,1.0,1.0,9.917721680185085,,142.0
noisy,0.2,0.0,0.19995808944155144,5,1.0,1.0,4.057993131632362,,307.0
noisy,0.29000000000000004,0.0,0.2890782567170263,5,1.0,1.0,5.868654612117307,,305.0
noisy,0.38,0.0,0.37848946150945717,5,1.0,1.0,7.708024162584656,,409.0
noisy,0.47000000000000003,0.0,0.46670330265926196,5,1.0,1.0,9.383940939403258,,462.0
noisy,0.56,0.0,0.5518918048757118,5,1.0,1.0,9.905205664346354,,452.0
noisy,0.6499999999999999,0.0,0.6408443375199574,5,1.0,1.0,9.90627204977259,,404.0
noisy,0.74,0.0,0.7235855821978129,5,1.0,1.0,9.907269437756069,,432.0
noisy,0.8300000000000001,0.0,0.8110194625880598,5,1.0,1.0,9.908401208187568,,363.0
noisy,0.9199999999999999,0.0,0.89870620989661,5,1.0,1.0,9.905835071460414,,319.0
noisy,1.01,0.0,0.9883591283759867,5,1.0,1.0,9.909462870633917,,294.0
noisy,1.0999999999999999,0.0,1.0744894050782186,5,1.0,1.0,9.909953157778661,,281.0
noisy,1.19,0.0,1.1595223787076459,5,1.0,1.0,9.902546006037344,,289.0
noisy,1.28,0.0,1.252984592203792,5,1.0,1.0,9.909702588063213,,252.0
noisy,1.3699999999999999,0.0,1.3485121879511357,5,1.0,1.0,9.914057665979584,,235.0
noisy,1.46,0.0,1.4255556070751576,5,1.0,1.0,9.910240307735323,,208.0
noisy,1.5499999999999998,0.0,1.5132622410977061,5,1.0,1.0,9.912300940094486,,205.0
noisy,1.64,0.0,1.5860235257423776,5,1.0,1.0,9.91223820564467,,201.0
noisy,1.73,0.0,1.6764134687070171,5,1.0,1.0,9.914060286063041,,179.0
noisy,1.8199999999999998,0.0,1.7551403011689526,5,1.0,1.0,9.9074989070808,,179.0
noisy,1.91,0.0,1.8492032930776965,5,1.0,1.0,9.91256152910899,,147.0
noisy,2.0,0.0,1.924060988512175,5,1.0,1.0,9.911982361896664,,153.0
noisy,0.2,0.0,0.19646221429055813,6,1.0,1.0,3.9879500785012425,,235.0
noisy,0.29000000000000004,0.0,0.2865946354455366,6,1.0,1.0,5.806015170747855,,299.0
noisy,0.38,0.0,0.37818766155692374,6,1.0,1.0,7.700073749097902,,413.0
noisy,0.47000000000000003,0.0,0.46037310663642733,6,1.0,1.0,9.263357321174247,,446.0
noisy,0.56,0.0,0.5553827544175868,6,1.0,1.0,9.904264037313899,,447.0
noisy,0.6499999999999999,0.0,0.6381268103364715,6,1.0,1.0,9.904580725562646,,359.0
noisy,0.74,0.0,0.7290846474157755,6,1.0,1.0,9.907674538225272,,342.0
noisy,0.8300000000000001,0.0,0.8153311085620185,6,1.0,1.0,9.905211222219844,,349.0
noisy,0.9199999999999999,0.0,0.9075927727424177,6,1.0,1.0,9.906528422901046,,328.0
noisy,1.01,0.0,0.9883693069814644,6,1.0,1.0,9.904555310026018,,290.0
noisy,1.0999999999999999,0.0,1.0831493970716763,6,1.0,1.0,9.905863742061426,,259.0
noisy,1.19,0.0,1.1755223020570507,6,1.0,1.0,9.908417440568797,,267.0
noisy,1.28,0.0,1.2567246161552126,6,1.0,1.0,9.91033382425074,,237.0
noisy,1.3699999999999999,0.0,1.337000899117547,6,1.0,1.0,9.909663291088934,,239.0
noisy,1.46,0.0,1.434123609205111,6,1.0,1.0,9.907221661202486,,217.0
noisy,1.5499999999999998,0.0,1.5173293088758149,6,1.0,1.0,9.906022331553057,,220.0
noisy,1.64,0.0,1.601800209144576,6,1.0,1.0,9.912398773561042,,185.0
noisy,1.73,0.0,1.6851329888745281,6,1.0,1.0,9.915305446388606,,190.0
noisy,1.8199999999999998,0.0,1.7558193113096998,6,1.0,1.0,9.903853022555273,,181.0
noisy,1.91,0.0,1.8510126730169494,6,1.0,1.0,9.909650920563593,,180.0
noisy,2.0,0.0,1.9146119715765197,6,1.0,1.0,9.917308774227665,,158.0
noisy,0.2,0.0,0.19804244335899754,7,1.0,1.0,4.047268379577209,,271.0
noisy,0.29000000000000004,0.0,0.2368988782664695,7,1.0,1.0,5.638416510372266,,173.0
noisy,0.38,0.0,0.3809743941321854,7,1.0,1.0,7.7229377097275425,,363.0
noisy,0.47000000000000003,0.0,0.46673672221235535,7,1.0,1.0,9.445219751735774,,437.0
noisy,0.56,0.0,0.5553459335326302,7,1.0,1.0,9.904238791585044,,429.0
noisy,0.6499999999999999,0.0,0.6353707999677854,7,1.0,1.0,9.901881854733452,,360.0
noisy,0.74,0.0,0.7291458860630229,7,1.0,1.0,9.906276496425786,,375.0
noisy,0.8300000000000001,0.0,0.8127140659653662,7,1.0,1.0,9.908143790968685,,348.0
noisy,0.9199999999999999,0.0,0.9027613460904318,7,1.0,1.0,9.908773682748668,,311.0
noisy,1.01,0.0,0.9874303376821549,7,1.0,1.0,9.907084036248875,,305.0
noisy,1.0999999999999999,0.0,1.0795549712938162,7,1.0,1.0,9.904242539166782,,256.0
noisy,1.19,0.0,1.1615057405513436,7,1.0,1.0,9.90575744402925,,254.0
noisy,1.28,0.0,1.2596581691334403,7,1.0,1.0,9.909328622451739,,225.0
noisy,1.3699999999999999,0.0,1.3349164464677328,7,1.0,1.0,9.908423902734551,,245.0
noisy,1.46,0.0,1.4254019717055078,7,1.0,1.0,9.90946729950868,,245.0
noisy,1.5499999999999998,0.0,1.499964677964863,7,1.0,1.0,9.915524338008469,,217.0
noisy,1.64,0.0,1.5932765132350815,7,1.0,1.0,9.913151417546484,,195.0
noisy,1.73,0.0,1.677056744118345,7,1.0,1.0,9.912419919679206,,178.0
noisy,1.8199999999999998,0.0,1.7706449887745734,7,1.0,1.0,9.910126259940938,,173.0
noisy,1.91,0.0,1.8309092280943597,7,1.0,1.0,9.912481067273252,,166.0
noisy,2.0,0.0,1.9273963169760888,7,1.0,1.0,9.917034610979478,,147.0
noisy,0.2,0.0,0.19951158117017923,8,1.0,1.0,4.187094304799999,,245.0
noisy,0.29000000000000004,0.0,0.28472254534685576,8,1.0,1.0,5.719252073290712,,348.0
noisy,0.38,0.0,0.3712691292176848,8,1.0,1.0,7.520009331319549,,358.0
noisy,0.47000000000000003,0.0,0.4646250457500452,8,1.0,1.0,9.366861534747983,,450.0
noisy,0.56,0.0,0.5517530887061124,8,1.0,1.0,9.904009949233187,,430.0
noisy,0.6499999999999999,0.0,0.6386520178601605,8,1.0,1.0,9.901541932301402,,428.0
noisy,0.74,0.0,0.721751410770857,8,1.0,1.0,9.905537870834998,,358.0
noisy,0.8300000000000001,0.0,0.8184536562522605,8,1.0,1.0,9.908247859516026,,361.0
noisy,0.9199999999999999,0.0,0.904704646060538,8,1.0,1.0,9.90729751687799,,346.0
noisy,1.01,0.0,0.9846874197687661,8,1.0,1.0,9.90945869358112,,284.0
noisy,1.0999999999999999,0.0,1.0785178912371718,8,1.0,1.0,9.906558147601611,,285.0
noisy,1.19,0.0,1.1643758802484365,8,1.0,1.0,9.90966949618881,,272.0
noisy,1.28,0.0,1.2436794782052982,8,1.0,1.0,9.907497500725686,,246.0
noisy,1.3699999999999999,0.0,1.3324831242619057,8,1.0,1.0,9.912215315793931,,244.0
noisy,1.46,0.0,1.430206129528452,8,1.0,1.0,9.903642323773225,,239.0
noisy,1.5499999999999998,0.0,1.507212300061962,8,1.0,1.0,9.914190486434316,,201.0
noisy,1.64,0.0,1.6057865395302546,8,1.0,1.0,9.911008037364738,,186.0
noisy,1.73,0.0,1.679329960553737,8,1.0,1.0,9.917035764460902,,183.0
noisy,1.8199999999999998,0.0,1.7571805036513781,8,1.0,1.0,9.911780892200504,,189.0
noisy,1.91,0.0,1.846433264197706,8,1.0,1.0,9.917657944980098,,165.0
noisy,2.0,0.0,1.9308672569090486,8,1.0,1.0,9.916587467174285,,131.0
noisy,0.2,0.0,0.1955501238692912,9,1.0,1.0,4.006974352572082,,277.0
noisy,0.29000000000000004,0.0,0.2897596452424563,9,1.0,1.0,5.885009045766012,,349.0
noisy,0.38,0.0,0.37702313296296164,9,1.0,1.0,7.620313728856074,,389.0
noisy,0.47000000000000003,0.0,0.46308628054411116,9,1.0,1.0,9.339389774714881,,421.0
noisy,0.56,0.0,0.5519739171267849,9,1.0,1.0,9.903038831978591,,402.0
noisy,0.6499999999999999,0.0,0.6342875622247891,9,1.0,1.0,9.9063065226532,,363.0
noisy,0.74,0.0,0.7287937854423081,9,1.0,1.0,9.90731023962483,,402.0
noisy,0.8300000000000001,0.0,0.8137167664340451,9,1.0,1.0,9.906122014635013,,372.0
noisy,0.9199999999999999,0.0,0.9016532008533332,9,1.0,1.0,9.903619558069803,,354.0
noisy,1.01,0.0,0.9947618987703213,9,1.0,1.0,9.909055784361467,,310.0
noisy,1.0999999999999999,0.0,1.0790622416817204,9,1.0,1.0,9.91058829963825,,280.0
noisy,1.19,0.0,1.1618551786238915,9,1.0,1.0,9.911880378356463,,247.0
noisy,1.28,0.0,1.2578833462617556,9,1.0,1.0,9.911955022462289,,301.0
noisy,1.3699999999999999,0.0,1.3300261304726384,9,1.0,1.0,9.913663926566485,,241.0
noisy,1.46,0.0,1.426692074730412,9,1.0,1.0,9.914994389116206,,260.0
noisy,1.5499999999999998,0.0,1.5067186598882039,9,1.0,1.0,9.907138685812663,,224.0
noisy,1.64,0.0,1.598190212928543,9,1.0,1.0,9.91397748826478,,197.0
noisy,1.73,0.0,1.6793832990820385,9,1.0,1.0,9.916979043062058,,159.0
noisy,1.8199999999999998,0.0,1.76759524950666,9,1.0,1.0,9.916563277263423,,179.0
noisy,1.91,0.0,1.8448456272886746,9,1.0,1.0,9.910755820374561,,172.0
noisy,2.0,0.0,1.9295519957113993,9,1.0,1.0,9.919599258967676,,150.0
noisy,0.2,0.0,0.19409211689821063,10,1.0,1.0,4.193767690068164,,288.0
noisy,0.29000000000000004,0.0,0.2932456120117212,10,1.0,0.3333333333333333,5.820756655250244,,233.0
noisy,0.38,0.0,0.3782947658329234,10,1.0,1.0,7.713952330807404,,393.0
noisy,0.47000000000000003,0.0,0.46342252231503683,10,1.0,1.0,9.368815565923159,,436.0
noisy,0.56,0.0,0.5520507888223817,10,1.0,1.0,9.90526411932373,,462.0
noisy,0.6499999999999999,0.0,0.6397465968095415,10,1.0,1.0,9.906414395339935,,374.0
noisy,0.74,0.0,0.7248944589634835,10,1.0,1.0,9.9028769886613,,401.0
noisy,0.8300000000000001,0.0,0.8139012171966628,10,1.0,1.0,9.907933650620649,,331.0
noisy,0.9199999999999999,0.0,0.9004931183363752,10,1.0,1.0,9.908913249290128,,299.0
noisy,1.01,0.0,0.9883365788543973,10,1.0,1.0,9.908148790619448,,318.0
noisy,1.0999999999999999,0.0,1.0736539857335246,10,1.0,1.0,9.911541757970813,,270.0
noisy,1.19,0.0,1.1689733807142264,10,1.0,1.0,9.910837960618693,,267.0
noisy,1.28,0.0,1.2536989766656237,10,1.0,1.0,9.912068619572095,,241.0
noisy,1.3699999999999999,0.0,1.3340403348767609,10,1.0,1.0,9.908859278600943,,275.0
noisy,1.46,0.0,1.4274389639969882,10,1.0,1.0,9.913847198731421,,211.0
noisy,1.5499999999999998,0.0,1.5082616282443813,10,1.0,1.0,9.904851172853345,,211.0
noisy,1.64,0.0,1.5982187240170411,10,1.0,1.0,9.90881017866921,,243.0
noisy,1.73,0.0,1.6797060193838116,10,1.0,1.0,9.916638756604367,,188.0
noisy,1.8199999999999998,0.0,1.757930763520936,10,1.0,1.0,9.916134528660573,,186.0
noisy,1.91,0.0,1.8381838014361322,10,1.0,1.0,9.91580758304829,,150.0
noisy,2.0,0.0,1.9283356512061711,10,1.0,1.0,9.909542672940953,,144.0
noisy,0.2,0.0,0.20398448346521306,11,1.0,0.6666666666666666,4.0049868837727844,,293.0
noisy,0.29000000000000004,0.0,0.2904087673995512,11,1.0,1.0,5.854279481205341,,325.0
noisy,0.38,0.0,0.3723505523282839,11,1.0,1.0,7.498409699679714,,352.0
noisy,0.47000000000000003,0.0,0.4622540994408679,11,1.0,1.0,9.341480392608652,,402.0
noisy,0.56,0.0,0.5513534547658109,11,1.0,1.0,9.905080665187011,,369.0
noisy,0.6499999999999999,0.0,0.6335330548327152,11,1.0,1.0,9.905458223310081,,372.0
noisy,0.74,0.0,0.7276952446870663,11,1.0,1.0,9.9070877072214,,355.0
noisy,0.8300000000000001,0.0,0.8131379129167694,11,1.0,1.0,9.908057583536621,,303.0
noisy,0.9199999999999999,0.0,0.9047740302740014,11,1.0,1.0,9.908882968249745,,306.0
noisy,1.01,0.0,0.9866624725389682,11,1.0,1.0,9.907536749530026,,326.0
noisy,1.0999999999999999,0.0,1.0772441749350963,11,1.0,1.0,9.905570464398044,,287.0
noisy,1.19,0.0,1.1682865962561266,11,1.0,1.0,9.910533184690408,,211.0
noisy,1.28,0.0,1.256483784699803,11,1.0,1.0,9.908791081434149,,250.0
noisy,1.3699999999999999,0.0,1.342155457629768,11,1.0,1.0,9.912266263959706,,255.0
noisy,1.46,0.0,1.4267061915095904,11,1.0,1.0,9.907904185764824,,232.0
noisy,1.5499999999999998,0.0,1.5099532263295448,11,1.0,1.0,9.91503180852001,,203.0
noisy,1.64,0.0,1.592286548226461,11,1.0,1.0,9.905891331372567,,184.0
noisy,1.73,0.0,1.6702837782811004,11,1.0,1.0,9.913696051924024,,157.0
noisy,1.8199999999999998,0.0,1.754608604061378,11,1.0,1.0,9.913283464153208,,177.0
noisy,1.91,0.0,1.8377834347272621,11,1.0,1.0,9.918055486921883,,163.0
noisy,2.0,0.0,1.90951079233798,11,1.0,1.0,9.911874085787158,,155.0
noisy,0.2,0.0,0.19793399286458738,12,1.0,1.0,3.9974752189360983,,246.0
noisy,0.29000000000000004,0.0,0.2903765609009353,12,1.0,0.6666666666666666,5.814023471150527,,353.0
noisy,0.38,0.0,0.369736926573408,12,1.0,1.0,7.414958940395008,,317.0
noisy,0.47000000000000003,0.0,0.46045421276840753,12,1.0,1.0,9.305671992253796,,463.0
noisy,0.56,0.0,0.5535640136274967,12,1.0,0.6666666666666666,9.904922316383065,,400.0
noisy,0.6499999999999999,0.0,0.6404672680246644,12,1.0,1.0,9.905562589508405,,441.0
noisy,0.74,0.0,0.7246387133402172,12,1.0,0.6666666666666666,9.906708565613725,,329.0
noisy,0.8300000000000001,0.0,0.8163037610244123,12,1.0,0.6666666666666666,9.903959823618186,,371.0
noisy,0.9199999999999999,0.0,0.9050194894567157,12,1.0,1.0,9.906360724394878,,310.0
noisy,1.01,0.0,0.9840853445819079,12,1.0,1.0,9.903951678955245,,316.0
noisy,1.0999999999999999,0.0,1.0704650850393305,12,1.0,1.0,9.909307514081446,,281.0
noisy,1.19,0.0,1.1667934423666944,12,1.0,1.0,9.912214913737865,,284.0
noisy,1.28,0.0,1.2443981783091878,12,1.0,1.0,9.910430279733136,,271.0
noisy,1.3699999999999999,0.0,1.3349882681146366,12,1.0,1.0,9.909389138791612,,226.0
noisy,1.46,0.0,1.4245217305562978,12,1.0,1.0,9.908030686881196,,250.0
noisy,1.5499999999999998,0.0,1.5174667639314274,12,1.0,1.0,9.911421157304526,,207.0
noisy,1.64,0.0,1.5906078611359609,12,1.0,1.0,9.914284868010876,,197.0
noisy,1.73,0.0,1.6800355177532336,12,1.0,1.0,9.916457880786297,,166.0
noisy,1.8199999999999998,0.0,1.763831843696645,12,1.0,1.0,9.917855387048418,,164.0
noisy,1.91,0.0,1.8395608304534747,12,1.0,1.0,9.919040030544192,,176.0
noisy,2.0,0.0,1.92687870740001,12,1.0,1.0,9.91641410970868,,166.0
noisy,0.2,0.0,0.20442943698312832,13,1.0,0.6666666666666666,4.132690543412399,,274.0
noisy,0.29000000000000004,0.0,0.2893044656188079,13,1.0,1.0,6.0622352258520005,,353.0
noisy,0.38,0.0,0.3718275180467905,13,1.0,1.0,7.5594057721179135,,367.0
noisy,0.47000000000000003,0.0,0.4676595965839927,13,1.0,1.0,9.615904390731373,,389.0
noisy,0.56,0.0,0.5507394605530935,13,1.0,0.3333333333333333,9.905306388867682,,432.0
noisy,0.6499999999999999,0.0,0.6368140646620258,13,1.0,0.6666666666666666,9.906220219223101,,382.0
noisy,0.74,0.0,0.719369769561883,13,1.0,1.0,9.906854982433742,,324.0
noisy,0.8300000000000001,0.0,0.814181472021799,13,1.0,1.0,9.908342420035547,,314.0
noisy,0.9199999999999999,0.0,0.8963476971732245,13,1.0,1.0,9.905741680468818,,315.0
noisy,1.01,0.0,0.9935558255038593,13,1.0,1.0,9.909107028227837,,301.0
noisy,1.0999999999999999,0.0,1.076414119053117,13,1.0,1.0,9.90857588738525,,298.0
noisy,1.19,0.0,1.1521482989987186,13,1.0,1.0,9.905594881038292,,260.0
noisy,1.28,0.0,1.2552578514380166,13,1.0,1.0,9.909311702343198,,247.0
noisy,1.3699999999999999,0.0,1.3332246291026975,13,1.0,1.0,9.911238517328067,,242.0
noisy,1.46,0.0,1.4243911018832769,13,1.0,1.0,9.910462384234897,,245.0
noisy,1.5499999999999998,0.0,1.5068033444279323,13,1.0,1.0,9.913200987042796,,214.0
noisy,1.64,0.0,1.5902625622816735,13,1.0,1.0,9.91560898928738,,188.0
noisy,1.73,0.0,1.6667881041545467,13,1.0,1.0,9.907252028413485,,193.0
noisy,1.8199999999999998,0.0,1.7624454818058262,13,1.0,1.0,9.910213996094358,,180.0
noisy,1.91,0.0,1.8426946959973745,13,1.0,1.0,9.914505795938549,,165.0
noisy,2.0,0.0,1.91302417195833,13,1.0,1.0,9.916785237963744,,148.0
noisy,0.2,0.0,0.19790405890107307,14,1.0,1.0,3.9941301735445447,,296.0
noisy,0.29000000000000004,0.0,0.2981591476569749,14,1.0,1.0,6.175931300277799,,338.0
noisy,0.38,0.0,0.3756522393834036,14,1.0,1.0,7.580824575289646,,365.0
noisy,0.47000000000000003,0.0,0.466522879736085,14,1.0,1.0,9.433025671978202,,401.0
noisy,0.56,0.0,0.5524743380861025,14,1.0,0.0,9.721358367383548,,357.0
noisy,0.6499999999999999,0.0,0.6347871370714995,14,1.0,0.0,9.774093190634858,,379.0
noisy,0.74,0.0,0.7215209338757397,14,1.0,0.0,9.786517340922357,,372.0
noisy,0.8300000000000001,0.0,0.8114635253328694,14,1.0,0.0,9.79037436834082,,330.0
noisy,0.9199999999999999,0.0,0.8992985807413408,14,1.0,0.3333333333333333,9.906431554265149,,299.0
noisy,1.01,0.0,0.9844238790052998,14,1.0,1.0,9.904138219412996,,330.0
noisy,1.0999999999999999,0.0,1.0687613596685372,14,1.0,1.0,9.909190670411283,,272.0
noisy,1.19,0.0,1.1641439268705758,14,1.0,0.6666666666666666,9.905743617516046,,275.0
noisy,1.28,0.0,1.2406452536556414,14,1.0,1.0,9.910262155714118,,244.0
noisy,1.3699999999999999,0.0,1.3276356833269896,14,1.0,1.0,9.911041911000767,,262.0
noisy,1.46,0.0,1.4276725975545859,14,1.0,0.6666666666666666,9.911692792021706,,216.0
noisy,1.5499999999999998,0.0,1.4989441704620017,14,1.0,1.0,9.911034831544015,,205.0
noisy,1.64,0.0,1.595061519010758,14,1.0,0.6666666666666666,9.904665781841786,,178.0
noisy,1.73,0.0,1.6716973049638961,14,1.0,1.0,9.910981932194682,,189.0
noisy,1.8199999999999998,0.0,1.7605966439008487,14,1.0,1.0,9.912729261657324,,177.0
noisy,1.91,0.0,1.8446219192648499,14,1.0,1.0,9.918661147255733,,161.0
noisy,2.0,0.0,1.9179475230796255,14,1.0,0.0,9.711675521976241,,123.0
noisy,0.2,0.0,0.1697528778723463,15,1.0,1.0,3.9611902985269283,,319.0
noisy,0.29000000000000004,0.0,0.2874825995144718,15,1.0,1.0,5.855846119453082,,338.0
noisy,0.38,0.0,0.3761618011741379,15,1.0,1.0,7.626513236860762,,395.0
noisy,0.47000000000000003,0.0,0.46088766619992017,15,1.0,1.0,9.329401132087499,,414.0
noisy,0.56,0.0,0.5464696665463021,15,1.0,0.0,9.745060892915012,,405.0
noisy,0.6499999999999999,0.0,0.6358748659821833,15,1.0,0.0,9.687487572150511,,379.0
noisy,0.74,0.0,0.7247764372307522,15,1.0,0.0,9.886579384555226,,363.0
noisy,0.8300000000000001,0.0,0.8102701126460122,15,1.0,0.0,9.6533681053217,,355.0
noisy,0.9199999999999999,0.0,0.8970083465411527,15,1.0,0.3333333333333333,9.905504745119025,,324.0
noisy,1.01,0.0,0.9874595823409266,15,1.0,0.6666666666666666,9.903645312352253,,292.0
noisy,1.0999999999999999,0.0,1.0797655556180896,15,1.0,0.0,9.65811659337402,,291.0
noisy,1.19,0.0,1.1665295893658911,15,1.0,0.3333333333333333,9.903405492623218,,241.0
noisy,1.28,0.0,1.2511993797912655,15,1.0,0.6666666666666666,9.908202569170287,,282.0
noisy,1.3699999999999999,0.0,1.1667225719123653,15,1.0,0.3333333333333333,9.902114128851313,,243.0
noisy,1.46,0.0,1.4164078531836999,15,1.0,0.0,9.78094500597823,,228.0
noisy,1.5499999999999998,0.0,1.5034465569016682,15,1.0,0.6666666666666666,9.907713957468685,,214.0
noisy,1.64,0.0,1.5993780595130336,15,1.0,0.3333333333333333,9.905008706664512,,173.0
noisy,1.73,0.0,1.6758562697147068,15,1.0,0.0,9.839977081720859,,181.0
noisy,1.8199999999999998,0.0,1.7590165383460743,15,1.0,0.6666666666666666,9.910157149968546,,178.0
noisy,1.91,0.0,1.688065774846417,15,1.0,0.0,9.820147561289021,,156.0
noisy,2.0,0.0,1.923806680824283,15,1.0,0.3333333333333333,9.915364084254648,,137.0
noisy,0.2,0.0,0.200007140539354,16,1.0,1.0,4.011061434047741,,280.0
noisy,0.29000000000000004,0.0,0.2923271352901149,16,1.0,0.6666666666666666,6.077429461010199,,354.0
noisy,0.38,0.0,0.3791957907015713,16,1.0,0.6666666666666666,7.634630689656965,,374.0
noisy,0.47000000000000003,0.0,0.45926353391104313,16,1.0,1.0,9.249443441223976,,415.0
noisy,0.56,0.0,0.5471868787587889,16,1.0,0.0,9.650521218491104,,430.0
noisy,0.6499999999999999,0.0,0.6398459338577385,16,1.0,0.0,9.656291454910622,,384.0
noisy,0.74,0.0,0.7212802229535158,16,1.0,0.0,9.810949556548266,,374.0
noisy,0.8300000000000001,0.0,0.8169394224984398,16,1.0,0.0,9.652796602507816,,350.0
noisy,0.9199999999999999,0.0,0.9040781780988812,16,1.0,0.0,9.700606120846043,,322.0
noisy,1.01,0.0,0.9820139429847926,16,1.0,0.3333333333333333,9.909775958660036,,295.0
noisy,1.0999999999999999,0.0,1.0768982865484131,16,1.0,0.3333333333333333,9.904758524491548,,274.0
noisy,1.19,0.0,1.168373886509743,16,1.0,0.0,9.806194717478919,,265.0
noisy,1.28,0.0,1.2440321556164884,16,1.0,0.6666666666666666,9.91231188249241,,218.0
noisy,1.3699999999999999,0.0,1.1841597969429818,16,1.0,0.0,9.658330901108306,,225.0
noisy,1.46,0.0,1.4196547464329186,16,1.0,0.0,9.861102075104858,,214.0
noisy,1.5499999999999998,0.0,1.5040455136958106,16,1.0,0.0,9.892771891811782,,219.0
noisy,1.64,0.0,1.5969237296526806,16,1.0,0.0,9.663455456736294,,212.0
noisy,1.73,0.0,1.6555139743696001,16,1.0,0.0,9.673407193613,,177.0
noisy,1.8199999999999998,0.0,1.7506437518282258,16,1.0,0.6666666666666666,9.914360672466183,,179.0
noisy,1.91,0.0,1.8270331114424279,16,1.0,0.0,9.663941880741419,,154.0
noisy,2.0,0.0,1.7367587726791391,16,1.0,0.0,9.666050149052309,,151.0
noisy,0.2,0.0,0.1990013471218528,17,1.0,1.0,4.015499819240154,,246.0
noisy,0.29000000000000004,0.0,0.2863493453374805,17,1.0,1.0,5.816864977958981,,349.0
noisy,0.38,0.0,0.3772884703662016,17,1.0,0.6666666666666666,7.532476506409494,,372.0
noisy,0.47000000000000003,0.0,0.46015492385754225,17,1.0,1.0,9.322437277215846,,389.0
noisy,0.56,0.0,0.5490402810230796,17,1.0,0.0,9.653497318452537,,349.0
noisy,0.6499999999999999,0.0,0.6385360236763166,17,1.0,0.0,9.653235228327395,,367.0
noisy,0.74,0.0,0.7247926887475756,17,1.0,0.0,9.850302385893965,,376.0
noisy,0.8300000000000001,0.0,0.8094851525962569,17,1.0,0.0,9.65658236854597,,367.0
noisy,0.9199999999999999,0.0,0.900733613268322,17,1.0,0.0,9.659019227169265,,286.0
noisy,1.01,0.0,0.8126047314146403,17,1.0,0.0,9.658598530852203,,45.0
noisy,1.0999999999999999,0.0,1.0779364288203617,17,1.0,0.0,9.657499513582168,,273.0
noisy,1.19,0.0,1.167278824793799,17,1.0,0.0,9.659787287206681,,252.0
noisy,1.28,0.0,1.2570251939814143,17,1.0,0.0,9.662078332930083,,228.0
noisy,1.3699999999999999,0.0,1.3328578659795547,17,1.0,0.0,9.662877126991301,,261.0
noisy,1.46,0.0,1.4299502150114483,17,1.0,0.0,9.874580570571908,,223.0
noisy,1.5499999999999998,0.0,1.4929524341235452,17,1.0,0.0,9.664068412996738,,184.0
noisy,1.64,0.0,1.5834696061317797,17,1.0,0.0,9.66015770957507,,200.0
noisy,1.73,0.0,1.6755551454822353,17,1.0,0.0,9.659356684786248,,204.0
noisy,1.8199999999999998,0.0,1.7247877867730466,17,1.0,0.0,9.72016739582029,,168.0
noisy,1.91,0.0,1.8302525656164754,17,1.0,0.0,9.666885252510548,,154.0
noisy,2.0,0.0,1.8396916477010634,17,1.0,0.0,9.669375482195639,,60.0
noisy,0.2,0.0,0.17832523792276142,18,1.0,1.0,3.9328043259915977,,281.0
noisy,0.29000000000000004,0.0,0.2871689494659249,18,1.0,0.3333333333333333,5.835297634814999,,228.0
noisy,0.38,0.0,0.3781319615353594,18,1.0,0.6666666666666666,7.61040128026646,,379.0
noisy,0.47000000000000003,0.0,0.4601130669302235,18,1.0,1.0,9.213060598818311,,396.0
noisy,0.56,0.0,0.5562205036820768,18,1.0,0.0,9.655006807244446,,440.0
noisy,0.6499999999999999,0.0,0.6431617562267203,18,1.0,0.0,9.654875940799453,,353.0
noisy,0.74,0.0,0.721030152928595,18,1.0,0.0,9.65664945799729,,333.0
noisy,0.8300000000000001,0.0,0.8081219578730253,18,1.0,0.0,9.656514082221108,,322.0
noisy,0.9199999999999999,0.0,0.9022328758043296,18,1.0,0.0,9.658139756733485,,280.0
noisy,1.01,0.0,0.9860998581118663,18,1.0,0.3333333333333333,9.909998805148268,,310.0
noisy,1.0999999999999999,0.0,1.0676773693762631,18,1.0,0.0,9.658207471352894,,252.0
noisy,1.19,0.0,1.166795010402675,18,1.0,0.0,9.659825005915309,,275.0
noisy,1.28,0.0,1.2451698360251104,18,1.0,0.0,9.656134641096093,,217.0
noisy,1.3699999999999999,0.0,1.3354030028870196,18,1.0,0.0,9.661921010808737,,232.0
noisy,1.46,0.0,1.4069658823868068,18,1.0,0.0,9.665234882614284,,219.0
noisy,1.5499999999999998,0.0,1.5040985791556256,18,1.0,0.0,9.661793924909109,,216.0
noisy,1.64,0.0,1.5938644239657478,18,1.0,0.0,9.662031005026368,,194.0
noisy,1.73,0.0,1.6647064454423706,18,1.0,0.0,9.665614194113054,,186.0
noisy,1.8199999999999998,0.0,1.7380880853546115,18,1.0,0.0,9.66639571446658,,164.0
noisy,1.91,0.0,1.8397634203293523,18,1.0,0.0,9.66474638625429,,160.0
noisy,2.0,0.0,1.9242534890164613,18,1.0,0.0,9.663501125895065,,163.0
noisy,0.2,0.0,0.19371988845060917,19,1.0,1.0,3.934422092945719,,272.0
noisy,0.29000000000000004,0.0,0.2906645922850854,19,1.0,0.6666666666666666,5.7858438948815545,,301.0
noisy,0.38,0.0,0.37898698060040686,19,1.0,0.6666666666666666,7.7056803965417044,,384.0
noisy,0.47000000000000003,0.0,0.4641711238440702,19,1.0,0.6666666666666666,9.22675028974601,,361.0
noisy,0.56,0.0,0.5484906306431632,19,1.0,0.0,9.655338730554684,,396.0
noisy,0.6499999999999999,0.0,0.6387630033247029,19,1.0,0.0,9.655898227714614,,350.0
noisy,0.74,0.0,0.7201430184578353,19,1.0,0.0,9.653499931132362,,315.0
noisy,0.8300000000000001,0.0,0.8085643771930563,19,1.0,0.0,9.656550196662506,,329.0
noisy,0.9199999999999999,0.0,0.9001718164225174,19,1.0,0.0,9.656847218928483,,342.0
noisy,1.01,0.0,0.9867722369574511,19,1.0,0.0,9.659440518457801,,288.0
noisy,1.0999999999999999,0.0,1.0696798984018054,19,1.0,0.0,9.653939222556938,,301.0
noisy,1.19,0.0,1.1580933460027703,19,1.0,0.0,9.658516669568055,,264.0
noisy,1.28,0.0,1.243825671169304,19,1.0,0.0,9.65683522338737,,216.0
noisy,1.3699999999999999,0.0,1.3299244209952141,19,1.0,0.0,9.662797053271603,,258.0
noisy,1.46,0.0,1.4235702795526002,19,1.0,0.0,9.664519478332602,,202.0
noisy,1.5499999999999998,0.0,1.4972689980733016,19,1.0,0.0,9.661963154505433,,215.0
noisy,1.64,0.0,1.5827117069477346,19,1.0,0.0,9.65751342117039,,177.0
noisy,1.73,0.0,1.667572642021776,19,1.0,0.0,9.666377517174398,,187.0
noisy,1.8199999999999998,0.0,1.7142368538056258,19,1.0,0.0,9.654914045473703,,94.0
noisy,1.91,0.0,1.8271128620536945,19,1.0,0.0,9.655450557612339,,149.0
noisy,2.0,0.0,1.9060094365172635,19,1.0,0.0,9.660864435948014,,142.0
noisy,0.2,0.0,0.20269211016409758,1,2.0,1.0,4.178211276103699,,272.0
noisy,0.29000000000000004,0.0,0.2832561319576597,1,2.0,1.0,5.716338554874626,,391.0
noisy,0.38,0.0,0.37413181376360577,1,2.0,1.0,7.550840344785231,,381.0
noisy,0.47000000000000003,0.0,0.4638036621205645,1,2.0,1.0,9.318611577785184,,465.0
noisy,0.56,0.0,0.5567138410948226,1,2.0,1.0,9.902326574517618,,433.0
noisy,0.6499999999999999,0.0,0.6365435293216982,1,2.0,1.0,9.905519142026415,,374.0
noisy,0.74,0.0,0.7248416742837224,1,2.0,1.0,9.904802519333561,,384.0
noisy,0.8300000000000001,0.0,0.8140336161430145,1,2.0,1.0,9.90748644047755,,350.0
noisy,0.9199999999999999,0.0,0.9012983906723352,1,2.0,1.0,9.908616655531791,,322.0
noisy,1.01,0.0,0.9855457906347939,1,2.0,1.0,9.906116490766646,,309.0
noisy,1.0999999999999999,0.0,1.0730996128467003,1,2.0,1.0,9.908801733385584,,320.0
noisy,1.19,0.0,1.1613876012999709,1,2.0,1.0,9.909959414019145,,222.0
noisy,1.28,0.0,1.2527080924630167,1,2.0,1.0,9.907627058846172,,269.0
noisy,1.3699999999999999,0.0,1.332791754625278,1,2.0,1.0,9.91062925027213,,264.0
noisy,1.46,0.0,1.4239626697800205,1,2.0,1.0,9.912943322608772,,252.0
noisy,1.5499999999999998,0.0,1.5115932672979586,1,2.0,1.0,9.914778375082847,,252.0
noisy,1.64,0.0,1.5967330819710195,1,2.0,1.0,9.907642056788033,,213.0
noisy,1.73,0.0,1.675972928718745,1,2.0,1.0,9.914520827699763,,185.0
noisy,1.8199999999999998,0.0,1.752469741002206,1,2.0,1.0,9.91707453036398,,189.0
noisy,1.91,0.0,1.8360821285501352,1,2.0,1.0,9.917267875699784,,171.0
noisy,2.0,0.0,1.93343776971307,1,2.0,1.0,9.916705164702451,,152.0
noisy,0.2,0.0,0.1964657005165039,2,2.0,1.0,3.9944923321015233,,289.0
noisy,0.29000000000000004,0.0,0.2640887034203241,2,2.0,1.0,5.712668788460868,,347.0
noisy,0.38,0.0,0.37408496727242163,2,2.0,1.0,7.518139969938308,,371.0
noisy,0.47000000000000003,0.0,0.468682966993665,2,2.0,1.0,9.463612123749574,,459.0
noisy,0.56,0.0,0.5520519536866798,2,2.0,1.0,9.9033475598104,,432.0
noisy,0.6499999999999999,0.0,0.6393366058960842,2,2.0,1.0,9.901293850754287,,416.0
noisy,0.74,0.0,0.7243118355074677,2,2.0,1.0,9.907116996413277,,414.0
noisy,0.8300000000000001,0.0,0.8196877086418248,2,2.0,1.0,9.908311618510911,,377.0
noisy,0.9199999999999999,0.0,0.9023321295254906,2,2.0,1.0,9.907935339750065,,330.0
noisy,1.01,0.0,0.9887305922315573,2,2.0,1.0,9.906562857673716,,341.0
noisy,1.0999999999999999,0.0,1.0746248226013473,2,2.0,1.0,9.905272357411603,,248.0
noisy,1.19,0.0,1.1605547543673758,2,2.0,1.0,9.91125719485952,,282.0
noisy,1.28,0.0,1.2498402343572657,2,2.0,1.0,9.91180349894877,,270.0
noisy,1.3699999999999999,0.0,1.3354068718711483,2,2.0,1.0,9.912925638296631,,230.0
noisy,1.46,0.0,1.4228053812513866,2,2.0,1.0,9.910730410541566,,250.0
noisy,1.5499999999999998,0.0,1.5181932433324132,2,2.0,1.0,9.914805569318167,,237.0
noisy,1.64,0.0,1.5873947305459015,2,2.0,1.0,9.911495882605958,,211.0
noisy,1.73,0.0,1.668163614241868,2,2.0,1.0,9.905377462025474,,200.0
noisy,1.8199999999999998,0.0,1.7534314014043832,2,2.0,1.0,9.916212658085009,,162.0
noisy,1.91,0.0,1.8385129271549376,2,2.0,1.0,9.914037203363764,,157.0
noisy,2.0,0.0,1.931647457087242,2,2.0,1.0,9.91738308122077,,170.0
noisy,0.2,0.0,0.19782089148643903,3,2.0,1.0,4.055526292295166,,279.0
noisy,0.29000000000000004,0.0,0.2855980309036287,3,2.0,1.0,5.72318029808944,,338.0
noisy,0.38,0.0,0.37557416346470013,3,2.0,1.0,7.550079900874469,,422.0
noisy,0.47000000000000003,0.0,0.45921947178801004,3,2.0,1.0,9.250392514663053,,446.0
noisy,0.56,0.0,0.5548411581291345,3,2.0,1.0,9.902126255428188,,431.0
noisy,0.6499999999999999,0.0,0.6382948651704751,3,2.0,1.0,9.906138987789467,,402.0
noisy,0.74,0.0,0.7229422728071272,3,2.0,1.0,9.905834937702794,,405.0
noisy,0.8300000000000001,0.0,0.8110643283484459,3,2.0,1.0,9.905948747704121,,358.0
noisy,0.9199999999999999,0.0,0.9060948078012343,3,2.0,1.0,9.908691994834442,,337.0
noisy,1.01,0.0,0.9914316080572911,3,2.0,1.0,9.906077974559194,,303.0
noisy,1.0999999999999999,0.0,1.0768581032887503,3,2.0,1.0,9.905029490908221,,311.0
noisy,1.19,0.0,1.1623893152007116,3,2.0,1.0,9.911300988675833,,268.0
noisy,1.28,0.0,1.251330412710775,3,2.0,1.0,9.908529677522992,,255.0
noisy,1.3699999999999999,0.0,1.3338047802876825,3,2.0,1.0,9.911442549424757,,236.0
noisy,1.46,0.0,1.4385862086632095,3,2.0,1.0,9.913982103708125,,219.0
noisy,1.5499999999999998,0.0,1.5112515790427405,3,2.0,1.0,9.914514585895585,,209.0
noisy,1.64,0.0,1.592591141543652,3,2.0,1.0,9.912417469281543,,222.0
noisy,1.73,0.0,1.6848754217550501,3,2.0,1.0,9.912353551034748,,182.0
noisy,1.8199999999999998,0.0,1.756853289857763,3,2.0,1.0,9.912529973555879,,174.0
noisy,1.91,0.0,1.8477434938046373,3,2.0,1.0,9.916305010711543,,180.0
noisy,2.0,0.0,1.9276285244316111,3,2.0,1.0,9.911694550624148,,156.0
noisy,0.2,0.0,0.18186167619056323,4,2.0,1.0,3.990703973800821,,204.0
noisy,0.29000000000000004,0.0,0.2866956850401025,4,2.0,1.0,5.759829122017256,,343.0
noisy,0.38,0.0,0.37736035907531473,4,2.0,1.0,7.602293696552242,,401.0
noisy,0.47000000000000003,0.0,0.46321046845174935,4,2.0,1.0,9.549309811625454,,408.0
noisy,0.56,0.0,0.5485325234362954,4,2.0,1.0,9.905140082033315,,492.0
noisy,0.6499999999999999,0.0,0.6390611967638652,4,2.0,1.0,9.904916077366185,,356.0
noisy,0.74,0.0,0.7222941320823498,4,2.0,1.0,9.905947296663507,,388.0
noisy,0.8300000000000001,0.0,0.8157776853654131,4,2.0,1.0,9.90646173330088,,338.0
noisy,0.9199999999999999,0.0,0.9042124574818194,4,2.0,1.0,9.9075771401867,,317.0
noisy,1.01,0.0,0.995295559465808,4,2.0,1.0,9.909483227239255,,307.0
noisy,1.0999999999999999,0.0,1.0814370977837457,4,2.0,1.0,9.911158323758931,,285.0
noisy,1.19,0.0,1.1630357939806901,4,2.0,1.0,9.907840181962777,,263.0
noisy,1.28,0.0,1.251347052373509,4,2.0,1.0,9.911062399868221,,322.0
noisy,1.3699999999999999,0.0,1.337357565748431,4,2.0,1.0,9.91357027729214,,239.0
noisy,1.46,0.0,1.4234651321252276,4,2.0,1.0,9.911295255313401,,232.0
noisy,1.5499999999999998,0.0,1.5076194003889622,4,2.0,1.0,9.909382755341046,,230.0
noisy,1.64,0.0,1.4513831784391436,4,2.0,0.6666666666666666,9.91105978537304,,195.0
noisy,1.73,0.0,1.6813337151247616,4,2.0,1.0,9.913984813863733,,193.0
noisy,1.8199999999999998,0.0,1.7569509091364193,4,2.0,1.0,9.912271159302271,,195.0
noisy,1.91,0.0,1.8486225020427705,4,2.0,1.0,9.912202389343648,,151.0
noisy,2.0,0.0,1.9187441178627747,4,2.0,1.0,9.92033229324919,,153.0
noisy,0.2,0.0,0.19433303317348938,5,2.0,1.0,3.940968195806088,,315.0
noisy,0.29000000000000004,0.0,0.28948169546748803,5,2.0,1.0,5.830077682046391,,306.0
noisy,0.38,0.0,0.3771993546679339,5,2.0,1.0,7.704618757766721,,425.0
noisy,0.47000000000000003,0.0,0.4588923450297471,5,2.0,1.0,9.214896711993733,,409.0
noisy,0.56,0.0,0.5539429362138876,5,2.0,1.0,9.903029091547747,,444.0
noisy,0.6499999999999999,0.0,0.6399146284257794,5,2.0,1.0,9.905144302020803,,418.0
noisy,0.74,0.0,0.7199114188743984,5,2.0,1.0,9.904992081280831,,391.0
noisy,0.8300000000000001,0.0,0.8122161147432131,5,2.0,1.0,9.907655228737068,,347.0
noisy,0.9199999999999999,0.0,0.8968540932863216,5,2.0,1.0,9.901725304380149,,316.0
noisy,1.01,0.0,0.9879669604444974,5,2.0,1.0,9.90969909723014,,307.0
noisy,1.0999999999999999,0.0,1.0783341489433562,5,2.0,1.0,9.909905728067416,,318.0
noisy,1.19,0.0,1.1626300009696298,5,2.0,1.0,9.912219796208086,,244.0
noisy,1.28,0.0,1.249566912617121,5,2.0,1.0,9.91161460616776,,269.0
noisy,1.3699999999999999,0.0,1.3344495556836797,5,2.0,1.0,9.909070520888402,,244.0
noisy,1.46,0.0,1.4303449025349542,5,2.0,1.0,9.913626362080842,,239.0
noisy,1.5499999999999998,0.0,1.512785552685265,5,2.0,1.0,9.913812618972583,,226.0
noisy,1.64,0.0,1.5836774053316847,5,2.0,1.0,9.909292307742584,,216.0
noisy,1.73,0.0,1.6749596563808502,5,2.0,1.0,9.916675794136683,,178.0
noisy,1.8199999999999998,0.0,1.753740038914442,5,2.0,1.0,9.902944400084866,,175.0
noisy,1.91,0.0,1.8512374391418718,5,2.0,1.0,9.916700138732264,,184.0
noisy,2.0,0.0,1.9173104775812597,5,2.0,1.0,9.919676962238063,,149.0
noisy,0.2,0.0,0.2014307787175733,6,2.0,1.0,4.173694590525022,,291.0
noisy,0.29000000000000004,0.0,0.2863785986820449,6,2.0,1.0,5.8429449465307455,,313.0
noisy,0.38,0.0,0.3759741771866967,6,2.0,1.0,7.606535824159096,,372.0
noisy,0.47000000000000003,0.0,0.46862927918520975,6,2.0,1.0,9.490098299703963,,428.0
noisy,0.56,0.0,0.5503986221146295,6,2.0,1.0,9.905496731246734,,420.0
noisy,0.6499999999999999,0.0,0.6365870734352216,6,2.0,1.0,9.901870098121515,,402.0
noisy,0.74,0.0,0.7253917062631249,6,2.0,1.0,9.905433066705978,,385.0
noisy,0.8300000000000001,0.0,0.8165080267066905,6,2.0,1.0,9.901958090226463,,378.0
noisy,0.9199999999999999,0.0,0.9015780095449132,6,2.0,1.0,9.903494599042297,,306.0
noisy,1.01,0.0,0.9821453113503004,6,2.0,1.0,9.907567476271335,,362.0
noisy,1.0999999999999999,0.0,1.072039957432911,6,2.0,1.0,9.907639759845905,,299.0
noisy,1.19,0.0,1.1662066480991318,6,2.0,1.0,9.909229406089004,,272.0
noisy,1.28,0.0,1.2515563449433167,6,2.0,1.0,9.909639362858792,,259.0
noisy,1.3699999999999999,0.0,1.3391328284046324,6,2.0,1.0,9.906948695542495,,267.0
noisy,1.46,0.0,1.426068217220542,6,2.0,1.0,9.910767415555204,,237.0
noisy,1.5499999999999998,0.0,1.5063552611517448,6,2.0,1.0,9.909649565450092,,215.0
noisy,1.64,0.0,1.5971448350524564,6,2.0,1.0,9.91004290723336,,206.0
noisy,1.73,0.0,1.6763177936435862,6,2.0,1.0,9.90836958641674,,198.0
noisy,1.8199999999999998,0.0,1.7653877378230522,6,2.0,1.0,9.91644754168958,,186.0
noisy,1.91,0.0,1.8561985631326696,6,2.0,1.0,9.918455659474501,,157.0
noisy,2.0,0.0,1.9222937885977203,6,2.0,1.0,9.909699360912628,,153.0
noisy,0.2,0.0,0.19834082226333147,7,2.0,1.0,4.023432477392424,,257.0
noisy,0.29000000000000004,0.0,0.28850191677941894,7,2.0,1.0,5.787040627462596,,375.0
noisy,0.38,0.0,0.37622614333934373,7,2.0,1.0,7.621565647740874,,401.0
noisy,0.47000000000000003,0.0,0.46357400853300074,7,2.0,1.0,9.358187306290652,,452.0
noisy,0.56,0.0,0.5464605682622974,7,2.0,1.0,9.903763001721302,,446.0
noisy,0.6499999999999999,0.0,0.6361792143010642,7,2.0,1.0,9.90624597373952,,431.0
noisy,0.74,0.0,0.7191135557472362,7,2.0,1.0,9.904800717452146,,340.0
noisy,0.8300000000000001,0.0,0.814575106266747,7,2.0,1.0,9.906630705416925,,337.0
noisy,0.9199999999999999,0.0,0.8984156448968913,7,2.0,1.0,9.907504063386734,,312.0
noisy,1.01,0.0,0.9889103082355257,7,2.0,1.0,9.907954669187793,,295.0
noisy,1.0999999999999999,0.0,1.0737084545164837,7,2.0,1.0,9.909166647881623,,303.0
noisy,1.19,0.0,1.1690767182331732,7,2.0,1.0,9.909547926739092,,263.0
noisy,1.28,0.0,1.2549983334220445,7,2.0,1.0,9.912510742817856,,241.0
noisy,1.3699999999999999,0.0,1.3340658497527764,7,2.0,1.0,9.905801459225978,,235.0
noisy,1.46,0.0,1.422956883295541,7,2.0,1.0,9.914387366572395,,236.0
noisy,1.5499999999999998,0.0,1.501344852677106,7,2.0,1.0,9.915100126142905,,223.0
noisy,1.64,0.0,1.6039867651485868,7,2.0,1.0,9.914955976659241,,186.0
noisy,1.73,0.0,1.6781641675174044,7,2.0,1.0,9.916275926094567,,193.0
noisy,1.8199999999999998,0.0,1.75710831113489,7,2.0,1.0,9.916897359442688,,165.0
noisy,1.91,0.0,1.850112039517249,7,2.0,1.0,9.91456923010755,,145.0
noisy,2.0,0.0,1.9265594212839317,7,2.0,1.0,9.9129601418086,,160.0
noisy,0.2,0.0,0.19969113965132754,8,2.0,1.0,4.128196240502462,,308.0
noisy,0.29000000000000004,0.0,0.2867586198657069,8,2.0,1.0,5.789453834621247,,325.0
noisy,0.38,0.0,0.37339370204468075,8,2.0,1.0,7.519309553671305,,414.0
noisy,0.47000000000000003,0.0,0.4641318774993978,8,2.0,1.0,9.348369252796632,,385.0
noisy,0.56,0.0,0.5483110659922567,8,2.0,1.0,9.902594080143974,,393.0
noisy,0.6499999999999999,0.0,0.6386202456578948,8,2.0,1.0,9.901073580445379,,421.0
noisy,0.74,0.0,0.7220745841951347,8,2.0,1.0,9.903222846986964,,360.0
noisy,0.8300000000000001,0.0,0.8126371021876775,8,2.0,1.0,9.908342643552842,,346.0
noisy,0.9199999999999999,0.0,0.899589384362326,8,2.0,1.0,9.90859008019503,,337.0
noisy,1.01,0.0,0.9911836255951546,8,2.0,1.0,9.910284502901861,,304.0
noisy,1.0999999999999999,0.0,1.0768050117979138,8,2.0,1.0,9.907964739959304,,332.0
noisy,1.19,0.0,1.1642339126397951,8,2.0,1.0,9.910077429701698,,262.0
noisy,1.28,0.0,1.2521877685041878,8,2.0,1.0,9.907757096278171,,274.0
noisy,1.3699999999999999,0.0,1.3392416839146195,8,2.0,1.0,9.910155177242055,,240.0
noisy,1.46,0.0,1.4326327524668117,8,2.0,1.0,9.913761160496303,,246.0
noisy,1.5499999999999998,0.0,1.5196457965615615,8,2.0,1.0,9.914532055024972,,235.0
noisy,1.64,0.0,1.568427289927648,8,2.0,0.6666666666666666,9.909979001587411,,212.0
noisy,1.73,0.0,1.6724053957048008,8,2.0,1.0,9.910457997219067,,215.0
noisy,1.8199999999999998,0.0,1.7693178971448233,8,2.0,1.0,9.917675927777674,,188.0
noisy,1.91,0.0,1.8558327496942841,8,2.0,1.0,9.904340382399964,,170.0
noisy,2.0,0.0,1.9255271360530122,8,2.0,1.0,9.918805217840761,,158.0
noisy,0.2,0.0,0.20168644449247486,9,2.0,1.0,4.257897197617433,,263.0
noisy,0.29000000000000004,0.0,0.28575003553417805,9,2.0,1.0,5.763958311890175,,328.0
noisy,0.38,0.0,0.3742587249203793,9,2.0,1.0,7.527771626027789,,401.0
noisy,0.47000000000000003,0.0,0.4650526230564494,9,2.0,1.0,9.498881948015537,,362.0
noisy,0.56,0.0,0.5514237739721976,9,2.0,1.0,9.905625818902546,,370.0
noisy,0.6499999999999999,0.0,0.6381376289828674,9,2.0,1.0,9.90602226896456,,369.0
noisy,0.74,0.0,0.7219061425420464,9,2.0,1.0,9.903760007242592,,339.0
noisy,0.8300000000000001,0.0,0.8125443032098333,9,2.0,1.0,9.906659514746746,,353.0
noisy,0.9199999999999999,0.0,0.9084702016040712,9,2.0,1.0,9.90769470581271,,355.0
noisy,1.01,0.0,0.9856855778997464,9,2.0,1.0,9.905619113928475,,315.0
noisy,1.0999999999999999,0.0,1.0813426602007092,9,2.0,1.0,9.910218975784083,,275.0
noisy,1.19,0.0,1.170886874932198,9,2.0,1.0,9.909829058616635,,261.0
noisy,1.28,0.0,1.2550399193406232,9,2.0,1.0,9.908484009299947,,272.0
noisy,1.3699999999999999,0.0,1.3331067209586445,9,2.0,1.0,9.910651341069096,,226.0
noisy,1.46,0.0,1.4246972065250854,9,2.0,1.0,9.912069672884424,,239.0
noisy,1.5499999999999998,0.0,1.505417478932057,9,2.0,1.0,9.908829493992856,,225.0
noisy,1.64,0.0,1.593902480181711,9,2.0,1.0,9.911848258718049,,191.0
noisy,1.73,0.0,1.6846712008478575,9,2.0,1.0,9.906836248880525,,192.0
noisy,1.8199999999999998,0.0,1.7491855590080698,9,2.0,1.0,9.916510074468212,,169.0
noisy,1.91,0.0,1.8344588691017532,9,2.0,1.0,9.913493482131365,,162.0
noisy,2.0,0.0,1.9162672980095394,9,2.0,1.0,9.916250593190023,,134.0
noisy,0.2,0.0,0.19857947494785458,10,2.0,1.0,4.047590119721669,,264.0
noisy,0.29000000000000004,0.0,0.2852755655267383,10,2.0,1.0,5.726545464974498,,351.0
noisy,0.38,0.0,0.3795255707993108,10,2.0,1.0,7.817019494983039,,384.0
noisy,0.47000000000000003,0.0,0.46402180426547845,10,2.0,1.0,9.38117777189195,,394.0
noisy,0.56,0.0,0.5479354534419804,10,2.0,1.0,9.904181779428846,,431.0
noisy,0.6499999999999999,0.0,0.6338421997105904,10,2.0,1.0,9.906759641661687,,381.0
noisy,0.74,0.0,0.7217161175081982,10,2.0,1.0,9.903832737182492,,385.0
noisy,0.8300000000000001,0.0,0.8110263401791812,10,2.0,1.0,9.908225524158665,,368.0
noisy,0.9199999999999999,0.0,0.9021315283364345,10,2.0,1.0,9.905034992361763,,318.0
noisy,1.01,0.0,0.9860204680739337,10,2.0,1.0,9.905999502363215,,298.0
noisy,1.0999999999999999,0.0,1.0743425719122792,10,2.0,1.0,9.907884090312539,,276.0
noisy,1.19,0.0,1.1671196349527695,10,2.0,1.0,9.911863853997652,,249.0
noisy,1.28,0.0,1.248321748183897,10,2.0,1.0,9.910340888146143,,252.0
noisy,1.3699999999999999,0.0,1.3342616087963375,10,2.0,1.0,9.912908656853238,,229.0
noisy,1.46,0.0,1.4166057579512426,10,2.0,1.0,9.912499437840184,,225.0
noisy,1.5499999999999998,0.0,1.5119589721274558,10,2.0,1.0,9.914465620172521,,225.0
noisy,1.64,0.0,1.5976635750757626,10,2.0,1.0,9.907164637657527,,209.0
noisy,1.73,0.0,1.6854735933652132,10,2.0,1.0,9.917274389421076,,195.0
noisy,1.8199999999999998,0.0,1.7590652907370126,10,2.0,1.0,9.906194036479132,,172.0
noisy,1.91,0.0,1.8401645216415716,10,2.0,1.0,9.916883925648733,,165.0
noisy,2.0,0.0,1.9317682396647822,10,2.0,1.0,9.912267836967839,,162.0
noisy,0.2,0.0,0.1975127270320531,11,2.0,1.0,4.054522611262485,,291.0
noisy,0.29000000000000004,0.0,0.28564077089698525,11,2.0,1.0,5.779689909485676,,313.0
noisy,0.38,0.0,0.37460463431371194,11,2.0,1.0,7.525372001640825,,370.0
noisy,0.47000000000000003,0.0,0.46004938789898225,11,2.0,1.0,9.308770777717129,,439.0
noisy,0.56,0.0,0.5456305316629013,11,2.0,1.0,9.905180699260208,,421.0
noisy,0.6499999999999999,0.0,0.637342343119688,11,2.0,1.0,9.9063838464574,,430.0
noisy,0.74,0.0,0.7277336030043348,11,2.0,1.0,9.905714061833217,,317.0
noisy,0.8300000000000001,0.0,0.8105879576074845,11,2.0,1.0,9.907808543345102,,365.0
noisy,0.9199999999999999,0.0,0.9018050754857602,11,2.0,1.0,9.90484196328242,,327.0
noisy,1.01,0.0,0.9901375244930121,11,2.0,1.0,9.906171458105927,,341.0
noisy,1.0999999999999999,0.0,1.0717776805461068,11,2.0,1.0,9.906758156434881,,296.0
noisy,1.19,0.0,1.1706103511693158,11,2.0,1.0,9.909148192797755,,293.0
noisy,1.28,0.0,1.252900450078374,11,2.0,1.0,9.910653765162106,,216.0
noisy,1.3699999999999999,0.0,1.3365025724679374,11,2.0,1.0,9.911065224459781,,251.0
noisy,1.46,0.0,1.432115166017258,11,2.0,1.0,9.914206454009232,,220.0
noisy,1.5499999999999998,0.0,1.5154926010273826,11,2.0,1.0,9.912786987244074,,215.0
noisy,1.64,0.0,1.58889300333808,11,2.0,1.0,9.905996718082449,,221.0
noisy,1.73,0.0,1.6776867474719561,11,2.0,1.0,9.90873690374649,,182.0
noisy,1.8199999999999998,0.0,1.7563806287984747,11,2.0,1.0,9.911910926726897,,174.0
noisy,1.91,0.0,1.8056107413710893,11,2.0,1.0,9.9182599471555,,158.0
noisy,2.0,0.0,1.920064329851712,11,2.0,1.0,9.91219391360573,,156.0
noisy,0.2,0.0,0.19518194324366545,12,2.0,1.0,4.0097362192263,,305.0
noisy,0.29000000000000004,0.0,0.2853753536608552,12,2.0,1.0,5.755648928465369,,361.0
noisy,0.38,0.0,0.3754437379551594,12,2.0,1.0,7.558163244359625,,390.0
noisy,0.47000000000000003,0.0,0.46477258243411973,12,2.0,1.0,9.422998006676865,,493.0
noisy,0.56,0.0,0.5500616351851054,12,2.0,1.0,9.904583590832464,,449.0
noisy,0.6499999999999999,0.0,0.6335838732150182,12,2.0,1.0,9.903499172277288,,390.0
noisy,0.74,0.0,0.7273075099766695,12,2.0,1.0,9.904723966843026,,352.0
noisy,0.8300000000000001,0.0,0.8115738088748715,12,2.0,1.0,9.905094925787907,,352.0
noisy,0.9199999999999999,0.0,0.9010664782903327,12,2.0,1.0,9.903119549946622,,346.0
noisy,1.01,0.0,0.9871624743483413,12,2.0,1.0,9.909049383553446,,261.0
noisy,1.0999999999999999,0.0,1.0770331554698165,12,2.0,1.0,9.906866487941354,,277.0
noisy,1.19,0.0,1.1666977908950655,12,2.0,1.0,9.910190745561856,,248.0
noisy,1.28,0.0,1.2351748996289802,12,2.0,1.0,9.910143015126913,,266.0
noisy,1.3699999999999999,0.0,1.3411614005330292,12,2.0,1.0,9.909819957518586,,242.0
noisy,1.46,0.0,1.4320067404165957,12,2.0,1.0,9.913795324247094,,225.0
noisy,1.5499999999999998,0.0,1.5075195336779388,12,2.0,1.0,9.908627546526747,,179.0
noisy,1.64,0.0,1.6001194352587753,12,2.0,1.0,9.911991605552734,,215.0
noisy,1.73,0.0,1.6716635290908128,12,2.0,1.0,9.91625518216485,,191.0
noisy,1.8199999999999998,0.0,1.7516452089273429,12,2.0,1.0,9.915946424515479,,160.0
noisy,1.91,0.0,1.847796733189938,12,2.0,1.0,9.913844015225465,,177.0
noisy,2.0,0.0,1.926369570939275,12,2.0,1.0,9.917897276885439,,170.0
noisy,0.2,0.0,0.19346878190997222,13,2.0,1.0,3.884491839297491,,278.0
noisy,0.29000000000000004,0.0,0.2859284180435571,13,2.0,1.0,5.788274339065323,,299.0
noisy,0.38,0.0,0.3710344841327286,13,2.0,1.0,7.443018514517576,,389.0
noisy,0.47000000000000003,0.0,0.45874505004516825,13,2.0,1.0,9.203732564791535,,386.0
noisy,0.56,0.0,0.5469454282476186,13,2.0,1.0,9.901545097949212,,410.0
noisy,0.6499999999999999,0.0,0.6384660676595311,13,2.0,1.0,9.905567389876426,,396.0
noisy,0.74,0.0,0.7214751861775909,13,2.0,1.0,9.906986557289573,,373.0
noisy,0.8300000000000001,0.0,0.8149282619303545,13,2.0,1.0,9.90725317212362,,357.0
noisy,0.9199999999999999,0.0,0.9056271660196513,13,2.0,1.0,9.902169794391758,,294.0
noisy,1.01,0.0,0.979260102875902,13,2.0,1.0,9.903357810329453,,287.0
noisy,1.0999999999999999,0.0,1.0739201248914694,13,2.0,1.0,9.909117931583722,,276.0
noisy,1.19,0.0,1.1653997969665388,13,2.0,1.0,9.909942296031138,,291.0
noisy,1.28,0.0,1.2465441639514565,13,2.0,1.0,9.911165339839998,,254.0
noisy,1.3699999999999999,0.0,1.332148581285936,13,2.0,1.0,9.91357132389253,,274.0
noisy,1.46,0.0,1.417955555044762,13,2.0,1.0,9.908094042666285,,224.0
noisy,1.5499999999999998,0.0,1.49997158415867,13,2.0,1.0,9.913207876373352,,215.0
noisy,1.64,0.0,1.5899441823224514,13,2.0,1.0,9.915359835959705,,191.0
noisy,1.73,0.0,1.67359063313987,13,2.0,1.0,9.913841567213,,189.0
noisy,1.8199999999999998,0.0,1.7455406858674942,13,2.0,1.0,9.914375699398924,,167.0
noisy,1.91,0.0,1.8463855645768454,13,2.0,1.0,9.915741616195653,,172.0
noisy,2.0,0.0,1.9372800043305745,13,2.0,1.0,9.90718815028031,,140.0
noisy,0.2,0.0,0.19811182950273096,14,2.0,1.0,4.004055658412526,,314.0
noisy,0.29000000000000004,0.0,0.2846466020298898,14,2.0,1.0,5.726864549408526,,392.0
noisy,0.38,0.0,0.3725257004336037,14,2.0,1.0,7.511876247771134,,395.0
noisy,0.47000000000000003,0.0,0.4622242600676731,14,2.0,1.0,9.285189657738792,,425.0
noisy,0.56,0.0,0.552613122593744,14,2.0,1.0,9.903042892068228,,402.0
noisy,0.6499999999999999,0.0,0.6334503631784213,14,2.0,1.0,9.904922130539727,,416.0
noisy,0.74,0.0,0.726903923604298,14,2.0,1.0,9.905184959934902,,313.0
noisy,0.8300000000000001,0.0,0.8079423630066742,14,2.0,1.0,9.906614284799597,,320.0
noisy,0.9199999999999999,0.0,0.9048777138373915,14,2.0,1.0,9.90814154700455,,331.0
noisy,1.01,0.0,0.9797323127244764,14,2.0,1.0,9.90227269865776,,316.0
noisy,1.0999999999999999,0.0,1.0734813606041558,14,2.0,1.0,9.906735816277237,,327.0
noisy,1.19,0.0,1.1603323107865406,14,2.0,1.0,9.907280512670047,,295.0
noisy,1.28,0.0,1.2432567713232978,14,2.0,1.0,9.905879005288975,,242.0
noisy,1.3699999999999999,0.0,1.3374087373844012,14,2.0,1.0,9.913718255476999,,226.0
noisy,1.46,0.0,1.4179865032318275,14,2.0,1.0,9.908536928238854,,219.0
noisy,1.5499999999999998,0.0,1.4938152003693517,14,2.0,1.0,9.913620580728242,,213.0
noisy,1.64,0.0,1.5834545735183028,14,2.0,1.0,9.910221700901978,,197.0
noisy,1.73,0.0,1.679711387531633,14,2.0,1.0,9.915079426310982,,192.0
noisy,1.8199999999999998,0.0,1.7500435526992744,14,2.0,1.0,9.911329535698286,,167.0
noisy,1.91,0.0,1.8483992546483792,14,2.0,1.0,9.914008747795885,,185.0
noisy,2.0,0.0,1.9395635013019568,14,2.0,1.0,9.915715826971377,,160.0
noisy,0.2,0.0,0.19855625169945992,15,2.0,1.0,4.019315278332837,,302.0
noisy,0.29000000000000004,0.0,0.29121846126488043,15,2.0,1.0,6.130359911009599,,362.0
noisy,0.38,0.0,0.37700718689221985,15,2.0,1.0,7.6613863533349,,354.0
noisy,0.47000000000000003,0.0,0.46034688682376057,15,2.0,1.0,9.223830941730105,,445.0
noisy,0.56,0.0,0.5497751957177707,15,2.0,1.0,9.905317938308215,,429.0
noisy,0.6499999999999999,0.0,0.635016569249539,15,2.0,1.0,9.905690052005271,,406.0
noisy,0.74,0.0,0.7244860569495097,15,2.0,1.0,9.90685319005151,,308.0
noisy,0.8300000000000001,0.0,0.8076735389255245,15,2.0,1.0,9.907616387022516,,351.0
noisy,0.9199999999999999,0.0,0.902562348528944,15,2.0,1.0,9.908144216846098,,339.0
noisy,1.01,0.0,0.9946243157080286,15,2.0,1.0,9.90880325827044,,318.0
noisy,1.0999999999999999,0.0,1.0781827175121064,15,2.0,1.0,9.908281486721341,,282.0
noisy,1.19,0.0,1.1609828420369344,15,2.0,1.0,9.908944011392256,,299.0
noisy,1.28,0.0,1.24534426093318,15,2.0,1.0,9.910158187990612,,236.0
noisy,1.3699999999999999,0.0,1.333835546641572,15,2.0,1.0,9.910206929017924,,221.0
noisy,1.46,0.0,1.4260658200118115,15,2.0,1.0,9.914227816827058,,230.0
noisy,1.5499999999999998,0.0,1.4958353063085081,15,2.0,1.0,9.914577978566774,,222.0
noisy,1.64,0.0,1.5884011763750012,15,2.0,1.0,9.908480100526145,,195.0
noisy,1.73,0.0,1.6633883258386082,15,2.0,1.0,9.914511008249315,,181.0
noisy,1.8199999999999998,0.0,1.751525985500921,15,2.0,1.0,9.911077735032139,,177.0
noisy,1.91,0.0,1.8226327122911001,15,2.0,1.0,9.914600398748375,,179.0
noisy,2.0,0.0,1.916929662280145,15,2.0,1.0,9.91350248670179,,140.0
noisy,0.2,0.0,0.1997758044147554,16,2.0,1.0,4.084970477342188,,299.0
noisy,0.29000000000000004,0.0,0.29218418298515986,16,2.0,1.0,5.881594574323287,,311.0
noisy,0.38,0.0,0.3762584409892457,16,2.0,1.0,7.5971606866636545,,366.0
noisy,0.47000000000000003,0.0,0.462368506252223,16,2.0,1.0,9.288651359177692,,396.0
noisy,0.56,0.0,0.45802669943919794,16,2.0,0.6666666666666666,9.904774972021894,,25.0
noisy,0.6499999999999999,0.0,0.6345197784866369,16,2.0,1.0,9.903818872038233,,360.0
noisy,0.74,0.0,0.7227373325339137,16,2.0,1.0,9.907150165025946,,340.0
noisy,0.8300000000000001,0.0,0.8128724087244268,16,2.0,1.0,9.901099849975925,,343.0
noisy,0.9199999999999999,0.0,0.8998697575770801,16,2.0,1.0,9.906694794764954,,312.0
noisy,1.01,0.0,0.9902084133395817,16,2.0,1.0,9.909033796953482,,308.0
noisy,1.0999999999999999,0.0,1.075348817204943,16,2.0,1.0,9.905013557242345,,278.0
noisy,1.19,0.0,1.1633002455194674,16,2.0,1.0,9.905570642627984,,251.0
noisy,1.28,0.0,1.2455044798241277,16,2.0,1.0,9.902810179937413,,254.0
noisy,1.3699999999999999,0.0,1.3390646795075842,16,2.0,1.0,9.913384659010472,,241.0
noisy,1.46,0.0,1.4233008142553434,16,2.0,1.0,9.914066787763328,,234.0
noisy,1.5499999999999998,0.0,1.4957757643681593,16,2.0,1.0,9.915738027064949,,218.0
noisy,1.64,0.0,1.5834664928356883,16,2.0,1.0,9.912990580667055,,204.0
noisy,1.73,0.0,1.668413733147081,16,2.0,1.0,9.907649550659704,,210.0
noisy,1.8199999999999998,0.0,1.7598003563334705,16,2.0,1.0,9.911358506051227,,187.0
noisy,1.91,0.0,1.8218774009138945,16,2.0,1.0,9.91144204637391,,175.0
noisy,2.0,0.0,1.892351401532806,16,2.0,1.0,9.919329577900113,,154.0
noisy,0.2,0.0,0.1951322444454385,17,2.0,1.0,3.967812364141164,,299.0
noisy,0.29000000000000004,0.0,0.2858785007481472,17,2.0,1.0,5.765084524136404,,378.0
noisy,0.38,0.0,0.3724022484480489,17,2.0,1.0,7.478355465395267,,389.0
noisy,0.47000000000000003,0.0,0.4594088166226866,17,2.0,1.0,9.245008123041602,,404.0
noisy,0.56,0.0,0.5529106253339703,17,2.0,1.0,9.903436296926035,,370.0
noisy,0.6499999999999999,0.0,0.6368594753043387,17,2.0,1.0,9.905200491326584,,352.0
noisy,0.74,0.0,0.7219436885301819,17,2.0,1.0,9.906657417003801,,344.0
noisy,0.8300000000000001,0.0,0.8118287243774819,17,2.0,1.0,9.907732238198935,,355.0
noisy,0.9199999999999999,0.0,0.9003236509181992,17,2.0,1.0,9.908437177451413,,352.0
noisy,1.01,0.0,0.981182093924838,17,2.0,1.0,9.90660536707079,,309.0
noisy,1.0999999999999999,0.0,1.0731181341111415,17,2.0,1.0,9.909305137499938,,296.0
noisy,1.19,0.0,1.1502992289512655,17,2.0,1.0,9.906488104413587,,263.0
noisy,1.28,0.0,1.2419634388411929,17,2.0,1.0,9.90383092674826,,279.0
noisy,1.3699999999999999,0.0,1.3357908529461995,17,2.0,1.0,9.913045228426435,,249.0
noisy,1.46,0.0,1.4232590438310133,17,2.0,1.0,9.914428664045055,,204.0
noisy,1.5499999999999998,0.0,1.3630302812701105,17,2.0,0.6666666666666666,9.914544522439725,,214.0
noisy,1.64,0.0,1.4220415339673707,17,2.0,0.6666666666666666,9.912306570748614,,26.0
noisy,1.73,0.0,1.6692992634897414,17,2.0,1.0,9.90862699131886,,178.0
noisy,1.8199999999999998,0.0,1.744172263338677,17,2.0,1.0,9.913938724562467,,182.0
noisy,1.91,0.0,1.5671839278926212,17,2.0,0.6666666666666666,9.915209950129023,,22.0
noisy,2.0,0.0,1.8368952124402549,17,2.0,0.6666666666666666,9.917288222039296,,45.0
noisy,0.2,0.0,0.20165158801581032,18,2.0,1.0,4.2554392613700545,,266.0
noisy,0.29000000000000004,0.0,0.28239764352463653,18,2.0,1.0,5.717521554198629,,367.0
noisy,0.38,0.0,0.3716563854114689,18,2.0,1.0,7.494238646232523,,386.0
noisy,0.47000000000000003,0.0,0.45888419401924124,18,2.0,1.0,9.251685152959835,,436.0
noisy,0.56,0.0,0.5460389459446117,18,2.0,1.0,9.904333268801093,,411.0
noisy,0.6499999999999999,0.0,0.6318726019421482,18,2.0,1.0,9.905148838324985,,391.0
noisy,0.74,0.0,0.721949044498365,18,2.0,1.0,9.902806984267084,,325.0
noisy,0.8300000000000001,0.0,0.8147800219977291,18,2.0,1.0,9.904960712419438,,330.0
noisy,0.9199999999999999,0.0,0.8948155406062691,18,2.0,1.0,9.907695585243923,,359.0
noisy,1.01,0.0,0.9917320630498591,18,2.0,1.0,9.906959650752892,,259.0
noisy,1.0999999999999999,0.0,1.070756195737984,18,2.0,1.0,9.9054739384541,,275.0
noisy,1.19,0.0,1.1602883584912698,18,2.0,1.0,9.908743685706769,,289.0
noisy,1.28,0.0,1.2455644077296386,18,2.0,1.0,9.908875633087893,,257.0
noisy,1.3699999999999999,0.0,1.3349663466179307,18,2.0,1.0,9.910980427346423,,251.0
noisy,1.46,0.0,1.4140464927417409,18,2.0,1.0,9.909441899290433,,249.0
noisy,1.5499999999999998,0.0,1.5058618581487322,18,2.0,1.0,9.914812532488352,,233.0
noisy,1.64,0.0,1.5945142741218998,18,2.0,1.0,9.915019499965856,,202.0
noisy,1.73,0.0,1.6568701760970992,18,2.0,1.0,9.91650341464473,,188.0
noisy,1.8199999999999998,0.0,1.7290106055190433,18,2.0,1.0,9.917606295399587,,185.0
noisy,1.91,0.0,1.8232362728704183,18,2.0,1.0,9.91656857827582,,166.0
noisy,2.0,0.0,1.9115925393685125,18,2.0,1.0,9.914459339750989,,157.0
noisy,0.2,0.0,0.19573858585261705,19,2.0,1.0,4.063137261272186,,258.0
noisy,0.29000000000000004,0.0,0.28819272608017715,19,2.0,1.0,5.836552762235019,,357.0
noisy,0.38,0.0,0.3707077909707251,19,2.0,1.0,7.487754611612177,,378.0
noisy,0.47000000000000003,0.0,0.46192482650683503,19,2.0,1.0,9.384993727207494,,400.0
noisy,0.56,0.0,0.5509666765394209,19,2.0,1.0,9.904691540983247,,437.0
noisy,0.6499999999999999,0.0,0.637966351012423,19,2.0,1.0,9.904183500443278,,335.0
noisy,0.74,0.0,0.7248366091124102,19,2.0,1.0,9.906707706293588,,388.0
noisy,0.8300000000000001,0.0,0.8156861162299663,19,2.0,1.0,9.902706034078573,,356.0
noisy,0.9199999999999999,0.0,0.8978619467974417,19,2.0,1.0,9.905438397530428,,332.0
noisy,1.01,0.0,0.9886703754636263,19,2.0,1.0,9.907606968411667,,290.0
noisy,1.0999999999999999,0.0,1.0747819002173506,19,2.0,1.0,9.90856834038661,,317.0
noisy,1.19,0.0,1.1701596262177123,19,2.0,1.0,9.91102278311864,,278.0
noisy,1.28,0.0,1.2476541725508856,19,2.0,1.0,9.909633705180044,,269.0
noisy,1.3699999999999999,0.0,1.343587047269554,19,2.0,1.0,9.912200085292913,,250.0
noisy,1.46,0.0,1.414992856800456,19,2.0,1.0,9.907950052051508,,241.0
noisy,1.5499999999999998,0.0,1.5156763511822147,19,2.0,1.0,9.912726896505559,,220.0
noisy,1.64,0.0,1.591488452596099,19,2.0,1.0,9.915206237700406,,191.0
noisy,1.73,0.0,1.6717193238592525,19,2.0,1.0,9.915479051302118,,196.0
noisy,1.8199999999999998,0.0,1.7269863454866066,19,2.0,1.0,9.911254470118228,,175.0
noisy,1.91,0.0,1.706876386617511,19,2.0,0.6666666666666666,9.915182071743084,,22.0
noisy,2.0,0.0,1.9159077440757228,19,2.0,1.0,9.91883621946406,,140.0
