generator,test_idx,speed,r_leg,l_leg,mse,dtw,fft
fft_mlp_review,1033,0.3732557652971705,0.8370497822761536,0.8500540852546692,0.04030769820484049,0.4748563635737075,0.9344693125246222
fft_mlp,1033,0.3732557652971705,0.8370497822761536,0.8500540852546692,0.03276349299507219,0.39084204933740213,0.9537800176007076
raw_mocap,1033,0.3732557652971705,0.8370497822761536,0.8500540852546692,0.07270383738402372,0.5208067581951081,1.2292708291617338
cubic_spline,1033,0.3732557652971705,0.8370497822761536,0.8500540852546692,0.07333251981873408,0.43015360010657516,0.8061553972386033
cpg_matsuoka,1033,0.3732557652971705,0.8370497822761536,0.8500540852546692,0.05097350902010356,0.5410513656028221,2.056416962962148
fft_mlp_v2_baseline,1033,0.3732557652971705,0.8370497822761536,0.8500540852546692,0.0392056903629505,0.4702587931220565,1.0249483048991126
fft_mlp_v2_phase,1033,0.3732557652971705,0.8370497822761536,0.8500540852546692,0.038687211091256064,0.4681838232669896,1.0430558013521558
fft_mlp_v2_residual,1033,0.3732557652971705,0.8370497822761536,0.8500540852546692,0.06506282661561695,0.3785461671872289,0.8102047528544608
fft_mlp_v2_phase_residual,1033,0.3732557652971705,0.8370497822761536,0.8500540852546692,0.06200996019377739,0.3929041783857862,0.8113465836654589
fft_mlp_review,39,2.045375259049976,0.7743836045265198,0.7702332735061646,0.04827499416237008,0.4889062562439894,1.2112534640102437
fft_mlp,39,2.045375259049976,0.7743836045265198,0.7702332735061646,0.04995081965529374,0.5155636892557609,1.4151585675215002
raw_mocap,39,2.045375259049976,0.7743836045265198,0.7702332735061646,0.008045990250296947,0.1706471763284004,0.5385314972651681
cubic_spline,39,2.045375259049976,0.7743836045265198,0.7702332735061646,0.010226267723815812,0.2088212397962836,0.7189366437361645
cpg_matsuoka,39,2.045375259049976,0.7743836045265198,0.7702332735061646,0.10223870163320432,0.7724282549348419,2.5466505867320284
fft_mlp_v2_baseline,39,2.045375259049976,0.7743836045265198,0.7702332735061646,0.018353668480122518,0.2712438175369544,1.026581840922671
fft_mlp_v2_phase,39,2.045375259049976,0.7743836045265198,0.7702332735061646,0.02451774865846725,0.3275334030555519,1.1647864040530589
fft_mlp_v2_residual,39,2.045375259049976,0.7743836045265198,0.7702332735061646,0.010243016333294403,0.1885302138629866,0.60279948025531
fft_mlp_v2_phase_residual,39,2.045375259049976,0.7743836045265198,0.7702332735061646,0.011774004769509634,0.21687702229317468,0.6200414891395601
fft_mlp_review,339,0.6472529590578008,0.8192465901374817,0.8261839747428894,0.04132210103864132,0.4577228995548759,0.9189471659765487
fft_mlp,339,0.6472529590578008,0.8192465901374817,0.8261839747428894,0.02796160474779298,0.3778306035593801,1.1281047757822196
raw_mocap,339,0.6472529590578008,0.8192465901374817,0.8261839747428894,0.007448813890457581,0.13673916311399384,0.5572432770498613
cubic_spline,339,0.6472529590578008,0.8192465901374817,0.8261839747428894,0.014951933809527891,0.1569354732135985,0.5213711500146497
cpg_matsuoka,339,0.6472529590578008,0.8192465901374817,0.8261839747428894,0.07210983266925002,0.6336067956919781,2.257962728248421
fft_mlp_v2_baseline,339,0.6472529590578008,0.8192465901374817,0.8261839747428894,0.043835333938494515,0.4912696553260475,1.2275896099181731
fft_mlp_v2_phase,339,0.6472529590578008,0.8192465901374817,0.8261839747428894,0.04326588374241965,0.48753452434996547,1.231682115925074
fft_mlp_v2_residual,339,0.6472529590578008,0.8192465901374817,0.8261839747428894,0.010896027540907969,0.1916013050045217,0.5539910777492627
fft_mlp_v2_phase_residual,339,0.6472529590578008,0.8192465901374817,0.8261839747428894,0.01155414433316467,0.1907715400232298,0.5535472977108976
fft_mlp_review,961,0.9200383994785056,0.79127436876297,0.7877861261367798,0.015838012169910615,0.2749942914916965,0.7767011088328969
fft_mlp,961,0.9200383994785056,0.79127436876297,0.7877861261367798,0.02082436428485722,0.33919494733266237,1.0363161327967179
raw_mocap,961,0.9200383994785056,0.79127436876297,0.7877861261367798,0.03224680253926873,0.2824375190238945,0.7817804847290154
cubic_spline,961,0.9200383994785056,0.79127436876297,0.7877861261367798,0.006764975730533955,0.14763575479880184,0.47631776368414896
cpg_matsuoka,961,0.9200383994785056,0.79127436876297,0.7877861261367798,0.07768663018443477,0.6637401461537698,2.4125342767134113
fft_mlp_v2_baseline,961,0.9200383994785056,0.79127436876297,0.7877861261367798,0.02582951797143386,0.36089699280522947,1.1123920131670861
fft_mlp_v2_phase,961,0.9200383994785056,0.79127436876297,0.7877861261367798,0.026775387739961576,0.37432390724820896,1.1473599972258528
fft_mlp_v2_residual,961,0.9200383994785056,0.79127436876297,0.7877861261367798,0.008070049274250259,0.17968079204533832,0.5590635817678885
fft_mlp_v2_phase_residual,961,0.9200383994785056,0.79127436876297,0.7877861261367798,0.0063172839756957325,0.175964482646717,0.5883669496462541
fft_mlp_review,525,0.885204331592847,0.7341349720954895,0.7153636813163757,0.01711555166699291,0.24783079837536678,0.7069664075611176
fft_mlp,525,0.885204331592847,0.7341349720954895,0.7153636813163757,0.029724615280831534,0.32902162545738917,0.9319333909784132
raw_mocap,525,0.885204331592847,0.7341349720954895,0.7153636813163757,0.011215337761718994,0.12245649357258927,0.3329385314318177
cubic_spline,525,0.885204331592847,0.7341349720954895,0.7153636813163757,0.009634811149695416,0.12280353948805724,0.3630211846419331
cpg_matsuoka,525,0.885204331592847,0.7341349720954895,0.7153636813163757,0.06728873587324781,0.6157142977878635,2.153045136444096
fft_mlp_v2_baseline,525,0.885204331592847,0.7341349720954895,0.7153636813163757,0.019892328455476185,0.3313326162986325,0.9964944144256954
fft_mlp_v2_phase,525,0.885204331592847,0.7341349720954895,0.7153636813163757,0.0213238861569585,0.34351125554645523,1.0257654048541014
fft_mlp_v2_residual,525,0.885204331592847,0.7341349720954895,0.7153636813163757,0.010200996149696225,0.18494431237736958,0.5894747439647898
fft_mlp_v2_phase_residual,525,0.885204331592847,0.7341349720954895,0.7153636813163757,0.011905566904498233,0.2036640039877155,0.6618323622982613
fft_mlp_review,189,1.050571823120117,0.8966478109359741,0.8902934789657593,0.015093296964608623,0.26119737076585825,0.7240552133983459
fft_mlp,189,1.050571823120117,0.8966478109359741,0.8902934789657593,0.02721387795809821,0.3228077284185306,0.9331850464988826
raw_mocap,189,1.050571823120117,0.8966478109359741,0.8902934789657593,0.03276255208690188,0.2844042019839426,0.8333958398693989
cubic_spline,189,1.050571823120117,0.8966478109359741,0.8902934789657593,0.01371947837027872,0.19015451897115748,0.5534774810390529
cpg_matsuoka,189,1.050571823120117,0.8966478109359741,0.8902934789657593,0.06701768403781964,0.6220126262829092,2.1570066305781253
fft_mlp_v2_baseline,189,1.050571823120117,0.8966478109359741,0.8902934789657593,0.02134156474921235,0.3456432048510742,0.9989723399018612
fft_mlp_v2_phase,189,1.050571823120117,0.8966478109359741,0.8902934789657593,0.02329391644816367,0.35763561865321986,1.0236606163552084
fft_mlp_v2_residual,189,1.050571823120117,0.8966478109359741,0.8902934789657593,0.010507680087095956,0.18299920245341972,0.5260227477663223
fft_mlp_v2_phase_residual,189,1.050571823120117,0.8966478109359741,0.8902934789657593,0.015236435468178988,0.206524338446949,0.6005707389446195
fft_mlp_review,732,1.2044137034696691,0.8427228331565857,0.8473520874977112,0.017662453102302675,0.25407431148792087,0.7128208708370919
fft_mlp,732,1.2044137034696691,0.8427228331565857,0.8473520874977112,0.026644179098957988,0.3448044031029257,1.0298417055148217
raw_mocap,732,1.2044137034696691,0.8427228331565857,0.8473520874977112,0.006775211836981175,0.07910489319009753,0.2098407669748766
cubic_spline,732,1.2044137034696691,0.8427228331565857,0.8473520874977112,0.005671742137354008,0.13809203812883025,0.43374943962308654
cpg_matsuoka,732,1.2044137034696691,0.8427228331565857,0.8473520874977112,0.08304561763803665,0.67914940741982,2.530363199560773
fft_mlp_v2_baseline,732,1.2044137034696691,0.8427228331565857,0.8473520874977112,0.016675651335885153,0.2939642906841734,0.932037240650235
fft_mlp_v2_phase,732,1.2044137034696691,0.8427228331565857,0.8473520874977112,0.021079529188450297,0.3277558662350253,1.0040199608105536
fft_mlp_v2_residual,732,1.2044137034696691,0.8427228331565857,0.8473520874977112,0.004942350057963344,0.15834856498575728,0.4489450518242342
fft_mlp_v2_phase_residual,732,1.2044137034696691,0.8427228331565857,0.8473520874977112,0.007591441570957744,0.1684901929552783,0.48791465491797154
fft_mlp_review,5,0.40696708700333273,0.7312095761299133,0.7348682284355164,0.03648797178198688,0.438200285757846,1.148329592373436
fft_mlp,5,0.40696708700333273,0.7312095761299133,0.7348682284355164,0.025602507031870277,0.365734296749373,1.067918828056819
raw_mocap,5,0.40696708700333273,0.7312095761299133,0.7348682284355164,0.1292390290576927,0.6447090515579397,0.9649237769103896
cubic_spline,5,0.40696708700333273,0.7312095761299133,0.7348682284355164,0.12170208222674757,0.5762441219005326,1.057644767996737
cpg_matsuoka,5,0.40696708700333273,0.7312095761299133,0.7348682284355164,0.0573869409557202,0.5772923536195236,2.033259657052873
fft_mlp_v2_baseline,5,0.40696708700333273,0.7312095761299133,0.7348682284355164,0.03986012963516958,0.4764107547997939,1.305718907741374
fft_mlp_v2_phase,5,0.40696708700333273,0.7312095761299133,0.7348682284355164,0.038323819620644024,0.46713645162468614,1.2647264616866816
fft_mlp_v2_residual,5,0.40696708700333273,0.7312095761299133,0.7348682284355164,0.0219273047557263,0.34142279692052063,1.0153275520079885
fft_mlp_v2_phase_residual,5,0.40696708700333273,0.7312095761299133,0.7348682284355164,0.02874626841861702,0.38032047330904173,1.208474922732746
fft_mlp_review,442,1.0313938683476942,0.8017832636833191,0.8062092661857605,0.013026876174399703,0.22686622649830906,0.694013738151611
fft_mlp,442,1.0313938683476942,0.8017832636833191,0.8062092661857605,0.021732366461300834,0.2978861048902811,0.8068945159659421
raw_mocap,442,1.0313938683476942,0.8017832636833191,0.8062092661857605,0.0152551709504129,0.21962168882299357,0.6608399417319614
cubic_spline,442,1.0313938683476942,0.8017832636833191,0.8062092661857605,0.005480150861506873,0.12520122998093358,0.4222545269903543
cpg_matsuoka,442,1.0313938683476942,0.8017832636833191,0.8062092661857605,0.0730396525211384,0.642161858538833,2.3095330864456023
fft_mlp_v2_baseline,442,1.0313938683476942,0.8017832636833191,0.8062092661857605,0.013977890894530992,0.26385942479265295,0.8822690601085736
fft_mlp_v2_phase,442,1.0313938683476942,0.8017832636833191,0.8062092661857605,0.01598092266854372,0.2852255447429497,0.922196816106074
fft_mlp_v2_residual,442,1.0313938683476942,0.8017832636833191,0.8062092661857605,0.003122799820295497,0.10926482074282506,0.35399476406070646
fft_mlp_v2_phase_residual,442,1.0313938683476942,0.8017832636833191,0.8062092661857605,0.0042101554840920374,0.11432551151465019,0.33714621426429936
fft_mlp_review,861,0.5465962883025881,0.8048207759857178,0.8061153292655945,0.03359081681825237,0.38790051579745577,0.6773367992155848
fft_mlp,861,0.5465962883025881,0.8048207759857178,0.8061153292655945,0.01917195350198619,0.3092598963599124,0.8121577082404704
raw_mocap,861,0.5465962883025881,0.8048207759857178,0.8061153292655945,0.016750044308402177,0.16431258968036003,0.3186643552103651
cubic_spline,861,0.5465962883025881,0.8048207759857178,0.8061153292655945,0.0923463013269264,0.38596751938775287,0.8242211262425592
cpg_matsuoka,861,0.5465962883025881,0.8048207759857178,0.8061153292655945,0.05371234936404575,0.5500236966242956,2.034932833543483
fft_mlp_v2_baseline,861,0.5465962883025881,0.8048207759857178,0.8061153292655945,0.030394534871692813,0.40119862272820545,0.9946524719989925
fft_mlp_v2_phase,861,0.5465962883025881,0.8048207759857178,0.8061153292655945,0.030485420593200068,0.40154059981734064,0.9973868351701004
fft_mlp_v2_residual,861,0.5465962883025881,0.8048207759857178,0.8061153292655945,0.007894753703505461,0.13914246237130545,0.343993961527318
fft_mlp_v2_phase_residual,861,0.5465962883025881,0.8048207759857178,0.8061153292655945,0.018024703004766086,0.14403869755492577,0.36098324768762136
fft_mlp_review,878,1.4756406583284079,0.8048207759857178,0.8061153292655945,0.02638189452652089,0.33128686328959617,0.6898596387268751
fft_mlp,878,1.4756406583284079,0.8048207759857178,0.8061153292655945,0.02749866141307151,0.3833694983113876,0.9536535716841447
raw_mocap,878,1.4756406583284079,0.8048207759857178,0.8061153292655945,0.01437540002446036,0.2437818163852053,0.6689556919808554
cubic_spline,878,1.4756406583284079,0.8048207759857178,0.8061153292655945,0.002876377536192088,0.11859512941905628,0.3659371323593297
cpg_matsuoka,878,1.4756406583284079,0.8048207759857178,0.8061153292655945,0.09133388510888198,0.7239812985146388,2.5505606434972523
fft_mlp_v2_baseline,878,1.4756406583284079,0.8048207759857178,0.8061153292655945,0.012359129600467034,0.24156585061209332,0.7117293624707997
fft_mlp_v2_phase,878,1.4756406583284079,0.8048207759857178,0.8061153292655945,0.01834187574351918,0.30295234018807576,0.8404861007762715
fft_mlp_v2_residual,878,1.4756406583284079,0.8048207759857178,0.8061153292655945,0.0032623159631923544,0.12828729011826806,0.31461654994888083
fft_mlp_v2_phase_residual,878,1.4756406583284079,0.8048207759857178,0.8061153292655945,0.0036220634651818735,0.1428841911611792,0.3329975531226516
fft_mlp_review,851,1.7936607809627758,0.8156173229217529,0.8292902112007141,0.05466928496501212,0.41232072396495884,0.7588653097703264
fft_mlp,851,1.7936607809627758,0.8156173229217529,0.8292902112007141,0.04438198343704706,0.4493322906211069,1.1106678021300886
raw_mocap,851,1.7936607809627758,0.8156173229217529,0.8292902112007141,0.02400624148126475,0.1542486890271645,0.35280244709585756
cubic_spline,851,1.7936607809627758,0.8156173229217529,0.8292902112007141,0.02896462868567227,0.1427932556610743,0.35969137909264365
cpg_matsuoka,851,1.7936607809627758,0.8156173229217529,0.8292902112007141,0.09789534072196182,0.7520313631156896,2.629003297245719
fft_mlp_v2_baseline,851,1.7936607809627758,0.8156173229217529,0.8292902112007141,0.031478523381062745,0.23751631952305946,0.6499404431990596
fft_mlp_v2_phase,851,1.7936607809627758,0.8156173229217529,0.8292902112007141,0.037046036551162155,0.3192996074829204,0.8171088507760195
fft_mlp_v2_residual,851,1.7936607809627758,0.8156173229217529,0.8292902112007141,0.025751238037738263,0.18030685809266156,0.4273956901997036
fft_mlp_v2_phase_residual,851,1.7936607809627758,0.8156173229217529,0.8292902112007141,0.025174715970772005,0.19307625052044994,0.38382379928083693
fft_mlp_review,301,1.2435980912577898,0.855322539806366,0.8289530873298645,0.029614138998950823,0.269087163295577,0.6651773745308565
fft_mlp,301,1.2435980912577898,0.855322539806366,0.8289530873298645,0.03065806410504618,0.3475536986595029,1.006776963947186
raw_mocap,301,1.2435980912577898,0.855322539806366,0.8289530873298645,0.015443514735753956,0.12999525683576438,0.40410689234371383
cubic_spline,301,1.2435980912577898,0.855322539806366,0.8289530873298645,0.007167960957996181,0.10823092603596325,0.32063865631698013
cpg_matsuoka,301,1.2435980912577898,0.855322539806366,0.8289530873298645,0.07385957799206004,0.6457284674606524,2.2428360577981414
fft_mlp_v2_baseline,301,1.2435980912577898,0.855322539806366,0.8289530873298645,0.018716024610003865,0.281841630722999,0.8843787519657029
fft_mlp_v2_phase,301,1.2435980912577898,0.855322539806366,0.8289530873298645,0.023556833888952494,0.3182732108921074,0.9566787073494533
fft_mlp_v2_residual,301,1.2435980912577898,0.855322539806366,0.8289530873298645,0.007675888816475712,0.1522578722737242,0.4944031779551201
fft_mlp_v2_phase_residual,301,1.2435980912577898,0.855322539806366,0.8289530873298645,0.012484653643526808,0.16344823694501429,0.5050697994376464
fft_mlp_review,1067,1.4681491034371512,0.8755679726600647,0.856531023979187,0.03607868650879828,0.3244014377994126,0.7342833932901272
fft_mlp,1067,1.4681491034371512,0.8755679726600647,0.856531023979187,0.039588661605033375,0.4225481573322661,1.066903835745986
raw_mocap,1067,1.4681491034371512,0.8755679726600647,0.856531023979187,0.01499566515427022,0.17123376179369326,0.44889771144493107
cubic_spline,1067,1.4681491034371512,0.8755679726600647,0.856531023979187,0.01404020130572515,0.18415567729045537,0.6097838877490768
cpg_matsuoka,1067,1.4681491034371512,0.8755679726600647,0.856531023979187,0.10096958428966989,0.7564228176615717,2.711215375572293
fft_mlp_v2_baseline,1067,1.4681491034371512,0.8755679726600647,0.856531023979187,0.022918820852765972,0.2976814813038523,0.8884851615708979
fft_mlp_v2_phase,1067,1.4681491034371512,0.8755679726600647,0.856531023979187,0.030149679800569484,0.3532003149331013,0.9950015477169836
fft_mlp_v2_residual,1067,1.4681491034371512,0.8755679726600647,0.856531023979187,0.011591082968647887,0.18535808392151035,0.5072320026415403
fft_mlp_v2_phase_residual,1067,1.4681491034371512,0.8755679726600647,0.856531023979187,0.014113027644422712,0.19232956549271613,0.485196947463754
fft_mlp_review,718,0.19593413857852712,0.8427228331565857,0.8473520874977112,0.026696945727245385,0.3776443668631829,0.8463557542716887
fft_mlp,718,0.19593413857852712,0.8427228331565857,0.8473520874977112,0.026455138967557818,0.29682975545182977,0.7414451569274578
raw_mocap,718,0.19593413857852712,0.8427228331565857,0.8473520874977112,0.05160823864272679,0.40677670554030626,0.7106957136674392
cubic_spline,718,0.19593413857852712,0.8427228331565857,0.8473520874977112,0.03914489137148753,0.34659735116304413,0.6548409836251055
cpg_matsuoka,718,0.19593413857852712,0.8427228331565857,0.8473520874977112,0.022394673504504373,0.3469776469903851,1.3536952712589778
fft_mlp_v2_baseline,718,0.19593413857852712,0.8427228331565857,0.8473520874977112,0.029407287045286615,0.3999248616465942,0.730414761486756
fft_mlp_v2_phase,718,0.19593413857852712,0.8427228331565857,0.8473520874977112,0.02896187424274638,0.3977292229746028,0.7189600685560428
fft_mlp_v2_residual,718,0.19593413857852712,0.8427228331565857,0.8473520874977112,0.05935656986411767,0.5565835567672782,1.6918118579511543
fft_mlp_v2_phase_residual,718,0.19593413857852712,0.8427228331565857,0.8473520874977112,0.05958867995605577,0.3725871285499007,0.8315673924992649
fft_mlp_review,998,0.6291087736034024,0.8030359148979187,0.8173006772994995,0.039198256820871705,0.4112205756989156,0.9149877243299128
fft_mlp,998,0.6291087736034024,0.8030359148979187,0.8173006772994995,0.020007456980415225,0.31907087568626413,1.0409971348450415
raw_mocap,998,0.6291087736034024,0.8030359148979187,0.8173006772994995,0.011870336011137397,0.18857528856209507,0.5663998823808399
cubic_spline,998,0.6291087736034024,0.8030359148979187,0.8173006772994995,0.004676778938807134,0.12037398105610854,0.41532123640644053
cpg_matsuoka,998,0.6291087736034024,0.8030359148979187,0.8173006772994995,0.06538818039027951,0.6090813425873373,2.186622079305282
fft_mlp_v2_baseline,998,0.6291087736034024,0.8030359148979187,0.8173006772994995,0.03776229440741817,0.44697005398503425,1.2505515504892237
fft_mlp_v2_phase,998,0.6291087736034024,0.8030359148979187,0.8173006772994995,0.03718050538895911,0.44414998079740203,1.2637633479638064
fft_mlp_v2_residual,998,0.6291087736034024,0.8030359148979187,0.8173006772994995,0.0037170786888449728,0.13266387418355705,0.3985333908914887
fft_mlp_v2_phase_residual,998,0.6291087736034024,0.8030359148979187,0.8173006772994995,0.0784964593388022,0.6434496365693233,2.0868312082803744
fft_mlp_review,654,0.31520392196555974,0.8712635040283203,0.858031690120697,0.03679543543034087,0.4575023865838782,0.9667138056900638
fft_mlp,654,0.31520392196555974,0.8712635040283203,0.858031690120697,0.03765744740068771,0.39669373981160805,0.9949892598113709
raw_mocap,654,0.31520392196555974,0.8712635040283203,0.858031690120697,0.1051418077966333,0.7292604506950946,1.2486825771525034
cubic_spline,654,0.31520392196555974,0.8712635040283203,0.858031690120697,0.08698830148481039,0.6230589631404602,1.2530047404435323
cpg_matsuoka,654,0.31520392196555974,0.8712635040283203,0.858031690120697,0.05568373857210792,0.566042530495299,2.133844858518871
fft_mlp_v2_baseline,654,0.31520392196555974,0.8712635040283203,0.858031690120697,0.038550504811423546,0.4666866446690239,1.0412305725726319
fft_mlp_v2_phase,654,0.31520392196555974,0.8712635040283203,0.858031690120697,0.03866743390576511,0.46911245983115707,1.0851587222911327
fft_mlp_v2_residual,654,0.31520392196555974,0.8712635040283203,0.858031690120697,0.08569967524558751,0.4820594490616054,1.013573349309053
fft_mlp_v2_phase_residual,654,0.31520392196555974,0.8712635040283203,0.858031690120697,0.0824021860968478,0.4555650572126981,0.9640898062577131
fft_mlp_review,329,1.659655377581403,0.8188592791557312,0.8276320099830627,0.0626078822477465,0.43793758121096493,0.8613139033162581
fft_mlp,329,1.659655377581403,0.8188592791557312,0.8276320099830627,0.047595975950781445,0.44847907410868454,1.0755549433681235
raw_mocap,329,1.659655377581403,0.8188592791557312,0.8276320099830627,0.05765472186211287,0.19132360159294168,0.3437242162472833
cubic_spline,329,1.659655377581403,0.8188592791557312,0.8276320099830627,0.04497971910475904,0.15014862003963492,0.476765423321677
cpg_matsuoka,329,1.659655377581403,0.8188592791557312,0.8276320099830627,0.10583987802094429,0.7761313906885534,2.700892779781249
fft_mlp_v2_baseline,329,1.659655377581403,0.8188592791557312,0.8276320099830627,0.03980455410361551,0.2681488340421369,0.7429825746494432
fft_mlp_v2_phase,329,1.659655377581403,0.8188592791557312,0.8276320099830627,0.04522691444250377,0.34359450041648376,0.9114681154611427
fft_mlp_v2_residual,329,1.659655377581403,0.8188592791557312,0.8276320099830627,0.03759497922164993,0.17430502765449693,0.4816537568136752
fft_mlp_v2_phase_residual,329,1.659655377581403,0.8188592791557312,0.8276320099830627,0.03990852175241627,0.19446883575174884,0.515113683590701
fft_mlp_review,279,1.0280079609638935,0.7157157063484192,0.7084407806396484,0.02521420219628523,0.2946609024589892,0.7591347416383991
fft_mlp,279,1.0280079609638935,0.7157157063484192,0.7084407806396484,0.030336330389818467,0.3675720642832219,1.0363089460437755
raw_mocap,279,1.0280079609638935,0.7157157063484192,0.7084407806396484,0.013983389305575784,0.1750473939935048,0.4756979641845236
cubic_spline,279,1.0280079609638935,0.7157157063484192,0.7084407806396484,0.011225451240826334,0.201505487381728,0.6884283331104516
cpg_matsuoka,279,1.0280079609638935,0.7157157063484192,0.7084407806396484,0.07559333497649143,0.6569730364426076,2.2690457906618526
fft_mlp_v2_baseline,279,1.0280079609638935,0.7157157063484192,0.7084407806396484,0.01816024239591062,0.3107253881566261,0.9610775128871278
fft_mlp_v2_phase,279,1.0280079609638935,0.7157157063484192,0.7084407806396484,0.021300012826524477,0.3321100725162409,1.00497692109404
fft_mlp_v2_residual,279,1.0280079609638935,0.7157157063484192,0.7084407806396484,0.00597038210480292,0.1590510266945093,0.5083493581235458
fft_mlp_v2_phase_residual,279,1.0280079609638935,0.7157157063484192,0.7084407806396484,0.008698909877734716,0.17690145538817598,0.6004527646455686
fft_mlp_review,277,0.9248455615753823,0.7157157063484192,0.7084407806396484,0.019776727312714362,0.25458592301594546,0.6535471956643425
fft_mlp,277,0.9248455615753823,0.7157157063484192,0.7084407806396484,0.03154228994505023,0.3405151412373529,0.8617193088704882
raw_mocap,277,0.9248455615753823,0.7157157063484192,0.7084407806396484,0.0050651456692231795,0.08786014069415297,0.21058029087031535
cubic_spline,277,0.9248455615753823,0.7157157063484192,0.7084407806396484,0.0075061587725152425,0.10620739252890306,0.3014976488511143
cpg_matsuoka,277,0.9248455615753823,0.7157157063484192,0.7084407806396484,0.07220195999254618,0.6413064352403147,2.2337729300289895
fft_mlp_v2_baseline,277,0.9248455615753823,0.7157157063484192,0.7084407806396484,0.018831135420135214,0.32026276317407343,0.9865913862934841
fft_mlp_v2_phase,277,0.9248455615753823,0.7157157063484192,0.7084407806396484,0.020207094006210565,0.3300817514879912,0.9840787534934569
fft_mlp_v2_residual,277,0.9248455615753823,0.7157157063484192,0.7084407806396484,0.01000989860907104,0.15143160562179347,0.4276803882934874
fft_mlp_v2_phase_residual,277,0.9248455615753823,0.7157157063484192,0.7084407806396484,0.013107040015850844,0.16690976554327513,0.5086143112265856
fft_mlp_review,919,1.1484881627077312,0.7751489281654358,0.7883797287940979,0.02819361735440275,0.298408582907421,0.7174737562685296
fft_mlp,919,1.1484881627077312,0.7751489281654358,0.7883797287940979,0.030071882905629784,0.37565050956232965,1.0099910845031161
raw_mocap,919,1.1484881627077312,0.7751489281654358,0.7883797287940979,0.016859544191442335,0.14453004553099832,0.5377790602443159
cubic_spline,919,1.1484881627077312,0.7751489281654358,0.7883797287940979,0.008437116916785626,0.11466071450598253,0.40273483840443186
cpg_matsuoka,919,1.1484881627077312,0.7751489281654358,0.7883797287940979,0.0857842827474997,0.6966469386736216,2.421551521099252
fft_mlp_v2_baseline,919,1.1484881627077312,0.7751489281654358,0.7883797287940979,0.019416549191663357,0.31630469660598104,0.8867369694716899
fft_mlp_v2_phase,919,1.1484881627077312,0.7751489281654358,0.7883797287940979,0.023213219573708064,0.3432274897033196,0.9536997790072288
fft_mlp_v2_residual,919,1.1484881627077312,0.7751489281654358,0.7883797287940979,0.007551011154509505,0.17887036427043065,0.4792901570864648
fft_mlp_v2_phase_residual,919,1.1484881627077312,0.7751489281654358,0.7883797287940979,0.011025809791669996,0.18361116478715342,0.46005124221801924
fft_mlp_review,349,1.091368199442769,0.8192465901374817,0.8261839747428894,0.04775799233167621,0.3223428079651144,0.7759174260180641
fft_mlp,349,1.091368199442769,0.8192465901374817,0.8261839747428894,0.05247161241920369,0.40556798199541194,1.0303055184390946
raw_mocap,349,1.091368199442769,0.8192465901374817,0.8261839747428894,0.032301754865603924,0.18787801543373503,0.44366554327711727
cubic_spline,349,1.091368199442769,0.8192465901374817,0.8261839747428894,0.030010976926151234,0.17106234780738278,0.4204342920453848
cpg_matsuoka,349,1.091368199442769,0.8192465901374817,0.8261839747428894,0.08084268486853845,0.675188888689884,2.3809427080273573
fft_mlp_v2_baseline,349,1.091368199442769,0.8192465901374817,0.8261839747428894,0.03135348961042423,0.3629417438725828,1.0004279246358887
fft_mlp_v2_phase,349,1.091368199442769,0.8192465901374817,0.8261839747428894,0.03639402120397657,0.38298373965151467,1.0577533518521143
fft_mlp_v2_residual,349,1.091368199442769,0.8192465901374817,0.8261839747428894,0.0332253211470989,0.21411065151273503,0.4845523028015139
fft_mlp_v2_phase_residual,349,1.091368199442769,0.8192465901374817,0.8261839747428894,0.04012895167476921,0.24061871591009967,0.5861662061291791
fft_mlp_review,1094,1.442145676210702,0.8546096086502075,0.8743579983711243,0.024895190478186464,0.28532376891816474,0.7000813892199518
fft_mlp,1094,1.442145676210702,0.8546096086502075,0.8743579983711243,0.029653428797676972,0.3785848960580662,1.0628279360192139
raw_mocap,1094,1.442145676210702,0.8546096086502075,0.8743579983711243,0.010701310153572343,0.11291962817042082,0.2262103222557399
cubic_spline,1094,1.442145676210702,0.8546096086502075,0.8743579983711243,0.004233381043772181,0.09845564503335091,0.2782030325101392
cpg_matsuoka,1094,1.442145676210702,0.8546096086502075,0.8743579983711243,0.08356900931022304,0.6889230276092181,2.4656877210626997
fft_mlp_v2_baseline,1094,1.442145676210702,0.8546096086502075,0.8743579983711243,0.015143072254494183,0.2650417394949243,0.8302068806099575
fft_mlp_v2_phase,1094,1.442145676210702,0.8546096086502075,0.8743579983711243,0.021550052856527054,0.3166373289888822,0.9437214957446097
fft_mlp_v2_residual,1094,1.442145676210702,0.8546096086502075,0.8743579983711243,0.004856015761259996,0.1423798850353798,0.42425721754136214
fft_mlp_v2_phase_residual,1094,1.442145676210702,0.8546096086502075,0.8743579983711243,0.005765032870614357,0.13391918325158006,0.3825046505670949
fft_mlp_review,65,0.26068635496121007,0.8289229869842529,0.8483185768127441,0.03491816037487356,0.4100011232100824,0.9900311069049007
fft_mlp,65,0.26068635496121007,0.8289229869842529,0.8483185768127441,0.033106616833464206,0.31488551830465733,0.8862899127148381
raw_mocap,65,0.26068635496121007,0.8289229869842529,0.8483185768127441,0.051647822583273106,0.42441940035820314,0.7587152705817127
cubic_spline,65,0.26068635496121007,0.8289229869842529,0.8483185768127441,0.05517938180916227,0.4458577421685386,0.8489001086935458
cpg_matsuoka,65,0.26068635496121007,0.8289229869842529,0.8483185768127441,0.02551134536466343,0.3781545181807914,1.275790461993247
fft_mlp_v2_baseline,65,0.26068635496121007,0.8289229869842529,0.8483185768127441,0.03630343766209038,0.4300850874868599,0.8645048377916487
fft_mlp_v2_phase,65,0.26068635496121007,0.8289229869842529,0.8483185768127441,0.035637332922473806,0.4211319396469531,0.8541974774859528
fft_mlp_v2_residual,65,0.26068635496121007,0.8289229869842529,0.8483185768127441,0.07734426343164483,0.4810257186329882,0.8018075663580687
fft_mlp_v2_phase_residual,65,0.26068635496121007,0.8289229869842529,0.8483185768127441,0.0766102833768364,0.4720991313440381,0.8257843680463451
fft_mlp_review,1108,0.9406895055526341,0.8400225043296814,0.8331820368766785,0.014571515043222814,0.2554409131510291,0.7749072226966452
fft_mlp,1108,0.9406895055526341,0.8400225043296814,0.8331820368766785,0.020543667661459694,0.30144442140832295,0.8491648517181845
raw_mocap,1108,0.9406895055526341,0.8400225043296814,0.8331820368766785,0.009416964974687024,0.22029271304378373,0.7376939132783429
cubic_spline,1108,0.9406895055526341,0.8400225043296814,0.8331820368766785,0.007428179540521486,0.17336947905996303,0.6252780219921035
cpg_matsuoka,1108,0.9406895055526341,0.8400225043296814,0.8331820368766785,0.08205379797733883,0.6822786992900781,2.5378773157112846
fft_mlp_v2_baseline,1108,0.9406895055526341,0.8400225043296814,0.8331820368766785,0.020456775946906973,0.3327050363798669,1.1052370667922655
fft_mlp_v2_phase,1108,0.9406895055526341,0.8400225043296814,0.8331820368766785,0.021427724733566304,0.3414592252195731,1.1148073503324698
fft_mlp_v2_residual,1108,0.9406895055526341,0.8400225043296814,0.8331820368766785,0.005495335626940438,0.15573161721616524,0.5344845077880069
fft_mlp_v2_phase_residual,1108,0.9406895055526341,0.8400225043296814,0.8331820368766785,0.007332306024086268,0.1623145410312112,0.5664704527881792
fft_mlp_review,410,0.6237261264909199,0.8769042491912842,0.8849288821220398,0.038206398814964806,0.4079295904520249,0.8321999157854115
fft_mlp,410,0.6237261264909199,0.8769042491912842,0.8849288821220398,0.02247569185314011,0.3398032505447939,1.0377848043604556
raw_mocap,410,0.6237261264909199,0.8769042491912842,0.8849288821220398,0.012027229529260353,0.1588420434423137,0.42594496937717125
cubic_spline,410,0.6237261264909199,0.8769042491912842,0.8849288821220398,0.005525551876194145,0.09256054260991337,0.2906037582521902
cpg_matsuoka,410,0.6237261264909199,0.8769042491912842,0.8849288821220398,0.058400264544609594,0.5706673231483136,2.054521274204156
fft_mlp_v2_baseline,410,0.6237261264909199,0.8769042491912842,0.8849288821220398,0.03830509025004112,0.44140173237875313,1.112489981460557
fft_mlp_v2_phase,410,0.6237261264909199,0.8769042491912842,0.8849288821220398,0.03701018423426718,0.4367178828740026,1.1172850354493582
fft_mlp_v2_residual,410,0.6237261264909199,0.8769042491912842,0.8849288821220398,0.004934417941160617,0.1331870866734606,0.3815192996748424
fft_mlp_v2_phase_residual,410,0.6237261264909199,0.8769042491912842,0.8849288821220398,0.08663194883845189,0.6714666206676757,2.1150673853666295
fft_mlp_review,689,1.6114760321539803,0.8344907760620117,0.8224448561668396,0.055179178753862634,0.41607529143561867,0.8490299247745258
fft_mlp,689,1.6114760321539803,0.8344907760620117,0.8224448561668396,0.04259043894056495,0.4303015400207779,1.095570659912875
raw_mocap,689,1.6114760321539803,0.8344907760620117,0.8224448561668396,0.02459266721684375,0.14790310220842826,0.27586340968970396
cubic_spline,689,1.6114760321539803,0.8344907760620117,0.8224448561668396,0.025977017391418344,0.1481586368145164,0.31892156252882664
cpg_matsuoka,689,1.6114760321539803,0.8344907760620117,0.8224448561668396,0.10199381525003585,0.7604268804962357,2.7366268554846034
fft_mlp_v2_baseline,689,1.6114760321539803,0.8344907760620117,0.8224448561668396,0.03125390731267292,0.2657836139730959,0.807065380541823
fft_mlp_v2_phase,689,1.6114760321539803,0.8344907760620117,0.8224448561668396,0.0369959015108446,0.33427306278937835,0.9553789711491129
fft_mlp_v2_residual,689,1.6114760321539803,0.8344907760620117,0.8224448561668396,0.026420749842966534,0.18291255863250505,0.48929369785469196
fft_mlp_v2_phase_residual,689,1.6114760321539803,0.8344907760620117,0.8224448561668396,0.027551659485253677,0.18213757487751053,0.5047094200806
fft_mlp_review,177,0.26849372107703406,0.8966478109359741,0.8902934789657593,0.039966466600910994,0.4738092207917288,1.0797076716990885
fft_mlp,177,0.26849372107703406,0.8966478109359741,0.8902934789657593,0.04030059259604784,0.40556954423511293,0.9774431970860159
raw_mocap,177,0.26849372107703406,0.8966478109359741,0.8902934789657593,0.05251817597273126,0.463726493945848,1.0037924497330668
cubic_spline,177,0.26849372107703406,0.8966478109359741,0.8902934789657593,0.060259487731603036,0.4344191035091321,0.9285334941969138
cpg_matsuoka,177,0.26849372107703406,0.8966478109359741,0.8902934789657593,0.028976008541979514,0.4013086049281633,1.4181080236002452
fft_mlp_v2_baseline,177,0.26849372107703406,0.8966478109359741,0.8902934789657593,0.039229974355765404,0.4720764762026734,0.9705930073678154
fft_mlp_v2_phase,177,0.26849372107703406,0.8966478109359741,0.8902934789657593,0.03892996991828706,0.4664792472359467,0.9655826300320528
fft_mlp_v2_residual,177,0.26849372107703406,0.8966478109359741,0.8902934789657593,0.07702130870183822,0.45624754228271536,0.9258299936365724
fft_mlp_v2_phase_residual,177,0.26849372107703406,0.8966478109359741,0.8902934789657593,0.07534438492043062,0.4596555545855904,0.9287215119421307
fft_mlp_review,534,1.3870564778645833,0.7341349720954895,0.7153636813163757,0.036500519630030995,0.36931188152078714,0.9051984660071172
fft_mlp,534,1.3870564778645833,0.7341349720954895,0.7153636813163757,0.03507795356935362,0.42811877395893877,1.137534736642928
raw_mocap,534,1.3870564778645833,0.7341349720954895,0.7153636813163757,0.013918440586360091,0.13725207250800603,0.4510951339748314
cubic_spline,534,1.3870564778645833,0.7341349720954895,0.7153636813163757,0.00931842637378634,0.14349234060407845,0.49010683986688147
cpg_matsuoka,534,1.3870564778645833,0.7341349720954895,0.7153636813163757,0.09811676663824916,0.7463873663660349,2.5814324580101573
fft_mlp_v2_baseline,534,1.3870564778645833,0.7341349720954895,0.7153636813163757,0.018491845988043223,0.28383805572377757,0.9108833812306165
fft_mlp_v2_phase,534,1.3870564778645833,0.7341349720954895,0.7153636813163757,0.022936094580175214,0.32575659867794793,1.0109254567806791
fft_mlp_v2_residual,534,1.3870564778645833,0.7341349720954895,0.7153636813163757,0.00789751576708294,0.1927220338230484,0.6018215343120614
fft_mlp_v2_phase_residual,534,1.3870564778645833,0.7341349720954895,0.7153636813163757,0.011049739142126267,0.20465733792427554,0.6136065871811753
fft_mlp_review,117,1.0940316550096676,0.8487747311592102,0.8559828996658325,0.019053021795417794,0.28821068622283474,0.743208492050523
fft_mlp,117,1.0940316550096676,0.8487747311592102,0.8559828996658325,0.03347281548808879,0.3827607981804685,0.9926262072018875
raw_mocap,117,1.0940316550096676,0.8487747311592102,0.8559828996658325,0.004608464700995037,0.13123958404673783,0.5148908722526322
cubic_spline,117,1.0940316550096676,0.8487747311592102,0.8559828996658325,0.008427705395439656,0.141445924228616,0.5040041779384149
cpg_matsuoka,117,1.0940316550096676,0.8487747311592102,0.8559828996658325,0.08229481706168383,0.6877007282149032,2.3934207141064157
fft_mlp_v2_baseline,117,1.0940316550096676,0.8487747311592102,0.8559828996658325,0.02321706716200748,0.36558257735213756,0.9966739628905055
fft_mlp_v2_phase,117,1.0940316550096676,0.8487747311592102,0.8559828996658325,0.02671014417278235,0.3873223128946216,1.0528744676193944
fft_mlp_v2_residual,117,1.0940316550096676,0.8487747311592102,0.8559828996658325,0.010649810796003226,0.19561452130023838,0.5509522855199313
fft_mlp_v2_phase_residual,117,1.0940316550096676,0.8487747311592102,0.8559828996658325,0.014693659973068431,0.21307828230297143,0.6636647272185696
fft_mlp_review,372,1.2743339700901761,0.9055006504058838,0.9061865210533142,0.019137473216486643,0.27153590813332107,0.7476685467551724
fft_mlp,372,1.2743339700901761,0.9055006504058838,0.9061865210533142,0.030590429689556237,0.36139330585547935,1.0379473776812511
raw_mocap,372,1.2743339700901761,0.9055006504058838,0.9061865210533142,0.012820179581138456,0.2335908994053036,0.6201211576433702
cubic_spline,372,1.2743339700901761,0.9055006504058838,0.9061865210533142,0.014983482497308145,0.16890614598727338,0.4983885004952436
cpg_matsuoka,372,1.2743339700901761,0.9055006504058838,0.9061865210533142,0.09816905951631422,0.7474226506165738,2.6975221966500613
fft_mlp_v2_baseline,372,1.2743339700901761,0.9055006504058838,0.9061865210533142,0.018623944843325045,0.30692962325072115,1.0024926092640623
fft_mlp_v2_phase,372,1.2743339700901761,0.9055006504058838,0.9061865210533142,0.023669319631045894,0.34102340004428594,1.0775652861213765
fft_mlp_v2_residual,372,1.2743339700901761,0.9055006504058838,0.9061865210533142,0.008822616479255457,0.17676126651948376,0.5638076605353771
fft_mlp_v2_phase_residual,372,1.2743339700901761,0.9055006504058838,0.9061865210533142,0.011247391867489407,0.17667972749831048,0.5542849909061188
fft_mlp_review,1034,0.3702982988028691,0.8370497822761536,0.8500540852546692,0.03770861680668741,0.4551507014697804,0.9010772119546134
fft_mlp,1034,0.3702982988028691,0.8370497822761536,0.8500540852546692,0.029645042127139132,0.3651244802440587,0.9395739535867413
raw_mocap,1034,0.3702982988028691,0.8370497822761536,0.8500540852546692,0.0925703055290723,0.4386677742194068,0.8546405974464685
cubic_spline,1034,0.3702982988028691,0.8370497822761536,0.8500540852546692,0.08040014378244459,0.4475713207778285,0.8948251679679595
cpg_matsuoka,1034,0.3702982988028691,0.8370497822761536,0.8500540852546692,0.0492764109219509,0.5342010690343681,2.0118454715425806
fft_mlp_v2_baseline,1034,0.3702982988028691,0.8370497822761536,0.8500540852546692,0.03709166983653313,0.456167882406576,0.972703463404137
fft_mlp_v2_phase,1034,0.3702982988028691,0.8370497822761536,0.8500540852546692,0.03630091660941578,0.4510588914888924,0.9963998761420679
fft_mlp_v2_residual,1034,0.3702982988028691,0.8370497822761536,0.8500540852546692,0.0715696557218889,0.3927925450355001,0.7600129887892334
fft_mlp_v2_phase_residual,1034,0.3702982988028691,0.8370497822761536,0.8500540852546692,0.0690005303938717,0.403306096196301,0.7609532806517768
fft_mlp_review,628,1.6318084716796875,0.7496078014373779,0.7579050064086914,0.058403479511876355,0.4120713220190453,0.8145237239961997
fft_mlp,628,1.6318084716796875,0.7496078014373779,0.7579050064086914,0.04310229941584428,0.424318686953436,1.117343006263594
raw_mocap,628,1.6318084716796875,0.7496078014373779,0.7579050064086914,0.01687559065261611,0.2052833896120491,0.5716313259990158
cubic_spline,628,1.6318084716796875,0.7496078014373779,0.7579050064086914,0.01772413890920341,0.15070352316913196,0.4157486412277957
cpg_matsuoka,628,1.6318084716796875,0.7496078014373779,0.7579050064086914,0.08576900765437978,0.704808199517397,2.4468749801393037
fft_mlp_v2_baseline,628,1.6318084716796875,0.7496078014373779,0.7579050064086914,0.029919848887079974,0.2222699581064372,0.7387647877802443
fft_mlp_v2_phase,628,1.6318084716796875,0.7496078014373779,0.7579050064086914,0.03767221397584378,0.30068008453000405,0.8993142837647458
fft_mlp_v2_residual,628,1.6318084716796875,0.7496078014373779,0.7579050064086914,0.025014491258110488,0.1768068623963158,0.42865844553688986
fft_mlp_v2_phase_residual,628,1.6318084716796875,0.7496078014373779,0.7579050064086914,0.026171703591103435,0.1939777811114519,0.4946467256378703
fft_mlp_review,821,1.1050274219918759,0.8079240918159485,0.8084431886672974,0.024744857006778014,0.3289135373360764,0.8753884690096251
fft_mlp,821,1.1050274219918759,0.8079240918159485,0.8084431886672974,0.031329545159646366,0.3861070247679603,1.0818019547990325
raw_mocap,821,1.1050274219918759,0.8079240918159485,0.8084431886672974,0.01455921297248791,0.26090453523369456,0.7147483530080384
cubic_spline,821,1.1050274219918759,0.8079240918159485,0.8084431886672974,0.016159051673521,0.2640571139018689,0.7637678661916544
cpg_matsuoka,821,1.1050274219918759,0.8079240918159485,0.8084431886672974,0.09738949299570034,0.7416846634517276,2.7043021963487575
fft_mlp_v2_baseline,821,1.1050274219918759,0.8079240918159485,0.8084431886672974,0.02197127672135064,0.3432125335819096,1.1202835082091849
fft_mlp_v2_phase,821,1.1050274219918759,0.8079240918159485,0.8084431886672974,0.02611401778981384,0.37349140830672667,1.178526906577629
fft_mlp_v2_residual,821,1.1050274219918759,0.8079240918159485,0.8084431886672974,0.010887022124151699,0.22070451638809685,0.6241486663171271
fft_mlp_v2_phase_residual,821,1.1050274219918759,0.8079240918159485,0.8084431886672974,0.012927888813862342,0.22102132955184764,0.6571909518425607
fft_mlp_review,669,0.2942841957057763,0.8344907760620117,0.8224448561668396,0.03419896077662129,0.4391173765604417,0.9425125615560036
fft_mlp,669,0.2942841957057763,0.8344907760620117,0.8224448561668396,0.03652125964150728,0.3791058201162752,0.978382915909963
raw_mocap,669,0.2942841957057763,0.8344907760620117,0.8224448561668396,0.0699692055672035,0.40757696153561884,0.9445856708962053
cubic_spline,669,0.2942841957057763,0.8344907760620117,0.8224448561668396,0.06879353767596141,0.45909266177349306,1.0134762056147342
cpg_matsuoka,669,0.2942841957057763,0.8344907760620117,0.8224448561668396,0.0471954966809258,0.5173684554002909,1.9740184432271597
fft_mlp_v2_baseline,669,0.2942841957057763,0.8344907760620117,0.8224448561668396,0.03488161800890144,0.4422927346414748,0.9632324730863683
fft_mlp_v2_phase,669,0.2942841957057763,0.8344907760620117,0.8224448561668396,0.03485006084571484,0.44388580120811816,0.9894212427848311
fft_mlp_v2_residual,669,0.2942841957057763,0.8344907760620117,0.8224448561668396,0.08025717123806408,0.4435160536537814,0.9905300957533288
fft_mlp_v2_phase_residual,669,0.2942841957057763,0.8344907760620117,0.8224448561668396,0.07764412605594041,0.4302298144017246,0.9545257475722462
fft_mlp_review,63,1.8790263686069224,0.7213453650474548,0.7201067805290222,0.061925775007385664,0.4306988465699743,0.8986280667700232
fft_mlp,63,1.8790263686069224,0.7213453650474548,0.7201067805290222,0.0454173468650973,0.4216093508544758,1.115537254158408
raw_mocap,63,1.8790263686069224,0.7213453650474548,0.7201067805290222,0.031852901652288886,0.1805793305037667,0.6293062528751986
cubic_spline,63,1.8790263686069224,0.7213453650474548,0.7201067805290222,0.03525083266567221,0.19784002943417872,0.6432297077218506
cpg_matsuoka,63,1.8790263686069224,0.7213453650474548,0.7201067805290222,0.08954967499911727,0.7217978085813308,2.408768604789515
fft_mlp_v2_baseline,63,1.8790263686069224,0.7213453650474548,0.7201067805290222,0.03916694705448553,0.21248299897234701,0.9103843624241602
fft_mlp_v2_phase,63,1.8790263686069224,0.7213453650474548,0.7201067805290222,0.037866023555829555,0.23794709577738601,0.9486513342732518
fft_mlp_v2_residual,63,1.8790263686069224,0.7213453650474548,0.7201067805290222,0.029048874461884783,0.1590528678708779,0.4477301352120448
fft_mlp_v2_phase_residual,63,1.8790263686069224,0.7213453650474548,0.7201067805290222,0.030669694505390237,0.18337684378937255,0.5333856845640499
fft_mlp_review,735,1.4707609449114118,0.8427228331565857,0.8473520874977112,0.026649253186012346,0.3183088506572646,0.7604493562018749
fft_mlp,735,1.4707609449114118,0.8427228331565857,0.8473520874977112,0.0311074089538723,0.3977454408245809,1.0671086529248532
raw_mocap,735,1.4707609449114118,0.8427228331565857,0.8473520874977112,0.002624767387497994,0.11965483058204054,0.33234565611486
cubic_spline,735,1.4707609449114118,0.8427228331565857,0.8473520874977112,0.004969124124251982,0.14452935025894123,0.4793493907992938
cpg_matsuoka,735,1.4707609449114118,0.8427228331565857,0.8473520874977112,0.09646255828829098,0.7367707415671029,2.6814565674242083
fft_mlp_v2_baseline,735,1.4707609449114118,0.8427228331565857,0.8473520874977112,0.015559841456009417,0.26876894861132733,0.8239148749105912
fft_mlp_v2_phase,735,1.4707609449114118,0.8427228331565857,0.8473520874977112,0.02217769083324063,0.3264545167478963,0.9339174528052744
fft_mlp_v2_residual,735,1.4707609449114118,0.8427228331565857,0.8473520874977112,0.005179428675156404,0.15325636625436628,0.5105645935596516
fft_mlp_v2_phase_residual,735,1.4707609449114118,0.8427228331565857,0.8473520874977112,0.006417838793438257,0.15282265864126318,0.46240940653805734
fft_mlp_review,951,0.40330399544008316,0.79127436876297,0.7877861261367798,0.04652212532874738,0.49850916319698413,1.3032602249548966
fft_mlp,951,0.40330399544008316,0.79127436876297,0.7877861261367798,0.02913227230713541,0.37541335196574693,1.1412977149047192
raw_mocap,951,0.40330399544008316,0.79127436876297,0.7877861261367798,0.1124102861786493,0.7103945890900465,1.4372691299367233
cubic_spline,951,0.40330399544008316,0.79127436876297,0.7877861261367798,0.11849887464730646,0.7319668969152606,1.4670788281247154
cpg_matsuoka,951,0.40330399544008316,0.79127436876297,0.7877861261367798,0.06019618497012211,0.5693081919154326,2.1478324586499733
fft_mlp_v2_baseline,951,0.40330399544008316,0.79127436876297,0.7877861261367798,0.04377246596200982,0.49026161837219057,1.4460710807728903
fft_mlp_v2_phase,951,0.40330399544008316,0.79127436876297,0.7877861261367798,0.04253823871109643,0.4823915333326107,1.4317479396424175
fft_mlp_v2_residual,951,0.40330399544008316,0.79127436876297,0.7877861261367798,0.025224906553820692,0.35541928016489444,1.0096677380605301
fft_mlp_v2_phase_residual,951,0.40330399544008316,0.79127436876297,0.7877861261367798,0.02407127084203038,0.34932678620596186,1.0255298929479444
fft_mlp_review,1025,1.1559154049380795,0.8192310929298401,0.8390863537788391,0.015917722198176165,0.26592799716205406,0.7214365930707126
fft_mlp,1025,1.1559154049380795,0.8192310929298401,0.8390863537788391,0.02493757471412646,0.34698907059696005,0.9840580048766485
raw_mocap,1025,1.1559154049380795,0.8192310929298401,0.8390863537788391,0.013833935371202479,0.1666426769378374,0.5525954302112893
cubic_spline,1025,1.1559154049380795,0.8192310929298401,0.8390863537788391,0.0063816605097013505,0.14380547163901325,0.3999982724781061
cpg_matsuoka,1025,1.1559154049380795,0.8192310929298401,0.8390863537788391,0.08845387448988197,0.7074667620727301,2.5257494241014515
fft_mlp_v2_baseline,1025,1.1559154049380795,0.8192310929298401,0.8390863537788391,0.016475819348758358,0.29654062367036754,0.9561749073246063
fft_mlp_v2_phase,1025,1.1559154049380795,0.8192310929298401,0.8390863537788391,0.019886917611080624,0.32532457111789626,1.019171980586363
fft_mlp_v2_residual,1025,1.1559154049380795,0.8192310929298401,0.8390863537788391,0.00494210326086746,0.15485125595005808,0.4496966427774313
fft_mlp_v2_phase_residual,1025,1.1559154049380795,0.8192310929298401,0.8390863537788391,0.006704003284618648,0.16470603730622654,0.47450101366652025
fft_mlp_review,42,2.023464461198942,0.7743836045265198,0.7702332735061646,0.03757154497668395,0.4341885425975292,0.9988288097966415
fft_mlp,42,2.023464461198942,0.7743836045265198,0.7702332735061646,0.04269768601972627,0.482959008497727,1.1818433458959496
raw_mocap,42,2.023464461198942,0.7743836045265198,0.7702332735061646,0.011943743869470847,0.21246239679100926,0.5513646990698903
cubic_spline,42,2.023464461198942,0.7743836045265198,0.7702332735061646,0.009330154215371783,0.1886873187283304,0.48188367739369076
cpg_matsuoka,42,2.023464461198942,0.7743836045265198,0.7702332735061646,0.10317757337398581,0.7758641465218808,2.603702143125337
fft_mlp_v2_baseline,42,2.023464461198942,0.7743836045265198,0.7702332735061646,0.015419861835305552,0.2470797760396824,0.8844921612320644
fft_mlp_v2_phase,42,2.023464461198942,0.7743836045265198,0.7702332735061646,0.0192635566206904,0.29420437661253246,0.9463285473891009
fft_mlp_v2_residual,42,2.023464461198942,0.7743836045265198,0.7702332735061646,0.006682587784235211,0.15964272385564918,0.4009668106577447
fft_mlp_v2_phase_residual,42,2.023464461198942,0.7743836045265198,0.7702332735061646,0.00867409463810076,0.1975529169348168,0.48007638357511556
fft_mlp_review,167,1.3065950324736446,0.8018629550933838,0.7927669882774353,0.02226911381890781,0.2993716396800926,0.6564320887314264
fft_mlp,167,1.3065950324736446,0.8018629550933838,0.7927669882774353,0.026130053543198518,0.3659545062257653,0.9291810163907855
raw_mocap,167,1.3065950324736446,0.8018629550933838,0.7927669882774353,0.004676948508772551,0.1557622083625459,0.5539848560700437
cubic_spline,167,1.3065950324736446,0.8018629550933838,0.7927669882774353,0.004333994251434581,0.15386493219322306,0.4850181027996568
cpg_matsuoka,167,1.3065950324736446,0.8018629550933838,0.7927669882774353,0.09310306111685458,0.7281951178099385,2.595316415511119
fft_mlp_v2_baseline,167,1.3065950324736446,0.8018629550933838,0.7927669882774353,0.013891828824332299,0.2672657705139839,0.7882476097620369
fft_mlp_v2_phase,167,1.3065950324736446,0.8018629550933838,0.7927669882774353,0.019204970926878413,0.3103626314005862,0.8788360518179409
fft_mlp_v2_residual,167,1.3065950324736446,0.8018629550933838,0.7927669882774353,0.0032794476324202876,0.12559358809395957,0.41280998882957304
fft_mlp_v2_phase_residual,167,1.3065950324736446,0.8018629550933838,0.7927669882774353,0.00437815252691937,0.1416986757653981,0.46455373463064786
fft_mlp_review,809,0.34455567753604444,0.8079240918159485,0.8084431886672974,0.04728371717073362,0.5082031674104113,1.2620351129899443
fft_mlp,809,0.34455567753604444,0.8079240918159485,0.8084431886672974,0.04212479888014058,0.4357333631753388,1.2680562495159526
raw_mocap,809,0.34455567753604444,0.8079240918159485,0.8084431886672974,0.11072713137302055,0.602919313423771,1.5365264602607562
cubic_spline,809,0.34455567753604444,0.8079240918159485,0.8084431886672974,0.10050386242624272,0.53435856411627,1.4664276319200116
cpg_matsuoka,809,0.34455567753604444,0.8079240918159485,0.8084431886672974,0.07183614704680495,0.6369908794979352,2.4094576443746605
fft_mlp_v2_baseline,809,0.34455567753604444,0.8079240918159485,0.8084431886672974,0.04747708969755154,0.5117664522187365,1.3586386288837795
fft_mlp_v2_phase,809,0.34455567753604444,0.8079240918159485,0.8084431886672974,0.0467745881231297,0.5088755686083402,1.3903663997348257
fft_mlp_v2_residual,809,0.34455567753604444,0.8079240918159485,0.8084431886672974,0.09554689458346484,0.4919078025657262,1.2059076548168806
fft_mlp_v2_phase_residual,809,0.34455567753604444,0.8079240918159485,0.8084431886672974,0.09256781239399174,0.4941802156790783,1.1663821021227727
fft_mlp_review,313,0.6376310599866764,0.8188592791557312,0.8276320099830627,0.040770799859975004,0.40347034413532257,0.9964739606969815
fft_mlp,313,0.6376310599866764,0.8188592791557312,0.8276320099830627,0.021873688216948895,0.3163824682372847,1.1077974685037921
raw_mocap,313,0.6376310599866764,0.8188592791557312,0.8276320099830627,0.01817638111166096,0.19227973244925206,0.6120630259308156
cubic_spline,313,0.6376310599866764,0.8188592791557312,0.8276320099830627,0.007521893149980125,0.14575503829854128,0.47342038988517005
cpg_matsuoka,313,0.6376310599866764,0.8188592791557312,0.8276320099830627,0.0754472538056702,0.6464314245625065,2.4382690317949502
fft_mlp_v2_baseline,313,0.6376310599866764,0.8188592791557312,0.8276320099830627,0.03996160820545725,0.4407593939354265,1.304465485272783
fft_mlp_v2_phase,313,0.6376310599866764,0.8188592791557312,0.8276320099830627,0.03951195485617846,0.43893636033405786,1.3115233330114788
fft_mlp_v2_residual,313,0.6376310599866764,0.8188592791557312,0.8276320099830627,0.006206973332917992,0.1661489927406997,0.5323494035273733
fft_mlp_v2_phase_residual,313,0.6376310599866764,0.8188592791557312,0.8276320099830627,0.07513502247345845,0.61336048746355,2.086156353610076
fft_mlp_review,296,0.8706912342130829,0.855322539806366,0.8289530873298645,0.011555481995860414,0.2216911139243414,0.6523197870967895
fft_mlp,296,0.8706912342130829,0.855322539806366,0.8289530873298645,0.017667216177040763,0.2671111509672948,0.813433590433283
raw_mocap,296,0.8706912342130829,0.855322539806366,0.8289530873298645,0.00519124741913529,0.16329889056793034,0.49152868541146827
cubic_spline,296,0.8706912342130829,0.855322539806366,0.8289530873298645,0.007298672255762448,0.08815907706361169,0.1813337593395459
cpg_matsuoka,296,0.8706912342130829,0.855322539806366,0.8289530873298645,0.05955956619915681,0.5767325342261134,2.0824519892855022
fft_mlp_v2_baseline,296,0.8706912342130829,0.855322539806366,0.8289530873298645,0.019293604345766453,0.32230876031046934,0.9790274089134016
fft_mlp_v2_phase,296,0.8706912342130829,0.855322539806366,0.8289530873298645,0.019502371635389776,0.32374726125806824,0.9783784606061338
fft_mlp_v2_residual,296,0.8706912342130829,0.855322539806366,0.8289530873298645,0.007421327138667414,0.14099848061140183,0.4084680491478962
fft_mlp_v2_phase_residual,296,0.8706912342130829,0.855322539806366,0.8289530873298645,0.008414874225939296,0.1541611457366676,0.4817530769315226
fft_mlp_review,490,1.4899713052285686,0.7058945894241333,0.7136680483818054,0.03197794094213007,0.3725506523200283,0.8541708936521641
fft_mlp,490,1.4899713052285686,0.7058945894241333,0.7136680483818054,0.0350103353435798,0.4302931126295077,1.1048150305582276
raw_mocap,490,1.4899713052285686,0.7058945894241333,0.7136680483818054,0.007510535590113298,0.18186474236870376,0.640221181542394
cubic_spline,490,1.4899713052285686,0.7058945894241333,0.7136680483818054,0.004914728074733646,0.14267272834634262,0.49993699193597463
cpg_matsuoka,490,1.4899713052285686,0.7058945894241333,0.7136680483818054,0.08685902692763388,0.7085235954005915,2.4442939195799314
fft_mlp_v2_baseline,490,1.4899713052285686,0.7058945894241333,0.7136680483818054,0.012787672113051804,0.2451632877682309,0.760616452358065
fft_mlp_v2_phase,490,1.4899713052285686,0.7058945894241333,0.7136680483818054,0.01916123601618912,0.30227998902230746,0.9027300083379061
fft_mlp_v2_residual,490,1.4899713052285686,0.7058945894241333,0.7136680483818054,0.005382644078422386,0.16375396476187076,0.4998786693802611
fft_mlp_v2_phase_residual,490,1.4899713052285686,0.7058945894241333,0.7136680483818054,0.005903970544183562,0.17261310817515996,0.5374492280222491
fft_mlp_review,543,0.606384027004242,0.8502301573753357,0.8526734113693237,0.04271816789063102,0.4884123332925046,1.1622220578706528
fft_mlp,543,0.606384027004242,0.8502301573753357,0.8526734113693237,0.03278453141177486,0.43312973231460444,1.3849782010404563
raw_mocap,543,0.606384027004242,0.8502301573753357,0.8526734113693237,0.024988854484101167,0.19761647420266237,0.5974435376963413
cubic_spline,543,0.606384027004242,0.8502301573753357,0.8526734113693237,0.02550463168917271,0.29979138020532275,0.8477108354441834
cpg_matsuoka,543,0.606384027004242,0.8502301573753357,0.8526734113693237,0.04301681156283788,0.4970764536036013,1.4943377267610016
fft_mlp_v2_baseline,543,0.606384027004242,0.8502301573753357,0.8526734113693237,0.04066458023684769,0.4840750958479083,1.3764736127616224
fft_mlp_v2_phase,543,0.606384027004242,0.8502301573753357,0.8526734113693237,0.04022357295818358,0.48100630774093395,1.3884384665782352
fft_mlp_v2_residual,543,0.606384027004242,0.8502301573753357,0.8526734113693237,0.020483852414510496,0.2905721939818452,0.815379849163453
fft_mlp_v2_phase_residual,543,0.606384027004242,0.8502301573753357,0.8526734113693237,0.03610849087846876,0.30262044133535737,0.7496210243009717
fft_mlp_review,641,0.7970493460300079,0.9196800589561462,0.9152016639709473,0.01881983805975097,0.3235421968812178,0.999755631131961
fft_mlp,641,0.7970493460300079,0.9196800589561462,0.9152016639709473,0.022695016304489068,0.3336156008743389,1.0518929015224752
raw_mocap,641,0.7970493460300079,0.9196800589561462,0.9152016639709473,0.04215019672680403,0.2683613955794625,0.6384344306358265
cubic_spline,641,0.7970493460300079,0.9196800589561462,0.9152016639709473,0.02643309700749731,0.184068558057462,0.5015865704863208
cpg_matsuoka,641,0.7970493460300079,0.9196800589561462,0.9152016639709473,0.05557636076478515,0.5594929801052758,1.8703048305651986
fft_mlp_v2_baseline,641,0.7970493460300079,0.9196800589561462,0.9152016639709473,0.032326786856821034,0.42729072971038895,1.220277402521326
fft_mlp_v2_phase,641,0.7970493460300079,0.9196800589561462,0.9152016639709473,0.03100013429864995,0.41934269728917756,1.2327674371696336
fft_mlp_v2_residual,641,0.7970493460300079,0.9196800589561462,0.9152016639709473,0.020270676467251406,0.2695149444390359,0.9540857045091288
fft_mlp_v2_phase_residual,641,0.7970493460300079,0.9196800589561462,0.9152016639709473,0.01886631900401193,0.2757818203241033,0.9474776661316753
fft_mlp_review,290,0.4654863688151042,0.855322539806366,0.8289530873298645,0.03524522491848477,0.4219859311741635,1.0416096048967851
fft_mlp,290,0.4654863688151042,0.855322539806366,0.8289530873298645,0.02537615119966458,0.3615628386094672,1.0199962020506048
raw_mocap,290,0.4654863688151042,0.855322539806366,0.8289530873298645,0.12291730652272133,0.6596074361853774,1.0763003143200902
cubic_spline,290,0.4654863688151042,0.855322539806366,0.8289530873298645,0.11600237036878687,0.6072124951990915,1.0941167514164742
cpg_matsuoka,290,0.4654863688151042,0.855322539806366,0.8289530873298645,0.04638959855793579,0.5035240071555048,1.7854023326439592
fft_mlp_v2_baseline,290,0.4654863688151042,0.855322539806366,0.8289530873298645,0.0342421705769328,0.43181919983434147,1.1697221767360542
fft_mlp_v2_phase,290,0.4654863688151042,0.855322539806366,0.8289530873298645,0.032839623340002705,0.4221039706776113,1.1432377032589682
fft_mlp_v2_residual,290,0.4654863688151042,0.855322539806366,0.8289530873298645,0.012362630632513428,0.24568995939314103,0.7103118002631964
fft_mlp_v2_phase_residual,290,0.4654863688151042,0.855322539806366,0.8289530873298645,0.01622523438191693,0.2525854283167597,0.7262342784441996
fft_mlp_review,617,0.5413957319186844,0.7496078014373779,0.7579050064086914,0.035260628107391764,0.40315110644269914,0.7475868180844508
fft_mlp,617,0.5413957319186844,0.7496078014373779,0.7579050064086914,0.020051882390849676,0.3162848282932218,0.9396642443064244
raw_mocap,617,0.5413957319186844,0.7496078014373779,0.7579050064086914,0.017285662751740812,0.21785058224238157,0.6025440871741853
cubic_spline,617,0.5413957319186844,0.7496078014373779,0.7579050064086914,0.09777902338562637,0.413718044340198,0.7817825124808793
cpg_matsuoka,617,0.5413957319186844,0.7496078014373779,0.7579050064086914,0.05065142944472432,0.5370859832203339,1.8805412373322394
fft_mlp_v2_baseline,617,0.5413957319186844,0.7496078014373779,0.7579050064086914,0.033810050512437545,0.4248341073107144,1.0105926442110948
fft_mlp_v2_phase,617,0.5413957319186844,0.7496078014373779,0.7579050064086914,0.03254658386802493,0.42047659504006735,1.0246418343392614
fft_mlp_v2_residual,617,0.5413957319186844,0.7496078014373779,0.7579050064086914,0.007245020079204355,0.16449007857926642,0.4715863346566475
fft_mlp_v2_phase_residual,617,0.5413957319186844,0.7496078014373779,0.7579050064086914,0.015314801016076802,0.17149124787001607,0.5080819569749782
fft_mlp_review,779,1.0139342327507175,0.8740227818489075,0.8766192197799683,0.0143585724069117,0.2329249909347225,0.7084836600881799
fft_mlp,779,1.0139342327507175,0.8740227818489075,0.8766192197799683,0.02450297646508229,0.29246540419701655,0.8085227596833354
raw_mocap,779,1.0139342327507175,0.8740227818489075,0.8766192197799683,0.018793421756127957,0.15509701808592918,0.3735935705244331
cubic_spline,779,1.0139342327507175,0.8740227818489075,0.8766192197799683,0.013511000797278691,0.114023222845966,0.30218109331811155
cpg_matsuoka,779,1.0139342327507175,0.8740227818489075,0.8766192197799683,0.0737909334670651,0.6441418302651866,2.34106396373649
fft_mlp_v2_baseline,779,1.0139342327507175,0.8740227818489075,0.8766192197799683,0.01866810898787394,0.30553295302098255,0.9798486901292497
fft_mlp_v2_phase,779,1.0139342327507175,0.8740227818489075,0.8766192197799683,0.0201819303007641,0.31809722558152026,0.9874936241315183
fft_mlp_v2_residual,779,1.0139342327507175,0.8740227818489075,0.8766192197799683,0.007361284081448681,0.1259127268270976,0.3187198007646677
fft_mlp_v2_phase_residual,779,1.0139342327507175,0.8740227818489075,0.8766192197799683,0.011151446076190749,0.14158959265180063,0.3590425960950703
fft_mlp_review,910,0.5111591430664062,0.7751489281654358,0.7883797287940979,0.03712456213739624,0.4239309305038948,0.8477118443415957
fft_mlp,910,0.5111591430664062,0.7751489281654358,0.7883797287940979,0.024467032509705947,0.34806756378701487,1.0065928744335313
raw_mocap,910,0.5111591430664062,0.7751489281654358,0.7883797287940979,0.13137301704440643,0.6615239023302679,1.1862065758268765
cubic_spline,910,0.5111591430664062,0.7751489281654358,0.7883797287940979,0.12459209076897652,0.6263203979666583,1.1524804589928193
cpg_matsuoka,910,0.5111591430664062,0.7751489281654358,0.7883797287940979,0.05676157286164313,0.5605179252135395,2.033077407007207
fft_mlp_v2_baseline,910,0.5111591430664062,0.7751489281654358,0.7883797287940979,0.03421189838707594,0.42947699821422025,1.2244371045219185
fft_mlp_v2_phase,910,0.5111591430664062,0.7751489281654358,0.7883797287940979,0.03405985580937306,0.42748627520428467,1.2233619738785393
fft_mlp_v2_residual,910,0.5111591430664062,0.7751489281654358,0.7883797287940979,0.014595647226637075,0.19764446880718048,0.6117469846010586
fft_mlp_v2_phase_residual,910,0.5111591430664062,0.7751489281654358,0.7883797287940979,0.02274141545631252,0.2064044879515544,0.6182434286233124
fft_mlp_review,212,1.2545766105428773,0.848772406578064,0.8538340926170349,0.028850092761797935,0.2716694317995298,0.7525181586672366
fft_mlp,212,1.2545766105428773,0.848772406578064,0.8538340926170349,0.031014592359973794,0.347692734934423,0.9885099499257922
raw_mocap,212,1.2545766105428773,0.848772406578064,0.8538340926170349,0.0122621109783845,0.13082923856892065,0.3208231730786757
cubic_spline,212,1.2545766105428773,0.848772406578064,0.8538340926170349,0.012742778084767455,0.1584010958145183,0.52631139385108
cpg_matsuoka,212,1.2545766105428773,0.848772406578064,0.8538340926170349,0.08999103227654161,0.7123804440944775,2.5383702473243535
fft_mlp_v2_baseline,212,1.2545766105428773,0.848772406578064,0.8538340926170349,0.01927844776610289,0.2761159478287053,0.9154667880498447
fft_mlp_v2_phase,212,1.2545766105428773,0.848772406578064,0.8538340926170349,0.023110260140113567,0.31084788725617807,0.990477831511826
fft_mlp_v2_residual,212,1.2545766105428773,0.848772406578064,0.8538340926170349,0.008742415580875858,0.12519961088899448,0.429914280902939
fft_mlp_v2_phase_residual,212,1.2545766105428773,0.848772406578064,0.8538340926170349,0.01330499623860749,0.14756507330992094,0.44658873105084523
fft_mlp_review,979,1.0777078295510913,0.9167536497116089,0.9164755344390869,0.01090868726286503,0.2255234551582475,0.6143191495134418
fft_mlp,979,1.0777078295510913,0.9167536497116089,0.9164755344390869,0.01640316308685097,0.27601603301416516,0.7260510974180377
raw_mocap,979,1.0777078295510913,0.9167536497116089,0.9164755344390869,0.0044696852610038385,0.124205159663947,0.37244900701592315
cubic_spline,979,1.0777078295510913,0.9167536497116089,0.9164755344390869,0.004751922884388357,0.12579008684495682,0.3500080007036779
cpg_matsuoka,979,1.0777078295510913,0.9167536497116089,0.9164755344390869,0.07568394507963712,0.6587452926250214,2.4134319952021563
fft_mlp_v2_baseline,979,1.0777078295510913,0.9167536497116089,0.9164755344390869,0.015293470218144914,0.2864377781729429,0.9318459041192936
fft_mlp_v2_phase,979,1.0777078295510913,0.9167536497116089,0.9164755344390869,0.016340436024134857,0.29849005711929066,0.9374450224117886
fft_mlp_v2_residual,979,1.0777078295510913,0.9167536497116089,0.9164755344390869,0.003919802723810165,0.1347365509050698,0.3657101236858395
fft_mlp_v2_phase_residual,979,1.0777078295510913,0.9167536497116089,0.9164755344390869,0.005283217866041864,0.12968384749594958,0.38457724148985295
fft_mlp_review,555,1.3254968868279309,0.8502301573753357,0.8526734113693237,0.020572823694315578,0.29356896760691514,0.819778034622115
fft_mlp,555,1.3254968868279309,0.8502301573753357,0.8526734113693237,0.027442462012367667,0.37214594994227074,1.1800687267681704
raw_mocap,555,1.3254968868279309,0.8502301573753357,0.8526734113693237,0.0036489338873716935,0.13764550633196382,0.37767242677515894
cubic_spline,555,1.3254968868279309,0.8502301573753357,0.8526734113693237,0.002950048966899925,0.1044603522845249,0.3457299219280597
cpg_matsuoka,555,1.3254968868279309,0.8502301573753357,0.8526734113693237,0.06835129528911758,0.6243728996284408,2.1696223427811314
fft_mlp_v2_baseline,555,1.3254968868279309,0.8502301573753357,0.8526734113693237,0.01673407541850655,0.2991567361827689,0.9787268499700715
fft_mlp_v2_phase,555,1.3254968868279309,0.8502301573753357,0.8526734113693237,0.021314191209054922,0.3345965752851831,1.0795542977318808
fft_mlp_v2_residual,555,1.3254968868279309,0.8502301573753357,0.8526734113693237,0.007141114640550649,0.18640990714252265,0.6060164471336967
fft_mlp_v2_phase_residual,555,1.3254968868279309,0.8502301573753357,0.8526734113693237,0.006865442611718436,0.18576161334424815,0.6617069322285848
fft_mlp_review,1058,0.6947281471768716,0.8755679726600647,0.856531023979187,0.03244003988811843,0.3915991158139408,0.7267147110415264
fft_mlp,1058,0.6947281471768716,0.8755679726600647,0.856531023979187,0.016818656167137087,0.30094581848040025,0.9142257477836967
raw_mocap,1058,0.6947281471768716,0.8755679726600647,0.856531023979187,0.005364223852044708,0.1428108263654872,0.39129007279762806
cubic_spline,1058,0.6947281471768716,0.8755679726600647,0.856531023979187,0.0037366075047767107,0.09438994923036599,0.21395821408310625
cpg_matsuoka,1058,0.6947281471768716,0.8755679726600647,0.856531023979187,0.059494534224781605,0.5839453572959725,2.065775854654717
fft_mlp_v2_baseline,1058,0.6947281471768716,0.8755679726600647,0.856531023979187,0.03302871141383451,0.4277844664220917,1.0615483367971328
fft_mlp_v2_phase,1058,0.6947281471768716,0.8755679726600647,0.856531023979187,0.031763189192750875,0.4195359952796931,1.0674429022910619
fft_mlp_v2_residual,1058,0.6947281471768716,0.8755679726600647,0.856531023979187,0.0040853467572159715,0.14066159286934488,0.42137817813043155
fft_mlp_v2_phase_residual,1058,0.6947281471768716,0.8755679726600647,0.856531023979187,0.003924754639616323,0.14138481987087798,0.41634631135497707
fft_mlp_review,672,0.3207464515448189,0.8344907760620117,0.8224448561668396,0.03346706171175107,0.43153726182644975,0.9384797670454237
fft_mlp,672,0.3207464515448189,0.8344907760620117,0.8224448561668396,0.032099928609985735,0.35473582597986525,1.0003221126355053
raw_mocap,672,0.3207464515448189,0.8344907760620117,0.8224448561668396,0.07873937028394849,0.41813077926890274,0.8673587129756362
cubic_spline,672,0.3207464515448189,0.8344907760620117,0.8224448561668396,0.07482024832406353,0.4746761824434239,0.8476979431079097
cpg_matsuoka,672,0.3207464515448189,0.8344907760620117,0.8224448561668396,0.04905839977315649,0.5315905991547684,2.0130783990963868
fft_mlp_v2_baseline,672,0.3207464515448189,0.8344907760620117,0.8224448561668396,0.03445952506188334,0.4404936592839076,1.0114063663723634
fft_mlp_v2_phase,672,0.3207464515448189,0.8344907760620117,0.8224448561668396,0.034000209185403495,0.4388205661472155,1.0362533263479614
fft_mlp_v2_residual,672,0.3207464515448189,0.8344907760620117,0.8224448561668396,0.08488996820768624,0.47136710838311213,0.8845051532316616
fft_mlp_v2_phase_residual,672,0.3207464515448189,0.8344907760620117,0.8224448561668396,0.08254403416301065,0.452034485491801,0.8414375664681617
fft_mlp_review,317,0.6915053034403239,0.8188592791557312,0.8276320099830627,0.03400918831915014,0.37784468287192463,1.0287103957837345
fft_mlp,317,0.6915053034403239,0.8188592791557312,0.8276320099830627,0.026202901789975003,0.31067866261935706,1.1160633009583851
raw_mocap,317,0.6915053034403239,0.8188592791557312,0.8276320099830627,0.027450924038633747,0.15431568683189834,0.4054234069595574
cubic_spline,317,0.6915053034403239,0.8188592791557312,0.8276320099830627,0.027648125217673316,0.15877326980292125,0.48235141558781636
cpg_matsuoka,317,0.6915053034403239,0.8188592791557312,0.8276320099830627,0.07878431606517788,0.6567142850186467,2.4741562773419306
fft_mlp_v2_baseline,317,0.6915053034403239,0.8188592791557312,0.8276320099830627,0.03863209523558301,0.4364869194597035,1.3726562950221624
fft_mlp_v2_phase,317,0.6915053034403239,0.8188592791557312,0.8276320099830627,0.03789151121600679,0.4313567017290039,1.3911748567584599
fft_mlp_v2_residual,317,0.6915053034403239,0.8188592791557312,0.8276320099830627,0.01793275630946305,0.17627513247777316,0.6469382081451348
fft_mlp_v2_phase_residual,317,0.6915053034403239,0.8188592791557312,0.8276320099830627,0.017299077759210944,0.1723029551336221,0.6034045727560596
fft_mlp_review,1081,0.6288649650369112,0.8546096086502075,0.8743579983711243,0.03914100259412352,0.3799677879319648,0.7351930850170731
fft_mlp,1081,0.6288649650369112,0.8546096086502075,0.8743579983711243,0.018725939948188063,0.29525116465254514,0.9176151031533898
raw_mocap,1081,0.6288649650369112,0.8546096086502075,0.8743579983711243,0.0035739021482455112,0.13779224232406606,0.32957825785585015
cubic_spline,1081,0.6288649650369112,0.8546096086502075,0.8743579983711243,0.0018970719421974374,0.08282463824926929,0.26399453436742837
cpg_matsuoka,1081,0.6288649650369112,0.8546096086502075,0.8743579983711243,0.04879516713122953,0.5235532176063323,1.8962318197945258
fft_mlp_v2_baseline,1081,0.6288649650369112,0.8546096086502075,0.8743579983711243,0.03422423873150863,0.4000824635754457,0.981719577569506
fft_mlp_v2_phase,1081,0.6288649650369112,0.8546096086502075,0.8743579983711243,0.03296608330973965,0.39631984861997444,0.9922957451567531
fft_mlp_v2_residual,1081,0.6288649650369112,0.8546096086502075,0.8743579983711243,0.005611016212257546,0.10706477491623223,0.36228767369746034
fft_mlp_v2_phase_residual,1081,0.6288649650369112,0.8546096086502075,0.8743579983711243,0.08046174115942861,0.6427030376170109,1.9843924144514062
fft_mlp_review,535,1.4459412659106612,0.7341349720954895,0.7153636813163757,0.03993096728972075,0.39864056867397524,0.9309333156732009
fft_mlp,535,1.4459412659106612,0.7341349720954895,0.7153636813163757,0.037384666369462055,0.44798387016206065,1.1693158120245684
raw_mocap,535,1.4459412659106612,0.7341349720954895,0.7153636813163757,0.005238712769662879,0.1589496080915707,0.4154970611046778
cubic_spline,535,1.4459412659106612,0.7341349720954895,0.7153636813163757,0.004967236191912886,0.15140646878686326,0.49140223675081335
cpg_matsuoka,535,1.4459412659106612,0.7341349720954895,0.7153636813163757,0.10312180998994476,0.7659152385836349,2.6593890929331594
fft_mlp_v2_baseline,535,1.4459412659106612,0.7341349720954895,0.7153636813163757,0.019334455487805307,0.2959047682149884,0.9520522588924285
fft_mlp_v2_phase,535,1.4459412659106612,0.7341349720954895,0.7153636813163757,0.025402462276304383,0.3430753211777099,1.0360681829301115
fft_mlp_v2_residual,535,1.4459412659106612,0.7341349720954895,0.7153636813163757,0.007783172751751756,0.19531528616283272,0.5998553397297488
fft_mlp_v2_phase_residual,535,1.4459412659106612,0.7341349720954895,0.7153636813163757,0.010219160101664248,0.21332035213664277,0.631993618436054
fft_mlp_review,1039,0.6599698893229168,0.8370497822761536,0.8500540852546692,0.04504704937478369,0.41955643754314814,0.8062334366791021
fft_mlp,1039,0.6599698893229168,0.8370497822761536,0.8500540852546692,0.02157128827396457,0.32895957862086944,0.9062016095190866
raw_mocap,1039,0.6599698893229168,0.8370497822761536,0.8500540852546692,0.013381490868071126,0.20645873194154007,0.4231355887753144
cubic_spline,1039,0.6599698893229168,0.8370497822761536,0.8500540852546692,0.0055205903643167345,0.1687572761379716,0.4641064314196885
cpg_matsuoka,1039,0.6599698893229168,0.8370497822761536,0.8500540852546692,0.06879703648493775,0.6282420963102321,2.320128001367315
fft_mlp_v2_baseline,1039,0.6599698893229168,0.8370497822761536,0.8500540852546692,0.042066187563204516,0.46385292096832303,1.1637464703150908
fft_mlp_v2_phase,1039,0.6599698893229168,0.8370497822761536,0.8500540852546692,0.041192759575356015,0.46066267155173374,1.1772144730112133
fft_mlp_v2_residual,1039,0.6599698893229168,0.8370497822761536,0.8500540852546692,0.00797263614907581,0.16690276549248279,0.47467840358244057
fft_mlp_v2_phase_residual,1039,0.6599698893229168,0.8370497822761536,0.8500540852546692,0.007321410113689641,0.15468601221380607,0.4167398607179435
fft_mlp_review,432,0.5952447291890623,0.8017832636833191,0.8062092661857605,0.03518935225267811,0.37201780453141037,0.7296135763023557
fft_mlp,432,0.5952447291890623,0.8017832636833191,0.8062092661857605,0.015757975197485074,0.27912463796961795,0.8455818298013229
raw_mocap,432,0.5952447291890623,0.8017832636833191,0.8062092661857605,0.1406836515102522,0.6817742718114063,1.2243951028935565
cubic_spline,432,0.5952447291890623,0.8017832636833191,0.8062092661857605,0.016257607650992576,0.2656044572616618,0.8133704790220951
cpg_matsuoka,432,0.5952447291890623,0.8017832636833191,0.8062092661857605,0.05652004029767754,0.5646424566559426,2.074328796440677
fft_mlp_v2_baseline,432,0.5952447291890623,0.8017832636833191,0.8062092661857605,0.03128436609975598,0.3869864496240299,1.0315701565915818
fft_mlp_v2_phase,432,0.5952447291890623,0.8017832636833191,0.8062092661857605,0.030732702645337322,0.3855620782915451,1.0428798630201992
fft_mlp_v2_residual,432,0.5952447291890623,0.8017832636833191,0.8062092661857605,0.003097292544596441,0.12071078609603308,0.2757407729499615
fft_mlp_v2_phase_residual,432,0.5952447291890623,0.8017832636833191,0.8062092661857605,0.005614907228840328,0.11274360852750222,0.2734834628613115
fft_mlp_review,828,1.6464745692717724,0.8079240918159485,0.8084431886672974,0.043880982925337104,0.4310767054252672,1.0641603478333717
fft_mlp,828,1.6464745692717724,0.8079240918159485,0.8084431886672974,0.043814649684112215,0.4749872121330928,1.3419322449262339
raw_mocap,828,1.6464745692717724,0.8079240918159485,0.8084431886672974,0.010204696897185256,0.16912378559094884,0.6219736314966444
cubic_spline,828,1.6464745692717724,0.8079240918159485,0.8084431886672974,0.007783039620710701,0.1684112815041421,0.6840113647620293
cpg_matsuoka,828,1.6464745692717724,0.8079240918159485,0.8084431886672974,0.11320830056290869,0.7984648691601591,2.826157019787768
fft_mlp_v2_baseline,828,1.6464745692717724,0.8079240918159485,0.8084431886672974,0.019625345606169922,0.27918423277614973,0.9850066025364609
fft_mlp_v2_phase,828,1.6464745692717724,0.8079240918159485,0.8084431886672974,0.02946348616439709,0.35655539110278023,1.1445458666914206
fft_mlp_v2_residual,828,1.6464745692717724,0.8079240918159485,0.8084431886672974,0.009299742025425214,0.18464387783548292,0.6697703578479105
fft_mlp_v2_phase_residual,828,1.6464745692717724,0.8079240918159485,0.8084431886672974,0.01078964026501072,0.20078178288731288,0.7074057906363479
fft_mlp_review,621,0.9395398869860772,0.7496078014373779,0.7579050064086914,0.01096264334013614,0.2283246851422969,0.7156587371029156
fft_mlp,621,0.9395398869860772,0.7496078014373779,0.7579050064086914,0.017799012809051624,0.2878685567027382,0.8494763999705106
raw_mocap,621,0.9395398869860772,0.7496078014373779,0.7579050064086914,0.005226207584012532,0.13118217704129218,0.44791747409815624
cubic_spline,621,0.9395398869860772,0.7496078014373779,0.7579050064086914,0.0036593583368764236,0.11325881721572652,0.3892175978658714
cpg_matsuoka,621,0.9395398869860772,0.7496078014373779,0.7579050064086914,0.06470606983601816,0.6063232001673483,2.136973110478992
fft_mlp_v2_baseline,621,0.9395398869860772,0.7496078014373779,0.7579050064086914,0.015998697484467774,0.2905184200401634,0.8867144785303619
fft_mlp_v2_phase,621,0.9395398869860772,0.7496078014373779,0.7579050064086914,0.016649979769320974,0.30289454231281937,0.9272665292918227
fft_mlp_v2_residual,621,0.9395398869860772,0.7496078014373779,0.7579050064086914,0.003039643159241001,0.12701365147333424,0.40812105262543935
fft_mlp_v2_phase_residual,621,0.9395398869860772,0.7496078014373779,0.7579050064086914,0.0035141661234618245,0.12737874379995645,0.41091739450166015
fft_mlp_review,287,1.3920213999238407,0.7157157063484192,0.7084407806396484,0.03648878577526804,0.3833381427666791,0.8441040983938349
fft_mlp,287,1.3920213999238407,0.7157157063484192,0.7084407806396484,0.03545579990086666,0.4309463726707852,1.079130240965523
raw_mocap,287,1.3920213999238407,0.7157157063484192,0.7084407806396484,0.005961569400327541,0.10854594313037538,0.31159186462167643
cubic_spline,287,1.3920213999238407,0.7157157063484192,0.7084407806396484,0.008505347987310216,0.1436527543378457,0.4963938770312745
cpg_matsuoka,287,1.3920213999238407,0.7157157063484192,0.7084407806396484,0.09138378874871611,0.7236097233714172,2.4807017917835634
fft_mlp_v2_baseline,287,1.3920213999238407,0.7157157063484192,0.7084407806396484,0.01763004109595798,0.27564011053412946,0.8460570352652222
fft_mlp_v2_phase,287,1.3920213999238407,0.7157157063484192,0.7084407806396484,0.023291323113382834,0.3261700592479424,0.9534496899286724
fft_mlp_v2_residual,287,1.3920213999238407,0.7157157063484192,0.7084407806396484,0.0065630653155197395,0.16721958801152453,0.583809089432345
fft_mlp_v2_phase_residual,287,1.3920213999238407,0.7157157063484192,0.7084407806396484,0.010630445887551241,0.1938498900597343,0.6276157230784163
fft_mlp_review,451,0.31953412085700095,0.8022439479827881,0.821893572807312,0.03501294873563758,0.43672604289925976,0.7932403582587115
fft_mlp,451,0.31953412085700095,0.8022439479827881,0.821893572807312,0.03429653341313886,0.3406146773301766,0.7964685263911667
raw_mocap,451,0.31953412085700095,0.8022439479827881,0.821893572807312,0.0396417534507877,0.2178129836334821,0.5010003015827488
cubic_spline,451,0.31953412085700095,0.8022439479827881,0.821893572807312,0.06815069606351569,0.3648003731449764,0.9015065617983483
cpg_matsuoka,451,0.31953412085700095,0.8022439479827881,0.821893572807312,0.04656754860592729,0.5157732886580499,1.9138390767195441
fft_mlp_v2_baseline,451,0.31953412085700095,0.8022439479827881,0.821893572807312,0.03459495781227023,0.4401653298417929,0.8430465304638659
fft_mlp_v2_phase,451,0.31953412085700095,0.8022439479827881,0.821893572807312,0.03478488548735288,0.43993329889185334,0.8751855762657704
fft_mlp_v2_residual,451,0.31953412085700095,0.8022439479827881,0.821893572807312,0.0766576967632512,0.39743375228328814,0.89841269370642
fft_mlp_v2_phase_residual,451,0.31953412085700095,0.8022439479827881,0.821893572807312,0.07427809456446108,0.3873934015424347,0.8626529117262867
fft_mlp_review,1013,0.3808077201315884,0.8192310929298401,0.8390863537788391,0.042179710619800824,0.48602169529744077,1.1590164064915687
fft_mlp,1013,0.3808077201315884,0.8192310929298401,0.8390863537788391,0.03464501243608752,0.39625080126168083,1.191184569511912
raw_mocap,1013,0.3808077201315884,0.8192310929298401,0.8390863537788391,0.09990852516784098,0.5069971030530775,1.135765955520733
cubic_spline,1013,0.3808077201315884,0.8192310929298401,0.8390863537788391,0.09445507361501826,0.5499879451955225,1.13574872032241
cpg_matsuoka,1013,0.3808077201315884,0.8192310929298401,0.8390863537788391,0.05840431981201496,0.5784299783369677,2.118674722966679
fft_mlp_v2_baseline,1013,0.3808077201315884,0.8192310929298401,0.8390863537788391,0.040924849773502255,0.48230852229533944,1.2986026217652806
fft_mlp_v2_phase,1013,0.3808077201315884,0.8192310929298401,0.8390863537788391,0.039800637323268474,0.4759378283788485,1.3069389420015922
fft_mlp_v2_residual,1013,0.3808077201315884,0.8192310929298401,0.8390863537788391,0.07288338482007171,0.40443667706484365,1.1050703575200076
fft_mlp_v2_phase_residual,1013,0.3808077201315884,0.8192310929298401,0.8390863537788391,0.07096055275801587,0.41526595974895725,1.0957294349308444
fft_mlp_review,528,0.9630782477599753,0.7341349720954895,0.7153636813163757,0.0171098456323457,0.26628832765945426,0.739610991643694
fft_mlp,528,0.9630782477599753,0.7341349720954895,0.7153636813163757,0.027555536835007086,0.3498482555339653,1.0117072730454477
raw_mocap,528,0.9630782477599753,0.7341349720954895,0.7153636813163757,0.017503298553991322,0.27973468323719314,0.9153605583389508
cubic_spline,528,0.9630782477599753,0.7341349720954895,0.7153636813163757,0.010670602716791986,0.22762697428271741,0.8147477900460999
cpg_matsuoka,528,0.9630782477599753,0.7341349720954895,0.7153636813163757,0.07072862011878499,0.6326358480047476,2.2110638039223627
fft_mlp_v2_baseline,528,0.9630782477599753,0.7341349720954895,0.7153636813163757,0.018697073432236058,0.32370140419818194,0.9799403224378475
fft_mlp_v2_phase,528,0.9630782477599753,0.7341349720954895,0.7153636813163757,0.020295461377150964,0.3395932266524854,1.0420883693814007
fft_mlp_v2_residual,528,0.9630782477599753,0.7341349720954895,0.7153636813163757,0.005093451046825533,0.1700560479020771,0.5191003334714227
fft_mlp_v2_phase_residual,528,0.9630782477599753,0.7341349720954895,0.7153636813163757,0.00779408464380566,0.18201257577807348,0.6055373354429846
fft_mlp_review,300,1.2184291244242234,0.855322539806366,0.8289530873298645,0.03313338050389129,0.28443348460585666,0.6670764746285979
fft_mlp,300,1.2184291244242234,0.855322539806366,0.8289530873298645,0.037483472258179114,0.37208825488798275,1.018806453379858
raw_mocap,300,1.2184291244242234,0.855322539806366,0.8289530873298645,0.022486247388659578,0.1652295059748548,0.5037533206337035
cubic_spline,300,1.2184291244242234,0.855322539806366,0.8289530873298645,0.018634212019452135,0.11475204764969413,0.3119206930106511
cpg_matsuoka,300,1.2184291244242234,0.855322539806366,0.8289530873298645,0.07765225831089073,0.6616136482098499,2.278654439376119
fft_mlp_v2_baseline,300,1.2184291244242234,0.855322539806366,0.8289530873298645,0.023027208238077513,0.3083710994551585,0.9145366087706511
fft_mlp_v2_phase,300,1.2184291244242234,0.855322539806366,0.8289530873298645,0.028183542852472192,0.34058833478471406,0.9810652899555178
fft_mlp_v2_residual,300,1.2184291244242234,0.855322539806366,0.8289530873298645,0.01263728160054719,0.17497594640930508,0.5046931690627027
fft_mlp_v2_phase_residual,300,1.2184291244242234,0.855322539806366,0.8289530873298645,0.018627935672334412,0.18917271430486168,0.5357331784303839
fft_mlp_review,752,1.0767126995584237,0.802338182926178,0.8089379072189331,0.02257762108849688,0.2778435913609896,0.8049863366897619
fft_mlp,752,1.0767126995584237,0.802338182926178,0.8089379072189331,0.033895884653592584,0.36782953172858274,1.0354110210313128
raw_mocap,752,1.0767126995584237,0.802338182926178,0.8089379072189331,0.01028330732245948,0.16058992295368635,0.489147944612915
cubic_spline,752,1.0767126995584237,0.802338182926178,0.8089379072189331,0.010144215979424831,0.1338541247901075,0.3728741237111528
cpg_matsuoka,752,1.0767126995584237,0.802338182926178,0.8089379072189331,0.09159161276244754,0.7162080917296028,2.567617666793559
fft_mlp_v2_baseline,752,1.0767126995584237,0.802338182926178,0.8089379072189331,0.020988728096346335,0.3260550811568072,1.0792978457505351
fft_mlp_v2_phase,752,1.0767126995584237,0.802338182926178,0.8089379072189331,0.024937392739634117,0.3507162570026066,1.131691684013923
fft_mlp_v2_residual,752,1.0767126995584237,0.802338182926178,0.8089379072189331,0.009344288352545067,0.17210054538011735,0.5297485882791961
fft_mlp_v2_phase_residual,752,1.0767126995584237,0.802338182926178,0.8089379072189331,0.012639627413640364,0.18438869026215363,0.5646570332313366
fft_mlp_review,622,0.9390492216069648,0.7496078014373779,0.7579050064086914,0.012682892119107489,0.2278798223684904,0.6071392309123258
fft_mlp,622,0.9390492216069648,0.7496078014373779,0.7579050064086914,0.022445856281559953,0.29360270060237015,0.8048171934293964
raw_mocap,622,0.9390492216069648,0.7496078014373779,0.7579050064086914,0.0035069734885463696,0.14104291090272156,0.417844193410033
cubic_spline,622,0.9390492216069648,0.7496078014373779,0.7579050064086914,0.0033529731088677264,0.11529300999221474,0.4162938212807956
cpg_matsuoka,622,0.9390492216069648,0.7496078014373779,0.7579050064086914,0.0649550601286512,0.6095139208618593,2.0921354443543216
fft_mlp_v2_baseline,622,0.9390492216069648,0.7496078014373779,0.7579050064086914,0.0148971815175737,0.28230838445498946,0.8129554586067553
fft_mlp_v2_phase,622,0.9390492216069648,0.7496078014373779,0.7579050064086914,0.016411123717560833,0.2967985979845546,0.843211030420441
fft_mlp_v2_residual,622,0.9390492216069648,0.7496078014373779,0.7579050064086914,0.004651898910238519,0.1292791863286338,0.39159589753931523
fft_mlp_v2_phase_residual,622,0.9390492216069648,0.7496078014373779,0.7579050064086914,0.005754987873777353,0.13429346217583008,0.39737591784783133
fft_mlp_review,995,0.668510044987494,0.8030359148979187,0.8173006772994995,0.03551609673401099,0.3778151214000843,0.8912453639038155
fft_mlp,995,0.668510044987494,0.8030359148979187,0.8173006772994995,0.018336106453085834,0.29848600461907715,0.9899226868012182
raw_mocap,995,0.668510044987494,0.8030359148979187,0.8173006772994995,0.014405239612153916,0.16233637534673376,0.5734245751770678
cubic_spline,995,0.668510044987494,0.8030359148979187,0.8173006772994995,0.010710752096007685,0.18252472291935537,0.558770489903811
cpg_matsuoka,995,0.668510044987494,0.8030359148979187,0.8173006772994995,0.06788109359231435,0.6212809171131745,2.157622256425501
fft_mlp_v2_baseline,995,0.668510044987494,0.8030359148979187,0.8173006772994995,0.03533506201503005,0.42020725206696385,1.223862826436543
fft_mlp_v2_phase,995,0.668510044987494,0.8030359148979187,0.8173006772994995,0.03436497578593689,0.41651798498783205,1.2413211081801787
fft_mlp_v2_residual,995,0.668510044987494,0.8030359148979187,0.8173006772994995,0.005275285885014355,0.14859674255893546,0.4432968611115826
fft_mlp_v2_phase_residual,995,0.668510044987494,0.8030359148979187,0.8173006772994995,0.004779023329617754,0.14065441657430602,0.44489202877744
fft_mlp_review,34,1.1574854729492539,0.7743836045265198,0.7702332735061646,0.02483187628583841,0.27130241736794314,0.659586188397849
fft_mlp,34,1.1574854729492539,0.7743836045265198,0.7702332735061646,0.027261985947086818,0.3454510020504127,0.9882455788526325
raw_mocap,34,1.1574854729492539,0.7743836045265198,0.7702332735061646,0.008345819927920065,0.17848777183041567,0.44780724734016225
cubic_spline,34,1.1574854729492539,0.7743836045265198,0.7702332735061646,0.006775155206029924,0.125579113160033,0.3518494535042949
cpg_matsuoka,34,1.1574854729492539,0.7743836045265198,0.7702332735061646,0.07046898690320545,0.6390146276099368,2.22939774125464
fft_mlp_v2_baseline,34,1.1574854729492539,0.7743836045265198,0.7702332735061646,0.015238871441783779,0.2743988053815786,0.8429248914452653
fft_mlp_v2_phase,34,1.1574854729492539,0.7743836045265198,0.7702332735061646,0.019434265732583698,0.3049906355605912,0.9102413076751933
fft_mlp_v2_residual,34,1.1574854729492539,0.7743836045265198,0.7702332735061646,0.007177203588726114,0.1698831818011986,0.5456878449080218
fft_mlp_v2_phase_residual,34,1.1574854729492539,0.7743836045265198,0.7702332735061646,0.010009761988689725,0.1829348382182538,0.61007543466474
fft_mlp_review,286,1.230008402631327,0.7157157063484192,0.7084407806396484,0.02687466902783941,0.330564082198465,0.841149611271593
fft_mlp,286,1.230008402631327,0.7157157063484192,0.7084407806396484,0.03074567273826362,0.3994658506015425,1.1083910110771404
raw_mocap,286,1.230008402631327,0.7157157063484192,0.7084407806396484,0.005109401734673151,0.15037449506149222,0.38681064594993214
cubic_spline,286,1.230008402631327,0.7157157063484192,0.7084407806396484,0.002922488563557387,0.1277326494506459,0.3694199052431986
cpg_matsuoka,286,1.230008402631327,0.7157157063484192,0.7084407806396484,0.08221130847546894,0.6873473047049969,2.3734501564465096
fft_mlp_v2_baseline,286,1.230008402631327,0.7157157063484192,0.7084407806396484,0.01629100716474856,0.2907404417522606,0.9183998836767103
fft_mlp_v2_phase,286,1.230008402631327,0.7157157063484192,0.7084407806396484,0.02165810287907931,0.32973791247897194,1.031761573452172
fft_mlp_v2_residual,286,1.230008402631327,0.7157157063484192,0.7084407806396484,0.005702411451149199,0.16786799548486217,0.6161687707845581
fft_mlp_v2_phase_residual,286,1.230008402631327,0.7157157063484192,0.7084407806396484,0.007284437594792492,0.19449150194996842,0.7035418508268204
fft_mlp_review,314,0.6726823711760658,0.8188592791557312,0.8276320099830627,0.03791706506805565,0.4158488662608282,0.8960913888026266
fft_mlp,314,0.6726823711760658,0.8188592791557312,0.8276320099830627,0.020703940376000277,0.32141280868977745,1.0288069105804853
raw_mocap,314,0.6726823711760658,0.8188592791557312,0.8276320099830627,0.02114482496306223,0.19118372626693653,0.6219021286399802
cubic_spline,314,0.6726823711760658,0.8188592791557312,0.8276320099830627,0.009981892785661283,0.19515322522111317,0.6085640717149049
cpg_matsuoka,314,0.6726823711760658,0.8188592791557312,0.8276320099830627,0.07674766760614503,0.6602226705038536,2.4340917172878815
fft_mlp_v2_baseline,314,0.6726823711760658,0.8188592791557312,0.8276320099830627,0.03746519063450305,0.4471692506918546,1.2673745632266906
fft_mlp_v2_phase,314,0.6726823711760658,0.8188592791557312,0.8276320099830627,0.036446859825027024,0.44123788651683665,1.2920035904627822
fft_mlp_v2_residual,314,0.6726823711760658,0.8188592791557312,0.8276320099830627,0.005869667152147022,0.17146934584616266,0.5687920464398075
fft_mlp_v2_phase_residual,314,0.6726823711760658,0.8188592791557312,0.8276320099830627,0.006002773362821154,0.16904602290400186,0.5494398564058199
fft_mlp_review,333,0.2994394079431311,0.8192465901374817,0.8261839747428894,0.04435973288321202,0.48682415222383346,1.1096029976731128
fft_mlp,333,0.2994394079431311,0.8192465901374817,0.8261839747428894,0.03537826130588686,0.38896308774018795,1.0370968063906603
raw_mocap,333,0.2994394079431311,0.8192465901374817,0.8261839747428894,0.08712362786726215,0.5539687904731871,1.2579762183457202
cubic_spline,333,0.2994394079431311,0.8192465901374817,0.8261839747428894,0.08293872558814115,0.5309268732396625,1.060533931830556
cpg_matsuoka,333,0.2994394079431311,0.8192465901374817,0.8261839747428894,0.05323380431742177,0.5263875673101297,2.0131883547302567
fft_mlp_v2_baseline,333,0.2994394079431311,0.8192465901374817,0.8261839747428894,0.04767910486789909,0.5095892134886302,1.0742404721123973
fft_mlp_v2_phase,333,0.2994394079431311,0.8192465901374817,0.8261839747428894,0.045968538458871444,0.5010380665196463,1.0571425913842616
fft_mlp_v2_residual,333,0.2994394079431311,0.8192465901374817,0.8261839747428894,0.1125173548817372,0.5992933919366996,1.0943287167821731
fft_mlp_v2_phase_residual,333,0.2994394079431311,0.8192465901374817,0.8261839747428894,0.10945273531098121,0.5861266366236624,1.0441251570809897
fft_mlp_review,182,0.6702503551136363,0.8966478109359741,0.8902934789657593,0.044089167277314094,0.43408046498276054,0.8504527857608025
fft_mlp,182,0.6702503551136363,0.8966478109359741,0.8902934789657593,0.02326888677820442,0.35090640421903047,1.0801033158706441
raw_mocap,182,0.6702503551136363,0.8966478109359741,0.8902934789657593,0.0016662279508173042,0.09617692689262715,0.2479510640136667
cubic_spline,182,0.6702503551136363,0.8966478109359741,0.8902934789657593,0.002793813875735927,0.11240506401473582,0.29728127485414074
cpg_matsuoka,182,0.6702503551136363,0.8966478109359741,0.8902934789657593,0.053781827790543836,0.5538550346308168,1.918577912834196
fft_mlp_v2_baseline,182,0.6702503551136363,0.8966478109359741,0.8902934789657593,0.04039500950722374,0.46897086157536516,1.095881689551482
fft_mlp_v2_phase,182,0.6702503551136363,0.8966478109359741,0.8902934789657593,0.03874560106833264,0.45934551860684764,1.1024408838777946
fft_mlp_v2_residual,182,0.6702503551136363,0.8966478109359741,0.8902934789657593,0.009268942868034475,0.16283290568082953,0.5458197317831144
fft_mlp_v2_phase_residual,182,0.6702503551136363,0.8966478109359741,0.8902934789657593,0.009383946366719896,0.16578188980262829,0.5725826871865872
fft_mlp_review,49,0.5008562475218808,0.7213453650474548,0.7201067805290222,0.042836369966027577,0.4776482890193931,0.8314806431578239
fft_mlp,49,0.5008562475218808,0.7213453650474548,0.7201067805290222,0.026949436394955575,0.38450124094253707,1.0536565611936504
raw_mocap,49,0.5008562475218808,0.7213453650474548,0.7201067805290222,0.1320139276954629,0.787355281785261,0.8704713442285622
cubic_spline,49,0.5008562475218808,0.7213453650474548,0.7201067805290222,0.1308370444434448,0.7272032622257366,0.867112004354845
cpg_matsuoka,49,0.5008562475218808,0.7213453650474548,0.7201067805290222,0.054945989788073336,0.5567843235174458,1.8811164053421
fft_mlp_v2_baseline,49,0.5008562475218808,0.7213453650474548,0.7201067805290222,0.04223129016982822,0.48918180846471215,1.1861822649894098
fft_mlp_v2_phase,49,0.5008562475218808,0.7213453650474548,0.7201067805290222,0.041268820574992045,0.48351909044417984,1.2137370501251403
fft_mlp_v2_residual,49,0.5008562475218808,0.7213453650474548,0.7201067805290222,0.016735941416497143,0.26367365049204844,0.8181323461399147
fft_mlp_v2_phase_residual,49,0.5008562475218808,0.7213453650474548,0.7201067805290222,0.024156294527240676,0.26086653715562846,0.8637078879101194
fft_mlp_review,102,1.1496844448886074,0.8644205927848816,0.8923356533050537,0.015771971486800897,0.24352263084612855,0.7765535283685713
fft_mlp,102,1.1496844448886074,0.8644205927848816,0.8923356533050537,0.027268895535626336,0.3207325102803618,0.9514384982698488
raw_mocap,102,1.1496844448886074,0.8644205927848816,0.8923356533050537,0.014673662081711267,0.23729701021921215,0.7045925656197692
cubic_spline,102,1.1496844448886074,0.8644205927848816,0.8923356533050537,0.01649238620422586,0.20707505512315524,0.6128023677251765
cpg_matsuoka,102,1.1496844448886074,0.8644205927848816,0.8923356533050537,0.088045255518787,0.7047143118127289,2.5744066746414216
fft_mlp_v2_baseline,102,1.1496844448886074,0.8644205927848816,0.8923356533050537,0.01697409390437945,0.2907369233275112,0.9903522953405424
fft_mlp_v2_phase,102,1.1496844448886074,0.8644205927848816,0.8923356533050537,0.019856886027609013,0.31381098271491614,1.0417699346789226
fft_mlp_v2_residual,102,1.1496844448886074,0.8644205927848816,0.8923356533050537,0.00895524722542639,0.1518402809182787,0.4566790869466857
fft_mlp_v2_phase_residual,102,1.1496844448886074,0.8644205927848816,0.8923356533050537,0.012571154787211,0.16351594955462068,0.48509304476924026
fft_mlp_review,687,1.1747844138340642,0.8344907760620117,0.8224448561668396,0.013660803599415098,0.24634175304310754,0.6088550204536055
fft_mlp,687,1.1747844138340642,0.8344907760620117,0.8224448561668396,0.02200126851615578,0.32356270571589646,0.8815642384603386
raw_mocap,687,1.1747844138340642,0.8344907760620117,0.8224448561668396,0.006297578341493856,0.1112056347073359,0.26112195088380713
cubic_spline,687,1.1747844138340642,0.8344907760620117,0.8224448561668396,0.003279662617956212,0.10278838696542482,0.2805869553541624
cpg_matsuoka,687,1.1747844138340642,0.8344907760620117,0.8224448561668396,0.07543890217225195,0.653110675419689,2.3823992828006704
fft_mlp_v2_baseline,687,1.1747844138340642,0.8344907760620117,0.8224448561668396,0.013570905274066408,0.2629048071414386,0.8172334187589586
fft_mlp_v2_phase,687,1.1747844138340642,0.8344907760620117,0.8224448561668396,0.01703416231697506,0.2958925889829651,0.88970044404406
fft_mlp_v2_residual,687,1.1747844138340642,0.8344907760620117,0.8224448561668396,0.0029412715967889213,0.11821674195884396,0.3137775780369592
fft_mlp_v2_phase_residual,687,1.1747844138340642,0.8344907760620117,0.8224448561668396,0.004070778064703867,0.12957384168452052,0.3634537139223342
fft_mlp_review,41,1.9633200905539774,0.7743836045265198,0.7702332735061646,0.03817421626346306,0.44819590018888333,1.099796837464682
fft_mlp,41,1.9633200905539774,0.7743836045265198,0.7702332735061646,0.04369605351479844,0.48907928016391916,1.3004071647173874
raw_mocap,41,1.9633200905539774,0.7743836045265198,0.7702332735061646,0.010714155917374337,0.2000242540314693,0.5654569249108833
cubic_spline,41,1.9633200905539774,0.7743836045265198,0.7702332735061646,0.007609283027672481,0.1637698419671348,0.4151247074472833
cpg_matsuoka,41,1.9633200905539774,0.7743836045265198,0.7702332735061646,0.09752598072943912,0.7511983253249217,2.543422742626429
fft_mlp_v2_baseline,41,1.9633200905539774,0.7743836045265198,0.7702332735061646,0.01586311032339403,0.25054148620263883,0.9178573206022556
fft_mlp_v2_phase,41,1.9633200905539774,0.7743836045265198,0.7702332735061646,0.02059286145974566,0.3064313844333583,1.060750119609327
fft_mlp_v2_residual,41,1.9633200905539774,0.7743836045265198,0.7702332735061646,0.00888438791177851,0.15856297035141523,0.5330737488950584
fft_mlp_v2_phase_residual,41,1.9633200905539774,0.7743836045265198,0.7702332735061646,0.011695238916715483,0.17425088344002754,0.5081136213302712
fft_mlp_review,275,0.9559904310438367,0.7157157063484192,0.7084407806396484,0.01471620614161064,0.26834125506150924,0.7448238430908182
fft_mlp,275,0.9559904310438367,0.7157157063484192,0.7084407806396484,0.023498295771901156,0.3412517749711383,0.9912285238774049
raw_mocap,275,0.9559904310438367,0.7157157063484192,0.7084407806396484,0.0074944828109183735,0.1608924057022296,0.5741743898172352
cubic_spline,275,0.9559904310438367,0.7157157063484192,0.7084407806396484,0.00849723292068593,0.1958423531719043,0.6857462115039867
cpg_matsuoka,275,0.9559904310438367,0.7157157063484192,0.7084407806396484,0.0743429903277323,0.6485998512433813,2.3150193465184254
fft_mlp_v2_baseline,275,0.9559904310438367,0.7157157063484192,0.7084407806396484,0.01990999319793461,0.3217350425360282,1.056760720144112
fft_mlp_v2_phase,275,0.9559904310438367,0.7157157063484192,0.7084407806396484,0.02025299865943273,0.3342016067800276,1.0450117933012608
fft_mlp_v2_residual,275,0.9559904310438367,0.7157157063484192,0.7084407806396484,0.0037496564859099833,0.1447665252683421,0.42303995174558967
fft_mlp_v2_phase_residual,275,0.9559904310438367,0.7157157063484192,0.7084407806396484,0.004608615879277459,0.1550409578319495,0.502266020838706
fft_mlp_review,675,0.6705359003151277,0.8344907760620117,0.8224448561668396,0.02855277267291045,0.3463574774593491,0.7283082013655031
fft_mlp,675,0.6705359003151277,0.8344907760620117,0.8224448561668396,0.014029108438666915,0.2697813863131729,0.8503827638751021
raw_mocap,675,0.6705359003151277,0.8344907760620117,0.8224448561668396,0.01528131570760738,0.16730010179376845,0.4873979145282376
cubic_spline,675,0.6705359003151277,0.8344907760620117,0.8224448561668396,0.008920141341946288,0.17133736513214012,0.49868558437936733
cpg_matsuoka,675,0.6705359003151277,0.8344907760620117,0.8224448561668396,0.06073884888386882,0.5915237177358976,2.1835497807259165
fft_mlp_v2_baseline,675,0.6705359003151277,0.8344907760620117,0.8224448561668396,0.027699359062185642,0.3801603123274007,1.0722875072676255
fft_mlp_v2_phase,675,0.6705359003151277,0.8344907760620117,0.8224448561668396,0.026847784667511282,0.37508561531794327,1.0851474081753585
fft_mlp_v2_residual,675,0.6705359003151277,0.8344907760620117,0.8224448561668396,0.003563023185364876,0.1325996416002093,0.33925443986878895
fft_mlp_v2_phase_residual,675,0.6705359003151277,0.8344907760620117,0.8224448561668396,0.003214511156752451,0.12329981306317529,0.31631847988085066
fft_mlp_review,749,1.032075277792441,0.802338182926178,0.8089379072189331,0.024944739813855654,0.26172705393778506,0.787145611839453
fft_mlp,749,1.032075277792441,0.802338182926178,0.8089379072189331,0.03499351817845169,0.3448648385308097,0.9716190725088151
raw_mocap,749,1.032075277792441,0.802338182926178,0.8089379072189331,0.03380227966768568,0.2683114802876131,0.664823618168501
cubic_spline,749,1.032075277792441,0.802338182926178,0.8089379072189331,0.018212549316632926,0.18035337982343752,0.5775661758328012
cpg_matsuoka,749,1.032075277792441,0.802338182926178,0.8089379072189331,0.08740878676441881,0.6995840452267463,2.527844270878586
fft_mlp_v2_baseline,749,1.032075277792441,0.802338182926178,0.8089379072189331,0.02131263614612941,0.3176232395734927,1.0585938564834108
fft_mlp_v2_phase,749,1.032075277792441,0.802338182926178,0.8089379072189331,0.024568150858207665,0.34050096913442107,1.0998912865898518
fft_mlp_v2_residual,749,1.032075277792441,0.802338182926178,0.8089379072189331,0.013135013567551068,0.16337740896836622,0.48144287268902436
fft_mlp_v2_phase_residual,749,1.032075277792441,0.802338182926178,0.8089379072189331,0.016615598471303505,0.17725586635142176,0.523672119596142
fft_mlp_review,908,0.21323850884096224,0.7751489281654358,0.7883797287940979,0.043065423779131584,0.48263089292863154,1.0552580789170818
fft_mlp,908,0.21323850884096224,0.7751489281654358,0.7883797287940979,0.04491593170593051,0.429559291512922,0.9336491670359135
raw_mocap,908,0.21323850884096224,0.7751489281654358,0.7883797287940979,0.0684695794921041,0.44347092781315095,1.0015232606842304
cubic_spline,908,0.21323850884096224,0.7751489281654358,0.7883797287940979,0.05515402681305903,0.42018951838963947,1.0146323890589006
cpg_matsuoka,908,0.21323850884096224,0.7751489281654358,0.7883797287940979,0.04178614856175125,0.45656086222371756,1.7856233898873184
fft_mlp_v2_baseline,908,0.21323850884096224,0.7751489281654358,0.7883797287940979,0.043294258641890404,0.47184815043031286,0.9804866687550923
fft_mlp_v2_phase,908,0.21323850884096224,0.7751489281654358,0.7883797287940979,0.04359319342904248,0.4735499220122474,0.9513967124512713
fft_mlp_v2_residual,908,0.21323850884096224,0.7751489281654358,0.7883797287940979,0.07493228747625616,0.604363759562252,2.13491674404481
fft_mlp_v2_phase_residual,908,0.21323850884096224,0.7751489281654358,0.7883797287940979,0.07387773533033147,0.4216408097827561,1.1391946688728194
fft_mlp_review,437,0.9193676757812501,0.8017832636833191,0.8062092661857605,0.010835384390895056,0.22554338204316718,0.7217581102405445
fft_mlp,437,0.9193676757812501,0.8017832636833191,0.8062092661857605,0.017910487138781312,0.27825377088258796,0.7666586675019377
raw_mocap,437,0.9193676757812501,0.8017832636833191,0.8062092661857605,0.01543358964959298,0.2347670933366512,0.7590373934328949
cubic_spline,437,0.9193676757812501,0.8017832636833191,0.8062092661857605,0.0029713571224939672,0.10011459853930692,0.3771972694445947
cpg_matsuoka,437,0.9193676757812501,0.8017832636833191,0.8062092661857605,0.06839979587147342,0.619730585101218,2.2173468841209085
fft_mlp_v2_baseline,437,0.9193676757812501,0.8017832636833191,0.8062092661857605,0.015745614846596877,0.28072560770599125,0.9389191932228584
fft_mlp_v2_phase,437,0.9193676757812501,0.8017832636833191,0.8062092661857605,0.01684364110815763,0.29373934134355606,0.965052852018062
fft_mlp_v2_residual,437,0.9193676757812501,0.8017832636833191,0.8062092661857605,0.0026204240380192784,0.11021470319301638,0.39070955195406337
fft_mlp_v2_phase_residual,437,0.9193676757812501,0.8017832636833191,0.8062092661857605,0.0033053502684871373,0.10521240035972353,0.3461004522593194
fft_mlp_review,491,1.3888159099378086,0.7058945894241333,0.7136680483818054,0.028223362991713036,0.348029118838414,0.852843656646843
fft_mlp,491,1.3888159099378086,0.7058945894241333,0.7136680483818054,0.03268810768923975,0.4145335188095897,1.0889700426697193
raw_mocap,491,1.3888159099378086,0.7058945894241333,0.7136680483818054,0.0027149383192002267,0.12030465944552364,0.3149622106135694
cubic_spline,491,1.3888159099378086,0.7058945894241333,0.7136680483818054,0.004812310381242372,0.14496106063144676,0.4122336582814816
cpg_matsuoka,491,1.3888159099378086,0.7058945894241333,0.7136680483818054,0.08549107659869926,0.7020465430299331,2.474629032679259
fft_mlp_v2_baseline,491,1.3888159099378086,0.7058945894241333,0.7136680483818054,0.013819666743289773,0.25838157864645717,0.8050620156838443
fft_mlp_v2_phase,491,1.3888159099378086,0.7058945894241333,0.7136680483818054,0.018991574852946076,0.3035115503736271,0.9272011802469123
fft_mlp_v2_residual,491,1.3888159099378086,0.7058945894241333,0.7136680483818054,0.006066997304685203,0.16868468397178366,0.513334121124508
fft_mlp_v2_phase_residual,491,1.3888159099378086,0.7058945894241333,0.7136680483818054,0.006365320820607046,0.17843978063661098,0.5037705857301996
fft_mlp_review,141,0.9198577315719039,0.8373881578445435,0.8383663892745972,0.012641250024474823,0.22740701859537304,0.7602716412798051
fft_mlp,141,0.9198577315719039,0.8373881578445435,0.8383663892745972,0.01715707494192192,0.26520896848795383,0.8058220925152767
raw_mocap,141,0.9198577315719039,0.8373881578445435,0.8383663892745972,0.015581340682681142,0.2500704489919281,0.7904158526706196
cubic_spline,141,0.9198577315719039,0.8373881578445435,0.8383663892745972,0.004983355735091729,0.12599879755204055,0.41609846606679407
cpg_matsuoka,141,0.9198577315719039,0.8373881578445435,0.8383663892745972,0.06573072693950711,0.6094677008128538,2.1967961748040685
fft_mlp_v2_baseline,141,0.9198577315719039,0.8373881578445435,0.8383663892745972,0.01745835566255228,0.3018031787833098,1.0035130546219213
fft_mlp_v2_phase,141,0.9198577315719039,0.8373881578445435,0.8383663892745972,0.018134798975728488,0.306326297412899,1.010275554043903
fft_mlp_v2_residual,141,0.9198577315719039,0.8373881578445435,0.8383663892745972,0.0048922736243204165,0.1345779897862961,0.4225824242413681
fft_mlp_v2_phase_residual,141,0.9198577315719039,0.8373881578445435,0.8383663892745972,0.0057861851474958455,0.13538695694803438,0.4114415516978059
fft_mlp_review,706,1.1598880362910264,0.8277120590209961,0.8376029133796692,0.023139734151722092,0.255409101778719,0.6137376413205029
fft_mlp,706,1.1598880362910264,0.8277120590209961,0.8376029133796692,0.03108634910665616,0.3416482499812303,0.8705668916351161
raw_mocap,706,1.1598880362910264,0.8277120590209961,0.8376029133796692,0.007504709033818616,0.11057277093072494,0.3051465990926298
cubic_spline,706,1.1598880362910264,0.8277120590209961,0.8376029133796692,0.012065481089554618,0.12040050646682493,0.386615446950076
cpg_matsuoka,706,1.1598880362910264,0.8277120590209961,0.8376029133796692,0.0852605662438431,0.6960874884245156,2.505979702283665
fft_mlp_v2_baseline,706,1.1598880362910264,0.8277120590209961,0.8376029133796692,0.01854404726481458,0.29957482265584134,0.8701670330514141
fft_mlp_v2_phase,706,1.1598880362910264,0.8277120590209961,0.8376029133796692,0.023110032710231012,0.3286100834072094,0.9238196918265819
fft_mlp_v2_residual,706,1.1598880362910264,0.8277120590209961,0.8376029133796692,0.0076361586415025,0.14169940706846598,0.39973171775151767
fft_mlp_v2_phase_residual,706,1.1598880362910264,0.8277120590209961,0.8376029133796692,0.013968242572257344,0.1645978870996254,0.486800647176735
fft_mlp_review,973,0.2592688112842793,0.9167536497116089,0.9164755344390869,0.031373768592689345,0.4186464381827557,0.8293456713642255
fft_mlp,973,0.2592688112842793,0.9167536497116089,0.9164755344390869,0.03294750765539362,0.34352012283767996,0.7311441706084777
raw_mocap,973,0.2592688112842793,0.9167536497116089,0.9164755344390869,0.04914373508408193,0.4858786613540497,1.177706981316507
cubic_spline,973,0.2592688112842793,0.9167536497116089,0.9164755344390869,0.05400405745996978,0.3819113924821893,1.050825183837093
cpg_matsuoka,973,0.2592688112842793,0.9167536497116089,0.9164755344390869,0.04006904613644912,0.47477215734776207,1.795701783209835
fft_mlp_v2_baseline,973,0.2592688112842793,0.9167536497116089,0.9164755344390869,0.03300447956121886,0.42550185422395326,0.7877159690278172
fft_mlp_v2_phase,973,0.2592688112842793,0.9167536497116089,0.9164755344390869,0.033231321801004195,0.42886045110152815,0.7819102615858982
fft_mlp_v2_residual,973,0.2592688112842793,0.9167536497116089,0.9164755344390869,0.073399281808728,0.4576621652889202,1.1148755958969943
fft_mlp_v2_phase_residual,973,0.2592688112842793,0.9167536497116089,0.9164755344390869,0.07064768233306151,0.4312926371405207,1.0627762128274814
