Speed Value,Angle,Ground Noise,Mean Speed,Success,Reward
1.0874269539792563,2.9999999999999996,0.001,0,False,357.50408374046157
1.3216346739190852,2.9999999999999996,0.001,0,False,384.6653314173244
1.0874269539792563,5.999999999999999,0.001,0,False,374.69863595121285
1.3216346739190852,5.999999999999999,0.001,0,False,318.42826555916594
