demo type,cmd speed,angle,mean speed,noise level,resolution,success,max range,trial_no,steps taken
noisy,0.2,0.0,0.16723350806235238,1,0.25,1.0,3.386127401754819,,299.0
noisy,0.29000000000000004,0.0,0.248115942239764,1,0.25,1.0,5.491405380953415,,324.0
noisy,0.38,0.0,0.3372393318368078,1,0.25,1.0,6.9286200003278475,,419.0
noisy,0.47000000000000003,0.0,0.40701074665924947,1,0.25,1.0,9.273725494323221,,389.0
noisy,0.56,0.0,0.49990891604791693,1,0.25,1.0,9.904336871009837,,374.0
noisy,0.6499999999999999,0.0,0.5954409461562132,1,0.25,1.0,9.90423494505848,,341.0
noisy,0.74,0.0,0.6827393115985867,1,0.25,1.0,9.906388558215557,,265.0
noisy,0.8300000000000001,0.0,0.7750010714947143,1,0.25,1.0,9.906866533561782,,243.0
noisy,0.9199999999999999,0.0,0.9093014945874023,1,0.25,1.0,9.909095451482264,,182.0
noisy,1.01,0.0,1.0098404511112904,1,0.25,1.0,9.909369071054934,,118.0
noisy,1.0999999999999999,0.0,1.0567620751595135,1,0.25,1.0,9.908557384395488,,131.0
noisy,1.19,0.0,1.1585834374021686,1,0.25,1.0,9.9102470641859,,80.0
noisy,1.28,0.0,1.2178026824868147,1,0.25,1.0,9.91003462304385,,102.0
noisy,1.3699999999999999,0.0,1.2976515428561723,1,0.25,1.0,9.912570347106307,,115.0
noisy,1.46,0.0,1.3874730476800383,1,0.25,1.0,9.908618793109941,,96.0
noisy,1.5499999999999998,0.0,1.450656797288482,1,0.25,1.0,9.913964031068682,,85.0
noisy,1.64,0.0,1.529876260275674,1,0.25,1.0,9.905325376661931,,83.0
noisy,1.73,0.0,1.5823795067276218,1,0.25,1.0,9.913763797501833,,72.0
noisy,1.8199999999999998,0.0,1.6719081736568142,1,0.25,1.0,9.91295014851018,,69.0
noisy,1.91,0.0,1.75102669552624,1,0.25,1.0,9.918623494219599,,54.0
noisy,2.0,0.0,1.7587008059066607,1,0.25,1.0,9.918428908340804,,53.0
noisy,0.2,0.0,0.014869630787556603,2,0.25,1.0,0.38372690596585995,,144.0
noisy,0.29000000000000004,0.0,0.020548764395167892,2,0.25,1.0,0.6017306964903234,,50.0
noisy,0.38,0.0,0.004640527105561891,2,0.25,1.0,0.17061424689296006,,166.0
noisy,0.47000000000000003,0.0,0.004492622435235914,2,0.25,0.6666666666666666,0.2856826543931223,,184.0
noisy,0.56,0.0,0.004147588634814891,2,0.25,0.6666666666666666,0.42365243326039226,,61.0
noisy,0.6499999999999999,0.0,0.0010056446997682381,2,0.25,0.3333333333333333,0.17049443536906292,,227.0
noisy,0.74,0.0,0.006300918470994447,2,0.25,0.6666666666666666,0.3710312251749823,,526.0
noisy,0.8300000000000001,0.0,-0.0016642561484277306,2,0.25,0.6666666666666666,0.11317153471005294,,142.0
noisy,0.9199999999999999,0.0,-0.007199245065233485,2,0.25,0.0,0.0,,168.0
noisy,1.01,0.0,-0.03442081635159996,2,0.25,0.0,0.0,,391.0
noisy,1.0999999999999999,0.0,-0.04762080207406838,2,0.25,0.0,0.0,,334.0
noisy,1.19,0.0,-0.039221747956347516,2,0.25,0.0,0.0,,401.0
noisy,1.28,0.0,-0.0631091399040193,2,0.25,0.0,0.0,,431.0
noisy,1.3699999999999999,0.0,-0.015800011770521493,2,0.25,0.0,0.0,,444.0
noisy,1.46,0.0,-0.03391432255921936,2,0.25,0.0,0.0,,389.0
noisy,1.5499999999999998,0.0,-0.020190593463588313,2,0.25,0.0,0.0,,476.0
noisy,1.64,0.0,-0.03654227474307594,2,0.25,0.0,0.0,,433.0
noisy,1.73,0.0,-0.053169903569989935,2,0.25,0.0,0.0,,408.0
noisy,1.8199999999999998,0.0,-0.015102871962668164,2,0.25,0.0,0.0,,283.0
noisy,1.91,0.0,-0.041099684712306496,2,0.25,0.0,0.0,,415.0
noisy,2.0,0.0,-0.03416596369725752,2,0.25,0.0,0.0,,376.0
noisy,0.2,0.0,0.017377991269792125,3,0.25,1.0,0.3987820003777487,,85.0
noisy,0.29000000000000004,0.0,0.016576622196174777,3,0.25,1.0,0.49480805402355393,,95.0
noisy,0.38,0.0,0.020279580248063638,3,0.25,1.0,0.5360985072296054,,147.0
noisy,0.47000000000000003,0.0,0.014029122727077209,3,0.25,1.0,0.3428985541408743,,84.0
noisy,0.56,0.0,0.00402067827797127,3,0.25,1.0,0.1171389649521911,,264.0
noisy,0.6499999999999999,0.0,0.006329323902915932,3,0.25,0.6666666666666666,0.378819571885951,,104.0
noisy,0.74,0.0,-0.0004466649441052361,3,0.25,0.3333333333333333,0.2614030685684775,,196.0
noisy,0.8300000000000001,0.0,0.0033230733254335687,3,0.25,0.6666666666666666,0.19462483219522347,,553.0
noisy,0.9199999999999999,0.0,-0.025513720425533654,3,0.25,0.0,0.0,,331.0
noisy,1.01,0.0,-0.02780020142921649,3,0.25,0.0,0.0,,260.0
noisy,1.0999999999999999,0.0,-0.024078233767464163,3,0.25,0.0,0.0,,334.0
noisy,1.19,0.0,-0.03780537767230994,3,0.25,0.0,0.0,,313.0
noisy,1.28,0.0,-0.04594666562139169,3,0.25,0.0,0.0,,366.0
noisy,1.3699999999999999,0.0,-0.04744020095498903,3,0.25,0.0,0.0,,460.0
noisy,1.46,0.0,-0.047952256921619675,3,0.25,0.0,0.0,,355.0
noisy,1.5499999999999998,0.0,-0.051215819720928736,3,0.25,0.0,0.0,,486.0
noisy,1.64,0.0,-0.041420070082484835,3,0.25,0.0,0.0,,400.0
noisy,1.73,0.0,-0.036844882128157126,3,0.25,0.0,0.0,,299.0
noisy,1.8199999999999998,0.0,-0.020582067710438565,3,0.25,0.0,0.0,,369.0
noisy,1.91,0.0,-0.0505077523726421,3,0.25,0.0,0.0,,399.0
noisy,2.0,0.0,-0.03099545044131215,3,0.25,0.0,0.0,,390.0
noisy,0.2,0.0,0.015805621280463724,4,0.25,1.0,0.5453197301779354,,195.0
noisy,0.29000000000000004,0.0,0.01782511353721339,4,0.25,1.0,0.3883888541624447,,76.0
noisy,0.38,0.0,0.005022311909769338,4,0.25,0.6666666666666666,0.2615301545161694,,248.0
noisy,0.47000000000000003,0.0,0.01746330279502007,4,0.25,1.0,0.5322600460691367,,180.0
noisy,0.56,0.0,0.015209744831781282,4,0.25,1.0,0.44483401089236463,,503.0
noisy,0.6499999999999999,0.0,0.011065981466846462,4,0.25,1.0,0.415149336468643,,50.0
noisy,0.74,0.0,0.003948381607248233,4,0.25,1.0,0.14309719042508326,,489.0
noisy,0.8300000000000001,0.0,0.01595583344312985,4,0.25,1.0,0.37570566715661485,,643.0
noisy,0.9199999999999999,0.0,-0.0110726007362352,4,0.25,0.0,0.0,,184.0
noisy,1.01,0.0,-0.010028046545332826,4,0.25,0.0,0.0,,126.0
noisy,1.0999999999999999,0.0,-0.02420858516220227,4,0.25,0.0,0.0,,390.0
noisy,1.19,0.0,-0.043939844875299706,4,0.25,0.0,0.0,,339.0
noisy,1.28,0.0,-0.016180052171241202,4,0.25,0.0,0.0,,405.0
noisy,1.3699999999999999,0.0,-0.029456076645878963,4,0.25,0.0,0.0,,462.0
noisy,1.46,0.0,-0.01780784724376463,4,0.25,0.0,0.0,,506.0
noisy,1.5499999999999998,0.0,-0.013446661132150308,4,0.25,0.0,0.0,,346.0
noisy,1.64,0.0,-0.03632482063793599,4,0.25,0.0,0.0,,394.0
noisy,1.73,0.0,-0.05749836507741773,4,0.25,0.0,0.0,,393.0
noisy,1.8199999999999998,0.0,-0.020658550756206498,4,0.25,0.0,0.0,,376.0
noisy,1.91,0.0,-0.04544146794632444,4,0.25,0.0,0.0,,316.0
noisy,2.0,0.0,-0.021902832797166316,4,0.25,0.0,0.0,,176.0
noisy,0.2,0.0,0.0177865193000297,5,0.25,1.0,0.42364038240365814,,107.0
noisy,0.29000000000000004,0.0,0.01426526484602892,5,0.25,1.0,0.36209137938656627,,83.0
noisy,0.38,0.0,0.010162129374125707,5,0.25,1.0,0.3398187772056605,,113.0
noisy,0.47000000000000003,0.0,0.014022067042191865,5,0.25,1.0,0.3974091518749235,,286.0
noisy,0.56,0.0,0.006702550641967107,5,0.25,0.3333333333333333,0.415924373646022,,119.0
noisy,0.6499999999999999,0.0,0.007801872308936637,5,0.25,0.6666666666666666,0.2893581309484299,,566.0
noisy,0.74,0.0,0.001226021673776324,5,0.25,0.6666666666666666,0.10379447141330089,,563.0
noisy,0.8300000000000001,0.0,0.004645803821419954,5,0.25,1.0,0.12456537756836288,,131.0
noisy,0.9199999999999999,0.0,-0.01183063096333045,5,0.25,0.0,0.0,,132.0
noisy,1.01,0.0,-0.0019328481535161774,5,0.25,0.6666666666666666,0.12560664708811847,,210.0
noisy,1.0999999999999999,0.0,-0.018668744252577415,5,0.25,0.0,0.0,,376.0
noisy,1.19,0.0,-0.03218588865983283,5,0.25,0.0,0.0,,377.0
noisy,1.28,0.0,-0.04059696325951961,5,0.25,0.0,0.0,,380.0
noisy,1.3699999999999999,0.0,-0.024265262480543937,5,0.25,0.0,0.0,,374.0
noisy,1.46,0.0,-0.04332833636316924,5,0.25,0.0,0.0,,485.0
noisy,1.5499999999999998,0.0,-0.0349750484965006,5,0.25,0.0,0.0,,418.0
noisy,1.64,0.0,-0.05632441066888227,5,0.25,0.0,0.0,,399.0
noisy,1.73,0.0,-0.01864132827970993,5,0.25,0.0,0.0,,383.0
noisy,1.8199999999999998,0.0,-0.008735117339532512,5,0.25,0.0,0.0,,388.0
noisy,1.91,0.0,-0.008151570035506263,5,0.25,0.0,0.0,,322.0
noisy,2.0,0.0,-0.04133765450775168,5,0.25,0.0,0.0,,460.0
noisy,0.2,0.0,0.017692062389396124,6,0.25,1.0,0.4818608423730139,,76.0
noisy,0.29000000000000004,0.0,0.0024638125932977843,6,0.25,0.6666666666666666,0.2289022676718956,,109.0
noisy,0.38,0.0,0.008670801881273503,6,0.25,1.0,0.2803468114530114,,148.0
noisy,0.47000000000000003,0.0,0.00426196338094226,6,0.25,0.6666666666666666,0.276414602136574,,56.0
noisy,0.56,0.0,0.005792360053673266,6,0.25,0.6666666666666666,0.30319962964573044,,166.0
noisy,0.6499999999999999,0.0,-0.0001227284831473036,6,0.25,0.6666666666666666,0.10501923361491265,,190.0
noisy,0.74,0.0,0.010512109296161455,6,0.25,1.0,0.30169406575749386,,273.0
noisy,0.8300000000000001,0.0,-0.001760898052443632,6,0.25,0.3333333333333333,0.3144347033486241,,163.0
noisy,0.9199999999999999,0.0,-0.005401526343634577,6,0.25,0.0,0.0,,238.0
noisy,1.01,0.0,-0.012098519813747502,6,0.25,0.0,0.0,,385.0
noisy,1.0999999999999999,0.0,-0.013079925951677075,6,0.25,0.0,0.0,,321.0
noisy,1.19,0.0,-0.017490011109216996,6,0.25,0.0,0.0,,390.0
noisy,1.28,0.0,-0.011556333264078964,6,0.25,0.0,0.0,,311.0
noisy,1.3699999999999999,0.0,-0.02504884213197939,6,0.25,0.0,0.0,,362.0
noisy,1.46,0.0,-0.02129352532158033,6,0.25,0.0,0.0,,443.0
noisy,1.5499999999999998,0.0,-0.007734619847910508,6,0.25,0.0,0.0,,356.0
noisy,1.64,0.0,-0.04227471206580049,6,0.25,0.0,0.0,,365.0
noisy,1.73,0.0,-0.012600337883721785,6,0.25,0.0,0.0,,409.0
noisy,1.8199999999999998,0.0,-0.005794658631020438,6,0.25,0.0,0.0,,394.0
noisy,1.91,0.0,-0.03173447807313527,6,0.25,0.0,0.0,,313.0
noisy,2.0,0.0,-0.039301385355119796,6,0.25,0.0,0.0,,233.0
noisy,0.2,0.0,0.02025330487191639,7,0.25,1.0,0.4841261720753519,,268.0
noisy,0.29000000000000004,0.0,0.026341966105803152,7,0.25,1.0,0.6346508322879867,,450.0
noisy,0.38,0.0,0.012808947902872646,7,0.25,1.0,0.2986953795396709,,131.0
noisy,0.47000000000000003,0.0,-2.2705860133113277e-05,7,0.25,0.3333333333333333,0.10204495673437652,,183.0
noisy,0.56,0.0,0.004346069481674686,7,0.25,0.6666666666666666,0.17875854863535995,,461.0
noisy,0.6499999999999999,0.0,0.003294507730045092,7,0.25,0.6666666666666666,0.16289155557415927,,503.0
noisy,0.74,0.0,-0.0021292614711917878,7,0.25,0.3333333333333333,0.040350180560666304,,587.0
noisy,0.8300000000000001,0.0,0.0016407201001368329,7,0.25,0.6666666666666666,0.13367282981805975,,506.0
noisy,0.9199999999999999,0.0,-0.009891980284239873,7,0.25,0.0,0.0,,421.0
noisy,1.01,0.0,-0.010147611673288648,7,0.25,0.0,0.0,,359.0
noisy,1.0999999999999999,0.0,-0.011574341328322421,7,0.25,0.0,0.0,,294.0
noisy,1.19,0.0,-0.012205751212654742,7,0.25,0.0,0.0,,435.0
noisy,1.28,0.0,-0.009646789714914358,7,0.25,0.0,0.0,,486.0
noisy,1.3699999999999999,0.0,-0.008501089232888679,7,0.25,0.0,0.0,,428.0
noisy,1.46,0.0,-0.0028348602115614856,7,0.25,0.6666666666666666,0.010942510980100352,,559.0
noisy,1.5499999999999998,0.0,-0.004631571500002183,7,0.25,0.3333333333333333,0.015201486792206483,,402.0
noisy,1.64,0.0,-0.006163962178128732,7,0.25,0.0,0.0,,448.0
noisy,1.73,0.0,-0.04356028189917571,7,0.25,0.0,0.0,,513.0
noisy,1.8199999999999998,0.0,-0.000969778930084631,7,0.25,0.3333333333333333,0.044274254558288026,,367.0
noisy,1.91,0.0,-0.018937892881371796,7,0.25,0.0,0.0,,375.0
noisy,2.0,0.0,-0.016875049863850914,7,0.25,0.0,0.0,,405.0
noisy,0.2,0.0,0.019341771265824873,8,0.25,1.0,0.5027064467222271,,88.0
noisy,0.29000000000000004,0.0,0.014178358175794046,8,0.25,1.0,0.2964174759361548,,76.0
noisy,0.38,0.0,0.0038468973497160206,8,0.25,0.3333333333333333,0.34581879050637065,,154.0
noisy,0.47000000000000003,0.0,0.015227699070202836,8,0.25,1.0,0.3515437080302144,,63.0
noisy,0.56,0.0,0.004653687921736412,8,0.25,0.6666666666666666,0.30162269474875536,,278.0
noisy,0.6499999999999999,0.0,0.005616456257375835,8,0.25,0.3333333333333333,0.49332751440027056,,451.0
noisy,0.74,0.0,-0.002048413659258531,8,0.25,0.3333333333333333,0.20997657208736106,,554.0
noisy,0.8300000000000001,0.0,0.00032959385889573187,8,0.25,0.6666666666666666,0.15853259803393663,,538.0
noisy,0.9199999999999999,0.0,-0.008932759310823416,8,0.25,0.0,0.0,,231.0
noisy,1.01,0.0,-0.0075536192955332595,8,0.25,0.0,0.0,,317.0
noisy,1.0999999999999999,0.0,-0.011096511122002939,8,0.25,0.0,0.0,,361.0
noisy,1.19,0.0,-0.009327308750126077,8,0.25,0.0,0.0,,279.0
noisy,1.28,0.0,-0.010143995991534463,8,0.25,0.0,0.0,,447.0
noisy,1.3699999999999999,0.0,-0.005201083319106375,8,0.25,0.3333333333333333,0.004376126131219829,,436.0
noisy,1.46,0.0,-0.005860918918865425,8,0.25,0.0,0.0,,429.0
noisy,1.5499999999999998,0.0,-0.0020034718792931497,8,0.25,0.0,0.0,,470.0
noisy,1.64,0.0,-0.02125999557570729,8,0.25,0.0,0.0,,507.0
noisy,1.73,0.0,-0.0025248758653917893,8,0.25,0.3333333333333333,0.05042782650102271,,418.0
noisy,1.8199999999999998,0.0,6.67824596171375e-05,8,0.25,0.6666666666666666,0.05870241709194356,,255.0
noisy,1.91,0.0,-0.015653455646779748,8,0.25,0.0,0.0,,417.0
noisy,2.0,0.0,-0.019888829134731847,8,0.25,0.3333333333333333,0.0850545113828276,,343.0
noisy,0.2,0.0,0.0958092748107058,9,0.25,0.0,0.03199426459372892,,1.0
noisy,0.29000000000000004,0.0,-0.024548136794360964,9,0.25,0.0,0.03068502221583108,,1.0
noisy,0.38,0.0,-0.6006073402758034,9,0.25,0.0,0.031275459279014164,,1.0
noisy,0.47000000000000003,0.0,-0.30879446425688845,9,0.25,0.0,0.036711360759644186,,1.0
noisy,0.56,0.0,-0.06385450583040814,9,0.25,0.0,0.04036244773566406,,1.0
noisy,0.6499999999999999,0.0,0.24367027176078962,9,0.25,0.0,0.05448410277251007,,1.0
noisy,0.74,0.0,-0.037381563800795964,9,0.25,0.0,0.049056667735687565,,1.0
noisy,0.8300000000000001,0.0,0.1628378246986557,9,0.25,0.0,0.0595660301993092,,0.0
noisy,0.9199999999999999,0.0,0.2735857206373108,9,0.25,0.0,0.08333500974575109,,2.0
noisy,1.01,0.0,0.24126216322468563,9,0.25,0.0,0.08329728903450594,,1.0
noisy,1.0999999999999999,0.0,0.3679481700290003,9,0.25,0.0,0.0860168602040741,,1.0
noisy,1.19,0.0,0.3414113096340931,9,0.25,0.0,0.08770030780320509,,1.0
noisy,1.28,0.0,0.39253983361775785,9,0.25,0.0,0.09748004598208805,,1.0
noisy,1.3699999999999999,0.0,0.3091072275272955,9,0.25,0.0,0.09862073137118013,,2.0
noisy,1.46,0.0,0.375482589903894,9,0.25,0.0,0.1081682843240065,,1.0
noisy,1.5499999999999998,0.0,0.4416786250902914,9,0.25,0.0,0.1155945660689081,,2.0
noisy,1.64,0.0,0.5396690531466005,9,0.25,0.0,0.1287204845204715,,1.0
noisy,1.73,0.0,0.5208989016713856,9,0.25,0.0,0.1437357948305556,,1.0
noisy,1.8199999999999998,0.0,0.571741371381287,9,0.25,0.0,0.13465006484756967,,1.0
noisy,1.91,0.0,0.5793347767102409,9,0.25,0.0,0.13469888385920645,,1.0
noisy,2.0,0.0,0.6574139395396793,9,0.25,0.0,0.19175405352513517,,1.0
noisy,0.2,0.0,-0.39727206339317656,10,0.25,0.0,0.028126321685174142,,1.0
noisy,0.29000000000000004,0.0,-0.9045417312997612,10,0.25,0.0,0.02329896986546276,,1.0
noisy,0.38,0.0,0.042823718071996454,10,0.25,0.0,0.03480324392897189,,1.0
noisy,0.47000000000000003,0.0,-0.4449608746188465,10,0.25,0.0,0.05325859566226235,,1.0
noisy,0.56,0.0,-0.3222221004640492,10,0.25,0.0,0.042729256249510475,,1.0
noisy,0.6499999999999999,0.0,0.1986172162344305,10,0.25,0.0,0.04797498759291073,,1.0
noisy,0.74,0.0,0.2681338378884506,10,0.25,0.0,0.06882862315461656,,1.0
noisy,0.8300000000000001,0.0,-0.7737666283481891,10,0.25,0.0,0.06366387089150659,,1.0
noisy,0.9199999999999999,0.0,-0.16279673209580728,10,0.25,0.0,0.07114688939613739,,2.0
noisy,1.01,0.0,0.28706111260890266,10,0.25,0.0,0.06944092591240436,,1.0
noisy,1.0999999999999999,0.0,0.350924172971198,10,0.25,0.0,0.08728985548376712,,1.0
noisy,1.19,0.0,-0.13192504981407957,10,0.25,0.0,0.08786455854208043,,2.0
noisy,1.28,0.0,-0.2948598488406108,10,0.25,0.0,0.07364910651308426,,1.0
noisy,1.3699999999999999,0.0,0.41993931313019245,10,0.25,0.0,0.10850150648957908,,1.0
noisy,1.46,0.0,0.41063564684667053,10,0.25,0.0,0.09319823836270824,,1.0
noisy,1.5499999999999998,0.0,0.47773040556000695,10,0.25,0.0,0.11371388133125628,,1.0
noisy,1.64,0.0,0.5591529239284262,10,0.25,0.0,0.14756085943139507,,1.0
noisy,1.73,0.0,0.48143128584953104,10,0.25,0.0,0.1271071776515816,,1.0
noisy,1.8199999999999998,0.0,0.5866731206545216,10,0.25,0.0,0.1489600785078654,,1.0
noisy,1.91,0.0,0.5117916045766644,10,0.25,0.0,0.14309161942201837,,1.0
noisy,2.0,0.0,0.6204974357325614,10,0.25,0.0,0.2181865139423336,,1.0
noisy,0.2,0.0,-1.4284850588828713,11,0.25,0.0,0.028167536719714163,,1.0
noisy,0.29000000000000004,0.0,-0.35714339523724964,11,0.25,0.0,0.015454391014028259,,1.0
noisy,0.38,0.0,-1.7261622338357527,11,0.25,0.0,0.0,,1.0
noisy,0.47000000000000003,0.0,-0.1351889622911601,11,0.25,0.0,0.04980496657984026,,2.0
noisy,0.56,0.0,-0.1034871494502317,11,0.25,0.0,0.047751968077153796,,2.0
noisy,0.6499999999999999,0.0,-0.28023552212755376,11,0.25,0.0,0.04785693366526641,,1.0
noisy,0.74,0.0,0.22292649862124606,11,0.25,0.0,0.055652464926202384,,1.0
noisy,0.8300000000000001,0.0,0.21049458641031324,11,0.25,0.0,0.059919720739859315,,1.0
noisy,0.9199999999999999,0.0,0.058255528838296274,11,0.25,0.0,0.0632085869518791,,1.0
noisy,1.01,0.0,0.28861456041220385,11,0.25,0.0,0.06449465504742065,,1.0
noisy,1.0999999999999999,0.0,0.28740572965463523,11,0.25,0.0,0.06982478667253134,,1.0
noisy,1.19,0.0,-0.17651512756054966,11,0.25,0.0,0.06024161525301229,,1.0
noisy,1.28,0.0,0.3269422938735928,11,0.25,0.0,0.08121592268544478,,1.0
noisy,1.3699999999999999,0.0,0.23872807974595242,11,0.25,0.0,0.1066822456497825,,1.0
noisy,1.46,0.0,0.4965036375984681,11,0.25,0.0,0.11727281621032563,,1.0
noisy,1.5499999999999998,0.0,0.4889437605354041,11,0.25,0.0,0.11981822604271858,,1.0
noisy,1.64,0.0,0.5072281434243867,11,0.25,0.0,0.12528115773587692,,1.0
noisy,1.73,0.0,0.5342241911063565,11,0.25,0.0,0.12441713297790308,,1.0
noisy,1.8199999999999998,0.0,0.5554543044139029,11,0.25,0.0,0.13060415642568513,,1.0
noisy,1.91,0.0,0.4797484250843651,11,0.25,0.0,0.12978420571908164,,1.0
noisy,2.0,0.0,0.5347659610940286,11,0.25,0.0,0.14063150999384297,,1.0
noisy,0.2,0.0,0.08124701361177411,12,0.25,0.0,0.022711094196767433,,1.0
noisy,0.29000000000000004,0.0,-0.19298732601705193,12,0.25,0.0,0.02520412552542398,,1.0
noisy,0.38,0.0,-0.05421385600634402,12,0.25,0.0,0.03715674892094875,,1.0
noisy,0.47000000000000003,0.0,-1.576686959904838,12,0.25,0.0,0.0,,1.0
noisy,0.56,0.0,-0.2855107672162734,12,0.25,0.0,0.039911346918229035,,1.0
noisy,0.6499999999999999,0.0,-0.017339452828543035,12,0.25,0.0,0.05559079917461335,,1.0
noisy,0.74,0.0,0.06362686540116845,12,0.25,0.0,0.05423015554805201,,1.0
noisy,0.8300000000000001,0.0,0.2833356287421998,12,0.25,0.0,0.07448710026717816,,1.0
noisy,0.9199999999999999,0.0,0.3200965565727168,12,0.25,0.0,0.07582250535608377,,1.0
noisy,1.01,0.0,-1.0766326345505834,12,0.25,0.0,0.06905990544790785,,0.0
noisy,1.0999999999999999,0.0,-1.1406466734108656,12,0.25,0.0,0.06369186501665228,,1.0
noisy,1.19,0.0,-0.6389878105516819,12,0.25,0.0,0.09386089909680816,,0.0
noisy,1.28,0.0,-0.649294627474953,12,0.25,0.0,0.0421146536171003,,1.0
noisy,1.3699999999999999,0.0,0.18072481342466676,12,0.25,0.0,0.11213377601099159,,2.0
noisy,1.46,0.0,0.38464273336731586,12,0.25,0.0,0.115268046713676,,1.0
noisy,1.5499999999999998,0.0,0.5081671222004481,12,0.25,0.0,0.11972941024645006,,1.0
noisy,1.64,0.0,0.4742460585075395,12,0.25,0.0,0.12579846527979996,,1.0
noisy,1.73,0.0,0.4116682815456736,12,0.25,0.0,0.13050267166701207,,1.0
noisy,1.8199999999999998,0.0,0.5432042547024892,12,0.25,0.0,0.1256051532111175,,1.0
noisy,1.91,0.0,0.5889544103564764,12,0.25,0.0,0.13856514853816096,,1.0
noisy,2.0,0.0,0.6318807960870575,12,0.25,0.0,0.22473257058495996,,1.0
noisy,0.2,0.0,-1.3236420707669578,13,0.25,0.0,0.03421483750784068,,1.0
noisy,0.29000000000000004,0.0,-0.18691131062501085,13,0.25,0.0,0.02579765249937298,,0.0
noisy,0.38,0.0,0.15118720624333282,13,0.25,0.0,0.038722745577296325,,1.0
noisy,0.47000000000000003,0.0,0.12382687614420836,13,0.25,0.0,0.03955614219522994,,0.0
noisy,0.56,0.0,-0.21759540207865477,13,0.25,0.0,0.04714022351564123,,0.0
noisy,0.6499999999999999,0.0,0.18923279512548177,13,0.25,0.0,0.05766521302934871,,1.0
noisy,0.74,0.0,-0.7329717627076106,13,0.25,0.0,0.06414674014577033,,0.0
noisy,0.8300000000000001,0.0,0.18450081384628067,13,0.25,0.0,0.06090678088083493,,0.0
noisy,0.9199999999999999,0.0,0.22337892138328783,13,0.25,0.0,0.0792848918970491,,0.0
noisy,1.01,0.0,0.22767211051163436,13,0.25,0.0,0.07207304274061795,,1.0
noisy,1.0999999999999999,0.0,0.06037882075420515,13,0.25,0.0,0.08533796675551676,,0.0
noisy,1.19,0.0,-1.6688893709169357,13,0.25,0.0,0.0,,0.0
noisy,1.28,0.0,-0.00419379730949158,13,0.25,0.0,0.09227300593275588,,0.0
noisy,1.3699999999999999,0.0,0.3596621243387604,13,0.25,0.0,0.0950607544655455,,0.0
noisy,1.46,0.0,0.484920419688536,13,0.25,0.0,0.12529048941734805,,0.0
noisy,1.5499999999999998,0.0,0.36179083907801757,13,0.25,0.0,0.10117191636501548,,1.0
noisy,1.64,0.0,0.5281564089698899,13,0.25,0.0,0.17706528827668552,,0.0
noisy,1.73,0.0,0.5111762998225028,13,0.25,0.0,0.13728503299829553,,0.0
noisy,1.8199999999999998,0.0,0.5757463298003604,13,0.25,0.0,0.19403207819785565,,1.0
noisy,1.91,0.0,0.5420053622451221,13,0.25,0.0,0.22552850758476664,,1.0
noisy,2.0,0.0,0.5269218322137527,13,0.25,0.0,0.26564228966597997,,1.0
noisy,0.2,0.0,0.09009036427628397,14,0.25,0.0,0.034837291309317384,,0.0
noisy,0.29000000000000004,0.0,0.055864568075307715,14,0.25,0.0,0.030312775138794774,,1.0
noisy,0.38,0.0,0.10047031264818489,14,0.25,0.0,0.02668986914278118,,0.0
noisy,0.47000000000000003,0.0,0.12467473156138048,14,0.25,0.0,0.035279473950099935,,0.0
noisy,0.56,0.0,-0.11949324000841181,14,0.25,0.0,0.03569448236369343,,0.0
noisy,0.6499999999999999,0.0,-1.078886244720659,14,0.25,0.0,0.0,,1.0
noisy,0.74,0.0,0.1951418772610265,14,0.25,0.0,0.06875756623880115,,0.0
noisy,0.8300000000000001,0.0,0.2360609375642083,14,0.25,0.0,0.07168846787911594,,0.0
noisy,0.9199999999999999,0.0,0.2562254260109349,14,0.25,0.0,0.07026006007022756,,0.0
noisy,1.01,0.0,0.12314390104038368,14,0.25,0.0,0.051008597564266026,,1.0
noisy,1.0999999999999999,0.0,0.09952143693021581,14,0.25,0.0,0.06985676103477877,,0.0
noisy,1.19,0.0,-0.7610368491043831,14,0.25,0.0,0.045988296118683845,,1.0
noisy,1.28,0.0,1.4023876231666683,14,0.25,0.0,1.5616685448741534,,0.0
noisy,1.3699999999999999,0.0,0.35402439978439887,14,0.25,0.0,0.093193099709582,,0.0
noisy,1.46,0.0,0.4280866007897323,14,0.25,0.0,0.1326770275227126,,0.0
noisy,1.5499999999999998,0.0,0.4487386948164705,14,0.25,0.0,0.19181884882350786,,1.0
noisy,1.64,0.0,0.4985460989965557,14,0.25,0.0,0.13449288468775264,,1.0
noisy,1.73,0.0,0.5059954428101975,14,0.25,0.0,0.14010649286300403,,0.0
noisy,1.8199999999999998,0.0,0.5427692326982128,14,0.25,0.0,0.17455882260861608,,1.0
noisy,1.91,0.0,0.5761045141860244,14,0.25,0.0,0.1720945843000863,,0.0
noisy,2.0,0.0,0.5768213041190419,14,0.25,0.0,0.14812644259006,,1.0
noisy,0.2,0.0,-0.5951504936290156,15,0.25,0.0,0.0245724099416344,,0.0
noisy,0.29000000000000004,0.0,0.06705100683972923,15,0.25,0.0,0.02366428424496042,,0.0
noisy,0.38,0.0,0.14685821670236723,15,0.25,0.0,0.037553036202112464,,0.0
noisy,0.47000000000000003,0.0,-0.8075503858921523,15,0.25,0.0,0.02646297476209781,,0.0
noisy,0.56,0.0,-1.22958116733803,15,0.25,0.0,0.0,,0.0
noisy,0.6499999999999999,0.0,-0.02370065288620407,15,0.25,0.0,0.05306615663519744,,0.0
noisy,0.74,0.0,0.2303511161492243,15,0.25,0.0,0.055007664331178076,,0.0
noisy,0.8300000000000001,0.0,-0.14629455829162935,15,0.25,0.0,0.0596976796212675,,0.0
noisy,0.9199999999999999,0.0,-0.19633531704406756,15,0.25,0.0,0.058510037173196965,,0.0
noisy,1.01,0.0,-1.080801859555822,15,0.25,0.0,0.06989487344368886,,0.0
noisy,1.0999999999999999,0.0,-0.4835071384970285,15,0.25,0.0,0.0914949112075607,,0.0
noisy,1.19,0.0,0.09572600503750968,15,0.25,0.0,0.07659646369757384,,0.0
noisy,1.28,0.0,-0.3558831961608915,15,0.25,0.0,0.09665231355786782,,1.0
noisy,1.3699999999999999,0.0,0.3420040555490191,15,0.25,0.0,0.09787540141778137,,0.0
noisy,1.46,0.0,0.35441982907748226,15,0.25,0.0,0.11091957862264588,,0.0
noisy,1.5499999999999998,0.0,0.4439542580734151,15,0.25,0.0,0.11776260260802363,,0.0
noisy,1.64,0.0,0.5167561907015826,15,0.25,0.0,0.13252923157637456,,0.0
noisy,1.73,0.0,0.5672111359683348,15,0.25,0.0,0.14567552398170283,,0.0
noisy,1.8199999999999998,0.0,0.4207011922787243,15,0.25,0.0,0.1157860873739354,,0.0
noisy,1.91,0.0,0.4775411284677074,15,0.25,0.0,0.1895472566459926,,0.0
noisy,2.0,0.0,0.4739283999360542,15,0.25,0.0,0.22257682942934714,,0.0
noisy,0.2,0.0,0.11594423857272725,16,0.25,0.0,0.03015726989718914,,0.0
noisy,0.29000000000000004,0.0,-0.42912594357172296,16,0.25,0.0,0.04114895116715469,,0.0
noisy,0.38,0.0,0.081786820892317,16,0.25,0.0,0.03712672320024582,,0.0
noisy,0.47000000000000003,0.0,0.1404470837080829,16,0.25,0.0,0.03598431856143519,,0.0
noisy,0.56,0.0,0.1134231951767478,16,0.25,0.0,0.03821067492388502,,0.0
noisy,0.6499999999999999,0.0,0.12204734560670621,16,0.25,0.0,0.04731360147936876,,0.0
noisy,0.74,0.0,0.1748008102609799,16,0.25,0.0,0.05089672781702538,,0.0
noisy,0.8300000000000001,0.0,0.2126043094522092,16,0.25,0.0,0.05110806741009012,,0.0
noisy,0.9199999999999999,0.0,0.26683185490192046,16,0.25,0.0,0.07115716011474868,,0.0
noisy,1.01,0.0,0.3063509597394391,16,0.25,0.0,0.07926476781976148,,0.0
noisy,1.0999999999999999,0.0,0.28925256740650285,16,0.25,0.0,0.0812465743404158,,0.0
noisy,1.19,0.0,0.34153187700591164,16,0.25,0.0,0.10269587038881361,,0.0
noisy,1.28,0.0,0.3326503653605496,16,0.25,0.0,0.09596893795466939,,0.0
noisy,1.3699999999999999,0.0,0.3560673743933134,16,0.25,0.0,0.09098746993960809,,0.0
noisy,1.46,0.0,0.381611864450627,16,0.25,0.0,0.1202150755189549,,0.0
noisy,1.5499999999999998,0.0,0.4254225580326823,16,0.25,0.0,0.10901173750980832,,0.0
noisy,1.64,0.0,0.4264153507136797,16,0.25,0.0,0.13133604898125406,,0.0
noisy,1.73,0.0,0.45195711169019576,16,0.25,0.0,0.1393829601749667,,0.0
noisy,1.8199999999999998,0.0,0.4178315369572219,16,0.25,0.0,0.225926651976112,,0.0
noisy,1.91,0.0,0.4888034629787866,16,0.25,0.0,0.1422532281518335,,0.0
noisy,2.0,0.0,0.5741701416067778,16,0.25,0.0,0.277321900015562,,0.0
noisy,0.2,0.0,0.12312808678127178,17,0.25,0.0,0.031189891556272484,,0.0
noisy,0.29000000000000004,0.0,0.09411572751605524,17,0.25,0.0,0.02811530795021212,,0.0
noisy,0.38,0.0,0.13078123031409955,17,0.25,0.0,0.03859220721255802,,0.0
noisy,0.47000000000000003,0.0,0.10179620288270193,17,0.25,0.0,0.03408393689152869,,0.0
noisy,0.56,0.0,0.19916807181579185,17,0.25,0.0,0.04729328706745112,,0.0
noisy,0.6499999999999999,0.0,0.13556088394602855,17,0.25,0.0,0.04226706073893389,,0.0
noisy,0.74,0.0,0.16983205210142507,17,0.25,0.0,0.046035127065986614,,0.0
noisy,0.8300000000000001,0.0,0.24711796935687316,17,0.25,0.0,0.05924661956856547,,0.0
noisy,0.9199999999999999,0.0,0.2823561465474132,17,0.25,0.0,0.07213223841131819,,0.0
noisy,1.01,0.0,0.28693826538799344,17,0.25,0.0,0.06950955773920835,,0.0
noisy,1.0999999999999999,0.0,0.2992106598843259,17,0.25,0.0,0.08158021333060894,,0.0
noisy,1.19,0.0,0.3163510220475652,17,0.25,0.0,0.08190326497233903,,0.0
noisy,1.28,0.0,0.27277351679352113,17,0.25,0.0,0.0809490216888554,,0.0
noisy,1.3699999999999999,0.0,0.4396190260793691,17,0.25,0.0,0.11182901109234117,,0.0
noisy,1.46,0.0,0.24652518536312498,17,0.25,0.0,0.0766987731099565,,0.0
noisy,1.5499999999999998,0.0,0.47483796732766415,17,0.25,0.0,0.12120718139633964,,0.0
noisy,1.64,0.0,0.42462805457180686,17,0.25,0.0,0.1288788763534097,,0.0
noisy,1.73,0.0,0.4917540537385574,17,0.25,0.0,0.12905401427189223,,0.0
noisy,1.8199999999999998,0.0,0.5057636944600393,17,0.25,0.0,0.14858058026253046,,0.0
noisy,1.91,0.0,0.40897718204680533,17,0.25,0.0,0.14987578060061577,,0.0
noisy,2.0,0.0,0.4665996940089701,17,0.25,0.0,0.1803405495383355,,0.0
noisy,0.2,0.0,0.03159897920630855,18,0.25,0.0,0.025078681395646753,,0.0
noisy,0.29000000000000004,0.0,0.10505311239813088,18,0.25,0.0,0.028902320059493156,,0.0
noisy,0.38,0.0,0.1402449462805242,18,0.25,0.0,0.03351721765357286,,0.0
noisy,0.47000000000000003,0.0,0.12107462985772922,18,0.25,0.0,0.04165937286091037,,0.0
noisy,0.56,0.0,0.17167600157145832,18,0.25,0.0,0.039785824397736085,,0.0
noisy,0.6499999999999999,0.0,0.15054251584938175,18,0.25,0.0,0.04567279832982704,,0.0
noisy,0.74,0.0,0.1967457117170881,18,0.25,0.0,0.046469847059888124,,0.0
noisy,0.8300000000000001,0.0,0.23290453450498363,18,0.25,0.0,0.052203733907358094,,0.0
noisy,0.9199999999999999,0.0,0.24795048473170386,18,0.25,0.0,0.05732627546929166,,0.0
noisy,1.01,0.0,0.2929443765392992,18,0.25,0.0,0.07895216116314295,,0.0
noisy,1.0999999999999999,0.0,0.2604792326042563,18,0.25,0.0,0.06737603049842138,,0.0
noisy,1.19,0.0,0.3169826859463886,18,0.25,0.0,0.08140772513467907,,0.0
noisy,1.28,0.0,0.37520089978339494,18,0.25,0.0,0.08632736009458843,,0.0
noisy,1.3699999999999999,0.0,0.3284086445711049,18,0.25,0.0,0.09308521008615372,,0.0
noisy,1.46,0.0,0.41607581517443043,18,0.25,0.0,0.11702761930683758,,0.0
noisy,1.5499999999999998,0.0,0.41728322227945575,18,0.25,0.0,0.10413915599926549,,0.0
noisy,1.64,0.0,0.539434289231208,18,0.25,0.0,0.12518109537933225,,0.0
noisy,1.73,0.0,0.42465836587815003,18,0.25,0.0,0.11361923032629116,,0.0
noisy,1.8199999999999998,0.0,0.45170822558077756,18,0.25,0.0,0.14734365399767396,,0.0
noisy,1.91,0.0,0.4839433086873987,18,0.25,0.0,0.13141872927834447,,0.0
noisy,2.0,0.0,0.49547723469485144,18,0.25,0.0,0.14508697848266713,,0.0
noisy,0.2,0.0,0.11110362579912957,19,0.25,0.0,0.025723678436187943,,0.0
noisy,0.29000000000000004,0.0,0.09626165994368534,19,0.25,0.0,0.027213417268640856,,0.0
noisy,0.38,0.0,0.14942130209767776,19,0.25,0.0,0.03393595877183768,,0.0
noisy,0.47000000000000003,0.0,0.13995525989731705,19,0.25,0.0,0.03549424841435843,,0.0
noisy,0.56,0.0,0.05899649203831316,19,0.25,0.0,0.020807121642435294,,0.0
noisy,0.6499999999999999,0.0,0.13466970227963546,19,0.25,0.0,0.035734916230359556,,0.0
noisy,0.74,0.0,0.20531022520864683,19,0.25,0.0,0.04645049423979383,,0.0
noisy,0.8300000000000001,0.0,0.1929170197572916,19,0.25,0.0,0.04821527985513353,,0.0
noisy,0.9199999999999999,0.0,0.24183672645091556,19,0.25,0.0,0.05502919971210586,,0.0
noisy,1.01,0.0,0.24843478578855294,19,0.25,0.0,0.05558183292930158,,0.0
noisy,1.0999999999999999,0.0,0.23125477063321598,19,0.25,0.0,0.06872450144147603,,0.0
noisy,1.19,0.0,0.2834037032681778,19,0.25,0.0,0.06590387935173632,,0.0
noisy,1.28,0.0,0.21829036778932176,19,0.25,0.0,0.057772124039571424,,0.0
noisy,1.3699999999999999,0.0,0.3632132684300138,19,0.25,0.0,0.09627176670329386,,0.0
noisy,1.46,0.0,0.42938918487162664,19,0.25,0.0,0.10161337074590435,,0.0
noisy,1.5499999999999998,0.0,0.4997854402581951,19,0.25,0.0,0.11653175981699135,,0.0
noisy,1.64,0.0,0.45758712369562576,19,0.25,0.0,0.11698982217714202,,0.0
noisy,1.73,0.0,0.5335194993671021,19,0.25,0.0,0.12976479462672028,,0.0
noisy,1.8199999999999998,0.0,0.3635196281951926,19,0.25,0.0,0.11609578358242972,,0.0
noisy,1.91,0.0,0.570391721502136,19,0.25,0.0,0.14243520919150138,,0.0
noisy,2.0,0.0,0.46442670138019976,19,0.25,0.0,0.12052873314379382,,0.0
noisy,0.2,0.0,0.017003676173027938,1,0.5,1.0,0.4957331662976583,,171.0
noisy,0.29000000000000004,0.0,0.019647308879554282,1,0.5,1.0,0.5158135236352239,,65.0
noisy,0.38,0.0,0.013641807650117833,1,0.5,1.0,0.3542332569171024,,59.0
noisy,0.47000000000000003,0.0,0.004852680615746194,1,0.5,0.6666666666666666,0.39469155961887187,,221.0
noisy,0.56,0.0,0.009197856656338628,1,0.5,0.6666666666666666,0.3170469768641196,,153.0
noisy,0.6499999999999999,0.0,0.0015795805301206944,1,0.5,0.6666666666666666,0.20950945396872137,,130.0
noisy,0.74,0.0,0.01265869373031571,1,0.5,1.0,0.5210401279164594,,67.0
noisy,0.8300000000000001,0.0,0.00420851482827394,1,0.5,0.6666666666666666,0.2291661612651963,,492.0
noisy,0.9199999999999999,0.0,-0.015741206748212947,1,0.5,0.3333333333333333,0.2047466906865844,,563.0
noisy,1.01,0.0,-0.04984904344365193,1,0.5,0.0,0.0,,297.0
noisy,1.0999999999999999,0.0,-0.03894253833169318,1,0.5,0.0,0.0,,460.0
noisy,1.19,0.0,-0.03526438010810834,1,0.5,0.0,0.0,,230.0
noisy,1.28,0.0,-0.056976221432853726,1,0.5,0.0,0.0,,427.0
noisy,1.3699999999999999,0.0,-0.013037272061210305,1,0.5,0.0,0.0,,364.0
noisy,1.46,0.0,-0.030867891046610727,1,0.5,0.0,0.0,,395.0
noisy,1.5499999999999998,0.0,-0.02308773247793977,1,0.5,0.0,0.0,,406.0
noisy,1.64,0.0,-0.04504693998086772,1,0.5,0.0,0.0,,386.0
noisy,1.73,0.0,-0.04766658115078773,1,0.5,0.0,0.0,,246.0
noisy,1.8199999999999998,0.0,-0.038851209387418865,1,0.5,0.0,0.0,,426.0
noisy,1.91,0.0,-0.031631190864739846,1,0.5,0.0,0.0,,404.0
noisy,2.0,0.0,-0.055488193569509854,1,0.5,0.0,0.0,,514.0
noisy,0.2,0.0,0.022668281438427456,2,0.5,1.0,0.4709151823299877,,75.0
noisy,0.29000000000000004,0.0,0.02286683768775657,2,0.5,1.0,0.5491836620517687,,76.0
noisy,0.38,0.0,0.006990477480566133,2,0.5,0.6666666666666666,0.6328714237614708,,60.0
noisy,0.47000000000000003,0.0,0.012092101431922799,2,0.5,1.0,0.3327745471680559,,171.0
noisy,0.56,0.0,0.004992347836835012,2,0.5,0.6666666666666666,0.28653457969841295,,72.0
noisy,0.6499999999999999,0.0,0.017375413258540997,2,0.5,1.0,0.46712415311364575,,540.0
noisy,0.74,0.0,0.013870145849680215,2,0.5,1.0,0.318474840302947,,548.0
noisy,0.8300000000000001,0.0,0.009443375253990033,2,0.5,0.6666666666666666,0.35401973491322497,,380.0
noisy,0.9199999999999999,0.0,-8.960798899874482e-05,2,0.5,0.6666666666666666,0.18330125311360718,,62.0
noisy,1.01,0.0,-0.037966417727679294,2,0.5,0.0,0.0,,393.0
noisy,1.0999999999999999,0.0,-0.04677674905293359,2,0.5,0.0,0.0,,315.0
noisy,1.19,0.0,-0.03801575195578139,2,0.5,0.0,0.0,,398.0
noisy,1.28,0.0,-0.020780624080316824,2,0.5,0.0,0.0,,585.0
noisy,1.3699999999999999,0.0,-0.03786530181558878,2,0.5,0.0,0.0,,351.0
noisy,1.46,0.0,-0.043770072385909096,2,0.5,0.0,0.0,,507.0
noisy,1.5499999999999998,0.0,-0.049108321742468014,2,0.5,0.0,0.0,,367.0
noisy,1.64,0.0,-0.0393228356364879,2,0.5,0.0,0.0,,356.0
noisy,1.73,0.0,-0.047224412401674604,2,0.5,0.0,0.0,,442.0
noisy,1.8199999999999998,0.0,-0.035531254242424704,2,0.5,0.3333333333333333,0.0564654253527018,,442.0
noisy,1.91,0.0,-0.03471216908801058,2,0.5,0.0,0.0,,410.0
noisy,2.0,0.0,-0.043424333621498966,2,0.5,0.0,0.0,,393.0
noisy,0.2,0.0,-0.06973506937541753,3,0.5,0.0,0.0,,0.0
noisy,0.29000000000000004,0.0,-0.07127539149783797,3,0.5,0.0,0.0,,0.0
noisy,0.38,0.0,-0.07046324204490965,3,0.5,0.0,0.0,,0.0
noisy,0.47000000000000003,0.0,-0.07057356056094972,3,0.5,0.0,0.0,,0.0
noisy,0.56,0.0,-0.0716849328837515,3,0.5,0.0,0.0,,0.0
noisy,0.6499999999999999,0.0,-0.06634263423346852,3,0.5,0.0,0.0,,0.0
noisy,0.74,0.0,-0.06409469634452596,3,0.5,0.0,0.0,,0.0
noisy,0.8300000000000001,0.0,-0.07412282374121253,3,0.5,0.0,0.0,,0.0
noisy,0.9199999999999999,0.0,-0.06722025629702465,3,0.5,0.0,0.0,,0.0
noisy,1.01,0.0,-0.0711850490445578,3,0.5,0.0,0.0,,0.0
noisy,1.0999999999999999,0.0,-0.07326020045558398,3,0.5,0.0,0.0,,0.0
noisy,1.19,0.0,-0.07684642023217879,3,0.5,0.0,0.0,,0.0
noisy,1.28,0.0,-0.06867278429735264,3,0.5,0.0,0.0,,0.0
noisy,1.3699999999999999,0.0,-0.08717283599627124,3,0.5,0.0,0.0,,0.0
noisy,1.46,0.0,-0.07409309654048689,3,0.5,0.0,0.0,,0.0
noisy,1.5499999999999998,0.0,-0.08010434536312881,3,0.5,0.0,0.0,,0.0
noisy,1.64,0.0,-0.080892264647187,3,0.5,0.0,0.0,,0.0
noisy,1.73,0.0,-0.07735444110238004,3,0.5,0.0,0.0,,0.0
noisy,1.8199999999999998,0.0,-0.08196389839534686,3,0.5,0.0,0.0,,0.0
noisy,1.91,0.0,-0.07502717039571648,3,0.5,0.0,0.0,,0.0
noisy,2.0,0.0,-0.0772350857291333,3,0.5,0.0,0.0,,0.0
noisy,0.2,0.0,-0.0004952514919136002,4,0.5,0.3333333333333333,4.443530767475882e-05,,0.0
noisy,0.29000000000000004,0.0,-0.00043287841604869906,4,0.5,0.0,0.0,,0.0
noisy,0.38,0.0,3.7134988442498215e-06,4,0.5,0.6666666666666666,0.01277603044329325,,0.0
noisy,0.47000000000000003,0.0,0.0004405270303677132,4,0.5,1.0,0.01062287719095329,,0.0
noisy,0.56,0.0,0.0006386479909469491,4,0.5,1.0,0.01384654661136636,,0.0
noisy,0.6499999999999999,0.0,-9.185893543805265e-05,4,0.5,0.3333333333333333,0.008515726127825946,,0.0
noisy,0.74,0.0,0.0001764418124912934,4,0.5,0.6666666666666666,0.007116068303884923,,0.0
noisy,0.8300000000000001,0.0,0.00045759365865008305,4,0.5,0.6666666666666666,0.016710173903022582,,0.0
noisy,0.9199999999999999,0.0,0.0007334125993692827,4,0.5,1.0,0.019699890251357925,,0.0
noisy,1.01,0.0,0.00021067731728168597,4,0.5,0.6666666666666666,0.013877840572440016,,0.0
noisy,1.0999999999999999,0.0,0.0003278238192825907,4,0.5,1.0,0.010424436383763397,,0.0
noisy,1.19,0.0,0.0005872870730691923,4,0.5,0.6666666666666666,0.028421603759561254,,0.0
noisy,1.28,0.0,0.001851624288761427,4,0.5,1.0,0.047002715086102646,,0.0
noisy,1.3699999999999999,0.0,0.0026969993709885297,4,0.5,1.0,0.05577747783408728,,0.0
noisy,1.46,0.0,0.0035761666889196652,4,0.5,1.0,0.0823296720146884,,0.0
noisy,1.5499999999999998,0.0,0.004312083300808328,4,0.5,1.0,0.08776613114227391,,0.0
noisy,1.64,0.0,0.004860112556334063,4,0.5,1.0,0.10190285751282867,,0.0
noisy,1.73,0.0,0.004752385559787939,4,0.5,1.0,0.10872458597614677,,0.0
noisy,1.8199999999999998,0.0,0.005009848291883673,4,0.5,1.0,0.11164698944723614,,0.0
noisy,1.91,0.0,0.011777073938290908,4,0.5,0.6666666666666666,0.1753711556831882,,0.0
noisy,2.0,0.0,0.00600454046180324,4,0.5,1.0,0.13353167407464825,,0.0
noisy,0.2,0.0,-0.6368750160218076,5,0.5,0.0,0.0,,0.0
noisy,0.29000000000000004,0.0,-0.3130717036670912,5,0.5,0.0,0.0,,0.0
noisy,0.38,0.0,-0.3777500467664648,5,0.5,0.0,0.0,,0.0
noisy,0.47000000000000003,0.0,-0.4884417279000184,5,0.5,0.0,0.0,,0.0
noisy,0.56,0.0,-0.37066094475909034,5,0.5,0.0,0.0,,0.0
noisy,0.6499999999999999,0.0,-0.4161822040735286,5,0.5,0.0,0.0,,0.0
noisy,0.74,0.0,-0.38354300481593157,5,0.5,0.0,0.0,,0.0
noisy,0.8300000000000001,0.0,-0.42502729912509496,5,0.5,0.0,0.0,,0.0
noisy,0.9199999999999999,0.0,-0.4551258400345642,5,0.5,0.0,0.0,,0.0
noisy,1.01,0.0,-0.5539558267580568,5,0.5,0.0,0.0,,0.0
noisy,1.0999999999999999,0.0,-0.5103156494214166,5,0.5,0.0,0.0,,0.0
noisy,1.19,0.0,-0.49151081984032485,5,0.5,0.0,0.0,,0.0
noisy,1.28,0.0,-0.4333306839004807,5,0.5,0.0,0.0,,0.0
noisy,1.3699999999999999,0.0,-0.39642964607574926,5,0.5,0.0,0.0,,0.0
noisy,1.46,0.0,-0.33132823998855715,5,0.5,0.0,0.0,,0.0
noisy,1.5499999999999998,0.0,-0.3618957155111917,5,0.5,0.0,0.0,,0.0
noisy,1.64,0.0,-0.3336283535389764,5,0.5,0.0,0.0,,0.0
noisy,1.73,0.0,-0.3067145709439205,5,0.5,0.0,0.0,,0.0
noisy,1.8199999999999998,0.0,-0.2910626964431873,5,0.5,0.0,0.0,,0.0
noisy,1.91,0.0,-0.2492335206750861,5,0.5,0.0,0.0,,0.0
noisy,2.0,0.0,-0.29120273283630965,5,0.5,0.0,0.0,,0.0
noisy,0.2,0.0,0.051118474269656065,6,0.5,0.0,0.000540303329062817,,0.0
noisy,0.29000000000000004,0.0,0.030292180858587106,6,0.5,0.0,0.00034692046432180303,,0.0
noisy,0.38,0.0,0.04229796776806605,6,0.5,0.0,0.0006835289826116533,,0.0
noisy,0.47000000000000003,0.0,0.04666349601805505,6,0.5,0.0,0.0005120568297322626,,0.0
noisy,0.56,0.0,0.0387680325978042,6,0.5,0.0,0.00048740608891772216,,0.0
noisy,0.6499999999999999,0.0,0.07301004812648436,6,0.5,0.0,0.0008773406018261188,,0.0
noisy,0.74,0.0,0.06492385582531121,6,0.5,0.0,0.0007477018660086579,,0.0
noisy,0.8300000000000001,0.0,0.07713050062065978,6,0.5,0.0,0.0008716357285851613,,0.0
noisy,0.9199999999999999,0.0,0.07548432431333453,6,0.5,0.0,0.0007790564714922857,,0.0
noisy,1.01,0.0,0.0630547567702283,6,0.5,0.0,0.000762987794832005,,0.0
noisy,1.0999999999999999,0.0,0.06181490734172257,6,0.5,0.0,0.0006468838158940788,,0.0
noisy,1.19,0.0,0.07236436521191726,6,0.5,0.0,0.0007810499228072027,,0.0
noisy,1.28,0.0,0.06860644401711334,6,0.5,0.0,0.0007376752127363739,,0.0
noisy,1.3699999999999999,0.0,0.07286654292882344,6,0.5,0.0,0.0008590713318367552,,0.0
noisy,1.46,0.0,0.07518666282161719,6,0.5,0.0,0.0008256425004425592,,0.0
noisy,1.5499999999999998,0.0,0.0703263422577649,6,0.5,0.0,0.0007583671831269579,,0.0
noisy,1.64,0.0,0.08058975299840317,6,0.5,0.0,0.0010082984299321814,,0.0
noisy,1.73,0.0,0.08486572341711823,6,0.5,0.0,0.0009810506556049146,,0.0
noisy,1.8199999999999998,0.0,0.09127652218971584,6,0.5,0.0,0.0009774006987454383,,0.0
noisy,1.91,0.0,0.07634331702877908,6,0.5,0.0,0.0008285125479977175,,0.0
noisy,2.0,0.0,0.09080426306519436,6,0.5,0.0,0.0009465846009257903,,0.0
noisy,0.2,0.0,0.04976911068283635,7,0.5,0.0,0.0005672351527243032,,0.0
noisy,0.29000000000000004,0.0,0.043485208022353034,7,0.5,0.0,0.0005072931600370112,,0.0
noisy,0.38,0.0,0.044944468887592466,7,0.5,0.0,0.0005598923495323596,,0.0
noisy,0.47000000000000003,0.0,0.042026935862884675,7,0.5,0.0,0.0005013870410018233,,0.0
noisy,0.56,0.0,0.059096334973126226,7,0.5,0.0,0.0006091069977405739,,0.0
noisy,0.6499999999999999,0.0,0.046974715989451334,7,0.5,0.0,0.0005797272370241913,,0.0
noisy,0.74,0.0,0.05910276616951762,7,0.5,0.0,0.0007869100871063565,,0.0
noisy,0.8300000000000001,0.0,0.05389564043344016,7,0.5,0.0,0.0007066798268549496,,0.0
noisy,0.9199999999999999,0.0,0.05274533407635495,7,0.5,0.0,0.0006937563579958661,,0.0
noisy,1.01,0.0,0.054085025338934535,7,0.5,0.0,0.000544637958007984,,0.0
noisy,1.0999999999999999,0.0,0.04712901054746696,7,0.5,0.0,0.0005082075829728062,,0.0
noisy,1.19,0.0,0.049004192010498215,7,0.5,0.0,0.0006306597590265998,,0.0
noisy,1.28,0.0,0.04549522798815661,7,0.5,0.0,0.000500084716961896,,0.0
noisy,1.3699999999999999,0.0,0.06273849102935884,7,0.5,0.0,0.000785608158766135,,0.0
noisy,1.46,0.0,0.06587488115904204,7,0.5,0.0,0.000732490855750797,,0.0
noisy,1.5499999999999998,0.0,0.07702362579874396,7,0.5,0.0,0.0009033333927437923,,0.0
noisy,1.64,0.0,0.07803478411324173,7,0.5,0.0,0.0008194825027994662,,0.0
noisy,1.73,0.0,0.06935215937540622,7,0.5,0.0,0.0009168242046285212,,0.0
noisy,1.8199999999999998,0.0,0.07710777692349018,7,0.5,0.0,0.000842901742936277,,0.0
noisy,1.91,0.0,0.0816107893004241,7,0.5,0.0,0.0009123804115740545,,0.0
noisy,2.0,0.0,0.0816960220713983,7,0.5,0.0,0.000889980916972804,,0.0
noisy,0.2,0.0,0.053630180215589816,8,0.5,0.0,0.0005598861311111778,,0.0
noisy,0.29000000000000004,0.0,0.05408106146380376,8,0.5,0.0,0.0005898412637324493,,0.0
noisy,0.38,0.0,0.03199350205823756,8,0.5,0.0,0.0004278922487933713,,0.0
noisy,0.47000000000000003,0.0,0.043057065130131834,8,0.5,0.0,0.0006401440104948253,,0.0
noisy,0.56,0.0,0.05266883365810566,8,0.5,0.0,0.000594098999959085,,0.0
noisy,0.6499999999999999,0.0,0.05496782534388731,8,0.5,0.0,0.0006701622197379173,,0.0
noisy,0.74,0.0,0.0672929434205589,8,0.5,0.0,0.0008550065954424625,,0.0
noisy,0.8300000000000001,0.0,0.06538956199558617,8,0.5,0.0,0.0007476737338503012,,0.0
noisy,0.9199999999999999,0.0,0.06364964522824014,8,0.5,0.0,0.0007591098487558065,,0.0
noisy,1.01,0.0,0.07042327183734558,8,0.5,0.0,0.0007532854242846512,,0.0
noisy,1.0999999999999999,0.0,0.07076307626311852,8,0.5,0.0,0.0008101957210913363,,0.0
noisy,1.19,0.0,0.06233535663157522,8,0.5,0.0,0.0007527772108561724,,0.0
noisy,1.28,0.0,0.06413051972016043,8,0.5,0.0,0.0006792753330277068,,0.0
noisy,1.3699999999999999,0.0,0.060265052475346186,8,0.5,0.0,0.000718711466539263,,0.0
noisy,1.46,0.0,0.06882202154612814,8,0.5,0.0,0.0007445013614781782,,0.0
noisy,1.5499999999999998,0.0,0.07959264673692111,8,0.5,0.0,0.0008594334462355248,,0.0
noisy,1.64,0.0,0.08259362659454561,8,0.5,0.0,0.0009080465307093681,,0.0
noisy,1.73,0.0,0.08458626039282378,8,0.5,0.0,0.0009128367779371584,,0.0
noisy,1.8199999999999998,0.0,0.08910053717713158,8,0.5,0.0,0.0009198667439819494,,0.0
noisy,1.91,0.0,0.06956432755367435,8,0.5,0.0,0.0008158229810319021,,0.0
noisy,2.0,0.0,0.0811488290431161,8,0.5,0.0,0.0008377273874983198,,0.0
noisy,0.2,0.0,-0.1162887869826647,9,0.5,0.0,0.0,,0.0
noisy,0.29000000000000004,0.0,-0.1265194157287571,9,0.5,0.0,0.0,,0.0
noisy,0.38,0.0,-0.12388971366786204,9,0.5,0.0,0.0,,0.0
noisy,0.47000000000000003,0.0,-0.11799388157586875,9,0.5,0.0,0.0,,0.0
noisy,0.56,0.0,-0.1283913153914535,9,0.5,0.0,0.0,,0.0
noisy,0.6499999999999999,0.0,-0.1099639434515996,9,0.5,0.0,0.0,,0.0
noisy,0.74,0.0,-0.10271547493166304,9,0.5,0.0,0.0,,0.0
noisy,0.8300000000000001,0.0,-0.10827424066684133,9,0.5,0.0,0.0,,0.0
noisy,0.9199999999999999,0.0,-0.11466127269130787,9,0.5,0.0,0.0,,0.0
noisy,1.01,0.0,-0.11455204307149568,9,0.5,0.0,0.0,,0.0
noisy,1.0999999999999999,0.0,-0.09977354510359247,9,0.5,0.0,0.0,,0.0
noisy,1.19,0.0,-0.11406060395080216,9,0.5,0.0,0.0,,0.0
noisy,1.28,0.0,-0.10010941560492397,9,0.5,0.0,0.0,,0.0
noisy,1.3699999999999999,0.0,-0.1124149646722034,9,0.5,0.0,0.0,,0.0
noisy,1.46,0.0,-0.10168463305768476,9,0.5,0.0,0.0,,0.0
noisy,1.5499999999999998,0.0,-0.10205066597258432,9,0.5,0.0,0.0,,0.0
noisy,1.64,0.0,-0.09725764691026546,9,0.5,0.0,0.0,,0.0
noisy,1.73,0.0,-0.08725263007435412,9,0.5,0.0,0.0,,0.0
noisy,1.8199999999999998,0.0,-0.09008199642426752,9,0.5,0.0,0.0,,0.0
noisy,1.91,0.0,-0.10076814834270596,9,0.5,0.0,0.0,,0.0
noisy,2.0,0.0,-0.09087983887584801,9,0.5,0.0,0.0,,0.0
noisy,0.2,0.0,0.3496742481219715,10,0.5,0.0,0.003574942626004966,,0.0
noisy,0.29000000000000004,0.0,0.3460914859458968,10,0.5,0.0,0.003495921362054276,,0.0
noisy,0.38,0.0,0.3594271341539923,10,0.5,0.0,0.003709894941927053,,0.0
noisy,0.47000000000000003,0.0,0.3164774347711755,10,0.5,0.0,0.0032809702525776682,,0.0
noisy,0.56,0.0,0.3551226881531182,10,0.5,0.0,0.0036698428265122094,,0.0
noisy,0.6499999999999999,0.0,0.3462318143619651,10,0.5,0.0,0.0035908839732390944,,0.0
noisy,0.74,0.0,0.3470028471254931,10,0.5,0.0,0.003628615635087492,,0.0
noisy,0.8300000000000001,0.0,0.3536697180788339,10,0.5,0.0,0.003681497709304887,,0.0
noisy,0.9199999999999999,0.0,0.3645145980531191,10,0.5,0.0,0.00372376955928934,,0.0
noisy,1.01,0.0,0.3477714732329403,10,0.5,0.0,0.0035760893683499857,,0.0
noisy,1.0999999999999999,0.0,0.3396898696660102,10,0.5,0.0,0.003465266769308299,,0.0
noisy,1.19,0.0,0.33673556474902466,10,0.5,0.0,0.0034766270223636738,,0.0
noisy,1.28,0.0,0.3406426034750803,10,0.5,0.0,0.0035073373821066633,,0.0
noisy,1.3699999999999999,0.0,0.3429272457894382,10,0.5,0.0,0.003464255964832455,,0.0
noisy,1.46,0.0,0.3435161467506047,10,0.5,0.0,0.0035649587006089676,,0.0
noisy,1.5499999999999998,0.0,0.33105615101385777,10,0.5,0.0,0.003330543585820903,,0.0
noisy,1.64,0.0,0.3374177210379365,10,0.5,0.0,0.0034034460564037233,,0.0
noisy,1.73,0.0,0.3287596679750137,10,0.5,0.0,0.003339104807910139,,0.0
noisy,1.8199999999999998,0.0,0.3393370309856138,10,0.5,0.0,0.0034833407480310925,,0.0
noisy,1.91,0.0,0.33380138841582013,10,0.5,0.0,0.0034420856049280015,,0.0
noisy,2.0,0.0,0.3361223326768606,10,0.5,0.0,0.003412228351876694,,0.0
noisy,0.2,0.0,-0.12079987848840368,11,0.5,0.0,0.0,,0.0
noisy,0.29000000000000004,0.0,-0.11880193771078405,11,0.5,0.0,0.0,,0.0
noisy,0.38,0.0,-0.11430114295015703,11,0.5,0.0,0.0,,0.0
noisy,0.47000000000000003,0.0,-0.11211370764881645,11,0.5,0.0,0.0,,0.0
noisy,0.56,0.0,-0.10259685534898115,11,0.5,0.0,0.0,,0.0
noisy,0.6499999999999999,0.0,-0.11591857385852992,11,0.5,0.0,0.0,,0.0
noisy,0.74,0.0,-0.10612301403440894,11,0.5,0.0,0.0,,0.0
noisy,0.8300000000000001,0.0,-0.10694342885123016,11,0.5,0.0,0.0,,0.0
noisy,0.9199999999999999,0.0,-0.0914377405912677,11,0.5,0.0,0.0,,0.0
noisy,1.01,0.0,-0.11357219665481859,11,0.5,0.0,0.0,,0.0
noisy,1.0999999999999999,0.0,-0.12285010023856824,11,0.5,0.0,0.0,,0.0
noisy,1.19,0.0,-0.1330976517238933,11,0.5,0.0,0.0,,0.0
noisy,1.28,0.0,-0.11964251777282447,11,0.5,0.0,0.0,,0.0
noisy,1.3699999999999999,0.0,-0.1159297434881265,11,0.5,0.0,0.0,,0.0
noisy,1.46,0.0,-0.1297246452795142,11,0.5,0.0,0.0,,0.0
noisy,1.5499999999999998,0.0,-0.14386283481106596,11,0.5,0.0,0.0,,0.0
noisy,1.64,0.0,-0.14152297652308088,11,0.5,0.0,0.0,,0.0
noisy,1.73,0.0,-0.14051118735799326,11,0.5,0.0,0.0,,0.0
noisy,1.8199999999999998,0.0,-0.13517294155603096,11,0.5,0.0,0.0,,0.0
noisy,1.91,0.0,-0.1414637901744433,11,0.5,0.0,0.0,,0.0
noisy,2.0,0.0,-0.13940610579185372,11,0.5,0.0,0.0,,0.0
noisy,0.2,0.0,-0.011562027854607299,12,0.5,0.0,0.0,,0.0
noisy,0.29000000000000004,0.0,0.00031980166380141004,12,0.5,0.0,7.095593036837608e-05,,0.0
noisy,0.38,0.0,-0.0021820428331644835,12,0.5,0.0,0.00010147812594217639,,0.0
noisy,0.47000000000000003,0.0,-0.004386076483817968,12,0.5,0.0,9.310943737815235e-07,,0.0
noisy,0.56,0.0,0.003673710786701478,12,0.5,0.0,9.957881038761025e-05,,0.0
noisy,0.6499999999999999,0.0,0.015408322517206613,12,0.5,0.0,0.00023129202113849817,,0.0
noisy,0.74,0.0,0.008370988246769073,12,0.5,0.0,0.00018796377610166593,,0.0
noisy,0.8300000000000001,0.0,0.012930272927931696,12,0.5,0.0,0.00017960305503426024,,0.0
noisy,0.9199999999999999,0.0,0.01663584705605831,12,0.5,0.0,0.00027668030066016215,,0.0
noisy,1.01,0.0,0.024281008430514218,12,0.5,0.0,0.0003025607686196686,,0.0
noisy,1.0999999999999999,0.0,0.02371753879176039,12,0.5,0.0,0.00025200560451831206,,0.0
noisy,1.19,0.0,0.019968276793486298,12,0.5,0.0,0.000298598385115992,,0.0
noisy,1.28,0.0,0.024075355068067114,12,0.5,0.0,0.0002570236386296194,,0.0
noisy,1.3699999999999999,0.0,0.019400577846747643,12,0.5,0.0,0.0002477563409407546,,0.0
noisy,1.46,0.0,0.019411385577279446,12,0.5,0.0,0.00022745679081377827,,0.0
noisy,1.5499999999999998,0.0,0.015137304415657499,12,0.5,0.0,0.0001734052852930188,,0.0
noisy,1.64,0.0,0.008325724996002438,12,0.5,0.0,0.00012289583265937836,,0.0
noisy,1.73,0.0,0.012733329988287133,12,0.5,0.0,0.0001696370335027577,,0.0
noisy,1.8199999999999998,0.0,0.009583296634035348,12,0.5,0.0,0.00014787317299518835,,0.0
noisy,1.91,0.0,0.005539795264488444,12,0.5,0.0,0.00010922036384832807,,0.0
noisy,2.0,0.0,0.007377541634633154,12,0.5,0.0,0.00010226971176018691,,0.0
noisy,0.2,0.0,0.06171217578324123,13,0.5,0.0,0.0006667455609973486,,0.0
noisy,0.29000000000000004,0.0,0.058108249827100056,13,0.5,0.0,0.0006513899345889074,,0.0
noisy,0.38,0.0,0.0585194896528147,13,0.5,0.0,0.0006231447375932895,,0.0
noisy,0.47000000000000003,0.0,0.06876480200443778,13,0.5,0.0,0.0008438437983945428,,0.0
noisy,0.56,0.0,0.06330885636505697,13,0.5,0.0,0.0007025875951624801,,0.0
noisy,0.6499999999999999,0.0,0.06798446806698503,13,0.5,0.0,0.00069020412503006,,0.0
noisy,0.74,0.0,0.0705337069669043,13,0.5,0.0,0.0007452491278923752,,0.0
noisy,0.8300000000000001,0.0,0.07290706490335243,13,0.5,0.0,0.0008518886299386265,,0.0
noisy,0.9199999999999999,0.0,0.0797562748025918,13,0.5,0.0,0.0008546048845359332,,0.0
noisy,1.01,0.0,0.0727065986997321,13,0.5,0.0,0.000747993275291456,,0.0
noisy,1.0999999999999999,0.0,0.07619716808482892,13,0.5,0.0,0.000827857132324323,,0.0
noisy,1.19,0.0,0.08032543826192821,13,0.5,0.0,0.0008279898504785696,,0.0
noisy,1.28,0.0,0.08178836331172894,13,0.5,0.0,0.000844099945120896,,0.0
noisy,1.3699999999999999,0.0,0.07264452962706884,13,0.5,0.0,0.0008459188613055939,,0.0
noisy,1.46,0.0,0.07504241646586825,13,0.5,0.0,0.0008003481137008227,,0.0
noisy,1.5499999999999998,0.0,0.07516695788233026,13,0.5,0.0,0.0007960030362681319,,0.0
noisy,1.64,0.0,0.06921215681083503,13,0.5,0.0,0.0007406779902896713,,0.0
noisy,1.73,0.0,0.07331738932638009,13,0.5,0.0,0.0008027411394296801,,0.0
noisy,1.8199999999999998,0.0,0.07372578488548572,13,0.5,0.0,0.0008227717865309809,,0.0
noisy,1.91,0.0,0.07876690558498767,13,0.5,0.0,0.0008650871791161762,,0.0
noisy,2.0,0.0,0.06972212904581461,13,0.5,0.0,0.0007446066816537808,,0.0
noisy,0.2,0.0,0.03788425875020291,14,0.5,0.0,0.00047893832794208325,,0.0
noisy,0.29000000000000004,0.0,0.040114394245432734,14,0.5,0.0,0.00045225721682926056,,0.0
noisy,0.38,0.0,0.034008246957825804,14,0.5,0.0,0.0003521051566228398,,0.0
noisy,0.47000000000000003,0.0,0.03216230544724368,14,0.5,0.0,0.00042839416092196897,,0.0
noisy,0.56,0.0,0.04175882237373816,14,0.5,0.0,0.0004768378006783842,,0.0
noisy,0.6499999999999999,0.0,0.04727376664774913,14,0.5,0.0,0.0005189049306057691,,0.0
noisy,0.74,0.0,0.05100269843732911,14,0.5,0.0,0.0006299415323472485,,0.0
noisy,0.8300000000000001,0.0,0.06125079396194736,14,0.5,0.0,0.0007465980419107535,,0.0
noisy,0.9199999999999999,0.0,0.06040989820470232,14,0.5,0.0,0.0006570411341614671,,0.0
noisy,1.01,0.0,0.05464923041556705,14,0.5,0.0,0.000648300612293314,,0.0
noisy,1.0999999999999999,0.0,0.057546882438004286,14,0.5,0.0,0.0007403270465093091,,0.0
noisy,1.19,0.0,0.0480509075193048,14,0.5,0.0,0.000545664768143361,,0.0
noisy,1.28,0.0,0.05365825604539353,14,0.5,0.0,0.0006007307703412723,,0.0
noisy,1.3699999999999999,0.0,0.050225780090478366,14,0.5,0.0,0.0005991534354973297,,0.0
noisy,1.46,0.0,0.05692495285586846,14,0.5,0.0,0.0006289274748481844,,0.0
noisy,1.5499999999999998,0.0,0.06874704140356114,14,0.5,0.0,0.0007171414893726458,,0.0
noisy,1.64,0.0,0.06162354065161604,14,0.5,0.0,0.0007247172984138994,,0.0
noisy,1.73,0.0,0.06656111536947783,14,0.5,0.0,0.0007407120764905601,,0.0
noisy,1.8199999999999998,0.0,0.06933342134612525,14,0.5,0.0,0.0007974975790343723,,0.0
noisy,1.91,0.0,0.0731673262200095,14,0.5,0.0,0.0008188053352396316,,0.0
noisy,2.0,0.0,0.07800253555291325,14,0.5,0.0,0.0008827797036054545,,0.0
noisy,0.2,0.0,0.05389477740439815,15,0.5,0.0,0.0005711088558621622,,0.0
noisy,0.29000000000000004,0.0,0.05361843141264577,15,0.5,0.0,0.0006023389108552388,,0.0
noisy,0.38,0.0,0.03831537122613282,15,0.5,0.0,0.00043312269816518986,,0.0
noisy,0.47000000000000003,0.0,0.039405418649616046,15,0.5,0.0,0.0004185743703639319,,0.0
noisy,0.56,0.0,0.052572084332534096,15,0.5,0.0,0.0005626676822465005,,0.0
noisy,0.6499999999999999,0.0,0.06181434480074671,15,0.5,0.0,0.0006559933760195984,,0.0
noisy,0.74,0.0,0.061291359901355584,15,0.5,0.0,0.000662894511972526,,0.0
noisy,0.8300000000000001,0.0,0.06393800826534225,15,0.5,0.0,0.000774432499935916,,0.0
noisy,0.9199999999999999,0.0,0.0687249714323274,15,0.5,0.0,0.0007405568993077178,,0.0
noisy,1.01,0.0,0.06305925748265111,15,0.5,0.0,0.0007912999547292275,,0.0
noisy,1.0999999999999999,0.0,0.05435931088462561,15,0.5,0.0,0.0005978977690473874,,0.0
noisy,1.19,0.0,0.05468338196499242,15,0.5,0.0,0.0006553168307150309,,0.0
noisy,1.28,0.0,0.06939815522460327,15,0.5,0.0,0.0007088412763981288,,0.0
noisy,1.3699999999999999,0.0,0.06041865409274932,15,0.5,0.0,0.000735576416893853,,0.0
noisy,1.46,0.0,0.06338251301556679,15,0.5,0.0,0.0007892359472747316,,0.0
noisy,1.5499999999999998,0.0,0.07051111581371293,15,0.5,0.0,0.0007526071201773416,,0.0
noisy,1.64,0.0,0.06746243365773359,15,0.5,0.0,0.0007628870120257371,,0.0
noisy,1.73,0.0,0.07041417551030694,15,0.5,0.0,0.0007484810725080649,,0.0
noisy,1.8199999999999998,0.0,0.0641860467962891,15,0.5,0.0,0.0006769740932054743,,0.0
noisy,1.91,0.0,0.06480122730657846,15,0.5,0.0,0.0007316542843789872,,0.0
noisy,2.0,0.0,0.06452001530936761,15,0.5,0.0,0.0007114722312714974,,0.0
noisy,0.2,0.0,-0.6442559621257085,16,0.5,0.0,0.0,,0.0
noisy,0.29000000000000004,0.0,-0.6475767098599771,16,0.5,0.0,0.0,,0.0
noisy,0.38,0.0,-0.6443090115727412,16,0.5,0.0,0.0,,0.0
noisy,0.47000000000000003,0.0,-0.6435448838462529,16,0.5,0.0,0.0,,0.0
noisy,0.56,0.0,-0.64615197595803,16,0.5,0.0,0.0,,0.0
noisy,0.6499999999999999,0.0,-0.6445003229413158,16,0.5,0.0,0.0,,0.0
noisy,0.74,0.0,-0.6447602127096772,16,0.5,0.0,0.0,,0.0
noisy,0.8300000000000001,0.0,-0.6452650951610454,16,0.5,0.0,0.0,,0.0
noisy,0.9199999999999999,0.0,-0.6467649601060356,16,0.5,0.0,0.0,,0.0
noisy,1.01,0.0,-0.6458416119301393,16,0.5,0.0,0.0,,0.0
noisy,1.0999999999999999,0.0,-0.6463779376717251,16,0.5,0.0,0.0,,0.0
noisy,1.19,0.0,-0.6452384194728477,16,0.5,0.0,0.0,,0.0
noisy,1.28,0.0,-0.6446079612259158,16,0.5,0.0,0.0,,0.0
noisy,1.3699999999999999,0.0,-0.6475546635243377,16,0.5,0.0,0.0,,0.0
noisy,1.46,0.0,-0.6463241488622685,16,0.5,0.0,0.0,,0.0
noisy,1.5499999999999998,0.0,-0.646473642461535,16,0.5,0.0,0.0,,0.0
noisy,1.64,0.0,-0.6458944745588521,16,0.5,0.0,0.0,,0.0
noisy,1.73,0.0,-0.6470755820419996,16,0.5,0.0,0.0,,0.0
noisy,1.8199999999999998,0.0,-0.6462997867750181,16,0.5,0.0,0.0,,0.0
noisy,1.91,0.0,-0.6472679525767986,16,0.5,0.0,0.0,,0.0
noisy,2.0,0.0,-0.6472540934980721,16,0.5,0.0,0.0,,0.0
noisy,0.2,0.0,-0.01570321062450799,17,0.5,0.0,0.0,,0.0
noisy,0.29000000000000004,0.0,-0.015684208790146006,17,0.5,0.0,0.0,,0.0
noisy,0.38,0.0,-0.015674222359792208,17,0.5,0.0,0.0,,0.0
noisy,0.47000000000000003,0.0,-0.015678271110939005,17,0.5,0.0,0.0,,0.0
noisy,0.56,0.0,-0.0157069130694806,17,0.5,0.0,0.0,,0.0
noisy,0.6499999999999999,0.0,-0.01569479449038069,17,0.5,0.0,0.0,,0.0
noisy,0.74,0.0,-0.015687430846941294,17,0.5,0.0,0.0,,0.0
noisy,0.8300000000000001,0.0,-0.015678913581922693,17,0.5,0.0,0.0,,0.0
noisy,0.9199999999999999,0.0,-0.015689169224627434,17,0.5,0.0,0.0,,0.0
noisy,1.01,0.0,-0.01564458722095284,17,0.5,0.0,0.0,,0.0
noisy,1.0999999999999999,0.0,-0.015622303000461862,17,0.5,0.0,0.0,,0.0
noisy,1.19,0.0,-0.01563825317566625,17,0.5,0.0,0.0,,0.0
noisy,1.28,0.0,-0.015674214768118883,17,0.5,0.0,0.0,,0.0
noisy,1.3699999999999999,0.0,-0.01567134057583391,17,0.5,0.0,0.0,,0.0
noisy,1.46,0.0,-0.015643898459155297,17,0.5,0.0,0.0,,0.0
noisy,1.5499999999999998,0.0,-0.015656594760708794,17,0.5,0.0,0.0,,0.0
noisy,1.64,0.0,-0.015610834949838705,17,0.5,0.0,0.0,,0.0
noisy,1.73,0.0,-0.015645265351383827,17,0.5,0.0,0.0,,0.0
noisy,1.8199999999999998,0.0,-0.01566823951973798,17,0.5,0.0,0.0,,0.0
noisy,1.91,0.0,-0.015629741664613547,17,0.5,0.0,0.0,,0.0
noisy,2.0,0.0,-0.015612369785120728,17,0.5,0.0,0.0,,0.0
noisy,0.2,0.0,-0.8538660136267011,18,0.5,0.0,0.0,,0.0
noisy,0.29000000000000004,0.0,-0.8539199335206403,18,0.5,0.0,0.0,,0.0
noisy,0.38,0.0,-0.8535980434122096,18,0.5,0.0,0.0,,0.0
noisy,0.47000000000000003,0.0,-0.8537855142828971,18,0.5,0.0,0.0,,0.0
noisy,0.56,0.0,-0.8537163865996252,18,0.5,0.0,0.0,,0.0
noisy,0.6499999999999999,0.0,-0.8537455026159831,18,0.5,0.0,0.0,,0.0
noisy,0.74,0.0,-0.8537099074486534,18,0.5,0.0,0.0,,0.0
noisy,0.8300000000000001,0.0,-0.8538665811113245,18,0.5,0.0,0.0,,0.0
noisy,0.9199999999999999,0.0,-0.8536358841021138,18,0.5,0.0,0.0,,0.0
noisy,1.01,0.0,-0.8535491492917874,18,0.5,0.0,0.0,,0.0
noisy,1.0999999999999999,0.0,-0.8536067354750444,18,0.5,0.0,0.0,,0.0
noisy,1.19,0.0,-0.8536272936952668,18,0.5,0.0,0.0,,0.0
noisy,1.28,0.0,-0.8535504469874078,18,0.5,0.0,0.0,,0.0
noisy,1.3699999999999999,0.0,-0.8537555900332562,18,0.5,0.0,0.0,,0.0
noisy,1.46,0.0,-0.8535457888683501,18,0.5,0.0,0.0,,0.0
noisy,1.5499999999999998,0.0,-0.8535799091548673,18,0.5,0.0,0.0,,0.0
noisy,1.64,0.0,-0.8533463681391451,18,0.5,0.0,0.0,,0.0
noisy,1.73,0.0,-0.8534553871921225,18,0.5,0.0,0.0,,0.0
noisy,1.8199999999999998,0.0,-0.8530346683375195,18,0.5,0.0,0.0,,0.0
noisy,1.91,0.0,-0.853264358014776,18,0.5,0.0,0.0,,0.0
noisy,2.0,0.0,-0.8533784869107448,18,0.5,0.0,0.0,,0.0
noisy,0.2,0.0,0.04071070559727191,19,0.5,0.0,0.0004995695916817142,,0.0
noisy,0.29000000000000004,0.0,0.04490511087578595,19,0.5,0.0,0.0005400109512423043,,0.0
noisy,0.38,0.0,0.0250451823091548,19,0.5,0.0,0.00029106543489185464,,0.0
noisy,0.47000000000000003,0.0,0.03516416692869157,19,0.5,0.0,0.00045188819276226785,,0.0
noisy,0.56,0.0,0.05404796149907783,19,0.5,0.0,0.0005805845162282969,,0.0
noisy,0.6499999999999999,0.0,0.05371907904469897,19,0.5,0.0,0.0005532875992664146,,0.0
noisy,0.74,0.0,0.05260246009755883,19,0.5,0.0,0.0005822744409623375,,0.0
noisy,0.8300000000000001,0.0,0.049757972801505006,19,0.5,0.0,0.0005989641441050944,,0.0
noisy,0.9199999999999999,0.0,0.056278755978698004,19,0.5,0.0,0.0005923843281175161,,0.0
noisy,1.01,0.0,0.05456611696250516,19,0.5,0.0,0.0006711816166568795,,0.0
noisy,1.0999999999999999,0.0,0.0530863182337257,19,0.5,0.0,0.0005782865519848481,,0.0
noisy,1.19,0.0,0.05919977512246827,19,0.5,0.0,0.000641703002525692,,0.0
noisy,1.28,0.0,0.0493563165047104,19,0.5,0.0,0.0006133044844693613,,0.0
noisy,1.3699999999999999,0.0,0.06202988392936931,19,0.5,0.0,0.0006669250573997033,,0.0
noisy,1.46,0.0,0.06100286043329179,19,0.5,0.0,0.0006951258108328453,,0.0
noisy,1.5499999999999998,0.0,0.07550527886325965,19,0.5,0.0,0.0008746807592111881,,0.0
noisy,1.64,0.0,0.07051991937619058,19,0.5,0.0,0.0007453625911815651,,0.0
noisy,1.73,0.0,0.07802983549902641,19,0.5,0.0,0.0008952244790347989,,0.0
noisy,1.8199999999999998,0.0,0.08457196321949682,19,0.5,0.0,0.0008861750694288092,,0.0
noisy,1.91,0.0,0.06952437901735753,19,0.5,0.0,0.0008157172454526041,,0.0
noisy,2.0,0.0,0.0769680344467323,19,0.5,0.0,0.000809062588756417,,0.0
noisy,0.2,0.0,0.1752467597799874,1,1.0,1.0,3.7378582016973905,,327.0
noisy,0.29000000000000004,0.0,0.2628414627140981,1,1.0,1.0,5.505088538121202,,352.0
noisy,0.38,0.0,0.3244107949430393,1,1.0,1.0,7.008755625518313,,264.0
noisy,0.47000000000000003,0.0,0.42035211956431723,1,1.0,1.0,8.927638965408018,,361.0
noisy,0.56,0.0,0.5115521928484537,1,1.0,1.0,9.904433970404524,,330.0
noisy,0.6499999999999999,0.0,0.6079887938511527,1,1.0,1.0,9.90463358365432,,307.0
noisy,0.74,0.0,0.6835804699996336,1,1.0,1.0,9.906841252152747,,286.0
noisy,0.8300000000000001,0.0,0.7713708788325455,1,1.0,1.0,9.90708395593244,,259.0
noisy,0.9199999999999999,0.0,0.8980013910121346,1,1.0,1.0,9.907071620861686,,191.0
noisy,1.01,0.0,1.004102792131284,1,1.0,1.0,9.909113346870333,,148.0
noisy,1.0999999999999999,0.0,1.0613506055520145,1,1.0,1.0,9.905690635317148,,156.0
noisy,1.19,0.0,1.1727344727059237,1,1.0,1.0,9.903848909505312,,144.0
noisy,1.28,0.0,1.2156207967529828,1,1.0,1.0,9.913007133132263,,138.0
noisy,1.3699999999999999,0.0,1.3368724263788607,1,1.0,1.0,9.910025572308237,,116.0
noisy,1.46,0.0,1.4101014094664215,1,1.0,1.0,9.914852400937882,,101.0
noisy,1.5499999999999998,0.0,1.478445860248511,1,1.0,1.0,9.915525246155623,,87.0
noisy,1.64,0.0,1.566245140754719,1,1.0,1.0,9.912402371618214,,90.0
noisy,1.73,0.0,1.6731356596070104,1,1.0,1.0,9.918812514993373,,58.0
noisy,1.8199999999999998,0.0,1.7101070990919922,1,1.0,1.0,9.908485934833829,,89.0
noisy,1.91,0.0,1.7958673872313715,1,1.0,1.0,9.913671993300786,,64.0
noisy,2.0,0.0,1.8160497085638667,1,1.0,1.0,9.915746584357368,,58.0
noisy,0.2,0.0,0.17503832605509828,2,1.0,1.0,3.83318807323568,,326.0
noisy,0.29000000000000004,0.0,0.26796226654746474,2,1.0,1.0,5.5553731329972,,383.0
noisy,0.38,0.0,0.32864063625903284,2,1.0,1.0,6.963452117892035,,349.0
noisy,0.47000000000000003,0.0,0.4253047631981657,2,1.0,1.0,9.04218314052195,,420.0
noisy,0.56,0.0,0.5094293858446765,2,1.0,1.0,9.906549976497818,,461.0
noisy,0.6499999999999999,0.0,0.60083360140785,2,1.0,1.0,9.904796941127369,,343.0
noisy,0.74,0.0,0.6922664222792867,2,1.0,1.0,9.903866876032597,,330.0
noisy,0.8300000000000001,0.0,0.7651319149939533,2,1.0,1.0,9.906306886658546,,289.0
noisy,0.9199999999999999,0.0,0.8793655777970809,2,1.0,1.0,9.908293421685375,,205.0
noisy,1.01,0.0,0.9892438514113197,2,1.0,1.0,9.90613830882956,,131.0
noisy,1.0999999999999999,0.0,1.0769532471614554,2,1.0,1.0,9.91019271271782,,112.0
noisy,1.19,0.0,1.1549790562709794,2,1.0,1.0,9.911817134167789,,135.0
noisy,1.28,0.0,1.244599140636299,2,1.0,1.0,9.90911216495317,,93.0
noisy,1.3699999999999999,0.0,1.3352503643129534,2,1.0,1.0,9.912380150342013,,106.0
noisy,1.46,0.0,1.4073457271763496,2,1.0,1.0,9.913002388008854,,106.0
noisy,1.5499999999999998,0.0,1.4780676517512064,2,1.0,1.0,9.91614881472271,,81.0
noisy,1.64,0.0,1.5756222670226936,2,1.0,1.0,9.90968237302566,,87.0
noisy,1.73,0.0,1.6237948390847514,2,1.0,1.0,9.919235398269667,,101.0
noisy,1.8199999999999998,0.0,1.6889518980163072,2,1.0,1.0,9.914877048367272,,68.0
noisy,1.91,0.0,1.7696750316373449,2,1.0,1.0,9.91480906750134,,76.0
noisy,2.0,0.0,1.8462496679344202,2,1.0,1.0,9.916805438564397,,55.0
noisy,0.2,0.0,0.17161356172658526,3,1.0,1.0,3.6070353320815634,,343.0
noisy,0.29000000000000004,0.0,0.25713248288082513,3,1.0,1.0,5.550806544739654,,367.0
noisy,0.38,0.0,0.3276321913909945,3,1.0,1.0,7.339461398903011,,336.0
noisy,0.47000000000000003,0.0,0.4358545737451527,3,1.0,1.0,8.946496910917022,,441.0
noisy,0.56,0.0,0.5007129678610416,3,1.0,1.0,9.901976771144746,,431.0
noisy,0.6499999999999999,0.0,0.5829700706546579,3,1.0,1.0,9.90415072563908,,398.0
noisy,0.74,0.0,0.6939173489507184,3,1.0,1.0,9.903743161694138,,318.0
noisy,0.8300000000000001,0.0,0.764578509465728,3,1.0,1.0,9.90617041347478,,278.0
noisy,0.9199999999999999,0.0,0.9195063529347065,3,1.0,1.0,9.907895705681009,,180.0
noisy,1.01,0.0,1.0050166747117368,3,1.0,1.0,9.90614050970064,,96.0
noisy,1.0999999999999999,0.0,1.1127069917796735,3,1.0,1.0,9.909858062282071,,105.0
noisy,1.19,0.0,1.1832518506581025,3,1.0,1.0,9.909801573145089,,88.0
noisy,1.28,0.0,1.2540678004305825,3,1.0,1.0,9.911554132445717,,101.0
noisy,1.3699999999999999,0.0,1.3255869698500877,3,1.0,1.0,9.903109210862604,,126.0
noisy,1.46,0.0,1.4195177699556483,3,1.0,1.0,9.914830222849044,,113.0
noisy,1.5499999999999998,0.0,1.4979513728862368,3,1.0,1.0,9.91108210701146,,92.0
noisy,1.64,0.0,1.5794946724552401,3,1.0,1.0,9.903380056847897,,69.0
noisy,1.73,0.0,1.6189753857143028,3,1.0,1.0,9.917658011198165,,73.0
noisy,1.8199999999999998,0.0,1.6780853180922735,3,1.0,1.0,9.912237089721634,,86.0
noisy,1.91,0.0,1.7330843839695922,3,1.0,1.0,9.91098539732178,,63.0
noisy,2.0,0.0,1.8059026418036417,3,1.0,1.0,9.910467508457936,,67.0
noisy,0.2,0.0,0.17000540786241222,4,1.0,1.0,3.706000450096813,,293.0
noisy,0.29000000000000004,0.0,0.2686299535438644,4,1.0,1.0,5.624283221814009,,378.0
noisy,0.38,0.0,0.3645264093373248,4,1.0,1.0,7.566766818541102,,432.0
noisy,0.47000000000000003,0.0,0.4316966462020595,4,1.0,1.0,9.122155112531917,,453.0
noisy,0.56,0.0,0.49382299807054214,4,1.0,1.0,9.904336927054164,,265.0
noisy,0.6499999999999999,0.0,0.6024721590565884,4,1.0,1.0,9.904328592373146,,314.0
noisy,0.74,0.0,0.6876824686459501,4,1.0,1.0,9.906887447026227,,311.0
noisy,0.8300000000000001,0.0,0.762156190236437,4,1.0,1.0,9.902519354961862,,290.0
noisy,0.9199999999999999,0.0,0.8889646064341735,4,1.0,1.0,9.904448109044704,,190.0
noisy,1.01,0.0,0.9869862949235374,4,1.0,1.0,9.910024431308475,,135.0
noisy,1.0999999999999999,0.0,1.0695186249859665,4,1.0,1.0,9.907424765627832,,117.0
noisy,1.19,0.0,1.1657693354322112,4,1.0,1.0,9.907892090570822,,153.0
noisy,1.28,0.0,1.2695805116430652,4,1.0,1.0,9.911114269619977,,107.0
noisy,1.3699999999999999,0.0,1.3494989565789164,4,1.0,1.0,9.911560047411717,,88.0
noisy,1.46,0.0,1.4151905809849563,4,1.0,1.0,9.911934854064409,,122.0
noisy,1.5499999999999998,0.0,1.4720904096801692,4,1.0,1.0,9.902813668781363,,83.0
noisy,1.64,0.0,1.5636320470667038,4,1.0,1.0,9.914534363065643,,92.0
noisy,1.73,0.0,1.6354388228000436,4,1.0,1.0,9.906790520714043,,91.0
noisy,1.8199999999999998,0.0,1.6895912767476489,4,1.0,1.0,9.909304228265604,,99.0
noisy,1.91,0.0,1.7705264288987559,4,1.0,1.0,9.917309286434689,,58.0
noisy,2.0,0.0,1.7871617745024262,4,1.0,0.6666666666666666,9.910290333933911,,74.0
noisy,0.2,0.0,0.1615146068192035,5,1.0,1.0,3.53029785955102,,345.0
noisy,0.29000000000000004,0.0,0.2583059138334774,5,1.0,1.0,5.541216671521361,,337.0
noisy,0.38,0.0,0.3413984343382957,5,1.0,1.0,7.427969245469699,,337.0
noisy,0.47000000000000003,0.0,0.40950457074167074,5,1.0,1.0,8.879475136142242,,287.0
noisy,0.56,0.0,0.48722543963611226,5,1.0,1.0,9.903526082733368,,417.0
noisy,0.6499999999999999,0.0,0.6084038834554518,5,1.0,1.0,9.906276943882627,,358.0
noisy,0.74,0.0,0.6987007302402017,5,1.0,1.0,9.905657180456082,,317.0
noisy,0.8300000000000001,0.0,0.7666964145810934,5,1.0,1.0,9.908127499972487,,259.0
noisy,0.9199999999999999,0.0,0.8862355347946983,5,1.0,1.0,9.906857463030752,,165.0
noisy,1.01,0.0,0.9711736169499373,5,1.0,1.0,9.906763550631503,,130.0
noisy,1.0999999999999999,0.0,1.0931360206688625,5,1.0,1.0,9.910167975613872,,99.0
noisy,1.19,0.0,1.1815631483453106,5,1.0,1.0,9.912426468694655,,141.0
noisy,1.28,0.0,1.244348375547208,5,1.0,1.0,9.91295238148926,,129.0
noisy,1.3699999999999999,0.0,1.3189411881063065,5,1.0,1.0,9.904773539793654,,122.0
noisy,1.46,0.0,1.4079845612436277,5,1.0,1.0,9.91382504464232,,101.0
noisy,1.5499999999999998,0.0,1.4839343188642937,5,1.0,1.0,9.915597173494577,,94.0
noisy,1.64,0.0,1.5810429529960264,5,1.0,1.0,9.914507152551902,,91.0
noisy,1.73,0.0,1.6406587430096027,5,1.0,1.0,9.915699798317114,,72.0
noisy,1.8199999999999998,0.0,1.7055516615672897,5,1.0,1.0,9.91298133749289,,78.0
noisy,1.91,0.0,1.7654751519381457,5,1.0,1.0,9.913937040595755,,57.0
noisy,2.0,0.0,1.8126982272567833,5,1.0,1.0,9.915553037035401,,58.0
noisy,0.2,0.0,0.1719383401563405,6,1.0,1.0,3.749201550939868,,342.0
noisy,0.29000000000000004,0.0,0.2664861220819043,6,1.0,1.0,5.707457453357411,,350.0
noisy,0.38,0.0,0.34056074022889565,6,1.0,1.0,7.16193654090127,,433.0
noisy,0.47000000000000003,0.0,0.4258345535300991,6,1.0,1.0,8.595079599471225,,398.0
noisy,0.56,0.0,0.49629830737213737,6,1.0,1.0,9.904960645037674,,442.0
noisy,0.6499999999999999,0.0,0.6019438878366519,6,1.0,1.0,9.903637713328266,,341.0
noisy,0.74,0.0,0.6700873024558253,6,1.0,1.0,9.905715365709218,,297.0
noisy,0.8300000000000001,0.0,0.7739968684327055,6,1.0,1.0,9.90844148077624,,261.0
noisy,0.9199999999999999,0.0,0.8705510761065146,6,1.0,1.0,9.909443881626071,,166.0
noisy,1.01,0.0,0.988608029715218,6,1.0,1.0,9.909395507560516,,130.0
noisy,1.0999999999999999,0.0,1.0647630419889962,6,1.0,1.0,9.908889724547167,,105.0
noisy,1.19,0.0,1.1829406671762006,6,1.0,1.0,9.906803508515585,,111.0
noisy,1.28,0.0,1.275503350731651,6,1.0,1.0,9.911174046944767,,81.0
noisy,1.3699999999999999,0.0,1.3251017235790197,6,1.0,1.0,9.90810975057281,,99.0
noisy,1.46,0.0,1.4433153992721117,6,1.0,1.0,9.915696858127674,,112.0
noisy,1.5499999999999998,0.0,1.4743074890141346,6,1.0,1.0,9.912582055222911,,110.0
noisy,1.64,0.0,1.5830312943381541,6,1.0,1.0,9.913897581389659,,88.0
noisy,1.73,0.0,1.6400742632691945,6,1.0,1.0,9.914191719234957,,88.0
noisy,1.8199999999999998,0.0,1.70499247433467,6,1.0,1.0,9.909692197899938,,70.0
noisy,1.91,0.0,1.7681404452480924,6,1.0,1.0,9.913213578039116,,57.0
noisy,2.0,0.0,1.8190746711648371,6,1.0,1.0,9.916564758027745,,93.0
noisy,0.2,0.0,0.17898580036003106,7,1.0,1.0,3.666262469374322,,309.0
noisy,0.29000000000000004,0.0,0.25274081847465363,7,1.0,1.0,5.254279579628282,,368.0
noisy,0.38,0.0,0.34435285636129626,7,1.0,1.0,7.167435959456594,,353.0
noisy,0.47000000000000003,0.0,0.4315052627714803,7,1.0,1.0,9.146521405451455,,332.0
noisy,0.56,0.0,0.5109840151573231,7,1.0,1.0,9.904434778059533,,423.0
noisy,0.6499999999999999,0.0,0.6067754232746859,7,1.0,1.0,9.90548959322685,,378.0
noisy,0.74,0.0,0.6866898501976971,7,1.0,1.0,9.907395731258756,,312.0
noisy,0.8300000000000001,0.0,0.7481731944019,7,1.0,1.0,9.907198377316803,,304.0
noisy,0.9199999999999999,0.0,0.8889894823537335,7,1.0,1.0,9.905854764519738,,218.0
noisy,1.01,0.0,0.9883793326366793,7,1.0,1.0,9.907301467102856,,168.0
noisy,1.0999999999999999,0.0,1.0915083004949016,7,1.0,1.0,9.910470462362747,,122.0
noisy,1.19,0.0,1.1813080864202068,7,1.0,1.0,9.903484128453629,,107.0
noisy,1.28,0.0,1.255387955916118,7,1.0,1.0,9.90877241309949,,128.0
noisy,1.3699999999999999,0.0,1.3286951319842124,7,1.0,1.0,9.907196790974146,,114.0
noisy,1.46,0.0,1.3924405794062382,7,1.0,1.0,9.912142899790624,,104.0
noisy,1.5499999999999998,0.0,1.483478339450065,7,1.0,1.0,9.91397798226242,,110.0
noisy,1.64,0.0,1.5580427069998752,7,1.0,1.0,9.910830424906255,,76.0
noisy,1.73,0.0,1.6354084690142336,7,1.0,1.0,9.915121735539396,,70.0
noisy,1.8199999999999998,0.0,1.6968293717795893,7,1.0,1.0,9.914526774583072,,64.0
noisy,1.91,0.0,1.761913917980839,7,1.0,1.0,9.909501367453762,,57.0
noisy,2.0,0.0,1.7807623786778777,7,1.0,1.0,9.918570631987604,,54.0
noisy,0.2,0.0,0.18094912739568528,8,1.0,1.0,3.8197608703050987,,311.0
noisy,0.29000000000000004,0.0,0.26938791198132545,8,1.0,1.0,5.6798267010090635,,382.0
noisy,0.38,0.0,0.327994591829373,8,1.0,1.0,7.3093286860701925,,389.0
noisy,0.47000000000000003,0.0,0.4102184509963626,8,1.0,1.0,9.509880099804462,,200.0
noisy,0.56,0.0,0.4801144168745158,8,1.0,1.0,9.900562037061759,,419.0
noisy,0.6499999999999999,0.0,0.6034473485297903,8,1.0,1.0,9.903115206840113,,341.0
noisy,0.74,0.0,0.6803726833771341,8,1.0,1.0,9.904749905920378,,300.0
noisy,0.8300000000000001,0.0,0.7562569413819323,8,1.0,1.0,9.902930212262367,,275.0
noisy,0.9199999999999999,0.0,0.8747977559175831,8,1.0,1.0,9.909874748484002,,180.0
noisy,1.01,0.0,0.9749429936173312,8,1.0,1.0,9.910403598664328,,208.0
noisy,1.0999999999999999,0.0,1.0907542050474053,8,1.0,1.0,9.9043427205312,,94.0
noisy,1.19,0.0,1.1697919327055128,8,1.0,1.0,9.909213606313225,,157.0
noisy,1.28,0.0,1.2561513348550843,8,1.0,1.0,9.90452345880715,,126.0
noisy,1.3699999999999999,0.0,1.320580213690134,8,1.0,1.0,9.908753189057649,,140.0
noisy,1.46,0.0,1.420835093863994,8,1.0,1.0,9.91383199301391,,119.0
noisy,1.5499999999999998,0.0,1.4852687336805772,8,1.0,1.0,9.915624315248785,,100.0
noisy,1.64,0.0,1.574897860164678,8,1.0,1.0,9.915862174010876,,80.0
noisy,1.73,0.0,1.644893933132348,8,1.0,1.0,9.916985830870233,,80.0
noisy,1.8199999999999998,0.0,1.6913624319144542,8,1.0,1.0,9.916255034863635,,74.0
noisy,1.91,0.0,1.757589758636387,8,1.0,1.0,9.918125498248495,,78.0
noisy,2.0,0.0,1.797814023716204,8,1.0,1.0,9.916551196031032,,70.0
noisy,0.2,0.0,0.1795521405673313,9,1.0,1.0,3.7582290458410026,,307.0
noisy,0.29000000000000004,0.0,0.24373541199883642,9,1.0,1.0,5.0246035209489,,353.0
noisy,0.38,0.0,0.30978774358278366,9,1.0,1.0,6.339102262157332,,372.0
noisy,0.47000000000000003,0.0,0.404108392009499,9,1.0,1.0,8.162644774629152,,224.0
noisy,0.56,0.0,0.5071965212867163,9,1.0,1.0,9.904132993903312,,384.0
noisy,0.6499999999999999,0.0,0.59605637241611,9,1.0,1.0,9.904308725484764,,366.0
noisy,0.74,0.0,0.667039440754588,9,1.0,1.0,9.903449287143319,,328.0
noisy,0.8300000000000001,0.0,0.7723476468145428,9,1.0,1.0,9.907192152575568,,264.0
noisy,0.9199999999999999,0.0,0.8883890603904626,9,1.0,1.0,9.906337786321616,,175.0
noisy,1.01,0.0,0.9956475313571019,9,1.0,1.0,9.908595981461836,,115.0
noisy,1.0999999999999999,0.0,1.0775990983918806,9,1.0,1.0,9.91014818584148,,132.0
noisy,1.19,0.0,1.1619884963130809,9,1.0,1.0,9.913349085664098,,149.0
noisy,1.28,0.0,1.2708924796101575,9,1.0,1.0,9.91002158206243,,125.0
noisy,1.3699999999999999,0.0,1.3293584964722711,9,1.0,1.0,9.909629333735605,,127.0
noisy,1.46,0.0,1.420749325497024,9,1.0,1.0,9.91027270776712,,117.0
noisy,1.5499999999999998,0.0,1.496964754765959,9,1.0,1.0,9.908482257212716,,87.0
noisy,1.64,0.0,1.5495232883653347,9,1.0,1.0,9.912511004688042,,97.0
noisy,1.73,0.0,1.607268534344641,9,1.0,1.0,9.91332842921084,,94.0
noisy,1.8199999999999998,0.0,1.7069694919661156,9,1.0,1.0,9.914572418844775,,64.0
noisy,1.91,0.0,1.6329020408606996,9,1.0,0.6666666666666666,9.919142257534098,,74.0
noisy,2.0,0.0,1.5913804977853345,9,1.0,0.6666666666666666,9.913282506783142,,83.0
noisy,0.2,0.0,0.18360861900105485,10,1.0,1.0,3.925489411154825,,316.0
noisy,0.29000000000000004,0.0,0.24554362753070122,10,1.0,1.0,5.212852348296169,,355.0
noisy,0.38,0.0,0.33742160873771626,10,1.0,1.0,6.79400615731964,,410.0
noisy,0.47000000000000003,0.0,0.38480938347086924,10,1.0,1.0,8.09272408421351,,418.0
noisy,0.56,0.0,0.5000862512495678,10,1.0,1.0,9.904148013180215,,437.0
noisy,0.6499999999999999,0.0,0.5855844231337851,10,1.0,1.0,9.904160274833064,,378.0
noisy,0.74,0.0,0.6839647364434042,10,1.0,0.6666666666666666,9.903920603965254,,277.0
noisy,0.8300000000000001,0.0,0.7646819803272805,10,1.0,1.0,9.906866563414113,,277.0
noisy,0.9199999999999999,0.0,0.8859601424693085,10,1.0,1.0,9.905315349209292,,150.0
noisy,1.01,0.0,0.986038172322753,10,1.0,1.0,9.910997926938915,,190.0
noisy,1.0999999999999999,0.0,1.0803997102957583,10,1.0,1.0,9.902246812830523,,113.0
noisy,1.19,0.0,1.1874190792513069,10,1.0,1.0,9.910258721353564,,120.0
noisy,1.28,0.0,1.268874282734235,10,1.0,1.0,9.910714229236008,,75.0
noisy,1.3699999999999999,0.0,1.341232419599432,10,1.0,1.0,9.911765345362975,,103.0
noisy,1.46,0.0,1.4275744926953007,10,1.0,1.0,9.912827677105502,,90.0
noisy,1.5499999999999998,0.0,1.5051087962331142,10,1.0,1.0,9.914832831039877,,76.0
noisy,1.64,0.0,1.559129975661904,10,1.0,1.0,9.912699814194896,,71.0
noisy,1.73,0.0,1.6182723942262143,10,1.0,1.0,9.910555839892488,,72.0
noisy,1.8199999999999998,0.0,1.7049793116291199,10,1.0,1.0,9.918923445220033,,88.0
noisy,1.91,0.0,1.7589825960292609,10,1.0,1.0,9.916037684583067,,117.0
noisy,2.0,0.0,1.8213103991271857,10,1.0,1.0,9.915240119073339,,84.0
noisy,0.2,0.0,0.17955871926249886,11,1.0,1.0,3.7183787796070535,,352.0
noisy,0.29000000000000004,0.0,0.24202251965095736,11,1.0,1.0,5.012935856998347,,369.0
noisy,0.38,0.0,0.3599932362372607,11,1.0,1.0,7.516617725722825,,352.0
noisy,0.47000000000000003,0.0,0.39645922771824305,11,1.0,1.0,8.157520708281039,,405.0
noisy,0.56,0.0,0.48758700336895067,11,1.0,1.0,9.903363005404715,,392.0
noisy,0.6499999999999999,0.0,0.5761475081263838,11,1.0,1.0,9.904498845074691,,377.0
noisy,0.74,0.0,0.6984369778960158,11,1.0,1.0,9.907348715000392,,272.0
noisy,0.8300000000000001,0.0,0.7706173984236661,11,1.0,1.0,9.90196125370709,,265.0
noisy,0.9199999999999999,0.0,0.9357721050507628,11,1.0,1.0,9.908363260909816,,92.0
noisy,1.01,0.0,0.9853696245203071,11,1.0,1.0,9.910466158877279,,139.0
noisy,1.0999999999999999,0.0,1.050833630031452,11,1.0,1.0,9.911481199475075,,145.0
noisy,1.19,0.0,1.167471277685381,11,1.0,1.0,9.90707930664209,,130.0
noisy,1.28,0.0,1.2404942523202631,11,1.0,1.0,9.91589282585281,,117.0
noisy,1.3699999999999999,0.0,1.3230315816676255,11,1.0,1.0,9.91171141482463,,117.0
noisy,1.46,0.0,1.4010190511085063,11,1.0,1.0,9.90483428154606,,103.0
noisy,1.5499999999999998,0.0,1.4804129826999783,11,1.0,1.0,9.91004223634445,,95.0
noisy,1.64,0.0,1.3499060082239465,11,1.0,0.6666666666666666,9.917559185060966,,96.0
noisy,1.73,0.0,1.6143222667904569,11,1.0,1.0,9.90819904581102,,77.0
noisy,1.8199999999999998,0.0,1.6908052040591377,11,1.0,1.0,9.904476850200645,,116.0
noisy,1.91,0.0,1.7576394576378762,11,1.0,1.0,9.918723896569754,,57.0
noisy,2.0,0.0,1.80592173035934,11,1.0,1.0,9.914445789779892,,61.0
noisy,0.2,0.0,0.17607406680386284,12,1.0,1.0,3.9448337565310654,,286.0
noisy,0.29000000000000004,0.0,0.2656818667819213,12,1.0,1.0,5.4647822812742115,,344.0
noisy,0.38,0.0,0.3370538093551232,12,1.0,1.0,7.496103568584905,,388.0
noisy,0.47000000000000003,0.0,0.38174976264695476,12,1.0,1.0,8.190141039987719,,307.0
noisy,0.56,0.0,0.4902056677293764,12,1.0,1.0,9.905453559138447,,390.0
noisy,0.6499999999999999,0.0,0.5756487296597553,12,1.0,1.0,9.903692549568191,,366.0
noisy,0.74,0.0,0.6732005335774608,12,1.0,1.0,9.904385366052932,,330.0
noisy,0.8300000000000001,0.0,0.77577275845025,12,1.0,1.0,9.904671953635757,,247.0
noisy,0.9199999999999999,0.0,0.8891306897419994,12,1.0,1.0,9.908629392392108,,189.0
noisy,1.01,0.0,0.9938513525532048,12,1.0,1.0,9.906818600873573,,132.0
noisy,1.0999999999999999,0.0,1.0662189138805023,12,1.0,1.0,9.912106298958276,,130.0
noisy,1.19,0.0,1.1617312210093724,12,1.0,1.0,9.911634465274686,,99.0
noisy,1.28,0.0,1.2473384458550836,12,1.0,1.0,9.910955102004895,,124.0
noisy,1.3699999999999999,0.0,1.3189031259155426,12,1.0,1.0,9.911344747026826,,112.0
noisy,1.46,0.0,1.404898777333793,12,1.0,1.0,9.913510512640666,,70.0
noisy,1.5499999999999998,0.0,1.4836882153056903,12,1.0,1.0,9.91508118297648,,84.0
noisy,1.64,0.0,1.5757274600927706,12,1.0,1.0,9.909607353270903,,93.0
noisy,1.73,0.0,1.646253064193254,12,1.0,1.0,9.91692642952263,,69.0
noisy,1.8199999999999998,0.0,1.6915784968427552,12,1.0,1.0,9.911355009391066,,74.0
noisy,1.91,0.0,1.7478924229825508,12,1.0,1.0,9.913542165860592,,67.0
noisy,2.0,0.0,1.7935279146249938,12,1.0,1.0,9.919343520516161,,75.0
noisy,0.2,0.0,0.16759637608101252,13,1.0,1.0,3.549591880105914,,337.0
noisy,0.29000000000000004,0.0,0.2662268454815267,13,1.0,1.0,5.52771009604404,,406.0
noisy,0.38,0.0,0.3391754833926972,13,1.0,1.0,7.258746460095778,,442.0
noisy,0.47000000000000003,0.0,0.39991721970205085,13,1.0,1.0,8.39268932973968,,419.0
noisy,0.56,0.0,0.49874058774739166,13,1.0,1.0,9.903383366117854,,372.0
noisy,0.6499999999999999,0.0,0.6015284908911666,13,1.0,1.0,9.907191359204456,,365.0
noisy,0.74,0.0,0.6847721724775923,13,1.0,1.0,9.905832470127903,,293.0
noisy,0.8300000000000001,0.0,0.7732097132843961,13,1.0,1.0,9.908383897828847,,262.0
noisy,0.9199999999999999,0.0,0.8941188419098416,13,1.0,1.0,9.904720467565944,,172.0
noisy,1.01,0.0,0.9859653090023168,13,1.0,1.0,9.910487527385552,,159.0
noisy,1.0999999999999999,0.0,1.0559807497483307,13,1.0,0.6666666666666666,9.903116018221233,,123.0
noisy,1.19,0.0,1.1946789533037558,13,1.0,1.0,9.912348098180564,,109.0
noisy,1.28,0.0,1.234835566360677,13,1.0,1.0,9.908945777091901,,95.0
noisy,1.3699999999999999,0.0,1.3036312937650958,13,1.0,1.0,9.911769256490647,,115.0
noisy,1.46,0.0,1.4106679125516806,13,1.0,1.0,9.913598398513386,,101.0
noisy,1.5499999999999998,0.0,1.4732111607427354,13,1.0,1.0,9.91396537411622,,110.0
noisy,1.64,0.0,1.5396217010492235,13,1.0,1.0,9.913510052105936,,72.0
noisy,1.73,0.0,1.637812163703867,13,1.0,1.0,9.916386498046881,,103.0
noisy,1.8199999999999998,0.0,1.6765183854581978,13,1.0,1.0,9.915048204650805,,98.0
noisy,1.91,0.0,1.7625736292087757,13,1.0,1.0,9.915203415446445,,68.0
noisy,2.0,0.0,1.8312247281973573,13,1.0,1.0,9.916394278251392,,72.0
noisy,0.2,0.0,0.17402174093643194,14,1.0,1.0,3.665696330088898,,281.0
noisy,0.29000000000000004,0.0,0.24662571240428036,14,1.0,1.0,5.086034162647269,,362.0
noisy,0.38,0.0,0.3372950626392284,14,1.0,1.0,6.894424003774374,,401.0
noisy,0.47000000000000003,0.0,0.41928427912422767,14,1.0,1.0,9.072551000107696,,426.0
noisy,0.56,0.0,0.49803631617426225,14,1.0,1.0,9.900120697181945,,434.0
noisy,0.6499999999999999,0.0,0.5977874436918725,14,1.0,1.0,9.903984111481181,,275.0
noisy,0.74,0.0,0.6889669701487784,14,1.0,0.6666666666666666,9.906274311696926,,305.0
noisy,0.8300000000000001,0.0,0.7646307979979946,14,1.0,0.0,9.9040830940605,,285.0
noisy,0.9199999999999999,0.0,0.8955257274577075,14,1.0,1.0,9.907734135218409,,177.0
noisy,1.01,0.0,0.9881896399377741,14,1.0,1.0,9.909102315173605,,144.0
noisy,1.0999999999999999,0.0,1.0855859497954343,14,1.0,1.0,9.90835730904477,,140.0
noisy,1.19,0.0,1.1610876656881193,14,1.0,1.0,9.906862046249023,,114.0
noisy,1.28,0.0,1.2417807555607359,14,1.0,1.0,9.91227597850223,,81.0
noisy,1.3699999999999999,0.0,1.3300249127829942,14,1.0,1.0,9.909984687757094,,106.0
noisy,1.46,0.0,1.3977384439629505,14,1.0,1.0,9.914136017185042,,96.0
noisy,1.5499999999999998,0.0,1.4671584804725208,14,1.0,1.0,9.906557248002384,,95.0
noisy,1.64,0.0,1.524158068577915,14,1.0,1.0,9.901589757022167,,90.0
noisy,1.73,0.0,1.6041173543301757,14,1.0,1.0,9.912752941187767,,89.0
noisy,1.8199999999999998,0.0,1.6769341823428816,14,1.0,1.0,9.912703143315534,,78.0
noisy,1.91,0.0,1.7348625848665173,14,1.0,1.0,9.9096769911616,,60.0
noisy,2.0,0.0,1.62824426147723,14,1.0,0.6666666666666666,9.918292234480035,,36.0
noisy,0.2,0.0,0.16824042268649841,15,1.0,1.0,3.640389172353509,,318.0
noisy,0.29000000000000004,0.0,0.25078629331764274,15,1.0,1.0,5.458999280336901,,327.0
noisy,0.38,0.0,0.31771435662064995,15,1.0,1.0,6.7924091512374485,,398.0
noisy,0.47000000000000003,0.0,0.4082811922671339,15,1.0,1.0,8.71448938212568,,154.0
noisy,0.56,0.0,0.5132086812993625,15,1.0,1.0,9.902217079566329,,411.0
noisy,0.6499999999999999,0.0,0.6037815829032407,15,1.0,1.0,9.904800420519713,,368.0
noisy,0.74,0.0,0.6871942000461507,15,1.0,1.0,9.905657021163291,,291.0
noisy,0.8300000000000001,0.0,0.762791219632485,15,1.0,0.3333333333333333,9.90371093666846,,260.0
noisy,0.9199999999999999,0.0,0.8872700930389104,15,1.0,0.6666666666666666,9.90636230552272,,223.0
noisy,1.01,0.0,0.9844255014989605,15,1.0,1.0,9.907107370325907,,198.0
noisy,1.0999999999999999,0.0,1.1002643503589933,15,1.0,1.0,9.908176902475516,,129.0
noisy,1.19,0.0,1.1729726931127986,15,1.0,1.0,9.904716198942609,,101.0
noisy,1.28,0.0,1.2480253798742127,15,1.0,1.0,9.913430976419125,,74.0
noisy,1.3699999999999999,0.0,1.3263001455615093,15,1.0,1.0,9.906451726284224,,119.0
noisy,1.46,0.0,1.4019889781861483,15,1.0,1.0,9.907796345848176,,99.0
noisy,1.5499999999999998,0.0,1.4485802905412608,15,1.0,1.0,9.914657564218931,,91.0
noisy,1.64,0.0,1.536644527284538,15,1.0,1.0,9.913936468216484,,85.0
noisy,1.73,0.0,1.6064379294772653,15,1.0,1.0,9.909816785092387,,88.0
noisy,1.8199999999999998,0.0,1.6768737296560172,15,1.0,1.0,9.912833617004734,,92.0
noisy,1.91,0.0,1.5347736562165384,15,1.0,0.6666666666666666,9.920737721292317,,29.0
noisy,2.0,0.0,1.8057108717111996,15,1.0,1.0,9.917092655554253,,74.0
noisy,0.2,0.0,0.17371107578524284,16,1.0,1.0,3.7294108694784165,,321.0
noisy,0.29000000000000004,0.0,0.2760255669943659,16,1.0,1.0,5.693368621285021,,388.0
noisy,0.38,0.0,0.34517538366022765,16,1.0,1.0,7.1962560804266795,,388.0
noisy,0.47000000000000003,0.0,0.4160575190235054,16,1.0,1.0,8.900476074542626,,233.0
noisy,0.56,0.0,0.521756369045996,16,1.0,1.0,9.901532979251858,,366.0
noisy,0.6499999999999999,0.0,0.5918963630518554,16,1.0,1.0,9.903477369095835,,327.0
noisy,0.74,0.0,0.67708670139988,16,1.0,0.6666666666666666,9.904044026177308,,316.0
noisy,0.8300000000000001,0.0,0.7694812423153099,16,1.0,0.6666666666666666,9.903873113460255,,155.0
noisy,0.9199999999999999,0.0,0.8800132344236555,16,1.0,0.3333333333333333,9.907935404800577,,172.0
noisy,1.01,0.0,0.9730316502648307,16,1.0,1.0,9.909045213780145,,166.0
noisy,1.0999999999999999,0.0,1.049854998822746,16,1.0,0.3333333333333333,9.905318500650486,,152.0
noisy,1.19,0.0,1.156009731278095,16,1.0,0.6666666666666666,9.909075858623742,,146.0
noisy,1.28,0.0,1.2591836870693298,16,1.0,1.0,9.904989215681114,,95.0
noisy,1.3699999999999999,0.0,1.3133940957551442,16,1.0,1.0,9.910724439779466,,110.0
noisy,1.46,0.0,1.366689725089396,16,1.0,1.0,9.911289473058213,,123.0
noisy,1.5499999999999998,0.0,1.4569713381186358,16,1.0,1.0,9.912127496806214,,109.0
noisy,1.64,0.0,1.5283963729675991,16,1.0,1.0,9.911839673343996,,78.0
noisy,1.73,0.0,1.6050943948445815,16,1.0,1.0,9.91825871435953,,74.0
noisy,1.8199999999999998,0.0,1.6400647500263854,16,1.0,1.0,9.914913970521406,,70.0
noisy,1.91,0.0,1.7569225151135675,16,1.0,1.0,9.915564348296602,,61.0
noisy,2.0,0.0,1.4893185543540142,16,1.0,0.6666666666666666,9.908120295438774,,79.0
noisy,0.2,0.0,0.181769061194782,17,1.0,1.0,3.80252432003914,,315.0
noisy,0.29000000000000004,0.0,0.27480575615494135,17,1.0,1.0,5.85768879461149,,364.0
noisy,0.38,0.0,0.33117975011223305,17,1.0,0.6666666666666666,7.222607939001641,,158.0
noisy,0.47000000000000003,0.0,0.3985609463589465,17,1.0,0.6666666666666666,7.569351071915708,,319.0
noisy,0.56,0.0,0.4872139201312109,17,1.0,0.3333333333333333,9.650943911830103,,397.0
noisy,0.6499999999999999,0.0,0.6009649782290839,17,1.0,0.6666666666666666,9.904560524182832,,326.0
noisy,0.74,0.0,0.6865981723915361,17,1.0,0.6666666666666666,9.904261448347969,,301.0
noisy,0.8300000000000001,0.0,0.7578635412412696,17,1.0,0.3333333333333333,9.905639948646234,,232.0
noisy,0.9199999999999999,0.0,0.8685270940718942,17,1.0,0.6666666666666666,9.906016041757214,,137.0
noisy,1.01,0.0,0.9713426884609185,17,1.0,1.0,9.907539685456516,,164.0
noisy,1.0999999999999999,0.0,1.090825067646338,17,1.0,0.6666666666666666,9.90619942082189,,148.0
noisy,1.19,0.0,1.1720940478706834,17,1.0,0.6666666666666666,9.904488744387345,,76.0
noisy,1.28,0.0,1.2097733434278972,17,1.0,0.6666666666666666,9.907830950269739,,125.0
noisy,1.3699999999999999,0.0,1.3138740127891653,17,1.0,1.0,9.904730752328696,,133.0
noisy,1.46,0.0,1.3781729726898124,17,1.0,0.6666666666666666,9.913346871934094,,132.0
noisy,1.5499999999999998,0.0,1.4316963197307657,17,1.0,1.0,9.909440986645052,,87.0
noisy,1.64,0.0,1.5105536456835982,17,1.0,0.6666666666666666,9.907862857972347,,75.0
noisy,1.73,0.0,1.4032651231104751,17,1.0,0.6666666666666666,9.913916321757256,,68.0
noisy,1.8199999999999998,0.0,1.6181719732636886,17,1.0,0.6666666666666666,9.909320994924324,,83.0
noisy,1.91,0.0,1.730895151528456,17,1.0,0.6666666666666666,9.919387080282448,,55.0
noisy,2.0,0.0,1.2792317419157724,17,1.0,0.3333333333333333,9.904511916846085,,15.0
noisy,0.2,0.0,0.18217444823113127,18,1.0,1.0,3.799191081500018,,298.0
noisy,0.29000000000000004,0.0,0.2537076882797921,18,1.0,1.0,5.465829479861168,,380.0
noisy,0.38,0.0,0.3111266604846869,18,1.0,1.0,6.379606655721904,,413.0
noisy,0.47000000000000003,0.0,0.4034413456882138,18,1.0,1.0,8.351412293090748,,283.0
noisy,0.56,0.0,0.5429217764021187,18,1.0,0.3333333333333333,9.906788487466107,,344.0
noisy,0.6499999999999999,0.0,0.5906573526068066,18,1.0,0.6666666666666666,9.904177035100377,,316.0
noisy,0.74,0.0,0.6828322951125728,18,1.0,0.0,9.79804877140094,,317.0
noisy,0.8300000000000001,0.0,0.7522027755611149,18,1.0,0.0,9.655677926952128,,162.0
noisy,0.9199999999999999,0.0,0.8794100461094901,18,1.0,0.0,9.893270804166862,,194.0
noisy,1.01,0.0,0.9643664338016936,18,1.0,1.0,9.907519286042781,,201.0
noisy,1.0999999999999999,0.0,1.0713370096647719,18,1.0,0.0,9.808639163417133,,98.0
noisy,1.19,0.0,1.175446852445412,18,1.0,0.0,9.65474078469321,,111.0
noisy,1.28,0.0,1.2255752499304045,18,1.0,0.0,9.84563753330731,,127.0
noisy,1.3699999999999999,0.0,1.3130593343099957,18,1.0,0.0,9.884389280860029,,119.0
noisy,1.46,0.0,1.3782189880351918,18,1.0,0.3333333333333333,9.90086034084458,,90.0
noisy,1.5499999999999998,0.0,1.4398610505303946,18,1.0,0.3333333333333333,9.906619620747927,,85.0
noisy,1.64,0.0,1.5113731871851452,18,1.0,0.6666666666666666,9.912803195157284,,77.0
noisy,1.73,0.0,1.5689312320319952,18,1.0,0.6666666666666666,9.912835794975825,,70.0
noisy,1.8199999999999998,0.0,1.6639511984889854,18,1.0,0.3333333333333333,9.90093424412484,,75.0
noisy,1.91,0.0,1.7267174674922414,18,1.0,0.3333333333333333,9.91230089264214,,78.0
noisy,2.0,0.0,1.5052052972214327,18,1.0,0.6666666666666666,9.919958793617909,,30.0
noisy,0.2,0.0,0.1710328394596158,19,1.0,1.0,3.585729241711829,,307.0
noisy,0.29000000000000004,0.0,0.26320194277930203,19,1.0,1.0,5.484595666107577,,357.0
noisy,0.38,0.0,0.31554370084388594,19,1.0,1.0,6.782221865762206,,401.0
noisy,0.47000000000000003,0.0,0.42057160857499776,19,1.0,0.6666666666666666,9.210869858374801,,396.0
noisy,0.56,0.0,0.5037554482010473,19,1.0,0.0,9.662837550242173,,445.0
noisy,0.6499999999999999,0.0,0.5469021795627412,19,1.0,0.0,9.655326483659392,,355.0
noisy,0.74,0.0,0.6896577685246067,19,1.0,0.0,9.687091548123377,,237.0
noisy,0.8300000000000001,0.0,0.7554696469649077,19,1.0,0.0,9.656189798876612,,274.0
noisy,0.9199999999999999,0.0,0.8699814496779544,19,1.0,0.0,9.656534317238988,,142.0
noisy,1.01,0.0,0.9872727885965366,19,1.0,0.0,9.764268653574348,,141.0
noisy,1.0999999999999999,0.0,1.0499907503255603,19,1.0,0.0,9.655533328439601,,136.0
noisy,1.19,0.0,1.1476894660464012,19,1.0,0.0,9.888542195754052,,153.0
noisy,1.28,0.0,1.2280858697746753,19,1.0,0.0,9.6603080540216,,79.0
noisy,1.3699999999999999,0.0,1.2908984551601475,19,1.0,0.0,9.661776937019855,,97.0
noisy,1.46,0.0,1.3558289145905318,19,1.0,0.0,9.863580701550118,,95.0
noisy,1.5499999999999998,0.0,1.3267280967580126,19,1.0,0.0,9.664911563106088,,84.0
noisy,1.64,0.0,1.5358321720242365,19,1.0,0.0,9.796762265027578,,75.0
noisy,1.73,0.0,1.2239166458032347,19,1.0,0.0,9.70951671553278,,69.0
noisy,1.8199999999999998,0.0,1.3624271378522472,19,1.0,0.0,9.664547443382668,,69.0
noisy,1.91,0.0,1.4075793310484528,19,1.0,0.0,9.666174399796294,,66.0
noisy,2.0,0.0,1.7931863829084298,19,1.0,0.0,9.660668747305616,,70.0
noisy,0.2,0.0,0.17740637192117445,1,2.0,1.0,3.6597744838085657,,309.0
noisy,0.29000000000000004,0.0,0.26926149359518525,1,2.0,1.0,5.584072966887262,,325.0
noisy,0.38,0.0,0.36283657864711866,1,2.0,1.0,7.423234296879092,,418.0
noisy,0.47000000000000003,0.0,0.40780416145261583,1,2.0,1.0,8.752683173553162,,252.0
noisy,0.56,0.0,0.5192275369461135,1,2.0,1.0,9.905144365887047,,413.0
noisy,0.6499999999999999,0.0,0.5970745559349815,1,2.0,1.0,9.90505379776715,,358.0
noisy,0.74,0.0,0.69055025423711,1,2.0,1.0,9.90763086139057,,299.0
noisy,0.8300000000000001,0.0,0.7761649938162462,1,2.0,1.0,9.905286218998592,,237.0
noisy,0.9199999999999999,0.0,0.8971872510147164,1,2.0,1.0,9.90711278710333,,198.0
noisy,1.01,0.0,0.9891737236388485,1,2.0,1.0,9.908442429653235,,185.0
noisy,1.0999999999999999,0.0,1.086619498919405,1,2.0,1.0,9.905560275471416,,157.0
noisy,1.19,0.0,1.1624567506478272,1,2.0,1.0,9.911659601833339,,133.0
noisy,1.28,0.0,1.2328997723680575,1,2.0,1.0,9.909918171672182,,154.0
noisy,1.3699999999999999,0.0,1.3298294395047556,1,2.0,1.0,9.907815717908404,,114.0
noisy,1.46,0.0,1.4082271191568623,1,2.0,1.0,9.906571535644222,,78.0
noisy,1.5499999999999998,0.0,1.4689370379406628,1,2.0,1.0,9.907964523293394,,84.0
noisy,1.64,0.0,1.5781596964329132,1,2.0,1.0,9.91280021845026,,104.0
noisy,1.73,0.0,1.658846367402073,1,2.0,1.0,9.91236660658449,,47.0
noisy,1.8199999999999998,0.0,1.6976682047860432,1,2.0,1.0,9.916158824016133,,58.0
noisy,1.91,0.0,1.7869098005758224,1,2.0,1.0,9.915045938278483,,73.0
noisy,2.0,0.0,1.8269400858226892,1,2.0,1.0,9.91761826210503,,77.0
noisy,0.2,0.0,0.17633540850649218,2,2.0,1.0,3.773136024757327,,341.0
noisy,0.29000000000000004,0.0,0.2653353811167677,2,2.0,1.0,5.518325990336363,,340.0
noisy,0.38,0.0,0.3443659589663481,2,2.0,1.0,7.213406683295797,,322.0
noisy,0.47000000000000003,0.0,0.41088999991870595,2,2.0,1.0,9.298281501390331,,219.0
noisy,0.56,0.0,0.5123537385903423,2,2.0,1.0,9.902818084312145,,400.0
noisy,0.6499999999999999,0.0,0.6056894775213463,2,2.0,1.0,9.901046459485954,,257.0
noisy,0.74,0.0,0.673677293436714,2,2.0,1.0,9.9039319447776,,287.0
noisy,0.8300000000000001,0.0,0.7715256335119257,2,2.0,1.0,9.908057566302977,,285.0
noisy,0.9199999999999999,0.0,0.8978053779849352,2,2.0,1.0,9.906934474728846,,124.0
noisy,1.01,0.0,0.9849604861373312,2,2.0,1.0,9.909836793745882,,160.0
noisy,1.0999999999999999,0.0,1.1119813838998758,2,2.0,1.0,9.91064924372238,,107.0
noisy,1.19,0.0,1.1860138744169813,2,2.0,1.0,9.911739420615511,,78.0
noisy,1.28,0.0,1.291081795866545,2,2.0,1.0,9.906124183004637,,107.0
noisy,1.3699999999999999,0.0,1.3301281802109945,2,2.0,1.0,9.908186207203293,,86.0
noisy,1.46,0.0,1.4061782802754317,2,2.0,1.0,9.913091484363408,,101.0
noisy,1.5499999999999998,0.0,1.4905453509000492,2,2.0,1.0,9.903674715246325,,82.0
noisy,1.64,0.0,1.5598431818506182,2,2.0,1.0,9.916045338136778,,101.0
noisy,1.73,0.0,1.6439894972617575,2,2.0,1.0,9.911348103016547,,90.0
noisy,1.8199999999999998,0.0,1.696911685752,2,2.0,1.0,9.913993381774866,,91.0
noisy,1.91,0.0,1.792187706203442,2,2.0,1.0,9.915411643311842,,71.0
noisy,2.0,0.0,1.823432789874284,2,2.0,1.0,9.917670393687393,,45.0
noisy,0.2,0.0,0.16232912981758255,3,2.0,1.0,3.502941200177906,,333.0
noisy,0.29000000000000004,0.0,0.27426904291717963,3,2.0,1.0,5.651540599549174,,393.0
noisy,0.38,0.0,0.34176668177503805,3,2.0,1.0,7.2354140092111825,,142.0
noisy,0.47000000000000003,0.0,0.43981084986940644,3,2.0,1.0,9.421228848620775,,404.0
noisy,0.56,0.0,0.49731056371686727,3,2.0,1.0,9.905886388922037,,442.0
noisy,0.6499999999999999,0.0,0.5869384508133635,3,2.0,1.0,9.905116440463026,,362.0
noisy,0.74,0.0,0.6701470499997808,3,2.0,1.0,9.906473692520398,,314.0
noisy,0.8300000000000001,0.0,0.7434914351045601,3,2.0,1.0,9.90633384195156,,294.0
noisy,0.9199999999999999,0.0,0.8818628474056158,3,2.0,1.0,9.909333666482521,,191.0
noisy,1.01,0.0,1.0021285163013578,3,2.0,1.0,9.911133389385757,,163.0
noisy,1.0999999999999999,0.0,1.0514053458222283,3,2.0,1.0,9.907039262429237,,155.0
noisy,1.19,0.0,1.1594287331180828,3,2.0,1.0,9.900755546572276,,120.0
noisy,1.28,0.0,1.259172258778593,3,2.0,1.0,9.909269587493672,,111.0
noisy,1.3699999999999999,0.0,1.3778614593860565,3,2.0,1.0,9.912306961308358,,103.0
noisy,1.46,0.0,1.401474325279817,3,2.0,1.0,9.912765558991099,,93.0
noisy,1.5499999999999998,0.0,1.4896597630192545,3,2.0,1.0,9.915995679210484,,100.0
noisy,1.64,0.0,1.5667948678640127,3,2.0,1.0,9.91562792394081,,87.0
noisy,1.73,0.0,1.6502322180853894,3,2.0,1.0,9.91633428444694,,76.0
noisy,1.8199999999999998,0.0,1.7005322909858105,3,2.0,1.0,9.912700575031147,,69.0
noisy,1.91,0.0,1.7577566715614636,3,2.0,1.0,9.911018870668732,,60.0
noisy,2.0,0.0,1.814094891633828,3,2.0,1.0,9.91753494477127,,68.0
noisy,0.2,0.0,0.17250699408079842,4,2.0,1.0,3.694093805121395,,351.0
noisy,0.29000000000000004,0.0,0.25332428984258576,4,2.0,1.0,5.480209641439752,,366.0
noisy,0.38,0.0,0.3563623572620353,4,2.0,1.0,7.454814268336374,,419.0
noisy,0.47000000000000003,0.0,0.42588067669109764,4,2.0,1.0,8.790637105497108,,403.0
noisy,0.56,0.0,0.5193040281592634,4,2.0,1.0,9.903484753561626,,361.0
noisy,0.6499999999999999,0.0,0.5910529666781811,4,2.0,1.0,9.90567310220663,,360.0
noisy,0.74,0.0,0.687614224865802,4,2.0,1.0,9.90473150345926,,262.0
noisy,0.8300000000000001,0.0,0.7761323855805458,4,2.0,1.0,9.90545741937551,,226.0
noisy,0.9199999999999999,0.0,0.8950084709973583,4,2.0,1.0,9.908951121785321,,170.0
noisy,1.01,0.0,0.9788504623389733,4,2.0,1.0,9.907376844602872,,143.0
noisy,1.0999999999999999,0.0,1.0663678872808566,4,2.0,1.0,9.908599437244028,,76.0
noisy,1.19,0.0,1.1808067799924984,4,2.0,1.0,9.908381787699321,,75.0
noisy,1.28,0.0,1.268892102729809,4,2.0,1.0,9.911785916720289,,66.0
noisy,1.3699999999999999,0.0,1.321602069808847,4,2.0,1.0,9.91047560768716,,128.0
noisy,1.46,0.0,1.406704670149126,4,2.0,1.0,9.904970686120125,,119.0
noisy,1.5499999999999998,0.0,1.4814726649578225,4,2.0,1.0,9.90910919682784,,104.0
noisy,1.64,0.0,1.5761584284995134,4,2.0,1.0,9.913514990118015,,105.0
noisy,1.73,0.0,1.6341020820340901,4,2.0,1.0,9.915928728551597,,68.0
noisy,1.8199999999999998,0.0,1.679752680322822,4,2.0,1.0,9.912599750354289,,90.0
noisy,1.91,0.0,1.7680886510711857,4,2.0,1.0,9.908917287175443,,62.0
noisy,2.0,0.0,1.8217257965670006,4,2.0,1.0,9.91358667624503,,86.0
noisy,0.2,0.0,0.17777532418886985,5,2.0,1.0,3.7230808488947638,,322.0
noisy,0.29000000000000004,0.0,0.25801732070088956,5,2.0,1.0,5.336592531367272,,371.0
noisy,0.38,0.0,0.36701573358724443,5,2.0,1.0,7.495657063112511,,402.0
noisy,0.47000000000000003,0.0,0.44097884094217504,5,2.0,1.0,9.310869099750603,,413.0
noisy,0.56,0.0,0.5034245506679831,5,2.0,1.0,9.905496903998582,,416.0
noisy,0.6499999999999999,0.0,0.5948818680487625,5,2.0,1.0,9.90544524222326,,350.0
noisy,0.74,0.0,0.6881452460372756,5,2.0,1.0,9.904620233177017,,282.0
noisy,0.8300000000000001,0.0,0.7901585356561013,5,2.0,1.0,9.90584259056519,,269.0
noisy,0.9199999999999999,0.0,0.9118391816980008,5,2.0,1.0,9.908161104896397,,172.0
noisy,1.01,0.0,0.9698278984242742,5,2.0,1.0,9.904154678089817,,178.0
noisy,1.0999999999999999,0.0,1.068375290225245,5,2.0,1.0,9.908552720975047,,93.0
noisy,1.19,0.0,1.1706566043123876,5,2.0,1.0,9.906067984562362,,152.0
noisy,1.28,0.0,1.248078325358169,5,2.0,1.0,9.907477314457655,,152.0
noisy,1.3699999999999999,0.0,1.3520680360245272,5,2.0,1.0,9.912251601945655,,141.0
noisy,1.46,0.0,1.3922888912824443,5,2.0,1.0,9.904966271856093,,116.0
noisy,1.5499999999999998,0.0,1.4884368476080834,5,2.0,1.0,9.91064754151916,,103.0
noisy,1.64,0.0,1.559122953006442,5,2.0,1.0,9.909308627045549,,94.0
noisy,1.73,0.0,1.6157117374433139,5,2.0,1.0,9.91353707703495,,66.0
noisy,1.8199999999999998,0.0,1.697651316021454,5,2.0,1.0,9.916891341756031,,82.0
noisy,1.91,0.0,1.7767472319036195,5,2.0,1.0,9.917093358604607,,71.0
noisy,2.0,0.0,1.8027876092288009,5,2.0,1.0,9.917822588314262,,88.0
noisy,0.2,0.0,0.17396375985604492,6,2.0,1.0,3.569454938289745,,357.0
noisy,0.29000000000000004,0.0,0.25705279831300926,6,2.0,1.0,5.309160460150478,,334.0
noisy,0.38,0.0,0.3376125344003347,6,2.0,1.0,7.353263182979181,,426.0
noisy,0.47000000000000003,0.0,0.4260331281217013,6,2.0,1.0,9.023067452437504,,389.0
noisy,0.56,0.0,0.4697562256446492,6,2.0,1.0,9.524379396173568,,430.0
noisy,0.6499999999999999,0.0,0.6126875909371402,6,2.0,1.0,9.904391609868796,,321.0
noisy,0.74,0.0,0.6933697806411624,6,2.0,1.0,9.903500159970337,,272.0
noisy,0.8300000000000001,0.0,0.7770944776162421,6,2.0,1.0,9.90330984501679,,248.0
noisy,0.9199999999999999,0.0,0.8967080426054214,6,2.0,1.0,9.905543606771646,,114.0
noisy,1.01,0.0,0.9725652843319805,6,2.0,1.0,9.908527330185823,,136.0
noisy,1.0999999999999999,0.0,1.1015292660407614,6,2.0,1.0,9.910503207297289,,105.0
noisy,1.19,0.0,1.1831997024049195,6,2.0,1.0,9.90850539878571,,131.0
noisy,1.28,0.0,1.2681484394458966,6,2.0,1.0,9.911735312448128,,101.0
noisy,1.3699999999999999,0.0,1.3558903893939476,6,2.0,1.0,9.9120398010878,,81.0
noisy,1.46,0.0,1.4083690721149627,6,2.0,1.0,9.914198321350758,,77.0
noisy,1.5499999999999998,0.0,1.486296749641707,6,2.0,1.0,9.908711799564358,,99.0
noisy,1.64,0.0,1.569762514546764,6,2.0,1.0,9.91254745151385,,75.0
noisy,1.73,0.0,1.6474471565855415,6,2.0,1.0,9.914690238621983,,74.0
noisy,1.8199999999999998,0.0,1.6913104490768422,6,2.0,1.0,9.919284175594504,,83.0
noisy,1.91,0.0,1.7826395053914592,6,2.0,1.0,9.918735153399979,,71.0
noisy,2.0,0.0,1.801868474465799,6,2.0,1.0,9.916900597578577,,70.0
noisy,0.2,0.0,0.18388669058071863,7,2.0,1.0,3.8635220149710703,,290.0
noisy,0.29000000000000004,0.0,0.2603309303150784,7,2.0,1.0,5.538420620352703,,345.0
noisy,0.38,0.0,0.3395405803024231,7,2.0,1.0,6.9929077030671145,,382.0
noisy,0.47000000000000003,0.0,0.4067264435572282,7,2.0,1.0,8.88696884521042,,428.0
noisy,0.56,0.0,0.5251873797179024,7,2.0,1.0,9.905386698302593,,359.0
noisy,0.6499999999999999,0.0,0.5991223310353783,7,2.0,1.0,9.903570226550503,,316.0
noisy,0.74,0.0,0.6836491537712011,7,2.0,1.0,9.906342746875461,,299.0
noisy,0.8300000000000001,0.0,0.8049198925974174,7,2.0,1.0,9.908408470748794,,268.0
noisy,0.9199999999999999,0.0,0.9013861033759282,7,2.0,1.0,9.908711296260753,,221.0
noisy,1.01,0.0,1.0107148708045253,7,2.0,1.0,9.910985287025701,,119.0
noisy,1.0999999999999999,0.0,1.089227946055919,7,2.0,1.0,9.909838961582128,,83.0
noisy,1.19,0.0,1.1748644495408744,7,2.0,1.0,9.906387872888127,,148.0
noisy,1.28,0.0,1.2313685261171063,7,2.0,1.0,9.905916277371121,,141.0
noisy,1.3699999999999999,0.0,1.3442499556885465,7,2.0,1.0,9.913250261950104,,123.0
noisy,1.46,0.0,1.4173797261233974,7,2.0,1.0,9.909838160697712,,91.0
noisy,1.5499999999999998,0.0,1.4858398353830626,7,2.0,1.0,9.907460437880589,,97.0
noisy,1.64,0.0,1.5707571053980598,7,2.0,1.0,9.912618754453138,,89.0
noisy,1.73,0.0,1.6294973961391117,7,2.0,1.0,9.916712146695541,,70.0
noisy,1.8199999999999998,0.0,1.682564880776184,7,2.0,1.0,9.914947781448674,,86.0
noisy,1.91,0.0,1.778792535851439,7,2.0,1.0,9.914887765873049,,68.0
noisy,2.0,0.0,1.8004377532993343,7,2.0,1.0,9.909095547411688,,55.0
noisy,0.2,0.0,0.1736076512205048,8,2.0,1.0,3.6782035615960855,,302.0
noisy,0.29000000000000004,0.0,0.24812931052211498,8,2.0,1.0,5.2325779507184125,,368.0
noisy,0.38,0.0,0.32947869379494676,8,2.0,1.0,7.16168847838433,,395.0
noisy,0.47000000000000003,0.0,0.4114034913169486,8,2.0,1.0,8.753665510936692,,324.0
noisy,0.56,0.0,0.5033093497876475,8,2.0,1.0,9.901623360701173,,457.0
noisy,0.6499999999999999,0.0,0.5931032588785092,8,2.0,1.0,9.904948706637908,,330.0
noisy,0.74,0.0,0.6906155485385247,8,2.0,1.0,9.907152267088746,,295.0
noisy,0.8300000000000001,0.0,0.7624845853878943,8,2.0,1.0,9.907760340932883,,228.0
noisy,0.9199999999999999,0.0,0.879551374625874,8,2.0,1.0,9.907397049233285,,178.0
noisy,1.01,0.0,0.971229263191938,8,2.0,1.0,9.909527816957128,,199.0
noisy,1.0999999999999999,0.0,1.0872782944414914,8,2.0,1.0,9.911298297244896,,137.0
noisy,1.19,0.0,1.1532322449600327,8,2.0,1.0,9.909989390748374,,163.0
noisy,1.28,0.0,1.2306303068951856,8,2.0,1.0,9.909356294363768,,90.0
noisy,1.3699999999999999,0.0,1.3242805988942374,8,2.0,1.0,9.90957872983689,,105.0
noisy,1.46,0.0,1.396708215623036,8,2.0,1.0,9.912129334422838,,104.0
noisy,1.5499999999999998,0.0,1.4814890041824988,8,2.0,1.0,9.908950514086401,,97.0
noisy,1.64,0.0,1.5732215694954974,8,2.0,1.0,9.914900094231884,,107.0
noisy,1.73,0.0,1.6137286432874163,8,2.0,1.0,9.90244555876666,,80.0
noisy,1.8199999999999998,0.0,1.6777996706457836,8,2.0,1.0,9.91418167708652,,94.0
noisy,1.91,0.0,1.7613552659631893,8,2.0,1.0,9.917598857035353,,88.0
noisy,2.0,0.0,1.8233114751478763,8,2.0,1.0,9.915992493903813,,97.0
noisy,0.2,0.0,0.17228912483994738,9,2.0,1.0,3.558979820605303,,323.0
noisy,0.29000000000000004,0.0,0.2672479515332368,9,2.0,1.0,5.489619153043445,,401.0
noisy,0.38,0.0,0.3118928545719863,9,2.0,1.0,7.028522543673184,,261.0
noisy,0.47000000000000003,0.0,0.3871129865189113,9,2.0,1.0,8.030830026457298,,392.0
noisy,0.56,0.0,0.509950117404996,9,2.0,1.0,9.904259450266148,,424.0
noisy,0.6499999999999999,0.0,0.5867371635398372,9,2.0,1.0,9.905251600912862,,321.0
noisy,0.74,0.0,0.6993018373291088,9,2.0,1.0,9.90349334559297,,256.0
noisy,0.8300000000000001,0.0,0.7761816920939927,9,2.0,1.0,9.90667514043584,,247.0
noisy,0.9199999999999999,0.0,0.8699059672234098,9,2.0,1.0,9.907294675738324,,204.0
noisy,1.01,0.0,0.9817290550152941,9,2.0,1.0,9.906571458194202,,118.0
noisy,1.0999999999999999,0.0,1.088287413217259,9,2.0,1.0,9.911483484387025,,98.0
noisy,1.19,0.0,1.1675420558065654,9,2.0,1.0,9.905000668013098,,147.0
noisy,1.28,0.0,1.2521308752903328,9,2.0,1.0,9.9117571840363,,105.0
noisy,1.3699999999999999,0.0,1.3328949923296147,9,2.0,1.0,9.914818622791234,,130.0
noisy,1.46,0.0,1.4125258830670362,9,2.0,1.0,9.913324615474542,,115.0
noisy,1.5499999999999998,0.0,1.4794112716382726,9,2.0,1.0,9.91328787243786,,64.0
noisy,1.64,0.0,1.5777320528681404,9,2.0,1.0,9.915904386081147,,90.0
noisy,1.73,0.0,1.637983790551866,9,2.0,1.0,9.913833878572195,,69.0
noisy,1.8199999999999998,0.0,1.7102232761442047,9,2.0,1.0,9.917645703714445,,61.0
noisy,1.91,0.0,1.7715160281228561,9,2.0,1.0,9.918579749836173,,77.0
noisy,2.0,0.0,1.7970212417177962,9,2.0,1.0,9.918722017483189,,74.0
noisy,0.2,0.0,0.1735450318456487,10,2.0,1.0,3.821142036726091,,316.0
noisy,0.29000000000000004,0.0,0.2700088070999575,10,2.0,1.0,5.552201900042091,,390.0
noisy,0.38,0.0,0.3579111519098923,10,2.0,1.0,7.32494418216886,,387.0
noisy,0.47000000000000003,0.0,0.42946298859554344,10,2.0,1.0,9.20370203136839,,361.0
noisy,0.56,0.0,0.5094829580578245,10,2.0,1.0,9.902860629384064,,354.0
noisy,0.6499999999999999,0.0,0.572267090674388,10,2.0,1.0,9.902858891838203,,382.0
noisy,0.74,0.0,0.6836982038756444,10,2.0,1.0,9.90584599710085,,291.0
noisy,0.8300000000000001,0.0,0.7862870889432859,10,2.0,1.0,9.907324459886429,,262.0
noisy,0.9199999999999999,0.0,0.8751385844731322,10,2.0,1.0,9.906007660073595,,155.0
noisy,1.01,0.0,0.9961867811083308,10,2.0,1.0,9.909047545036332,,154.0
noisy,1.0999999999999999,0.0,1.0896674856333108,10,2.0,1.0,9.910206792323637,,162.0
noisy,1.19,0.0,1.160516265296428,10,2.0,1.0,9.9108390359404,,112.0
noisy,1.28,0.0,1.259906465910711,10,2.0,1.0,9.909915625887956,,90.0
noisy,1.3699999999999999,0.0,1.3420204606268291,10,2.0,1.0,9.90571481853289,,132.0
noisy,1.46,0.0,1.4144665785453914,10,2.0,1.0,9.908888416776485,,105.0
noisy,1.5499999999999998,0.0,1.5071861614945548,10,2.0,1.0,9.914155073527732,,91.0
noisy,1.64,0.0,1.5672745163356732,10,2.0,1.0,9.907083126474317,,78.0
noisy,1.73,0.0,1.6506145817727267,10,2.0,1.0,9.916859315076703,,91.0
noisy,1.8199999999999998,0.0,1.6891944614207686,10,2.0,1.0,9.918132582896343,,83.0
noisy,1.91,0.0,1.7817546950988934,10,2.0,1.0,9.908453054429463,,68.0
noisy,2.0,0.0,1.8086736399297392,10,2.0,1.0,9.916323045569854,,53.0
noisy,0.2,0.0,0.1673375174760333,11,2.0,1.0,3.5996082802360503,,325.0
noisy,0.29000000000000004,0.0,0.2649662437087137,11,2.0,1.0,5.4079548536412805,,385.0
noisy,0.38,0.0,0.3140212253547638,11,2.0,1.0,6.9401201473768825,,268.0
noisy,0.47000000000000003,0.0,0.40751448283875047,11,2.0,1.0,8.585629741254634,,448.0
noisy,0.56,0.0,0.5063014947628278,11,2.0,1.0,9.904063450914094,,373.0
noisy,0.6499999999999999,0.0,0.6032703871286875,11,2.0,1.0,9.904514096852907,,300.0
noisy,0.74,0.0,0.6815744450956984,11,2.0,1.0,9.90697617138724,,319.0
noisy,0.8300000000000001,0.0,0.7906291931400594,11,2.0,1.0,9.90316077941757,,208.0
noisy,0.9199999999999999,0.0,0.8926762928826708,11,2.0,1.0,9.906702435864721,,173.0
noisy,1.01,0.0,0.9806031936762979,11,2.0,1.0,9.9054376725234,,190.0
noisy,1.0999999999999999,0.0,1.0603364538520295,11,2.0,1.0,9.91043716367266,,165.0
noisy,1.19,0.0,1.1692752800769304,11,2.0,1.0,9.906666016523262,,121.0
noisy,1.28,0.0,1.2541118638049797,11,2.0,1.0,9.912314528879602,,142.0
noisy,1.3699999999999999,0.0,1.3145806026539022,11,2.0,1.0,9.908861601980158,,139.0
noisy,1.46,0.0,1.4038305398483384,11,2.0,1.0,9.912231077608034,,87.0
noisy,1.5499999999999998,0.0,1.4711014386552037,11,2.0,1.0,9.915275806284484,,89.0
noisy,1.64,0.0,1.5782293970334464,11,2.0,1.0,9.91568589573183,,94.0
noisy,1.73,0.0,1.6367811801266374,11,2.0,1.0,9.911564922514579,,62.0
noisy,1.8199999999999998,0.0,1.6855335693356652,11,2.0,1.0,9.917928490653525,,63.0
noisy,1.91,0.0,1.7409423281179566,11,2.0,1.0,9.91329399718243,,76.0
noisy,2.0,0.0,1.827030082929044,11,2.0,1.0,9.91892340760729,,63.0
noisy,0.2,0.0,0.17524673158188775,12,2.0,1.0,3.62549006852702,,325.0
noisy,0.29000000000000004,0.0,0.27723660993563565,12,2.0,1.0,5.761203232332256,,378.0
noisy,0.38,0.0,0.3588423041745781,12,2.0,1.0,7.337201785464798,,387.0
noisy,0.47000000000000003,0.0,0.42127314697432144,12,2.0,1.0,9.427185525626005,,290.0
noisy,0.56,0.0,0.5050053062475219,12,2.0,1.0,9.906336584213252,,429.0
noisy,0.6499999999999999,0.0,0.5976903125062151,12,2.0,1.0,9.904008961821406,,407.0
noisy,0.74,0.0,0.67962963367619,12,2.0,1.0,9.903821597010317,,325.0
noisy,0.8300000000000001,0.0,0.7828227404921683,12,2.0,1.0,9.908414816548268,,223.0
noisy,0.9199999999999999,0.0,0.8908382256292557,12,2.0,1.0,9.907518381058548,,187.0
noisy,1.01,0.0,0.9758062854086695,12,2.0,1.0,9.908983930674673,,157.0
noisy,1.0999999999999999,0.0,1.0830059266761571,12,2.0,1.0,9.91131606115789,,129.0
noisy,1.19,0.0,1.1749804900444396,12,2.0,1.0,9.910789390251722,,99.0
noisy,1.28,0.0,1.2560283352163253,12,2.0,1.0,9.910733081140874,,94.0
noisy,1.3699999999999999,0.0,1.3494227883136594,12,2.0,1.0,9.910554546888989,,99.0
noisy,1.46,0.0,1.4080251172087836,12,2.0,1.0,9.91457691597512,,94.0
noisy,1.5499999999999998,0.0,1.4824066798199729,12,2.0,1.0,9.915123287443713,,99.0
noisy,1.64,0.0,1.5452737823346385,12,2.0,1.0,9.906843955488984,,76.0
noisy,1.73,0.0,1.6038215515041359,12,2.0,1.0,9.916275608777106,,59.0
noisy,1.8199999999999998,0.0,1.6843617999411131,12,2.0,1.0,9.916922834285531,,64.0
noisy,1.91,0.0,1.7374999456622608,12,2.0,1.0,9.912189937574238,,74.0
noisy,2.0,0.0,1.8245890026924887,12,2.0,1.0,9.915594345712456,,77.0
noisy,0.2,0.0,0.1867608607326782,13,2.0,1.0,3.8292984259422527,,289.0
noisy,0.29000000000000004,0.0,0.2619960363833346,13,2.0,1.0,5.421562987594595,,368.0
noisy,0.38,0.0,0.3343951088101334,13,2.0,1.0,6.947822290837058,,366.0
noisy,0.47000000000000003,0.0,0.4249057745864982,13,2.0,1.0,9.00172808092381,,451.0
noisy,0.56,0.0,0.47771494657772373,13,2.0,1.0,9.896322122657757,,434.0
noisy,0.6499999999999999,0.0,0.588294257009783,13,2.0,1.0,9.902763112270609,,359.0
noisy,0.74,0.0,0.7020042319602492,13,2.0,1.0,9.906155954163866,,308.0
noisy,0.8300000000000001,0.0,0.7980431348968434,13,2.0,1.0,9.905849476759384,,272.0
noisy,0.9199999999999999,0.0,0.9055727266372005,13,2.0,1.0,9.907066258632522,,115.0
noisy,1.01,0.0,0.9722767044474341,13,2.0,1.0,9.90606401967637,,194.0
noisy,1.0999999999999999,0.0,1.085183554236296,13,2.0,1.0,9.910738983241796,,87.0
noisy,1.19,0.0,1.1679206319345388,13,2.0,1.0,9.908344625596282,,155.0
noisy,1.28,0.0,1.2469956861902391,13,2.0,1.0,9.908708574422795,,122.0
noisy,1.3699999999999999,0.0,1.3127547696165736,13,2.0,1.0,9.910128081117739,,131.0
noisy,1.46,0.0,1.3943184877120907,13,2.0,1.0,9.914469828601279,,107.0
noisy,1.5499999999999998,0.0,1.4696165250672182,13,2.0,1.0,9.911236020713245,,91.0
noisy,1.64,0.0,1.5658117267305787,13,2.0,1.0,9.906330796226804,,75.0
noisy,1.73,0.0,1.6127219453485173,13,2.0,1.0,9.90663966045876,,74.0
noisy,1.8199999999999998,0.0,1.693903294962694,13,2.0,1.0,9.912501418798483,,70.0
noisy,1.91,0.0,1.7649142118883592,13,2.0,1.0,9.916351287382668,,56.0
noisy,2.0,0.0,1.8251307403202068,13,2.0,1.0,9.916799956200924,,66.0
noisy,0.2,0.0,0.1682659590707338,14,2.0,1.0,3.6660220062532667,,342.0
noisy,0.29000000000000004,0.0,0.2569901262487168,14,2.0,1.0,5.3876422874046686,,357.0
noisy,0.38,0.0,0.35725358804327917,14,2.0,1.0,7.561940742160138,,363.0
noisy,0.47000000000000003,0.0,0.41594749093461864,14,2.0,1.0,8.345899025429134,,454.0
noisy,0.56,0.0,0.5057657180553341,14,2.0,1.0,9.903539285807803,,436.0
noisy,0.6499999999999999,0.0,0.5978745337918756,14,2.0,1.0,9.904756331469509,,365.0
noisy,0.74,0.0,0.687884001181352,14,2.0,1.0,9.904627770173235,,291.0
noisy,0.8300000000000001,0.0,0.7606074982075239,14,2.0,1.0,9.905878964085726,,320.0
noisy,0.9199999999999999,0.0,0.8734043094298455,14,2.0,1.0,9.904204458755153,,226.0
noisy,1.01,0.0,0.9920831766524355,14,2.0,1.0,9.907686808845625,,182.0
noisy,1.0999999999999999,0.0,1.0655493686035034,14,2.0,1.0,9.907027080643417,,147.0
noisy,1.19,0.0,1.163525386514995,14,2.0,1.0,9.907467984719634,,92.0
noisy,1.28,0.0,1.249061437450138,14,2.0,1.0,9.907031649710646,,138.0
noisy,1.3699999999999999,0.0,1.323117321261157,14,2.0,1.0,9.912712564801375,,117.0
noisy,1.46,0.0,1.395724124381151,14,2.0,1.0,9.915311517572405,,83.0
noisy,1.5499999999999998,0.0,1.4790998190067859,14,2.0,1.0,9.916363063205653,,90.0
noisy,1.64,0.0,1.537655577645886,14,2.0,1.0,9.914168792249109,,81.0
noisy,1.73,0.0,1.6146631183260192,14,2.0,1.0,9.911882900974296,,84.0
noisy,1.8199999999999998,0.0,1.7030635237715046,14,2.0,1.0,9.916914462097907,,62.0
noisy,1.91,0.0,1.7508133627430762,14,2.0,1.0,9.91737025244835,,72.0
noisy,2.0,0.0,1.7855584881181983,14,2.0,1.0,9.912685461980182,,74.0
noisy,0.2,0.0,0.16285040350351765,15,2.0,1.0,3.522471365661752,,325.0
noisy,0.29000000000000004,0.0,0.26513133906341324,15,2.0,1.0,5.399397771361355,,354.0
noisy,0.38,0.0,0.32501220373762857,15,2.0,1.0,7.171886935178642,,366.0
noisy,0.47000000000000003,0.0,0.38750547838522226,15,2.0,1.0,8.056519065870871,,401.0
noisy,0.56,0.0,0.48785048400877745,15,2.0,1.0,9.902560638545063,,412.0
noisy,0.6499999999999999,0.0,0.5986828904304659,15,2.0,1.0,9.905230669853795,,399.0
noisy,0.74,0.0,0.6812214908965505,15,2.0,1.0,9.907625171713061,,290.0
noisy,0.8300000000000001,0.0,0.7693859462515465,15,2.0,1.0,9.907576448548356,,273.0
noisy,0.9199999999999999,0.0,0.9112678169469751,15,2.0,1.0,9.907955126799111,,181.0
noisy,1.01,0.0,0.9852516407876936,15,2.0,1.0,9.906087664951535,,109.0
noisy,1.0999999999999999,0.0,1.0660588523054735,15,2.0,1.0,9.903816019626554,,115.0
noisy,1.19,0.0,1.1596095201008079,15,2.0,1.0,9.91073589607131,,106.0
noisy,1.28,0.0,1.2516250759504517,15,2.0,1.0,9.912771604943247,,106.0
noisy,1.3699999999999999,0.0,1.3203471974325869,15,2.0,1.0,9.90773886728238,,97.0
noisy,1.46,0.0,1.3636091129448673,15,2.0,1.0,9.91428963834921,,131.0
noisy,1.5499999999999998,0.0,1.3058448942321934,15,2.0,0.6666666666666666,9.907861862540312,,99.0
noisy,1.64,0.0,1.5234474406070075,15,2.0,1.0,9.911471573758043,,76.0
noisy,1.73,0.0,1.5901901049058769,15,2.0,1.0,9.913605522823902,,90.0
noisy,1.8199999999999998,0.0,1.671056500442741,15,2.0,1.0,9.918608151938507,,97.0
noisy,1.91,0.0,1.3997155535757575,15,2.0,0.6666666666666666,9.912810820350366,,21.0
noisy,2.0,0.0,1.534555764620842,15,2.0,0.6666666666666666,9.91914480810627,,82.0
noisy,0.2,0.0,0.17333611275774632,16,2.0,1.0,3.61377836876747,,316.0
noisy,0.29000000000000004,0.0,0.2588573505122773,16,2.0,1.0,5.336170101722796,,373.0
noisy,0.38,0.0,0.3392857129864666,16,2.0,1.0,7.3252113324412464,,432.0
noisy,0.47000000000000003,0.0,0.4279578592109839,16,2.0,1.0,8.980107254173225,,436.0
noisy,0.56,0.0,0.49712940348882056,16,2.0,1.0,9.901619204382788,,424.0
noisy,0.6499999999999999,0.0,0.6009627007672212,16,2.0,1.0,9.905020191791237,,287.0
noisy,0.74,0.0,0.6827056338030216,16,2.0,1.0,9.903840458681822,,305.0
noisy,0.8300000000000001,0.0,0.7413640742674604,16,2.0,1.0,9.907948180226262,,274.0
noisy,0.9199999999999999,0.0,0.8919817777634601,16,2.0,1.0,9.906344782938813,,209.0
noisy,1.01,0.0,0.9956527621448688,16,2.0,1.0,9.911676649390545,,86.0
noisy,1.0999999999999999,0.0,1.0686639083943952,16,2.0,1.0,9.905770091067827,,114.0
noisy,1.19,0.0,1.183947549252004,16,2.0,1.0,9.911317670463418,,74.0
noisy,1.28,0.0,1.2315726233769295,16,2.0,1.0,9.9056211999539,,93.0
noisy,1.3699999999999999,0.0,1.2982802721133984,16,2.0,1.0,9.904699345909592,,114.0
noisy,1.46,0.0,1.3887059167470917,16,2.0,1.0,9.914335352690351,,118.0
noisy,1.5499999999999998,0.0,1.4656176478104044,16,2.0,1.0,9.910916759146199,,90.0
noisy,1.64,0.0,1.5363542078080104,16,2.0,1.0,9.911123815901163,,71.0
noisy,1.73,0.0,1.101797124046548,16,2.0,0.3333333333333333,9.90310000441226,,73.0
noisy,1.8199999999999998,0.0,1.6526780594333281,16,2.0,1.0,9.915057683983902,,90.0
noisy,1.91,0.0,1.3445525564277716,16,2.0,0.6666666666666666,9.913910243815263,,12.0
noisy,2.0,0.0,1.2270394205629434,16,2.0,0.3333333333333333,9.914079094640272,,12.0
noisy,0.2,0.0,0.17286317742876808,17,2.0,1.0,4.121719654284128,,394.0
noisy,0.29000000000000004,0.0,0.25067953820197203,17,2.0,1.0,5.398299352600165,,322.0
noisy,0.38,0.0,0.3469230615160137,17,2.0,1.0,7.262807302500309,,419.0
noisy,0.47000000000000003,0.0,0.4426863935874972,17,2.0,1.0,9.083925253788946,,339.0
noisy,0.56,0.0,0.5107114285744689,17,2.0,1.0,9.90456733313229,,415.0
noisy,0.6499999999999999,0.0,0.5733202108811749,17,2.0,1.0,9.90430087276573,,380.0
noisy,0.74,0.0,0.6667381808904222,17,2.0,1.0,9.906572821132405,,321.0
noisy,0.8300000000000001,0.0,0.7817643036277869,17,2.0,1.0,9.906446926169913,,225.0
noisy,0.9199999999999999,0.0,0.8791683832340245,17,2.0,1.0,9.904859625983226,,250.0
noisy,1.01,0.0,0.9836793909771627,17,2.0,1.0,9.908080431400803,,148.0
noisy,1.0999999999999999,0.0,1.0756810725057002,17,2.0,1.0,9.906980348605233,,85.0
noisy,1.19,0.0,1.140266914692389,17,2.0,1.0,9.905560795854017,,152.0
noisy,1.28,0.0,1.2700938499670533,17,2.0,0.6666666666666666,9.911095180753977,,108.0
noisy,1.3699999999999999,0.0,1.2769063282437496,17,2.0,1.0,9.912008230794406,,99.0
noisy,1.46,0.0,1.3539727192859274,17,2.0,1.0,9.913975767314954,,106.0
noisy,1.5499999999999998,0.0,1.4650636971570314,17,2.0,1.0,9.911811083470685,,95.0
noisy,1.64,0.0,1.528455852533993,17,2.0,1.0,9.914836474190857,,86.0
noisy,1.73,0.0,1.6226755254900633,17,2.0,1.0,9.916223737781822,,75.0
noisy,1.8199999999999998,0.0,1.6491572198446238,17,2.0,1.0,9.916163071509473,,92.0
noisy,1.91,0.0,1.714830599058837,17,2.0,1.0,9.911665845866642,,70.0
noisy,2.0,0.0,1.193635626665356,17,2.0,0.3333333333333333,9.912985293211538,,20.0
noisy,0.2,0.0,0.17269403607303815,18,2.0,1.0,3.5566259918961602,,336.0
noisy,0.29000000000000004,0.0,0.266921540252578,18,2.0,1.0,5.692841743802129,,374.0
noisy,0.38,0.0,0.33282201804077244,18,2.0,1.0,6.949626580982014,,389.0
noisy,0.47000000000000003,0.0,0.4060086532767939,18,2.0,1.0,8.315708093810732,,274.0
noisy,0.56,0.0,0.5228146742734974,18,2.0,1.0,9.904610188797948,,432.0
noisy,0.6499999999999999,0.0,0.5865065518884031,18,2.0,1.0,9.904061233112998,,405.0
noisy,0.74,0.0,0.6667484315190046,18,2.0,1.0,9.901827455530569,,262.0
noisy,0.8300000000000001,0.0,0.7561558606363925,18,2.0,1.0,9.9074732172819,,253.0
noisy,0.9199999999999999,0.0,0.887067947510503,18,2.0,1.0,9.903989741702857,,118.0
noisy,1.01,0.0,0.9935256278686827,18,2.0,1.0,9.911974323730576,,195.0
noisy,1.0999999999999999,0.0,1.0589499934924815,18,2.0,1.0,9.90787775367092,,157.0
noisy,1.19,0.0,1.1477351767806054,18,2.0,1.0,9.90783605129756,,152.0
noisy,1.28,0.0,1.2185805766929378,18,2.0,1.0,9.90507149439568,,119.0
noisy,1.3699999999999999,0.0,1.299487235667314,18,2.0,1.0,9.911522797220844,,111.0
noisy,1.46,0.0,1.3789564742943237,18,2.0,1.0,9.909363232501931,,111.0
noisy,1.5499999999999998,0.0,1.4411854168462808,18,2.0,1.0,9.91319974614884,,86.0
noisy,1.64,0.0,1.5347121471584597,18,2.0,1.0,9.910447833922309,,89.0
noisy,1.73,0.0,1.5946229422384945,18,2.0,1.0,9.916866338261302,,91.0
noisy,1.8199999999999998,0.0,1.3645457592362427,18,2.0,0.6666666666666666,9.903541788117792,,62.0
noisy,1.91,0.0,1.2246723465308513,18,2.0,0.3333333333333333,9.916668644566958,,19.0
noisy,2.0,0.0,1.457648238796569,18,2.0,0.6666666666666666,9.906762846930354,,64.0
noisy,0.2,0.0,0.17107494636839368,19,2.0,1.0,3.5446461585205276,,321.0
noisy,0.29000000000000004,0.0,0.2564007614129063,19,2.0,1.0,5.199522619905141,,335.0
noisy,0.38,0.0,0.36092282652609436,19,2.0,1.0,7.317940059888267,,432.0
noisy,0.47000000000000003,0.0,0.4248796178284034,19,2.0,1.0,8.692247999500703,,379.0
noisy,0.56,0.0,0.5059180548788228,19,2.0,1.0,9.901267130029288,,381.0
noisy,0.6499999999999999,0.0,0.583673827514517,19,2.0,1.0,9.905699935347506,,370.0
noisy,0.74,0.0,0.6858874179629321,19,2.0,1.0,9.904599316076686,,232.0
noisy,0.8300000000000001,0.0,0.7628958284045811,19,2.0,1.0,9.905178324520682,,289.0
noisy,0.9199999999999999,0.0,0.9093216143694892,19,2.0,1.0,9.904934246928182,,133.0
noisy,1.01,0.0,0.9758351720893845,19,2.0,1.0,9.908215554407896,,114.0
noisy,1.0999999999999999,0.0,1.0823173718653405,19,2.0,1.0,9.907615655807346,,97.0
noisy,1.19,0.0,1.1608885419876753,19,2.0,1.0,9.912080391428661,,96.0
noisy,1.28,0.0,1.2324544963277313,19,2.0,1.0,9.912429343102236,,129.0
noisy,1.3699999999999999,0.0,1.2878141326107961,19,2.0,0.6666666666666666,9.905423849586864,,123.0
noisy,1.46,0.0,1.3761568780115718,19,2.0,1.0,9.915350354432281,,72.0
noisy,1.5499999999999998,0.0,1.4538987935793413,19,2.0,1.0,9.905554852664268,,102.0
noisy,1.64,0.0,1.5284238550950544,19,2.0,1.0,9.908461209547056,,74.0
noisy,1.73,0.0,1.0196938410274305,19,2.0,0.3333333333333333,9.9098472967351,,19.0
noisy,1.8199999999999998,0.0,1.7049121180602114,19,2.0,1.0,9.91463237736831,,70.0
noisy,1.91,0.0,1.7564567407930325,19,2.0,1.0,9.91275292743593,,64.0
noisy,2.0,0.0,0.9867425263978289,19,2.0,0.3333333333333333,9.9075432040574,,14.0
