demo type,cmd speed,angle,mean speed,noise level,resolution,success,max range,trial_no,steps taken
noisy,0.2,0.0,0.2523325969668683,1,0.25,1.0,5.265984535996596,,356.0
noisy,0.29000000000000004,0.0,0.3037012074994524,1,0.25,1.0,6.243474288851594,,378.0
noisy,0.38,0.0,0.4086138784988089,1,0.25,1.0,8.334781041142602,,518.0
noisy,0.47000000000000003,0.0,0.47451515095084346,1,0.25,1.0,9.908448329737997,,503.0
noisy,0.56,0.0,0.5283137831025794,1,0.25,1.0,9.906125281887467,,492.0
noisy,0.6499999999999999,0.0,0.6109386955306965,1,0.25,1.0,9.903410520076516,,389.0
noisy,0.74,0.0,0.6766768998908494,1,0.25,1.0,9.903485316329249,,443.0
noisy,0.8300000000000001,0.0,0.7715251309249328,1,0.25,1.0,9.904969839628533,,457.0
noisy,0.9199999999999999,0.0,0.8830589950503743,1,0.25,1.0,9.90586174766238,,349.0
noisy,1.01,0.0,0.9987487791178893,1,0.25,1.0,9.912439278828845,,251.0
noisy,1.0999999999999999,0.0,1.0307984015328369,1,0.25,1.0,9.906060666233186,,318.0
noisy,1.19,0.0,1.1389991271018356,1,0.25,1.0,9.90891191831281,,189.0
noisy,1.28,0.0,1.2195777765987381,1,0.25,1.0,9.907752188433799,,234.0
noisy,1.3699999999999999,0.0,1.290524171373385,1,0.25,1.0,9.90965038791796,,156.0
noisy,1.46,0.0,1.3494757334169325,1,0.25,1.0,9.907154423727262,,235.0
noisy,1.5499999999999998,0.0,1.406083860392223,1,0.25,1.0,9.912035087342495,,162.0
noisy,1.64,0.0,1.488769047404693,1,0.25,1.0,9.915181391293459,,189.0
noisy,1.73,0.0,1.5432927017946156,1,0.25,1.0,9.90967708935238,,137.0
noisy,1.8199999999999998,0.0,1.5802334304092867,1,0.25,1.0,9.916309307632913,,177.0
noisy,1.91,0.0,1.7105404741574002,1,0.25,1.0,9.91463319159894,,113.0
noisy,2.0,0.0,1.8003235831072262,1,0.25,1.0,9.912654439455768,,157.0
noisy,0.2,0.0,-0.014286431790140317,2,0.25,0.0,0.0,,431.0
noisy,0.29000000000000004,0.0,-0.0164368754746452,2,0.25,0.0,0.0,,369.0
noisy,0.38,0.0,-0.015049313238410302,2,0.25,0.0,0.0,,408.0
noisy,0.47000000000000003,0.0,-0.019043046924376732,2,0.25,0.0,0.0,,233.0
noisy,0.56,0.0,-0.02225201365575587,2,0.25,0.0,0.0,,459.0
noisy,0.6499999999999999,0.0,-0.007503338642243185,2,0.25,0.0,0.0,,521.0
noisy,0.74,0.0,-0.010588961009544803,2,0.25,0.0,0.0,,452.0
noisy,0.8300000000000001,0.0,-0.013115144869277909,2,0.25,0.0,0.0,,285.0
noisy,0.9199999999999999,0.0,-0.0135634570646714,2,0.25,0.0,0.0,,414.0
noisy,1.01,0.0,-0.022590107114250028,2,0.25,0.0,0.0,,233.0
noisy,1.0999999999999999,0.0,-0.024604911652924295,2,0.25,0.0,0.0,,194.0
noisy,1.19,0.0,-0.024428593828402484,2,0.25,0.0,0.0,,191.0
noisy,1.28,0.0,-0.02872414408587079,2,0.25,0.0,0.0,,148.0
noisy,1.3699999999999999,0.0,-0.015023244635270166,2,0.25,0.0,0.0,,173.0
noisy,1.46,0.0,-0.012511309430113679,2,0.25,0.0,0.0,,125.0
noisy,1.5499999999999998,0.0,-0.010472536640724048,2,0.25,0.0,0.0,,150.0
noisy,1.64,0.0,-0.017422540809291308,2,0.25,0.0,0.0,,167.0
noisy,1.73,0.0,-0.018856714765694296,2,0.25,0.0,0.0,,130.0
noisy,1.8199999999999998,0.0,-0.009103650204460087,2,0.25,0.0,0.0,,247.0
noisy,1.91,0.0,-0.017979402826973346,2,0.25,0.0,0.0,,140.0
noisy,2.0,0.0,-0.014968607416193581,2,0.25,0.0,0.0,,114.0
noisy,0.2,0.0,-0.011669481252242318,3,0.25,0.0,0.0,,437.0
noisy,0.29000000000000004,0.0,-0.014967364334046045,3,0.25,0.0,0.0,,360.0
noisy,0.38,0.0,-0.014950164752189729,3,0.25,0.0,0.0,,445.0
noisy,0.47000000000000003,0.0,-0.018704141221696915,3,0.25,0.0,0.0,,564.0
noisy,0.56,0.0,-0.016633527835043464,3,0.25,0.0,0.0,,282.0
noisy,0.6499999999999999,0.0,-0.013778498171577553,3,0.25,0.0,0.0,,399.0
noisy,0.74,0.0,-0.008271437443849334,3,0.25,0.0,0.0,,314.0
noisy,0.8300000000000001,0.0,-0.010238673333042228,3,0.25,0.0,0.0,,670.0
noisy,0.9199999999999999,0.0,-0.010838409458467584,3,0.25,0.0,0.0,,330.0
noisy,1.01,0.0,-0.012695133905056164,3,0.25,0.0,0.0,,285.0
noisy,1.0999999999999999,0.0,-0.01594136364396395,3,0.25,0.0,0.0,,195.0
noisy,1.19,0.0,-0.019420814548886087,3,0.25,0.0,0.0,,191.0
noisy,1.28,0.0,-0.01715061294169851,3,0.25,0.0,0.0,,144.0
noisy,1.3699999999999999,0.0,-0.012933956410285294,3,0.25,0.0,0.0,,178.0
noisy,1.46,0.0,-0.01399649849945228,3,0.25,0.0,0.0,,159.0
noisy,1.5499999999999998,0.0,-0.01259514416199379,3,0.25,0.0,0.0,,167.0
noisy,1.64,0.0,-0.027555027960220985,3,0.25,0.0,0.0,,127.0
noisy,1.73,0.0,-0.01868067050307295,3,0.25,0.0,0.0,,112.0
noisy,1.8199999999999998,0.0,-0.02763050190786509,3,0.25,0.0,0.0,,144.0
noisy,1.91,0.0,-0.006870634235912319,3,0.25,0.0,0.0,,130.0
noisy,2.0,0.0,-0.03329789193839626,3,0.25,0.0,0.0,,136.0
noisy,0.2,0.0,-0.013300155124568953,4,0.25,0.0,0.0,,534.0
noisy,0.29000000000000004,0.0,-0.015067732923893698,4,0.25,0.0,0.0,,480.0
noisy,0.38,0.0,-0.016031371382402616,4,0.25,0.0,0.0,,456.0
noisy,0.47000000000000003,0.0,-0.012050244587450807,4,0.25,0.0,0.0,,384.0
noisy,0.56,0.0,-0.012845859330193748,4,0.25,0.0,0.0,,354.0
noisy,0.6499999999999999,0.0,-0.01069373696931899,4,0.25,0.0,0.0,,371.0
noisy,0.74,0.0,-0.010886645238179735,4,0.25,0.0,0.0,,353.0
noisy,0.8300000000000001,0.0,-0.009183887373618293,4,0.25,0.0,0.0,,430.0
noisy,0.9199999999999999,0.0,-0.013521915550216092,4,0.25,0.0,0.0,,202.0
noisy,1.01,0.0,-0.013218235721052877,4,0.25,0.0,0.0,,263.0
noisy,1.0999999999999999,0.0,-0.013627470480100356,4,0.25,0.0,0.0,,221.0
noisy,1.19,0.0,-0.013475047675728607,4,0.25,0.0,0.0,,116.0
noisy,1.28,0.0,-0.013316879559238305,4,0.25,0.0,0.0,,150.0
noisy,1.3699999999999999,0.0,-0.014125740172805185,4,0.25,0.0,0.0,,153.0
noisy,1.46,0.0,-0.01155163928089567,4,0.25,0.0,0.0,,154.0
noisy,1.5499999999999998,0.0,-0.01220944719838514,4,0.25,0.0,0.0,,140.0
noisy,1.64,0.0,-0.01480158848575174,4,0.25,0.0,0.0,,142.0
noisy,1.73,0.0,-0.0255356764430069,4,0.25,0.0,0.0,,169.0
noisy,1.8199999999999998,0.0,-0.008177624376943688,4,0.25,0.0,0.0,,209.0
noisy,1.91,0.0,-0.017061715585416474,4,0.25,0.0,0.0,,108.0
noisy,2.0,0.0,-0.0069179242291652135,4,0.25,0.3333333333333333,0.04085532603666424,,101.0
noisy,0.2,0.0,-0.010894167465810763,5,0.25,0.0,0.0,,455.0
noisy,0.29000000000000004,0.0,-0.01711323708206031,5,0.25,0.0,0.0,,530.0
noisy,0.38,0.0,-0.016595586427220952,5,0.25,0.0,0.0,,375.0
noisy,0.47000000000000003,0.0,-0.012993588405101418,5,0.25,0.0,0.0,,485.0
noisy,0.56,0.0,-0.010696523561423322,5,0.25,0.0,0.0,,275.0
noisy,0.6499999999999999,0.0,-0.01339646927064636,5,0.25,0.0,0.0,,660.0
noisy,0.74,0.0,-0.011142722391218744,5,0.25,0.0,0.0,,338.0
noisy,0.8300000000000001,0.0,-0.010762128172598253,5,0.25,0.0,0.0,,350.0
noisy,0.9199999999999999,0.0,-0.012946223833996018,5,0.25,0.0,0.0,,243.0
noisy,1.01,0.0,-0.012072928697691032,5,0.25,0.0,0.0,,145.0
noisy,1.0999999999999999,0.0,-0.014531292790859601,5,0.25,0.0,0.0,,226.0
noisy,1.19,0.0,-0.011371551690298293,5,0.25,0.0,0.0,,188.0
noisy,1.28,0.0,-0.012977159496847126,5,0.25,0.0,0.0,,164.0
noisy,1.3699999999999999,0.0,-0.01079995235723487,5,0.25,0.0,0.0,,217.0
noisy,1.46,0.0,-0.012772576565567323,5,0.25,0.0,0.0,,148.0
noisy,1.5499999999999998,0.0,-0.0076723629004784065,5,0.25,0.0,0.0,,199.0
noisy,1.64,0.0,-0.014350408612567353,5,0.25,0.0,0.0,,84.0
noisy,1.73,0.0,-0.013386057549870406,5,0.25,0.0,0.0,,116.0
noisy,1.8199999999999998,0.0,-0.010546491669913519,5,0.25,0.0,0.0,,89.0
noisy,1.91,0.0,-0.0077622013481072755,5,0.25,0.0,0.0,,124.0
noisy,2.0,0.0,-0.009384876163511196,5,0.25,0.0,0.0,,121.0
noisy,0.2,0.0,-0.011781870654035029,6,0.25,0.0,0.0,,415.0
noisy,0.29000000000000004,0.0,-0.014408702538609014,6,0.25,0.0,0.0,,492.0
noisy,0.38,0.0,-0.016530198333488285,6,0.25,0.0,0.0,,360.0
noisy,0.47000000000000003,0.0,-0.010442612948639485,6,0.25,0.0,0.0,,150.0
noisy,0.56,0.0,-0.015760293673816993,6,0.25,0.0,0.0,,229.0
noisy,0.6499999999999999,0.0,-0.010121445344358142,6,0.25,0.0,0.0,,394.0
noisy,0.74,0.0,-0.011259004280826329,6,0.25,0.0,0.0,,300.0
noisy,0.8300000000000001,0.0,-0.012297676242745128,6,0.25,0.0,0.0,,479.0
noisy,0.9199999999999999,0.0,-0.01265114654269961,6,0.25,0.0,0.0,,201.0
noisy,1.01,0.0,-0.01186784960458701,6,0.25,0.0,0.0,,263.0
noisy,1.0999999999999999,0.0,-0.01179043036121434,6,0.25,0.0,0.0,,171.0
noisy,1.19,0.0,-0.015267540233452004,6,0.25,0.0,0.0,,148.0
noisy,1.28,0.0,-0.011983565440676877,6,0.25,0.0,0.0,,206.0
noisy,1.3699999999999999,0.0,-0.011309323649956564,6,0.25,0.0,0.0,,190.0
noisy,1.46,0.0,-0.012806695523261887,6,0.25,0.0,0.0,,191.0
noisy,1.5499999999999998,0.0,-0.01117664364258926,6,0.25,0.0,0.0,,122.0
noisy,1.64,0.0,-0.011423251472916925,6,0.25,0.0,0.0,,181.0
noisy,1.73,0.0,-0.012651303451573712,6,0.25,0.0,0.0,,201.0
noisy,1.8199999999999998,0.0,-0.00931262099281784,6,0.25,0.0,0.0,,90.0
noisy,1.91,0.0,-0.008163938668479734,6,0.25,0.0,0.0,,71.0
noisy,2.0,0.0,-0.008836335166408497,6,0.25,0.0,0.0,,94.0
noisy,0.2,0.0,-0.011002195145293887,7,0.25,0.0,0.0,,420.0
noisy,0.29000000000000004,0.0,-0.01529227004967502,7,0.25,0.0,0.0,,622.0
noisy,0.38,0.0,-0.014233235345752474,7,0.25,0.0,0.0,,366.0
noisy,0.47000000000000003,0.0,-0.01717708050010935,7,0.25,0.0,0.0,,235.0
noisy,0.56,0.0,-0.01394072031229538,7,0.25,0.0,0.0,,254.0
noisy,0.6499999999999999,0.0,-0.012037768831355647,7,0.25,0.0,0.0,,432.0
noisy,0.74,0.0,-0.010859082320226837,7,0.25,0.0,0.0,,363.0
noisy,0.8300000000000001,0.0,-0.008817649670801996,7,0.25,0.0,0.0,,360.0
noisy,0.9199999999999999,0.0,-0.011703417138156107,7,0.25,0.0,0.0,,346.0
noisy,1.01,0.0,-0.01113922867838999,7,0.25,0.0,0.0,,161.0
noisy,1.0999999999999999,0.0,-0.011432633952498791,7,0.25,0.0,0.0,,204.0
noisy,1.19,0.0,-0.01253752941888147,7,0.25,0.0,0.0,,107.0
noisy,1.28,0.0,-0.010044597061479922,7,0.25,0.0,0.0,,162.0
noisy,1.3699999999999999,0.0,-0.012113251943241617,7,0.25,0.0,0.0,,169.0
noisy,1.46,0.0,-0.01124737724549679,7,0.25,0.0,0.0,,135.0
noisy,1.5499999999999998,0.0,-0.008532615252160532,7,0.25,0.0,0.0,,107.0
noisy,1.64,0.0,-0.010947528369217759,7,0.25,0.0,0.0,,160.0
noisy,1.73,0.0,-0.011930735021264826,7,0.25,0.0,0.0,,91.0
noisy,1.8199999999999998,0.0,-0.013032673414395611,7,0.25,0.0,0.0,,126.0
noisy,1.91,0.0,-0.008216185871256942,7,0.25,0.0,0.0,,99.0
noisy,2.0,0.0,-0.00793187865159103,7,0.25,0.0,0.0,,146.0
noisy,0.2,0.0,-0.013538181221110146,8,0.25,0.0,0.0,,252.0
noisy,0.29000000000000004,0.0,-0.01240021679921119,8,0.25,0.0,0.0,,530.0
noisy,0.38,0.0,-0.018705230484828132,8,0.25,0.0,0.0,,296.0
noisy,0.47000000000000003,0.0,-0.01531016111321185,8,0.25,0.0,0.0,,271.0
noisy,0.56,0.0,-0.012134668375189533,8,0.25,0.0,0.0,,361.0
noisy,0.6499999999999999,0.0,-0.008812320515227061,8,0.25,0.0,0.0,,464.0
noisy,0.74,0.0,-0.010272974991574814,8,0.25,0.0,0.0,,338.0
noisy,0.8300000000000001,0.0,-0.007140111806928052,8,0.25,0.0,0.0,,392.0
noisy,0.9199999999999999,0.0,-0.010090922839398763,8,0.25,0.0,0.0,,237.0
noisy,1.01,0.0,-0.011244843476439073,8,0.25,0.0,0.0,,234.0
noisy,1.0999999999999999,0.0,-0.01176333114510955,8,0.25,0.0,0.0,,174.0
noisy,1.19,0.0,-0.010515181305232714,8,0.25,0.0,0.0,,149.0
noisy,1.28,0.0,-0.011790878784303608,8,0.25,0.0,0.0,,121.0
noisy,1.3699999999999999,0.0,-0.007439201338491362,8,0.25,0.0,0.0,,214.0
noisy,1.46,0.0,-0.010921561346350908,8,0.25,0.0,0.0,,177.0
noisy,1.5499999999999998,0.0,-0.012397004791006326,8,0.25,0.0,0.0,,127.0
noisy,1.64,0.0,-0.012824663307823373,8,0.25,0.0,0.0,,142.0
noisy,1.73,0.0,-0.01085170872501022,8,0.25,0.0,0.0,,124.0
noisy,1.8199999999999998,0.0,-0.011861992571436669,8,0.25,0.0,0.0,,148.0
noisy,1.91,0.0,-0.009198583813997121,8,0.25,0.0,0.0,,114.0
noisy,2.0,0.0,-0.009224841843093487,8,0.25,0.0,0.0,,106.0
noisy,0.2,0.0,0.18089759193371782,9,0.25,0.0,0.04699825873509076,,1.0
noisy,0.29000000000000004,0.0,0.19150455371429476,9,0.25,0.0,0.04455346972029843,,1.0
noisy,0.38,0.0,0.22082070289055108,9,0.25,0.0,0.05261396525821342,,1.0
noisy,0.47000000000000003,0.0,0.20182112259106436,9,0.25,0.0,0.04765938733819613,,1.0
noisy,0.56,0.0,0.2381261294938377,9,0.25,0.0,0.05915000843503905,,1.0
noisy,0.6499999999999999,0.0,0.24892919005645367,9,0.25,0.0,0.0717715530356994,,1.0
noisy,0.74,0.0,0.2652368937397472,9,0.25,0.0,0.06381753891558034,,1.0
noisy,0.8300000000000001,0.0,0.26599753446067337,9,0.25,0.0,0.06445427561892726,,1.0
noisy,0.9199999999999999,0.0,0.28484265717351853,9,0.25,0.0,0.08902761386725615,,1.0
noisy,1.01,0.0,0.32036783012561815,9,0.25,0.0,0.10265903905001451,,1.0
noisy,1.0999999999999999,0.0,0.2793370843392568,9,0.25,0.0,0.06413127456847403,,1.0
noisy,1.19,0.0,-0.08865252859442292,9,0.25,0.0,0.0686886621703147,,1.0
noisy,1.28,0.0,0.34343070498893474,9,0.25,0.0,0.09297608581112077,,3.0
noisy,1.3699999999999999,0.0,0.2984680907517266,9,0.25,0.0,0.07003413034154804,,1.0
noisy,1.46,0.0,0.27534736207458455,9,0.25,0.0,0.06527411486662756,,1.0
noisy,1.5499999999999998,0.0,0.29858484002970864,9,0.25,0.0,0.068565979213536,,1.0
noisy,1.64,0.0,0.19588355988205178,9,0.25,0.0,0.06842767874598324,,0.0
noisy,1.73,0.0,0.310957929522676,9,0.25,0.0,0.07083310907380136,,1.0
noisy,1.8199999999999998,0.0,0.22904369284943474,9,0.25,0.0,0.07972866822698604,,1.0
noisy,1.91,0.0,0.20643923423817667,9,0.25,0.0,0.0721624528771656,,1.0
noisy,2.0,0.0,-0.31237610199290683,9,0.25,0.0,0.07523431755475282,,0.0
noisy,0.2,0.0,0.1748138336322295,10,0.25,0.0,0.048966606963589204,,1.0
noisy,0.29000000000000004,0.0,0.16799432076574802,10,0.25,0.0,0.04252871780676638,,1.0
noisy,0.38,0.0,0.22174942921731033,10,0.25,0.0,0.058983120334933865,,1.0
noisy,0.47000000000000003,0.0,0.12660492714252963,10,0.25,0.0,0.05098383305049563,,1.0
noisy,0.56,0.0,0.22110084434280783,10,0.25,0.0,0.05100908346137369,,1.0
noisy,0.6499999999999999,0.0,0.2391289358967337,10,0.25,0.0,0.056693589454261395,,1.0
noisy,0.74,0.0,0.2427893463613566,10,0.25,0.0,0.058182774261542315,,1.0
noisy,0.8300000000000001,0.0,0.23608645730692257,10,0.25,0.0,0.05635660106074759,,1.0
noisy,0.9199999999999999,0.0,0.25153853412435995,10,0.25,0.0,0.06005796096165025,,1.0
noisy,1.01,0.0,0.3045842009696413,10,0.25,0.0,0.08856241870766705,,1.0
noisy,1.0999999999999999,0.0,0.2667438564573364,10,0.25,0.0,0.0669077553606785,,1.0
noisy,1.19,0.0,0.2829008901194379,10,0.25,0.0,0.06736560915936089,,1.0
noisy,1.28,0.0,-0.2621897793059312,10,0.25,0.0,0.065351366419809,,1.0
noisy,1.3699999999999999,0.0,0.29624116742042195,10,0.25,0.0,0.07681989596686385,,1.0
noisy,1.46,0.0,0.28745148409942156,10,0.25,0.0,0.0656008678554082,,1.0
noisy,1.5499999999999998,0.0,0.28479219503338327,10,0.25,0.0,0.06508298683717596,,1.0
noisy,1.64,0.0,0.30513096261347367,10,0.25,0.0,0.07657832680701848,,1.0
noisy,1.73,0.0,0.28468721145240206,10,0.25,0.0,0.06884756220172476,,1.0
noisy,1.8199999999999998,0.0,0.2910810180017143,10,0.25,0.0,0.0661230885780719,,1.0
noisy,1.91,0.0,0.28605130001097456,10,0.25,0.0,0.06739698597311367,,1.0
noisy,2.0,0.0,0.2869701881049995,10,0.25,0.0,0.07065210099400382,,1.0
noisy,0.2,0.0,0.19301260227244263,11,0.25,0.0,0.053914479683878094,,1.0
noisy,0.29000000000000004,0.0,0.13317570888709224,11,0.25,0.0,0.04147466596992982,,1.0
noisy,0.38,0.0,0.22788845389824156,11,0.25,0.0,0.05682966255349138,,0.0
noisy,0.47000000000000003,0.0,0.2468876988950569,11,0.25,0.0,0.05041882873346725,,1.0
noisy,0.56,0.0,0.22207220839894415,11,0.25,0.0,0.05753825863018851,,1.0
noisy,0.6499999999999999,0.0,0.20189789548844253,11,0.25,0.0,0.050506948505077955,,1.0
noisy,0.74,0.0,0.21487130508884186,11,0.25,0.0,0.06002026935367086,,0.0
noisy,0.8300000000000001,0.0,0.24321914951045812,11,0.25,0.0,0.05895461762331273,,0.0
noisy,0.9199999999999999,0.0,0.20722384232952296,11,0.25,0.0,0.05411112252398645,,1.0
noisy,1.01,0.0,0.2761179705678394,11,0.25,0.0,0.07839632034082337,,1.0
noisy,1.0999999999999999,0.0,0.2580876562899779,11,0.25,0.0,0.06370099734848089,,1.0
noisy,1.19,0.0,0.2750804247463727,11,0.25,0.0,0.06658457532980336,,1.0
noisy,1.28,0.0,0.3072074462079428,11,0.25,0.0,0.07413186435043588,,1.0
noisy,1.3699999999999999,0.0,0.2913599078951929,11,0.25,0.0,0.07564765005687613,,1.0
noisy,1.46,0.0,0.29303233112572497,11,0.25,0.0,0.06993272173740037,,1.0
noisy,1.5499999999999998,0.0,-0.28428915524982906,11,0.25,0.0,0.06823789258426866,,1.0
noisy,1.64,0.0,0.28653152346799365,11,0.25,0.0,0.07584787479575113,,1.0
noisy,1.73,0.0,0.29987927737851716,11,0.25,0.0,0.081993172759411,,1.0
noisy,1.8199999999999998,0.0,-0.05202519755881089,11,0.25,0.0,0.06816677105254401,,1.0
noisy,1.91,0.0,0.3001736357353764,11,0.25,0.0,0.07969809503064458,,1.0
noisy,2.0,0.0,0.30760064193673464,11,0.25,0.0,0.07989463853085049,,1.0
noisy,0.2,0.0,0.13646635915381963,12,0.25,0.0,0.04110860189112372,,0.0
noisy,0.29000000000000004,0.0,0.14882120850135142,12,0.25,0.0,0.04283151516951783,,1.0
noisy,0.38,0.0,0.16614747905847385,12,0.25,0.0,0.04732335944897277,,1.0
noisy,0.47000000000000003,0.0,0.17787600372539913,12,0.25,0.0,0.048630334734028544,,1.0
noisy,0.56,0.0,0.23388913901288144,12,0.25,0.0,0.05794235548227399,,1.0
noisy,0.6499999999999999,0.0,0.2159183694286028,12,0.25,0.0,0.05840988177198179,,1.0
noisy,0.74,0.0,0.19079914165820608,12,0.25,0.0,0.049879847996814414,,1.0
noisy,0.8300000000000001,0.0,0.22916107082588408,12,0.25,0.0,0.05641729960441202,,1.0
noisy,0.9199999999999999,0.0,0.21452026488195117,12,0.25,0.0,0.05405850300982041,,0.0
noisy,1.01,0.0,0.23457033961670928,12,0.25,0.0,0.05612789669186904,,1.0
noisy,1.0999999999999999,0.0,0.25938418291237914,12,0.25,0.0,0.06824686738644653,,1.0
noisy,1.19,0.0,0.2803019954103741,12,0.25,0.0,0.08246186164728107,,1.0
noisy,1.28,0.0,0.2565868021587684,12,0.25,0.0,0.06423759773543446,,1.0
noisy,1.3699999999999999,0.0,0.2845125550366858,12,0.25,0.0,0.07805778118501651,,1.0
noisy,1.46,0.0,0.28085251790016086,12,0.25,0.0,0.07273411690489988,,1.0
noisy,1.5499999999999998,0.0,0.2710918735912588,12,0.25,0.0,0.0705153316324903,,0.0
noisy,1.64,0.0,0.2807279556388738,12,0.25,0.0,0.07274823768561889,,1.0
noisy,1.73,0.0,0.28274242069767297,12,0.25,0.0,0.07036736121023333,,1.0
noisy,1.8199999999999998,0.0,0.26701226413824886,12,0.25,0.0,0.06539668658516219,,1.0
noisy,1.91,0.0,0.19243374975184627,12,0.25,0.0,0.07336722513381694,,0.0
noisy,2.0,0.0,0.2784918660695935,12,0.25,0.0,0.07230511229611489,,1.0
noisy,0.2,0.0,0.1410554603204661,13,0.25,0.0,0.037051346694172524,,0.0
noisy,0.29000000000000004,0.0,0.1516379312545499,13,0.25,0.0,0.0473742562758905,,0.0
noisy,0.38,0.0,0.1808802481081256,13,0.25,0.0,0.045500359166343464,,0.0
noisy,0.47000000000000003,0.0,0.21890681365562603,13,0.25,0.0,0.055901651554376486,,0.0
noisy,0.56,0.0,0.21939530117839948,13,0.25,0.0,0.05593700846551297,,0.0
noisy,0.6499999999999999,0.0,0.20554694351851588,13,0.25,0.0,0.053659293388976056,,0.0
noisy,0.74,0.0,0.23455451831970342,13,0.25,0.0,0.07251569707267434,,0.0
noisy,0.8300000000000001,0.0,0.23902029120752633,13,0.25,0.0,0.06021128274358994,,0.0
noisy,0.9199999999999999,0.0,0.2396619649730832,13,0.25,0.0,0.05623173486380892,,0.0
noisy,1.01,0.0,0.2452972303881574,13,0.25,0.0,0.06005894159161326,,0.0
noisy,1.0999999999999999,0.0,-0.22569921187095957,13,0.25,0.0,0.058426344436163846,,0.0
noisy,1.19,0.0,-0.17964758804701822,13,0.25,0.0,0.06240055915019062,,0.0
noisy,1.28,0.0,0.2668490238117014,13,0.25,0.0,0.06645537238887261,,0.0
noisy,1.3699999999999999,0.0,0.2539536312162852,13,0.25,0.0,0.06346447255922384,,0.0
noisy,1.46,0.0,0.25923049418323596,13,0.25,0.0,0.06267088772139524,,0.0
noisy,1.5499999999999998,0.0,0.2859782412524809,13,0.25,0.0,0.08509375468420659,,0.0
noisy,1.64,0.0,0.2669986431030899,13,0.25,0.0,0.06566840052400058,,0.0
noisy,1.73,0.0,0.28120620164920734,13,0.25,0.0,0.0698092512382406,,0.0
noisy,1.8199999999999998,0.0,0.3028572076663755,13,0.25,0.0,0.07397638497820898,,0.0
noisy,1.91,0.0,0.29006304224729823,13,0.25,0.0,0.0717852742304545,,0.0
noisy,2.0,0.0,0.2762418647287888,13,0.25,0.0,0.06498857064696226,,0.0
noisy,0.2,0.0,0.1433383281164088,14,0.25,0.0,0.03703286617635111,,0.0
noisy,0.29000000000000004,0.0,0.15170558519387622,14,0.25,0.0,0.04028715810053821,,0.0
noisy,0.38,0.0,0.2191479327443601,14,0.25,0.0,0.06979510124169981,,0.0
noisy,0.47000000000000003,0.0,0.20717215123219246,14,0.25,0.0,0.049343496253861634,,0.0
noisy,0.56,0.0,0.2177136689120788,14,0.25,0.0,0.05442327824975879,,0.0
noisy,0.6499999999999999,0.0,0.1906505630358419,14,0.25,0.0,0.05262405490396005,,0.0
noisy,0.74,0.0,0.20005523313663076,14,0.25,0.0,0.052409156258829505,,0.0
noisy,0.8300000000000001,0.0,0.21249046424363627,14,0.25,0.0,0.05216715884080412,,0.0
noisy,0.9199999999999999,0.0,0.23786647573029615,14,0.25,0.0,0.06067771595340661,,0.0
noisy,1.01,0.0,0.2605584889715288,14,0.25,0.0,0.07640535239601763,,0.0
noisy,1.0999999999999999,0.0,0.3104324411668096,14,0.25,0.0,0.09309142457451319,,0.0
noisy,1.19,0.0,0.264537199031527,14,0.25,0.0,0.06446303479743312,,0.0
noisy,1.28,0.0,0.2811652990720599,14,0.25,0.0,0.07315774561564511,,0.0
noisy,1.3699999999999999,0.0,0.2594188571579119,14,0.25,0.0,0.06101884201192657,,0.0
noisy,1.46,0.0,0.32723123259209597,14,0.25,0.0,0.1010204339351625,,0.0
noisy,1.5499999999999998,0.0,0.2819903444569946,14,0.25,0.0,0.06646451259091239,,0.0
noisy,1.64,0.0,0.287130435191407,14,0.25,0.0,0.08056529474110023,,0.0
noisy,1.73,0.0,0.2982983391378893,14,0.25,0.0,0.0721222516714455,,0.0
noisy,1.8199999999999998,0.0,0.2719166994914102,14,0.25,0.0,0.06693578117010769,,0.0
noisy,1.91,0.0,0.3166709964817704,14,0.25,0.0,0.0802499042722248,,0.0
noisy,2.0,0.0,0.28159980685100633,14,0.25,0.0,0.06700130095883966,,0.0
noisy,0.2,0.0,0.1295135310541258,15,0.25,0.0,0.034819964071271206,,0.0
noisy,0.29000000000000004,0.0,0.14526294065635417,15,0.25,0.0,0.03775689053639865,,0.0
noisy,0.38,0.0,0.1941069073603122,15,0.25,0.0,0.048445289993066895,,0.0
noisy,0.47000000000000003,0.0,0.18507475010727203,15,0.25,0.0,0.045749819099265676,,0.0
noisy,0.56,0.0,0.21474392788639443,15,0.25,0.0,0.05180617223192629,,0.0
noisy,0.6499999999999999,0.0,0.20443700182347943,15,0.25,0.0,0.050637102796160696,,0.0
noisy,0.74,0.0,0.20586391474380691,15,0.25,0.0,0.05227568467094942,,0.0
noisy,0.8300000000000001,0.0,0.21579439626375163,15,0.25,0.0,0.050887424908326595,,0.0
noisy,0.9199999999999999,0.0,0.24874425713623805,15,0.25,0.0,0.061821490294768695,,0.0
noisy,1.01,0.0,0.24728093554738564,15,0.25,0.0,0.06126645497569904,,0.0
noisy,1.0999999999999999,0.0,0.25681623676665105,15,0.25,0.0,0.05946535410470204,,0.0
noisy,1.19,0.0,0.2793726885484076,15,0.25,0.0,0.07004404294188525,,0.0
noisy,1.28,0.0,0.2757828871910842,15,0.25,0.0,0.06648622173633784,,0.0
noisy,1.3699999999999999,0.0,0.247939990721043,15,0.25,0.0,0.05724345493596188,,0.0
noisy,1.46,0.0,0.2715544775946938,15,0.25,0.0,0.0650095352950655,,0.0
noisy,1.5499999999999998,0.0,0.24829275713449597,15,0.25,0.0,0.0610651008360158,,0.0
noisy,1.64,0.0,0.1908963766197006,15,0.25,0.0,0.0741741174494718,,124.0
noisy,1.73,0.0,0.28111408489802997,15,0.25,0.0,0.06609888323268516,,0.0
noisy,1.8199999999999998,0.0,0.2844233873173781,15,0.25,0.0,0.07139650028142636,,0.0
noisy,1.91,0.0,0.28588166354441175,15,0.25,0.0,0.06990602495041395,,0.0
noisy,2.0,0.0,0.29225579079308533,15,0.25,0.0,0.06770368741638803,,0.0
noisy,0.2,0.0,0.12653485363322498,16,0.25,0.0,0.03341785093768313,,0.0
noisy,0.29000000000000004,0.0,0.1808480294869098,16,0.25,0.0,0.04434568435705558,,0.0
noisy,0.38,0.0,0.19234097164372402,16,0.25,0.0,0.045851045323151214,,0.0
noisy,0.47000000000000003,0.0,0.20928619392603343,16,0.25,0.0,0.05920591634091815,,0.0
noisy,0.56,0.0,0.23818494281198532,16,0.25,0.0,0.05738290349198315,,0.0
noisy,0.6499999999999999,0.0,0.21099592852769478,16,0.25,0.0,0.050159428778306724,,0.0
noisy,0.74,0.0,0.2006270448679255,16,0.25,0.0,0.04851925956446961,,0.0
noisy,0.8300000000000001,0.0,0.19958078099157958,16,0.25,0.0,0.05041606220173568,,0.0
noisy,0.9199999999999999,0.0,0.2193299024307699,16,0.25,0.0,0.051169878692901814,,0.0
noisy,1.01,0.0,0.22487566209360996,16,0.25,0.0,0.05342618863817048,,0.0
noisy,1.0999999999999999,0.0,0.24389112198800422,16,0.25,0.0,0.05407653499096898,,0.0
noisy,1.19,0.0,0.26386831980722436,16,0.25,0.0,0.0626235997617245,,0.0
noisy,1.28,0.0,0.3095259998657594,16,0.25,0.0,0.0993761015009288,,0.0
noisy,1.3699999999999999,0.0,0.29352051679111296,16,0.25,0.0,0.0767643421542246,,0.0
noisy,1.46,0.0,0.2788459752718921,16,0.25,0.0,0.06411263408150861,,0.0
noisy,1.5499999999999998,0.0,0.2569579844254971,16,0.25,0.0,0.06317181753180572,,0.0
noisy,1.64,0.0,0.2894961336533179,16,0.25,0.0,0.07649343682598736,,0.0
noisy,1.73,0.0,0.26025209403314825,16,0.25,0.0,0.06046454529906522,,0.0
noisy,1.8199999999999998,0.0,0.30589821217767943,16,0.25,0.0,0.10870639890202724,,0.0
noisy,1.91,0.0,0.2973275228860092,16,0.25,0.0,0.08198545063718472,,0.0
noisy,2.0,0.0,0.2893196782583893,16,0.25,0.0,0.07230212175478454,,0.0
noisy,0.2,0.0,0.13979624662271115,17,0.25,0.0,0.03540375724919264,,0.0
noisy,0.29000000000000004,0.0,0.1704639216364693,17,0.25,0.0,0.0416525186761329,,0.0
noisy,0.38,0.0,0.18445470184011403,17,0.25,0.0,0.043410777551128106,,0.0
noisy,0.47000000000000003,0.0,0.20788777412239204,17,0.25,0.0,0.05254006149325424,,0.0
noisy,0.56,0.0,0.20301396141470338,17,0.25,0.0,0.05025299964801313,,0.0
noisy,0.6499999999999999,0.0,0.22866626996334316,17,0.25,0.0,0.05248225150337546,,0.0
noisy,0.74,0.0,0.19692632294057655,17,0.25,0.0,0.044327229106458685,,0.0
noisy,0.8300000000000001,0.0,0.22904096307605482,17,0.25,0.0,0.0522243961348855,,0.0
noisy,0.9199999999999999,0.0,0.2412054902805245,17,0.25,0.0,0.05541901753657408,,0.0
noisy,1.01,0.0,0.2469913608388742,17,0.25,0.0,0.05852811912810906,,0.0
noisy,1.0999999999999999,0.0,0.2588690647161245,17,0.25,0.0,0.06263169487478681,,0.0
noisy,1.19,0.0,0.2918494133418119,17,0.25,0.0,0.07188436845137203,,0.0
noisy,1.28,0.0,0.26054892984054945,17,0.25,0.0,0.05954229174289079,,0.0
noisy,1.3699999999999999,0.0,0.26427381557137236,17,0.25,0.0,0.05746216291622081,,0.0
noisy,1.46,0.0,0.25042034378571665,17,0.25,0.0,0.05989659176819008,,0.0
noisy,1.5499999999999998,0.0,0.27795689179403854,17,0.25,0.0,0.06509263478511428,,0.0
noisy,1.64,0.0,0.27076335646427074,17,0.25,0.0,0.05974005867746173,,0.0
noisy,1.73,0.0,0.2536974960055746,17,0.25,0.0,0.05946776676209146,,0.0
noisy,1.8199999999999998,0.0,0.25235028326029435,17,0.25,0.0,0.05917609364523521,,0.0
noisy,1.91,0.0,0.24779257233392157,17,0.25,0.0,0.05596845051030505,,0.0
noisy,2.0,0.0,0.2922748313651409,17,0.25,0.0,0.06618650564839916,,0.0
noisy,0.2,0.0,0.15861057374376727,18,0.25,0.0,0.03963179875296262,,0.0
noisy,0.29000000000000004,0.0,0.15037855994254376,18,0.25,0.0,0.03636911280992734,,0.0
noisy,0.38,0.0,0.2067641578172598,18,0.25,0.0,0.050156624548804825,,0.0
noisy,0.47000000000000003,0.0,0.200689377093504,18,0.25,0.0,0.04282963914862196,,0.0
noisy,0.56,0.0,0.2213329075284675,18,0.25,0.0,0.050331531818726405,,0.0
noisy,0.6499999999999999,0.0,0.23389165189278324,18,0.25,0.0,0.08515507435707911,,0.0
noisy,0.74,0.0,0.24889001304133526,18,0.25,0.0,0.06407618880889891,,0.0
noisy,0.8300000000000001,0.0,0.21615590897350656,18,0.25,0.0,0.049489594219599906,,0.0
noisy,0.9199999999999999,0.0,0.22336012799649718,18,0.25,0.0,0.05275944678958016,,0.0
noisy,1.01,0.0,0.2678127869054591,18,0.25,0.0,0.06523078491249741,,0.0
noisy,1.0999999999999999,0.0,0.24620083954897307,18,0.25,0.0,0.054571898554399284,,0.0
noisy,1.19,0.0,0.2648989275532817,18,0.25,0.0,0.0725817864308091,,0.0
noisy,1.28,0.0,0.2474714083229509,18,0.25,0.0,0.06442964914378499,,0.0
noisy,1.3699999999999999,0.0,0.26784202463420664,18,0.25,0.0,0.057611163904224695,,0.0
noisy,1.46,0.0,0.24560010870268942,18,0.25,0.0,0.05351817807528668,,0.0
noisy,1.5499999999999998,0.0,0.25262276593875016,18,0.25,0.0,0.055825366891625,,0.0
noisy,1.64,0.0,0.2647971581182883,18,0.25,0.0,0.05739495023971652,,0.0
noisy,1.73,0.0,0.25833863107231925,18,0.25,0.0,0.06005089717951058,,0.0
noisy,1.8199999999999998,0.0,0.27786759058793303,18,0.25,0.0,0.06268595610346121,,0.0
noisy,1.91,0.0,0.27265584205869053,18,0.25,0.0,0.05857114184199021,,0.0
noisy,2.0,0.0,0.2725900381608465,18,0.25,0.0,0.06012932786557029,,0.0
noisy,0.2,0.0,0.18454697856611657,19,0.25,0.0,0.05017755059662341,,0.0
noisy,0.29000000000000004,0.0,0.1452282256996051,19,0.25,0.0,0.03570335411909261,,0.0
noisy,0.38,0.0,0.17846772215502918,19,0.25,0.0,0.040341263428567836,,0.0
noisy,0.47000000000000003,0.0,0.19190781394847692,19,0.25,0.0,0.04641005069047193,,0.0
noisy,0.56,0.0,0.2271297369136899,19,0.25,0.0,0.048733353867477604,,0.0
noisy,0.6499999999999999,0.0,0.18650285012918533,19,0.25,0.0,0.04249445885168914,,0.0
noisy,0.74,0.0,0.2129049736471317,19,0.25,0.0,0.04697304507866181,,0.0
noisy,0.8300000000000001,0.0,0.23100266633066532,19,0.25,0.0,0.06825811920551235,,0.0
noisy,0.9199999999999999,0.0,0.2272519223763033,19,0.25,0.0,0.047924632580068585,,0.0
noisy,1.01,0.0,0.22590152898637428,19,0.25,0.0,0.05361613791135053,,0.0
noisy,1.0999999999999999,0.0,0.240769357022156,19,0.25,0.0,0.049474447751815004,,0.0
noisy,1.19,0.0,0.24725410372926282,19,0.25,0.0,0.05499185558742474,,0.0
noisy,1.28,0.0,0.28163280418150044,19,0.25,0.0,0.07096332638643833,,0.0
noisy,1.3699999999999999,0.0,0.2654737989991155,19,0.25,0.0,0.05828331319768626,,0.0
noisy,1.46,0.0,0.2455299416237512,19,0.25,0.0,0.052785139960175954,,0.0
noisy,1.5499999999999998,0.0,0.24782439611361648,19,0.25,0.0,0.05617445795196281,,0.0
noisy,1.64,0.0,0.24218288448954328,19,0.25,0.0,0.05125587128458148,,0.0
noisy,1.73,0.0,0.26885805910976496,19,0.25,0.0,0.05736039539565696,,0.0
noisy,1.8199999999999998,0.0,0.25899838230907596,19,0.25,0.0,0.054953422660410124,,0.0
noisy,1.91,0.0,0.25953590028863666,19,0.25,0.0,0.05629135220099157,,0.0
noisy,2.0,0.0,0.2664252637012876,19,0.25,0.0,0.055838615968466385,,0.0
noisy,0.2,0.0,-0.010398813121226582,1,0.5,0.0,0.0,,462.0
noisy,0.29000000000000004,0.0,-0.013966475051993823,1,0.5,0.0,0.0,,398.0
noisy,0.38,0.0,-0.022864716977822008,1,0.5,0.0,0.0,,325.0
noisy,0.47000000000000003,0.0,-0.022731848267978475,1,0.5,0.0,0.0,,260.0
noisy,0.56,0.0,-0.01857669865154409,1,0.5,0.0,0.0,,317.0
noisy,0.6499999999999999,0.0,-0.008002614386541722,1,0.5,0.0,0.0,,521.0
noisy,0.74,0.0,-0.015380882306794191,1,0.5,0.0,0.0,,320.0
noisy,0.8300000000000001,0.0,-0.010164068735986553,1,0.5,0.0,0.0,,371.0
noisy,0.9199999999999999,0.0,-0.013453814385727838,1,0.5,0.0,0.0,,258.0
noisy,1.01,0.0,-0.02865517746842085,1,0.5,0.0,0.0,,185.0
noisy,1.0999999999999999,0.0,-0.03156016147664533,1,0.5,0.0,0.0,,191.0
noisy,1.19,0.0,-0.02471093665169613,1,0.5,0.0,0.0,,177.0
noisy,1.28,0.0,-0.024201470699621825,1,0.5,0.0,0.0,,172.0
noisy,1.3699999999999999,0.0,-0.018970856969547877,1,0.5,0.0,0.0,,207.0
noisy,1.46,0.0,-0.007511831474204675,1,0.5,0.0,0.0,,157.0
noisy,1.5499999999999998,0.0,-0.004559289464450563,1,0.5,0.0,0.0,,118.0
noisy,1.64,0.0,-0.03543972802432079,1,0.5,0.0,0.0,,157.0
noisy,1.73,0.0,-0.025130908644139433,1,0.5,0.0,0.0,,141.0
noisy,1.8199999999999998,0.0,-0.022113678636373733,1,0.5,0.0,0.0,,149.0
noisy,1.91,0.0,-0.005591401679560022,1,0.5,0.0,0.0,,78.0
noisy,2.0,0.0,-0.020937263864413105,1,0.5,0.0,0.0,,97.0
noisy,0.2,0.0,-0.009726197732167948,2,0.5,0.0,0.0,,489.0
noisy,0.29000000000000004,0.0,-0.013024284398341024,2,0.5,0.0,0.0,,417.0
noisy,0.38,0.0,-0.021793211589668165,2,0.5,0.0,0.0,,305.0
noisy,0.47000000000000003,0.0,-0.03265257640816071,2,0.5,0.0,0.0,,237.0
noisy,0.56,0.0,-0.015707581264337227,2,0.5,0.0,0.0,,460.0
noisy,0.6499999999999999,0.0,-0.009947957054011062,2,0.5,0.0,0.0,,458.0
noisy,0.74,0.0,-0.01763051101970632,2,0.5,0.0,0.0,,337.0
noisy,0.8300000000000001,0.0,-0.006792492318351421,2,0.5,0.0,0.0,,295.0
noisy,0.9199999999999999,0.0,-0.011745137340110616,2,0.5,0.0,0.0,,296.0
noisy,1.01,0.0,-0.024601519980313846,2,0.5,0.0,0.0,,197.0
noisy,1.0999999999999999,0.0,-0.03162302756966539,2,0.5,0.0,0.0,,186.0
noisy,1.19,0.0,-0.02713691087064363,2,0.5,0.0,0.0,,153.0
noisy,1.28,0.0,-0.02791460355246966,2,0.5,0.0,0.0,,143.0
noisy,1.3699999999999999,0.0,-0.0186822432872169,2,0.5,0.0,0.0,,251.0
noisy,1.46,0.0,-0.015940941903380815,2,0.5,0.0,0.0,,196.0
noisy,1.5499999999999998,0.0,-0.014231839037236004,2,0.5,0.0,0.0,,160.0
noisy,1.64,0.0,-0.031629588194063585,2,0.5,0.0,0.0,,145.0
noisy,1.73,0.0,-0.040068274530723945,2,0.5,0.0,0.0,,151.0
noisy,1.8199999999999998,0.0,-0.013697044518083764,2,0.5,0.0,0.0,,115.0
noisy,1.91,0.0,-0.014341607283570845,2,0.5,0.0,0.0,,94.0
noisy,2.0,0.0,0.006054584460389885,2,0.5,0.0,0.10942726250529848,,12.0
noisy,0.2,0.0,-0.07704179773892174,3,0.5,0.0,0.0,,0.0
noisy,0.29000000000000004,0.0,-0.06834261704237736,3,0.5,0.0,0.0,,0.0
noisy,0.38,0.0,-0.07577738746278301,3,0.5,0.0,0.0,,0.0
noisy,0.47000000000000003,0.0,-0.07878103838683352,3,0.5,0.0,0.0,,0.0
noisy,0.56,0.0,-0.07850189573571373,3,0.5,0.0,0.0,,0.0
noisy,0.6499999999999999,0.0,-0.07893216615514219,3,0.5,0.0,0.0,,0.0
noisy,0.74,0.0,-0.07330779530884529,3,0.5,0.0,0.0,,0.0
noisy,0.8300000000000001,0.0,-0.08313873382396202,3,0.5,0.0,0.0,,0.0
noisy,0.9199999999999999,0.0,-0.0821917554197953,3,0.5,0.0,0.0,,0.0
noisy,1.01,0.0,-0.07146613648502187,3,0.5,0.0,0.0,,0.0
noisy,1.0999999999999999,0.0,-0.08316019067557301,3,0.5,0.0,0.0,,0.0
noisy,1.19,0.0,-0.08131158756710215,3,0.5,0.0,0.0,,0.0
noisy,1.28,0.0,-0.07846656945525504,3,0.5,0.0,0.0,,0.0
noisy,1.3699999999999999,0.0,-0.0790379061720579,3,0.5,0.0,0.0,,0.0
noisy,1.46,0.0,-0.06185424860197213,3,0.5,0.0,0.0,,0.0
noisy,1.5499999999999998,0.0,-0.09037260048777396,3,0.5,0.0,0.0,,0.0
noisy,1.64,0.0,-0.08623585325591686,3,0.5,0.0,0.0,,0.0
noisy,1.73,0.0,-0.06281974019098002,3,0.5,0.0,0.0,,0.0
noisy,1.8199999999999998,0.0,-0.05698272361575735,3,0.5,0.0,0.0,,0.0
noisy,1.91,0.0,-0.05517409970673778,3,0.5,0.0,0.0,,0.0
noisy,2.0,0.0,-0.06581367867990226,3,0.5,0.0,0.0,,0.0
noisy,0.2,0.0,-0.0018481428127497927,4,0.5,0.0,0.0,,0.0
noisy,0.29000000000000004,0.0,-0.0017528492318691833,4,0.5,0.0,0.0,,0.0
noisy,0.38,0.0,-0.001268513474244344,4,0.5,0.0,0.0,,0.0
noisy,0.47000000000000003,0.0,-0.0002862288807578706,4,0.5,0.3333333333333333,0.0007253914441252603,,0.0
noisy,0.56,0.0,-0.00026355731931877773,4,0.5,0.0,0.0,,0.0
noisy,0.6499999999999999,0.0,-0.00032026663986760496,4,0.5,0.3333333333333333,0.0012400236499164146,,0.0
noisy,0.74,0.0,-0.0007790790319851878,4,0.5,0.0,0.0,,0.0
noisy,0.8300000000000001,0.0,-0.0009352063919075242,4,0.5,0.0,0.0,,0.0
noisy,0.9199999999999999,0.0,-0.0013442967199804327,4,0.5,0.0,0.0,,0.0
noisy,1.01,0.0,-0.0012483933866674574,4,0.5,0.0,0.0,,0.0
noisy,1.0999999999999999,0.0,-0.0008516002016409552,4,0.5,0.0,0.0,,0.0
noisy,1.19,0.0,-0.0007490980293712951,4,0.5,0.3333333333333333,0.01424263272657057,,0.0
noisy,1.28,0.0,-0.0007034107188559296,4,0.5,0.0,0.0,,0.0
noisy,1.3699999999999999,0.0,-0.0010292799047491887,4,0.5,0.0,0.0,,0.0
noisy,1.46,0.0,-0.0007593557510866067,4,0.5,0.0,0.0,,0.0
noisy,1.5499999999999998,0.0,0.00021678517835131892,4,0.5,0.6666666666666666,0.026461882573539805,,0.0
noisy,1.64,0.0,4.478175520820734e-05,4,0.5,0.3333333333333333,0.00832397829424111,,0.0
noisy,1.73,0.0,0.0004635589105066999,4,0.5,1.0,0.0163426343341615,,0.0
noisy,1.8199999999999998,0.0,0.0006925944515126834,4,0.5,0.6666666666666666,0.03545333390665423,,0.0
noisy,1.91,0.0,0.001558639118742454,4,0.5,1.0,0.06833150586060706,,0.0
noisy,2.0,0.0,0.05921681080467602,4,0.5,0.6666666666666666,0.167139870883704,,0.0
noisy,0.2,0.0,-0.0015199175960322515,5,0.5,0.0,0.0,,0.0
noisy,0.29000000000000004,0.0,-0.0008747392748231138,5,0.5,0.0,0.0,,0.0
noisy,0.38,0.0,-0.00019388682610660271,5,0.5,0.3333333333333333,0.0023486433248586748,,0.0
noisy,0.47000000000000003,0.0,-0.0004764781086954863,5,0.5,0.3333333333333333,0.019206617736077142,,0.0
noisy,0.56,0.0,0.000877193698408215,5,0.5,1.0,0.01920103128609471,,0.0
noisy,0.6499999999999999,0.0,-0.00017891865284786778,5,0.5,0.0,0.0,,0.0
noisy,0.74,0.0,-0.0003631527735891801,5,0.5,0.3333333333333333,0.0009291942901818726,,0.0
noisy,0.8300000000000001,0.0,-0.0006278345634069684,5,0.5,0.0,0.0,,0.0
noisy,0.9199999999999999,0.0,-0.000487252181489812,5,0.5,0.0,0.0,,0.0
noisy,1.01,0.0,-0.0007301618778508615,5,0.5,0.0,0.0,,0.0
noisy,1.0999999999999999,0.0,0.0030612451018517633,5,0.5,0.0,0.10430721486404336,,0.0
noisy,1.19,0.0,0.09579685291550873,5,0.5,0.0,0.10588534841666057,,0.0
noisy,1.28,0.0,0.09652114260383331,5,0.5,0.0,0.10721522187964454,,0.0
noisy,1.3699999999999999,0.0,0.0715363106455201,5,0.5,0.0,0.10388530200577716,,0.0
noisy,1.46,0.0,0.09718578908046717,5,0.5,0.0,0.10350767071187504,,0.0
noisy,1.5499999999999998,0.0,0.08497969775908175,5,0.5,0.0,0.1004570691521491,,0.0
noisy,1.64,0.0,0.07510910691214318,5,0.5,0.0,0.10638917753850831,,0.0
noisy,1.73,0.0,0.08896544429787862,5,0.5,0.0,0.10048396419442077,,0.0
noisy,1.8199999999999998,0.0,0.11176850480030671,5,0.5,0.0,0.10094128350142621,,0.0
noisy,1.91,0.0,0.12106502663195273,5,0.5,0.0,0.1043515175257566,,0.0
noisy,2.0,0.0,0.12545451359284887,5,0.5,0.0,0.10647887332126868,,0.0
noisy,0.2,0.0,-0.010741565410564249,6,0.5,0.0,0.0,,0.0
noisy,0.29000000000000004,0.0,-0.014778724316280453,6,0.5,0.0,0.0,,0.0
noisy,0.38,0.0,0.01587392013038218,6,0.5,0.0,0.0003262693402387366,,0.0
noisy,0.47000000000000003,0.0,0.022459997755619864,6,0.5,0.0,0.0004939090585735259,,0.0
noisy,0.56,0.0,0.006239502309208551,6,0.5,0.0,9.868592161473748e-05,,0.0
noisy,0.6499999999999999,0.0,-0.008491505413258844,6,0.5,0.0,2.13781076929311e-05,,0.0
noisy,0.74,0.0,-0.016520633025762704,6,0.5,0.0,0.0,,0.0
noisy,0.8300000000000001,0.0,-0.004342363074766008,6,0.5,0.0,0.0,,0.0
noisy,0.9199999999999999,0.0,0.0024025334407041864,6,0.5,0.0,0.00019299078560367237,,0.0
noisy,1.01,0.0,0.005539285645927354,6,0.5,0.0,0.0001445358827411399,,0.0
noisy,1.0999999999999999,0.0,0.004315613001471738,6,0.5,0.0,7.036703904198557e-05,,0.0
noisy,1.19,0.0,-0.002321158915287482,6,0.5,0.0,9.26540319613242e-06,,0.0
noisy,1.28,0.0,0.006463164930022344,6,0.5,0.0,0.00019394410478746217,,0.0
noisy,1.3699999999999999,0.0,0.000998337969843733,6,0.5,0.0,2.94666941219315e-05,,0.0
noisy,1.46,0.0,-0.015827091596961874,6,0.5,0.0,0.0,,0.0
noisy,1.5499999999999998,0.0,-0.021425987422805787,6,0.5,0.0,0.0,,0.0
noisy,1.64,0.0,-0.02196649031624318,6,0.5,0.0,0.0,,0.0
noisy,1.73,0.0,-0.014309707263902322,6,0.5,0.0,0.0,,0.0
noisy,1.8199999999999998,0.0,-0.016822685001225874,6,0.5,0.0,0.0,,0.0
noisy,1.91,0.0,-0.01546263527896613,6,0.5,0.0,0.0,,0.0
noisy,2.0,0.0,-0.024197807886609787,6,0.5,0.0,0.0,,0.0
noisy,0.2,0.0,-0.0025630160491072486,7,0.5,0.0,1.157344640467527e-05,,0.0
noisy,0.29000000000000004,0.0,-0.020788256485469548,7,0.5,0.0,0.0,,0.0
noisy,0.38,0.0,0.004689890746314258,7,0.5,0.0,0.000208040056445328,,0.0
noisy,0.47000000000000003,0.0,0.015519463730806793,7,0.5,0.0,0.0004300863998619437,,0.0
noisy,0.56,0.0,0.013783473994644954,7,0.5,0.0,0.00017661249803262375,,0.0
noisy,0.6499999999999999,0.0,-0.009365464505437592,7,0.5,0.0,0.0,,0.0
noisy,0.74,0.0,-0.00476871180592535,7,0.5,0.0,5.5704534308771874e-06,,0.0
noisy,0.8300000000000001,0.0,0.016400597819599464,7,0.5,0.0,0.0005289226302201081,,0.0
noisy,0.9199999999999999,0.0,0.01818824522374675,7,0.5,0.0,0.00031913715008009185,,0.0
noisy,1.01,0.0,0.019833393018696875,7,0.5,0.0,0.00042973548735033705,,0.0
noisy,1.0999999999999999,0.0,0.030605375719195988,7,0.5,0.0,0.0004344631248432835,,0.0
noisy,1.19,0.0,0.019128855456230127,7,0.5,0.0,0.0003048185157024729,,0.0
noisy,1.28,0.0,0.01855029434005236,7,0.5,0.0,0.0002836981617332178,,0.0
noisy,1.3699999999999999,0.0,0.0011054901170327793,7,0.5,0.0,8.12055351758329e-05,,0.0
noisy,1.46,0.0,-0.008304729360496116,7,0.5,0.0,0.0,,0.0
noisy,1.5499999999999998,0.0,-0.0024817103177080884,7,0.5,0.0,0.0001613086687603437,,0.0
noisy,1.64,0.0,-0.0051312150398767735,7,0.5,0.0,0.0,,0.0
noisy,1.73,0.0,-0.004270506916702195,7,0.5,0.0,0.00021728918662059567,,0.0
noisy,1.8199999999999998,0.0,-0.011544569304248896,7,0.5,0.0,6.879432776086858e-05,,0.0
noisy,1.91,0.0,-0.008522069827709373,7,0.5,0.0,0.0,,0.0
noisy,2.0,0.0,-0.006211241028735868,7,0.5,0.0,0.0,,0.0
noisy,0.2,0.0,-0.009412530948886907,8,0.5,0.0,0.0,,0.0
noisy,0.29000000000000004,0.0,-0.012451111433687512,8,0.5,0.0,0.0,,0.0
noisy,0.38,0.0,0.006945500188805474,8,0.5,0.0,0.00012920669112031021,,0.0
noisy,0.47000000000000003,0.0,-0.010663978272864486,8,0.5,0.0,9.364968130796776e-06,,0.0
noisy,0.56,0.0,0.00010079247554055602,8,0.5,0.0,0.00028068322644533286,,0.0
noisy,0.6499999999999999,0.0,0.0008592039004351879,8,0.5,0.0,7.40089664595497e-05,,0.0
noisy,0.74,0.0,-0.00644633881564538,8,0.5,0.0,0.0,,0.0
noisy,0.8300000000000001,0.0,-0.004119029305891388,8,0.5,0.0,5.730914197224857e-05,,0.0
noisy,0.9199999999999999,0.0,0.005856295343005281,8,0.5,0.0,7.076017307376988e-05,,0.0
noisy,1.01,0.0,0.002631022060439681,8,0.5,0.0,0.00011526630393139164,,0.0
noisy,1.0999999999999999,0.0,0.0056689729455656574,8,0.5,0.0,0.00014951188442630965,,0.0
noisy,1.19,0.0,0.011030422314784169,8,0.5,0.0,0.0001375276791558485,,0.0
noisy,1.28,0.0,-0.00044416440271190385,8,0.5,0.0,4.056699026808149e-05,,0.0
noisy,1.3699999999999999,0.0,-0.0015387513384166435,8,0.5,0.0,6.648054779210276e-05,,0.0
noisy,1.46,0.0,-0.008946594425821788,8,0.5,0.0,0.0,,0.0
noisy,1.5499999999999998,0.0,-0.00687881869515547,8,0.5,0.0,3.246688162412459e-05,,0.0
noisy,1.64,0.0,-0.0186923034090012,8,0.5,0.0,0.0,,0.0
noisy,1.73,0.0,-0.019206760442467486,8,0.5,0.0,0.0,,0.0
noisy,1.8199999999999998,0.0,-0.022967431064489802,8,0.5,0.0,0.0,,0.0
noisy,1.91,0.0,-0.029591544716900852,8,0.5,0.0,0.0,,0.0
noisy,2.0,0.0,-0.02190664851613266,8,0.5,0.0,0.0,,0.0
noisy,0.2,0.0,-0.19079910338210873,9,0.5,0.0,0.0,,0.0
noisy,0.29000000000000004,0.0,-0.18747979660579303,9,0.5,0.0,0.0,,0.0
noisy,0.38,0.0,-0.1662407164894432,9,0.5,0.0,0.0,,0.0
noisy,0.47000000000000003,0.0,-0.1779943102459833,9,0.5,0.0,0.0,,0.0
noisy,0.56,0.0,-0.17478287894349306,9,0.5,0.0,0.0,,0.0
noisy,0.6499999999999999,0.0,-0.18122470170853322,9,0.5,0.0,0.0,,0.0
noisy,0.74,0.0,-0.18331930616468128,9,0.5,0.0,0.0,,0.0
noisy,0.8300000000000001,0.0,-0.18568023367119213,9,0.5,0.0,0.0,,0.0
noisy,0.9199999999999999,0.0,-0.17135081205775346,9,0.5,0.0,0.0,,0.0
noisy,1.01,0.0,-0.17642086477051078,9,0.5,0.0,0.0,,0.0
noisy,1.0999999999999999,0.0,-0.17643664101063075,9,0.5,0.0,0.0,,0.0
noisy,1.19,0.0,-0.16968651575518,9,0.5,0.0,0.0,,0.0
noisy,1.28,0.0,-0.1808954916980862,9,0.5,0.0,0.0,,0.0
noisy,1.3699999999999999,0.0,-0.1769591597297058,9,0.5,0.0,0.0,,0.0
noisy,1.46,0.0,-0.18123726582021557,9,0.5,0.0,0.0,,0.0
noisy,1.5499999999999998,0.0,-0.18872879809732476,9,0.5,0.0,0.0,,0.0
noisy,1.64,0.0,-0.1841069397060976,9,0.5,0.0,0.0,,0.0
noisy,1.73,0.0,-0.19265726417804585,9,0.5,0.0,0.0,,0.0
noisy,1.8199999999999998,0.0,-0.19687054045645713,9,0.5,0.0,0.0,,0.0
noisy,1.91,0.0,-0.19108017771744487,9,0.5,0.0,0.0,,0.0
noisy,2.0,0.0,-0.19956272547864848,9,0.5,0.0,0.0,,0.0
noisy,0.2,0.0,0.31594629215240283,10,0.5,0.0,0.003275422885431415,,0.0
noisy,0.29000000000000004,0.0,0.3150148042096092,10,0.5,0.0,0.0032587740114686774,,0.0
noisy,0.38,0.0,0.3201354736113464,10,0.5,0.0,0.003305700818067528,,0.0
noisy,0.47000000000000003,0.0,0.32447884948971345,10,0.5,0.0,0.003480189642435636,,0.0
noisy,0.56,0.0,0.3265889433438406,10,0.5,0.0,0.003397697506719003,,0.0
noisy,0.6499999999999999,0.0,0.30586520771407577,10,0.5,0.0,0.003440967000717898,,0.0
noisy,0.74,0.0,0.31958530168992705,10,0.5,0.0,0.0034758732419672145,,0.0
noisy,0.8300000000000001,0.0,0.33813131033569616,10,0.5,0.0,0.003561604197451168,,0.0
noisy,0.9199999999999999,0.0,0.3216293397130278,10,0.5,0.0,0.0034220889707543122,,0.0
noisy,1.01,0.0,0.32516875765704456,10,0.5,0.0,0.0033733186288982158,,0.0
noisy,1.0999999999999999,0.0,0.31736526712750296,10,0.5,0.0,0.003297978224230956,,0.0
noisy,1.19,0.0,0.32701150382527217,10,0.5,0.0,0.0033457566097487646,,0.0
noisy,1.28,0.0,0.32512639456690684,10,0.5,0.0,0.0032949711388353545,,0.0
noisy,1.3699999999999999,0.0,0.32838701018537525,10,0.5,0.0,0.0034579452519185893,,0.0
noisy,1.46,0.0,0.3353494283619904,10,0.5,0.0,0.003543239732331808,,0.0
noisy,1.5499999999999998,0.0,0.3235977285143064,10,0.5,0.0,0.0033236899349009825,,0.0
noisy,1.64,0.0,0.3323987489180922,10,0.5,0.0,0.0033728260924848433,,0.0
noisy,1.73,0.0,0.3113577400717995,10,0.5,0.0,0.003194089191506398,,0.0
noisy,1.8199999999999998,0.0,0.3136146998345813,10,0.5,0.0,0.0031978787706106156,,0.0
noisy,1.91,0.0,0.3167848840172793,10,0.5,0.0,0.0032605057440446145,,0.0
noisy,2.0,0.0,0.31835402231061094,10,0.5,0.0,0.0032104489992893256,,0.0
noisy,0.2,0.0,-0.15272312351224868,11,0.5,0.0,0.0,,0.0
noisy,0.29000000000000004,0.0,-0.15094371882496993,11,0.5,0.0,0.0,,0.0
noisy,0.38,0.0,-0.14154023662858142,11,0.5,0.0,0.0,,0.0
noisy,0.47000000000000003,0.0,-0.14345692134617,11,0.5,0.0,0.0,,0.0
noisy,0.56,0.0,-0.15156222538296074,11,0.5,0.0,0.0,,0.0
noisy,0.6499999999999999,0.0,-0.14746173609354263,11,0.5,0.0,0.0,,0.0
noisy,0.74,0.0,-0.15614405709621818,11,0.5,0.0,0.0,,0.0
noisy,0.8300000000000001,0.0,-0.15808024178267002,11,0.5,0.0,0.0,,0.0
noisy,0.9199999999999999,0.0,-0.14833049188756706,11,0.5,0.0,0.0,,0.0
noisy,1.01,0.0,-0.14281384067048553,11,0.5,0.0,0.0,,0.0
noisy,1.0999999999999999,0.0,-0.14387162275276721,11,0.5,0.0,0.0,,0.0
noisy,1.19,0.0,-0.15231847647286978,11,0.5,0.0,0.0,,0.0
noisy,1.28,0.0,-0.15780018158318776,11,0.5,0.0,0.0,,0.0
noisy,1.3699999999999999,0.0,-0.1548428741150978,11,0.5,0.0,0.0,,0.0
noisy,1.46,0.0,-0.1378119577651328,11,0.5,0.0,0.0,,0.0
noisy,1.5499999999999998,0.0,-0.1593232265357327,11,0.5,0.0,0.0,,0.0
noisy,1.64,0.0,-0.14170615123285232,11,0.5,0.0,0.0,,0.0
noisy,1.73,0.0,-0.15911588415863667,11,0.5,0.0,0.0,,0.0
noisy,1.8199999999999998,0.0,-0.1677943482864368,11,0.5,0.0,0.0,,0.0
noisy,1.91,0.0,-0.13901680718029688,11,0.5,0.0,0.0,,0.0
noisy,2.0,0.0,-0.15559749296330883,11,0.5,0.0,0.0,,0.0
noisy,0.2,0.0,-0.031779992164168956,12,0.5,0.0,0.0,,0.0
noisy,0.29000000000000004,0.0,-0.033660239327087706,12,0.5,0.0,0.0,,0.0
noisy,0.38,0.0,-0.026023784999076382,12,0.5,0.0,0.0,,0.0
noisy,0.47000000000000003,0.0,-0.016680230401036666,12,0.5,0.0,0.0,,0.0
noisy,0.56,0.0,-0.019860463778521617,12,0.5,0.0,0.0,,0.0
noisy,0.6499999999999999,0.0,-0.029415019531661122,12,0.5,0.0,0.0,,0.0
noisy,0.74,0.0,-0.031995382512685466,12,0.5,0.0,0.0,,0.0
noisy,0.8300000000000001,0.0,-0.026005054282225135,12,0.5,0.0,0.0,,0.0
noisy,0.9199999999999999,0.0,-0.011630302153025851,12,0.5,0.0,2.9732462395210475e-05,,0.0
noisy,1.01,0.0,-0.011743220416918809,12,0.5,0.0,0.0,,0.0
noisy,1.0999999999999999,0.0,-0.005615395823897536,12,0.5,0.0,0.0,,0.0
noisy,1.19,0.0,-0.01642801737875182,12,0.5,0.0,0.0,,0.0
noisy,1.28,0.0,-0.01686686990207571,12,0.5,0.0,0.0,,0.0
noisy,1.3699999999999999,0.0,-0.022661770744328836,12,0.5,0.0,0.0,,0.0
noisy,1.46,0.0,-0.03132057468560204,12,0.5,0.0,0.0,,0.0
noisy,1.5499999999999998,0.0,-0.029247765598689194,12,0.5,0.0,0.0,,0.0
noisy,1.64,0.0,-0.0371640506713535,12,0.5,0.0,0.0,,0.0
noisy,1.73,0.0,-0.027409114103182367,12,0.5,0.0,0.0,,0.0
noisy,1.8199999999999998,0.0,-0.02845817221899319,12,0.5,0.0,0.0,,0.0
noisy,1.91,0.0,-0.0410983836913201,12,0.5,0.0,0.0,,0.0
noisy,2.0,0.0,-0.02873635591776196,12,0.5,0.0,0.0,,0.0
noisy,0.2,0.0,0.006469946527720591,13,0.5,0.0,0.00014362417183316176,,0.0
noisy,0.29000000000000004,0.0,0.009232613311028854,13,0.5,0.0,0.00017550880543761442,,0.0
noisy,0.38,0.0,0.0170919001755785,13,0.5,0.0,0.0003105475174386235,,0.0
noisy,0.47000000000000003,0.0,0.014025767231503497,13,0.5,0.0,0.0002939023778084216,,0.0
noisy,0.56,0.0,0.03706923836967416,13,0.5,0.0,0.0005723018324700231,,0.0
noisy,0.6499999999999999,0.0,0.011136841390477714,13,0.5,0.0,0.0001708645469433873,,0.0
noisy,0.74,0.0,0.007429061565610548,13,0.5,0.0,0.00011524551938234934,,0.0
noisy,0.8300000000000001,0.0,0.01144472738909403,13,0.5,0.0,0.0001502912924651982,,0.0
noisy,0.9199999999999999,0.0,0.022777809021490292,13,0.5,0.0,0.0003456671206042525,,0.0
noisy,1.01,0.0,0.02821636595204563,13,0.5,0.0,0.00032056176708896247,,0.0
noisy,1.0999999999999999,0.0,0.022606215922788567,13,0.5,0.0,0.00026779181675491606,,0.0
noisy,1.19,0.0,0.019159385336380418,13,0.5,0.0,0.00021743014117980462,,0.0
noisy,1.28,0.0,0.016049333512905974,13,0.5,0.0,0.00022702910795114565,,0.0
noisy,1.3699999999999999,0.0,0.009189877148753522,13,0.5,0.0,0.00012775487677275645,,0.0
noisy,1.46,0.0,-0.0011011380745381768,13,0.5,0.0,4.3030706759067394e-05,,0.0
noisy,1.5499999999999998,0.0,0.000977966918439757,13,0.5,0.0,7.240479874674616e-05,,0.0
noisy,1.64,0.0,-0.002399646664278624,13,0.5,0.0,4.007851897393237e-05,,0.0
noisy,1.73,0.0,-0.00448979667131242,13,0.5,0.0,3.903264168967382e-05,,0.0
noisy,1.8199999999999998,0.0,0.0015790808488264443,13,0.5,0.0,4.016815281803063e-05,,0.0
noisy,1.91,0.0,-0.003379786359555524,13,0.5,0.0,0.00010060450396795569,,0.0
noisy,2.0,0.0,-0.021276949199488294,13,0.5,0.0,0.0,,0.0
noisy,0.2,0.0,-0.007715921922873288,14,0.5,0.0,0.0,,0.0
noisy,0.29000000000000004,0.0,-0.007892585559190314,14,0.5,0.0,1.3135311075039353e-05,,0.0
noisy,0.38,0.0,-0.008016891154384326,14,0.5,0.0,4.2093822905621275e-07,,0.0
noisy,0.47000000000000003,0.0,0.003381613252471613,14,0.5,0.0,0.00018981673050654798,,0.0
noisy,0.56,0.0,0.00526745057569427,14,0.5,0.0,0.0001909502632299168,,0.0
noisy,0.6499999999999999,0.0,-0.002338147361154673,14,0.5,0.0,7.134276621819875e-05,,0.0
noisy,0.74,0.0,-0.007406364943235664,14,0.5,0.0,8.987252432811478e-06,,0.0
noisy,0.8300000000000001,0.0,-0.01253229651401075,14,0.5,0.0,0.0,,0.0
noisy,0.9199999999999999,0.0,0.002242361213684567,14,0.5,0.0,5.9910969880516774e-05,,0.0
noisy,1.01,0.0,0.0037408745819511786,14,0.5,0.0,0.00015434337820461393,,0.0
noisy,1.0999999999999999,0.0,-0.0027015623515893035,14,0.5,0.0,2.9132655128141804e-05,,0.0
noisy,1.19,0.0,0.0013000568971378,14,0.5,0.0,9.168256722548875e-05,,0.0
noisy,1.28,0.0,-0.004546655786952511,14,0.5,0.0,2.3802077657170814e-05,,0.0
noisy,1.3699999999999999,0.0,0.0004820326489108082,14,0.5,0.0,7.3725032887321e-05,,0.0
noisy,1.46,0.0,-0.009000512983952777,14,0.5,0.0,0.0,,0.0
noisy,1.5499999999999998,0.0,-0.011874144388574481,14,0.5,0.0,3.5041775926393794e-05,,0.0
noisy,1.64,0.0,-0.01287349139710857,14,0.5,0.0,0.0,,0.0
noisy,1.73,0.0,-0.018127906504565545,14,0.5,0.0,0.0,,0.0
noisy,1.8199999999999998,0.0,-0.01329156170771255,14,0.5,0.0,0.0,,0.0
noisy,1.91,0.0,-0.013536745330983882,14,0.5,0.0,0.0,,0.0
noisy,2.0,0.0,-0.026538872871910604,14,0.5,0.0,0.0,,0.0
noisy,0.2,0.0,-0.007373674346278538,15,0.5,0.0,0.0,,0.0
noisy,0.29000000000000004,0.0,-0.011555757710598946,15,0.5,0.0,0.0,,0.0
noisy,0.38,0.0,-0.005698891752654944,15,0.5,0.0,0.0,,0.0
noisy,0.47000000000000003,0.0,-0.0045890809846536,15,0.5,0.0,8.77144240763181e-05,,0.0
noisy,0.56,0.0,-0.004446965132551159,15,0.5,0.0,1.0909557201866976e-05,,0.0
noisy,0.6499999999999999,0.0,-0.01254608301992452,15,0.5,0.0,0.0,,0.0
noisy,0.74,0.0,-0.003820611759578915,15,0.5,0.0,0.0,,0.0
noisy,0.8300000000000001,0.0,-0.009198634946483727,15,0.5,0.0,0.0,,0.0
noisy,0.9199999999999999,0.0,-0.008403585797749247,15,0.5,0.0,0.0,,0.0
noisy,1.01,0.0,-0.004010744015605835,15,0.5,0.0,3.309516018322166e-05,,0.0
noisy,1.0999999999999999,0.0,0.003729505829685045,15,0.5,0.0,0.00010708553578898101,,0.0
noisy,1.19,0.0,-0.006842863318603843,15,0.5,0.0,1.536595054546886e-05,,0.0
noisy,1.28,0.0,-0.0026387240345865626,15,0.5,0.0,0.0,,0.0
noisy,1.3699999999999999,0.0,-0.007044334431436069,15,0.5,0.0,0.0,,0.0
noisy,1.46,0.0,-0.013598971275275104,15,0.5,0.0,0.0,,0.0
noisy,1.5499999999999998,0.0,-0.014949912321362982,15,0.5,0.0,0.0,,0.0
noisy,1.64,0.0,-0.014431669659471418,15,0.5,0.0,0.0,,0.0
noisy,1.73,0.0,-0.01487088747707011,15,0.5,0.0,0.0,,0.0
noisy,1.8199999999999998,0.0,-0.017489455084554077,15,0.5,0.0,0.0,,0.0
noisy,1.91,0.0,-0.00966784188459855,15,0.5,0.0,0.0,,0.0
noisy,2.0,0.0,-0.029854293890279677,15,0.5,0.0,0.0,,0.0
noisy,0.2,0.0,-0.6373885596389711,16,0.5,0.0,0.0,,0.0
noisy,0.29000000000000004,0.0,-0.6378067755787648,16,0.5,0.0,0.0,,0.0
noisy,0.38,0.0,-0.6372506268983553,16,0.5,0.0,0.0,,0.0
noisy,0.47000000000000003,0.0,-0.6387538739184048,16,0.5,0.0,0.0,,0.0
noisy,0.56,0.0,-0.637219513029399,16,0.5,0.0,0.0,,0.0
noisy,0.6499999999999999,0.0,-0.6377168480219332,16,0.5,0.0,0.0,,0.0
noisy,0.74,0.0,-0.6376920843386119,16,0.5,0.0,0.0,,0.0
noisy,0.8300000000000001,0.0,-0.6364618317671685,16,0.5,0.0,0.0,,0.0
noisy,0.9199999999999999,0.0,-0.6378397695043455,16,0.5,0.0,0.0,,0.0
noisy,1.01,0.0,-0.6371577199490469,16,0.5,0.0,0.0,,0.0
noisy,1.0999999999999999,0.0,-0.6385055177533934,16,0.5,0.0,0.0,,0.0
noisy,1.19,0.0,-0.6364534442886775,16,0.5,0.0,0.0,,0.0
noisy,1.28,0.0,-0.6358139823174002,16,0.5,0.0,0.0,,0.0
noisy,1.3699999999999999,0.0,-0.6362395120743073,16,0.5,0.0,0.0,,0.0
noisy,1.46,0.0,-0.6362282280266264,16,0.5,0.0,0.0,,0.0
noisy,1.5499999999999998,0.0,-0.6352953537912175,16,0.5,0.0,0.0,,0.0
noisy,1.64,0.0,-0.6354445135894781,16,0.5,0.0,0.0,,0.0
noisy,1.73,0.0,-0.6347821279378797,16,0.5,0.0,0.0,,0.0
noisy,1.8199999999999998,0.0,-0.6360590720969329,16,0.5,0.0,0.0,,0.0
noisy,1.91,0.0,-0.633733924570993,16,0.5,0.0,0.0,,0.0
noisy,2.0,0.0,-0.6353332447619268,16,0.5,0.0,0.0,,0.0
noisy,0.2,0.0,-0.01586107891912104,17,0.5,0.0,0.0,,0.0
noisy,0.29000000000000004,0.0,-0.01585041430035931,17,0.5,0.0,0.0,,0.0
noisy,0.38,0.0,-0.015841758245398022,17,0.5,0.0,0.0,,0.0
noisy,0.47000000000000003,0.0,-0.0157950821464186,17,0.5,0.0,0.0,,0.0
noisy,0.56,0.0,-0.015840415081000956,17,0.5,0.0,0.0,,0.0
noisy,0.6499999999999999,0.0,-0.015869293633642183,17,0.5,0.0,0.0,,0.0
noisy,0.74,0.0,-0.01586157690977383,17,0.5,0.0,0.0,,0.0
noisy,0.8300000000000001,0.0,-0.015847700831050245,17,0.5,0.0,0.0,,0.0
noisy,0.9199999999999999,0.0,-0.015841141680272865,17,0.5,0.0,0.0,,0.0
noisy,1.01,0.0,-0.015853590287909097,17,0.5,0.0,0.0,,0.0
noisy,1.0999999999999999,0.0,-0.015827173412119765,17,0.5,0.0,0.0,,0.0
noisy,1.19,0.0,-0.015846625890096378,17,0.5,0.0,0.0,,0.0
noisy,1.28,0.0,-0.01587809717247557,17,0.5,0.0,0.0,,0.0
noisy,1.3699999999999999,0.0,-0.015874860043097672,17,0.5,0.0,0.0,,0.0
noisy,1.46,0.0,-0.015895737553952377,17,0.5,0.0,0.0,,0.0
noisy,1.5499999999999998,0.0,-0.015878189536269852,17,0.5,0.0,0.0,,0.0
noisy,1.64,0.0,-0.01587668415397785,17,0.5,0.0,0.0,,0.0
noisy,1.73,0.0,-0.01588961668142998,17,0.5,0.0,0.0,,0.0
noisy,1.8199999999999998,0.0,-0.015887747244245104,17,0.5,0.0,0.0,,0.0
noisy,1.91,0.0,-0.015919885041390688,17,0.5,0.0,0.0,,0.0
noisy,2.0,0.0,-0.015905589605726023,17,0.5,0.0,0.0,,0.0
noisy,0.2,0.0,-0.854778732875991,18,0.5,0.0,0.0,,0.0
noisy,0.29000000000000004,0.0,-0.8546900582598821,18,0.5,0.0,0.0,,0.0
noisy,0.38,0.0,-0.8551999532731429,18,0.5,0.0,0.0,,0.0
noisy,0.47000000000000003,0.0,-0.8542357678246669,18,0.5,0.0,0.0,,0.0
noisy,0.56,0.0,-0.8544420732109304,18,0.5,0.0,0.0,,0.0
noisy,0.6499999999999999,0.0,-0.8549408083802499,18,0.5,0.0,0.0,,0.0
noisy,0.74,0.0,-0.8546684757257288,18,0.5,0.0,0.0,,0.0
noisy,0.8300000000000001,0.0,-0.8549853948131739,18,0.5,0.0,0.0,,0.0
noisy,0.9199999999999999,0.0,-0.8549609832370502,18,0.5,0.0,0.0,,0.0
noisy,1.01,0.0,-0.8548632465612142,18,0.5,0.0,0.0,,0.0
noisy,1.0999999999999999,0.0,-0.8544999936060932,18,0.5,0.0,0.0,,0.0
noisy,1.19,0.0,-0.8549932012115579,18,0.5,0.0,0.0,,0.0
noisy,1.28,0.0,-0.8548787720787171,18,0.5,0.0,0.0,,0.0
noisy,1.3699999999999999,0.0,-0.8548646018515305,18,0.5,0.0,0.0,,0.0
noisy,1.46,0.0,-0.8553773683772806,18,0.5,0.0,0.0,,0.0
noisy,1.5499999999999998,0.0,-0.8553952948537584,18,0.5,0.0,0.0,,0.0
noisy,1.64,0.0,-0.8551850534117976,18,0.5,0.0,0.0,,0.0
noisy,1.73,0.0,-0.8551817948594933,18,0.5,0.0,0.0,,0.0
noisy,1.8199999999999998,0.0,-0.8554115388842213,18,0.5,0.0,0.0,,0.0
noisy,1.91,0.0,-0.8556784401014825,18,0.5,0.0,0.0,,0.0
noisy,2.0,0.0,-0.8551769917157325,18,0.5,0.0,0.0,,0.0
noisy,0.2,0.0,-0.005825908330026747,19,0.5,0.0,4.7415104169420485e-05,,0.0
noisy,0.29000000000000004,0.0,-0.0018547790098214299,19,0.5,0.0,4.7984821997405364e-05,,0.0
noisy,0.38,0.0,-0.002342097882888276,19,0.5,0.0,4.0562284480855995e-05,,0.0
noisy,0.47000000000000003,0.0,0.026442814424281483,19,0.5,0.0,0.000353698468851569,,0.0
noisy,0.56,0.0,0.02056276191709042,19,0.5,0.0,0.00022348385628335568,,0.0
noisy,0.6499999999999999,0.0,-0.0035343693615955424,19,0.5,0.0,8.212021946403947e-06,,0.0
noisy,0.74,0.0,-0.002428910720833487,19,0.5,0.0,6.281931450209842e-05,,0.0
noisy,0.8300000000000001,0.0,-0.012597064502661454,19,0.5,0.0,0.0,,0.0
noisy,0.9199999999999999,0.0,0.011277044800018066,19,0.5,0.0,0.00019232958951707207,,0.0
noisy,1.01,0.0,0.006086898200966548,19,0.5,0.0,9.905365145339123e-05,,0.0
noisy,1.0999999999999999,0.0,0.004176384961001116,19,0.5,0.0,9.324592891389469e-05,,0.0
noisy,1.19,0.0,0.011798584205991905,19,0.5,0.0,0.0002845279379313521,,0.0
noisy,1.28,0.0,0.005448766821472249,19,0.5,0.0,0.00016191113813561237,,0.0
noisy,1.3699999999999999,0.0,0.004000959501787288,19,0.5,0.0,0.00011546433534262592,,0.0
noisy,1.46,0.0,-0.006180868249229522,19,0.5,0.0,8.117837829480287e-06,,0.0
noisy,1.5499999999999998,0.0,-0.011594734756132595,19,0.5,0.0,0.0,,0.0
noisy,1.64,0.0,-0.011098520583628313,19,0.5,0.0,8.52065031675712e-06,,0.0
noisy,1.73,0.0,-0.01326705221287687,19,0.5,0.0,1.81595651126899e-05,,0.0
noisy,1.8199999999999998,0.0,-0.018717056425115244,19,0.5,0.0,0.0,,0.0
noisy,1.91,0.0,-0.013020567262986804,19,0.5,0.0,0.0,,0.0
noisy,2.0,0.0,-0.020915236891250705,19,0.5,0.0,0.0,,0.0
noisy,0.2,0.0,0.2500636178331263,1,1.0,1.0,5.283126552585565,,534.0
noisy,0.29000000000000004,0.0,0.3249376208048755,1,1.0,1.0,6.745858334234844,,507.0
noisy,0.38,0.0,0.39998138782941633,1,1.0,1.0,8.052268384269032,,628.0
noisy,0.47000000000000003,0.0,0.47634726376737585,1,1.0,1.0,9.889415451911587,,679.0
noisy,0.56,0.0,0.5463212045005785,1,1.0,1.0,9.905821266826088,,573.0
noisy,0.6499999999999999,0.0,0.6178934628062448,1,1.0,1.0,9.906274545338741,,619.0
noisy,0.74,0.0,0.688745727586279,1,1.0,1.0,9.906449838839771,,518.0
noisy,0.8300000000000001,0.0,0.7784221315781804,1,1.0,1.0,9.906966746927221,,526.0
noisy,0.9199999999999999,0.0,0.9167865715460772,1,1.0,1.0,9.907651467546248,,349.0
noisy,1.01,0.0,0.9975851776364787,1,1.0,1.0,9.91144741065206,,378.0
noisy,1.0999999999999999,0.0,1.0598730413897817,1,1.0,0.6666666666666666,9.905073581673214,,262.0
noisy,1.19,0.0,1.17605818374708,1,1.0,1.0,9.90602574713078,,242.0
noisy,1.28,0.0,1.248125464514966,1,1.0,1.0,9.908949598829333,,218.0
noisy,1.3699999999999999,0.0,1.3543651789824873,1,1.0,1.0,9.912133125397565,,257.0
noisy,1.46,0.0,1.338858425340373,1,1.0,1.0,9.913889208996146,,259.0
noisy,1.5499999999999998,0.0,1.4306438772284409,1,1.0,1.0,9.91395805603466,,251.0
noisy,1.64,0.0,1.532613410963138,1,1.0,1.0,9.915066946454356,,186.0
noisy,1.73,0.0,1.5979519088383747,1,1.0,1.0,9.915275186082894,,186.0
noisy,1.8199999999999998,0.0,1.6164151867396015,1,1.0,1.0,9.914687225582908,,216.0
noisy,1.91,0.0,1.800909619942762,1,1.0,1.0,9.916681673927728,,174.0
noisy,2.0,0.0,1.8659578986574934,1,1.0,1.0,9.918484828994568,,121.0
noisy,0.2,0.0,0.2605843066440588,2,1.0,1.0,5.273222673028838,,514.0
noisy,0.29000000000000004,0.0,0.31254558554331263,2,1.0,1.0,6.470705139297581,,496.0
noisy,0.38,0.0,0.38872179809762647,2,1.0,1.0,8.212027303903668,,637.0
noisy,0.47000000000000003,0.0,0.49887958943135163,2,1.0,1.0,9.904543941708718,,658.0
noisy,0.56,0.0,0.5507456396850382,2,1.0,1.0,9.90491922308065,,554.0
noisy,0.6499999999999999,0.0,0.6319619526745892,2,1.0,1.0,9.905730550237724,,576.0
noisy,0.74,0.0,0.6948069369232961,2,1.0,1.0,9.90447936141045,,603.0
noisy,0.8300000000000001,0.0,0.7867909215768805,2,1.0,1.0,9.905200600058906,,491.0
noisy,0.9199999999999999,0.0,0.9351563578159553,2,1.0,1.0,9.902579281569345,,371.0
noisy,1.01,0.0,1.004626288497569,2,1.0,1.0,9.91000802730394,,345.0
noisy,1.0999999999999999,0.0,1.127061579343863,2,1.0,1.0,9.908699466937271,,274.0
noisy,1.19,0.0,1.1803892176428383,2,1.0,1.0,9.906081252629564,,211.0
noisy,1.28,0.0,1.2709983095567938,2,1.0,1.0,9.908523707271392,,224.0
noisy,1.3699999999999999,0.0,1.2834610844557544,2,1.0,1.0,9.910905260425638,,304.0
noisy,1.46,0.0,1.3617419864031763,2,1.0,1.0,9.91417736494701,,226.0
noisy,1.5499999999999998,0.0,1.4601035597354424,2,1.0,1.0,9.9146780238561,,165.0
noisy,1.64,0.0,1.5429138325204799,2,1.0,1.0,9.907260075940327,,219.0
noisy,1.73,0.0,1.6197536270236599,2,1.0,1.0,9.91357025551902,,152.0
noisy,1.8199999999999998,0.0,1.6706995091146986,2,1.0,1.0,9.917167472284232,,179.0
noisy,1.91,0.0,1.777326261646774,2,1.0,1.0,9.915395710025795,,173.0
noisy,2.0,0.0,1.821447308378078,2,1.0,1.0,9.913264180153995,,128.0
noisy,0.2,0.0,0.24801810145891276,3,1.0,1.0,5.015979644835235,,418.0
noisy,0.29000000000000004,0.0,0.31162880723704106,3,1.0,1.0,6.283806714563282,,529.0
noisy,0.38,0.0,0.400086511060463,3,1.0,1.0,8.122263823061408,,605.0
noisy,0.47000000000000003,0.0,0.4566658320036476,3,1.0,1.0,9.305164791927808,,676.0
noisy,0.56,0.0,0.5581907827762325,3,1.0,1.0,9.903379889606972,,584.0
noisy,0.6499999999999999,0.0,0.6124162650381563,3,1.0,1.0,9.904699705166262,,563.0
noisy,0.74,0.0,0.6882516835293094,3,1.0,1.0,9.907543572101751,,557.0
noisy,0.8300000000000001,0.0,0.7718068036738098,3,1.0,1.0,9.908690092561763,,504.0
noisy,0.9199999999999999,0.0,0.8995594236851238,3,1.0,1.0,9.905529224303368,,409.0
noisy,1.01,0.0,1.0140146033743538,3,1.0,1.0,9.904491645565097,,318.0
noisy,1.0999999999999999,0.0,1.0824254794463206,3,1.0,1.0,9.911703150935294,,295.0
noisy,1.19,0.0,1.1869845543624775,3,1.0,1.0,9.90844621387434,,273.0
noisy,1.28,0.0,1.255231058247935,3,1.0,0.6666666666666666,9.908622659634855,,248.0
noisy,1.3699999999999999,0.0,1.3076819208639632,3,1.0,1.0,9.90381604885585,,264.0
noisy,1.46,0.0,1.404355745582583,3,1.0,1.0,9.911500394591608,,234.0
noisy,1.5499999999999998,0.0,1.4644744015869484,3,1.0,1.0,9.915163808634738,,219.0
noisy,1.64,0.0,1.5352743155084327,3,1.0,1.0,9.913721486128916,,186.0
noisy,1.73,0.0,1.5722047588401047,3,1.0,1.0,9.916068787634622,,173.0
noisy,1.8199999999999998,0.0,1.6516379042135994,3,1.0,1.0,9.91671041410503,,153.0
noisy,1.91,0.0,1.722432974709348,3,1.0,1.0,9.914802925285734,,144.0
noisy,2.0,0.0,1.8730776352194478,3,1.0,1.0,9.914693874696871,,147.0
noisy,0.2,0.0,0.2511612557449851,4,1.0,1.0,5.2442097406846155,,434.0
noisy,0.29000000000000004,0.0,0.31399687773280816,4,1.0,1.0,6.490738207095411,,571.0
noisy,0.38,0.0,0.40884824228771915,4,1.0,1.0,8.323872002839737,,547.0
noisy,0.47000000000000003,0.0,0.4850115202230067,4,1.0,1.0,9.811971097711304,,669.0
noisy,0.56,0.0,0.555172000884783,4,1.0,1.0,9.90456370409347,,604.0
noisy,0.6499999999999999,0.0,0.6209589760179824,4,1.0,1.0,9.90189805061024,,586.0
noisy,0.74,0.0,0.6927031581588426,4,1.0,1.0,9.904554250235337,,537.0
noisy,0.8300000000000001,0.0,0.7676646280647951,4,1.0,1.0,9.906234365213878,,496.0
noisy,0.9199999999999999,0.0,0.9148249526534937,4,1.0,1.0,9.90760040497575,,427.0
noisy,1.01,0.0,1.0027403187481043,4,1.0,1.0,9.91158909177829,,315.0
noisy,1.0999999999999999,0.0,1.0850775638519565,4,1.0,1.0,9.90429678106817,,302.0
noisy,1.19,0.0,1.196682082130333,4,1.0,1.0,9.903995133934405,,267.0
noisy,1.28,0.0,1.2715194073612854,4,1.0,1.0,9.907905020657461,,259.0
noisy,1.3699999999999999,0.0,1.319388577167126,4,1.0,1.0,9.912278734968377,,296.0
noisy,1.46,0.0,1.3767126059896622,4,1.0,1.0,9.906256056954765,,188.0
noisy,1.5499999999999998,0.0,1.4309346779411707,4,1.0,1.0,9.91350152124275,,208.0
noisy,1.64,0.0,1.55191820599738,4,1.0,1.0,9.915387789674993,,194.0
noisy,1.73,0.0,1.592982046286311,4,1.0,1.0,9.911326727344207,,200.0
noisy,1.8199999999999998,0.0,1.6465527366761765,4,1.0,1.0,9.909996277058731,,158.0
noisy,1.91,0.0,1.7545111501880364,4,1.0,1.0,9.917086833152055,,174.0
noisy,2.0,0.0,1.7888159978777292,4,1.0,1.0,9.904667164413253,,177.0
noisy,0.2,0.0,0.24652983817189109,5,1.0,1.0,4.946835406155996,,510.0
noisy,0.29000000000000004,0.0,0.32023496369529325,5,1.0,1.0,6.5304543634929235,,625.0
noisy,0.38,0.0,0.39809502219562815,5,1.0,1.0,8.213514679930409,,534.0
noisy,0.47000000000000003,0.0,0.4921024488208207,5,1.0,1.0,9.901501866760466,,628.0
noisy,0.56,0.0,0.5575526007313653,5,1.0,1.0,9.904265683026082,,619.0
noisy,0.6499999999999999,0.0,0.6265431850931082,5,1.0,1.0,9.904927092193262,,581.0
noisy,0.74,0.0,0.7015517139192617,5,1.0,1.0,9.903517709737214,,552.0
noisy,0.8300000000000001,0.0,0.7824086780086238,5,1.0,1.0,9.908742818876311,,474.0
noisy,0.9199999999999999,0.0,0.9613646848867557,5,1.0,1.0,9.910102633425574,,397.0
noisy,1.01,0.0,0.9955548403278499,5,1.0,1.0,9.912788787019544,,399.0
noisy,1.0999999999999999,0.0,1.099707904870819,5,1.0,1.0,9.911764384119932,,291.0
noisy,1.19,0.0,1.1827481005955744,5,1.0,1.0,9.911664403523401,,237.0
noisy,1.28,0.0,1.264220643213472,5,1.0,1.0,9.9097084941927,,262.0
noisy,1.3699999999999999,0.0,1.3135211767227075,5,1.0,1.0,9.912769260742083,,242.0
noisy,1.46,0.0,1.3708910949954312,5,1.0,1.0,9.911618889668144,,244.0
noisy,1.5499999999999998,0.0,1.458843897845088,5,1.0,1.0,9.915758062328445,,259.0
noisy,1.64,0.0,1.5336179597605453,5,1.0,1.0,9.912280022410494,,212.0
noisy,1.73,0.0,1.630027026134104,5,1.0,1.0,9.91214953516769,,103.0
noisy,1.8199999999999998,0.0,1.6743851607893563,5,1.0,1.0,9.911053836768787,,187.0
noisy,1.91,0.0,1.7808126963009467,5,1.0,1.0,9.90589212895352,,144.0
noisy,2.0,0.0,1.8185306812348723,5,1.0,1.0,9.913808337972144,,116.0
noisy,0.2,0.0,0.2495177016007316,6,1.0,1.0,5.113704608414461,,432.0
noisy,0.29000000000000004,0.0,0.31512064280642016,6,1.0,1.0,6.441640146650122,,500.0
noisy,0.38,0.0,0.40641183042177415,6,1.0,1.0,8.38627913747719,,586.0
noisy,0.47000000000000003,0.0,0.4619424541511921,6,1.0,1.0,9.690167484920467,,670.0
noisy,0.56,0.0,0.5624606889381366,6,1.0,1.0,9.906847394321227,,654.0
noisy,0.6499999999999999,0.0,0.6165508855862675,6,1.0,1.0,9.905957760362668,,595.0
noisy,0.74,0.0,0.7015950246717022,6,1.0,1.0,9.906173293005656,,529.0
noisy,0.8300000000000001,0.0,0.7946672917564972,6,1.0,1.0,9.904738019983126,,493.0
noisy,0.9199999999999999,0.0,0.9436965459518989,6,1.0,1.0,9.903184815841545,,318.0
noisy,1.01,0.0,1.0450737911716244,6,1.0,1.0,9.912239310578608,,249.0
noisy,1.0999999999999999,0.0,1.0872269894308488,6,1.0,1.0,9.905731099045976,,325.0
noisy,1.19,0.0,1.1513862930540384,6,1.0,1.0,9.908396628455971,,295.0
noisy,1.28,0.0,1.190387870569638,6,1.0,0.6666666666666666,9.909715410219372,,216.0
noisy,1.3699999999999999,0.0,1.3306441132670923,6,1.0,1.0,9.904694462698885,,250.0
noisy,1.46,0.0,1.3592850418099383,6,1.0,1.0,9.91076248022794,,272.0
noisy,1.5499999999999998,0.0,1.4526329579092403,6,1.0,1.0,9.910193591033625,,184.0
noisy,1.64,0.0,1.546916883399412,6,1.0,1.0,9.912083093397204,,203.0
noisy,1.73,0.0,1.6127903179176313,6,1.0,1.0,9.913485862470703,,172.0
noisy,1.8199999999999998,0.0,1.6602862834970604,6,1.0,1.0,9.91473172993145,,161.0
noisy,1.91,0.0,1.7260622210702845,6,1.0,1.0,9.914465586177673,,167.0
noisy,2.0,0.0,1.8061628368419316,6,1.0,1.0,9.916679046680716,,143.0
noisy,0.2,0.0,0.24562078828494038,7,1.0,1.0,5.058693414224974,,384.0
noisy,0.29000000000000004,0.0,0.32464535556233215,7,1.0,1.0,6.5394676016927855,,421.0
noisy,0.38,0.0,0.4365413500546331,7,1.0,1.0,9.707108408757147,,628.0
noisy,0.47000000000000003,0.0,0.4920817283052252,7,1.0,1.0,9.908849294988961,,583.0
noisy,0.56,0.0,0.5557802308028538,7,1.0,1.0,9.906520967589344,,554.0
noisy,0.6499999999999999,0.0,0.6228888394495614,7,1.0,1.0,9.906105096116454,,632.0
noisy,0.74,0.0,0.6939704527874508,7,1.0,1.0,9.906233598480632,,593.0
noisy,0.8300000000000001,0.0,0.7891139102611971,7,1.0,1.0,9.903479335212586,,491.0
noisy,0.9199999999999999,0.0,0.9039816297277466,7,1.0,1.0,9.907250598464232,,403.0
noisy,1.01,0.0,1.0018280643462847,7,1.0,1.0,9.91046394101299,,347.0
noisy,1.0999999999999999,0.0,1.0684209491483976,7,1.0,1.0,9.905145788856544,,230.0
noisy,1.19,0.0,1.1903109920280912,7,1.0,1.0,9.907666869087592,,242.0
noisy,1.28,0.0,1.2431896123725152,7,1.0,1.0,9.910691317300019,,268.0
noisy,1.3699999999999999,0.0,1.3330828712055087,7,1.0,1.0,9.904436541829234,,219.0
noisy,1.46,0.0,1.3854203189039527,7,1.0,1.0,9.910443208502702,,218.0
noisy,1.5499999999999998,0.0,1.4439429763927512,7,1.0,1.0,9.907716361518851,,251.0
noisy,1.64,0.0,1.5377575132238164,7,1.0,1.0,9.913257143721907,,190.0
noisy,1.73,0.0,1.5856133841119047,7,1.0,1.0,9.913038062725597,,163.0
noisy,1.8199999999999998,0.0,1.6576512826975638,7,1.0,1.0,9.91563751792958,,160.0
noisy,1.91,0.0,1.7675255390346152,7,1.0,1.0,9.91212494302857,,151.0
noisy,2.0,0.0,1.7800689000373113,7,1.0,1.0,9.917310023361535,,143.0
noisy,0.2,0.0,0.24724384071137487,8,1.0,1.0,5.0471625567041976,,379.0
noisy,0.29000000000000004,0.0,0.3190792776098702,8,1.0,1.0,6.456580244370304,,474.0
noisy,0.38,0.0,0.40995061105255237,8,1.0,1.0,8.224079251423094,,492.0
noisy,0.47000000000000003,0.0,0.5035844476600427,8,1.0,1.0,9.904240465452157,,604.0
noisy,0.56,0.0,0.5487711041066398,8,1.0,1.0,9.902698300879024,,595.0
noisy,0.6499999999999999,0.0,0.6252642117081858,8,1.0,1.0,9.906750494422901,,576.0
noisy,0.74,0.0,0.6777235390055303,8,1.0,1.0,9.90426901606174,,543.0
noisy,0.8300000000000001,0.0,0.7887648028938766,8,1.0,1.0,9.904740149810957,,520.0
noisy,0.9199999999999999,0.0,0.9102782399183346,8,1.0,1.0,9.908209164555753,,437.0
noisy,1.01,0.0,0.9788934001792962,8,1.0,1.0,9.91076815971147,,400.0
noisy,1.0999999999999999,0.0,1.086407003855457,8,1.0,1.0,9.907582890749573,,282.0
noisy,1.19,0.0,1.1482667066155272,8,1.0,1.0,9.912132994805033,,277.0
noisy,1.28,0.0,1.1960691333926659,8,1.0,1.0,9.903987130367524,,240.0
noisy,1.3699999999999999,0.0,1.2716777235228658,8,1.0,1.0,9.913288426475326,,313.0
noisy,1.46,0.0,1.38949122639924,8,1.0,1.0,9.91287408891238,,228.0
noisy,1.5499999999999998,0.0,1.4297780009871328,8,1.0,1.0,9.916932344267895,,232.0
noisy,1.64,0.0,1.5397761412372513,8,1.0,1.0,9.916535740229369,,196.0
noisy,1.73,0.0,1.6199881855946991,8,1.0,1.0,9.913735118947654,,185.0
noisy,1.8199999999999998,0.0,1.682242351428356,8,1.0,1.0,9.906359052020385,,171.0
noisy,1.91,0.0,1.7447096312355976,8,1.0,1.0,9.915795091807587,,171.0
noisy,2.0,0.0,1.854148684336588,8,1.0,1.0,9.9177283090898,,126.0
noisy,0.2,0.0,0.24278921976543658,9,1.0,1.0,4.956453612803505,,485.0
noisy,0.29000000000000004,0.0,0.31484126870924994,9,1.0,1.0,6.582813549228151,,452.0
noisy,0.38,0.0,0.39554392513945363,9,1.0,1.0,8.096291293004196,,587.0
noisy,0.47000000000000003,0.0,0.45673559384452794,9,1.0,1.0,9.200383821022223,,574.0
noisy,0.56,0.0,0.553268070229223,9,1.0,1.0,9.905586168318358,,650.0
noisy,0.6499999999999999,0.0,0.6261772825346062,9,1.0,1.0,9.90536452268806,,528.0
noisy,0.74,0.0,0.6907532760489392,9,1.0,1.0,9.902917931383913,,513.0
noisy,0.8300000000000001,0.0,0.7929662532606008,9,1.0,1.0,9.90409725021396,,501.0
noisy,0.9199999999999999,0.0,0.910082435879943,9,1.0,1.0,9.90767174933668,,356.0
noisy,1.01,0.0,1.0005103313626924,9,1.0,1.0,9.908957412153422,,388.0
noisy,1.0999999999999999,0.0,1.0879285180793044,9,1.0,1.0,9.910122357474666,,241.0
noisy,1.19,0.0,1.1723486269374854,9,1.0,1.0,9.910517800517658,,307.0
noisy,1.28,0.0,1.214094821902464,9,1.0,1.0,9.910943490866396,,304.0
noisy,1.3699999999999999,0.0,1.3110387916314046,9,1.0,1.0,9.910609618579848,,239.0
noisy,1.46,0.0,1.3715011850805159,9,1.0,1.0,9.910523929712179,,233.0
noisy,1.5499999999999998,0.0,1.4266140447390647,9,1.0,1.0,9.914942150664023,,254.0
noisy,1.64,0.0,1.5446086675085196,9,1.0,1.0,9.916285178928485,,190.0
noisy,1.73,0.0,1.6012809590788457,9,1.0,1.0,9.911520084401443,,177.0
noisy,1.8199999999999998,0.0,1.6403876136405529,9,1.0,1.0,9.91616512172357,,193.0
noisy,1.91,0.0,1.7384651394653352,9,1.0,1.0,9.916311911369526,,159.0
noisy,2.0,0.0,1.8459683948888712,9,1.0,1.0,9.91512429901491,,124.0
noisy,0.2,0.0,0.2555449582601232,10,1.0,1.0,5.324325662966311,,410.0
noisy,0.29000000000000004,0.0,0.30786531894351693,10,1.0,1.0,6.414288340353087,,510.0
noisy,0.38,0.0,0.3989009424853593,10,1.0,1.0,8.194006585809447,,529.0
noisy,0.47000000000000003,0.0,0.47546262335470857,10,1.0,1.0,9.904779470876361,,477.0
noisy,0.56,0.0,0.5485570837551078,10,1.0,1.0,9.904284545068991,,597.0
noisy,0.6499999999999999,0.0,0.6343101317251673,10,1.0,1.0,9.90605594845389,,597.0
noisy,0.74,0.0,0.6837149895948341,10,1.0,1.0,9.907632607784906,,520.0
noisy,0.8300000000000001,0.0,0.7742461333906424,10,1.0,1.0,9.907312198043954,,531.0
noisy,0.9199999999999999,0.0,0.9013746006796463,10,1.0,1.0,9.906529091708487,,344.0
noisy,1.01,0.0,0.9951262287498016,10,1.0,1.0,9.910945156610127,,354.0
noisy,1.0999999999999999,0.0,1.100286715843037,10,1.0,1.0,9.909206677332937,,270.0
noisy,1.19,0.0,1.1698699594790465,10,1.0,1.0,9.9080037426315,,255.0
noisy,1.28,0.0,1.244974506311065,10,1.0,1.0,9.90659601660883,,211.0
noisy,1.3699999999999999,0.0,1.3248275367127682,10,1.0,1.0,9.912988327581846,,281.0
noisy,1.46,0.0,1.371080602766325,10,1.0,1.0,9.915337737628883,,235.0
noisy,1.5499999999999998,0.0,1.433081032334936,10,1.0,1.0,9.90600454374887,,207.0
noisy,1.64,0.0,1.5080979536032773,10,1.0,1.0,9.915283555457972,,180.0
noisy,1.73,0.0,1.5695378320380116,10,1.0,1.0,9.913892083325518,,225.0
noisy,1.8199999999999998,0.0,1.6910611621494775,10,1.0,1.0,9.913614652165986,,148.0
noisy,1.91,0.0,1.6963810303147964,10,1.0,1.0,9.912042647647377,,157.0
noisy,2.0,0.0,1.8021570351498675,10,1.0,1.0,9.914399128485124,,146.0
noisy,0.2,0.0,0.24585392928958286,11,1.0,1.0,5.230085886577164,,429.0
noisy,0.29000000000000004,0.0,0.3241795059853883,11,1.0,1.0,6.513926835909037,,531.0
noisy,0.38,0.0,0.4403728062223781,11,1.0,1.0,9.445155120828067,,573.0
noisy,0.47000000000000003,0.0,0.47107740397742087,11,1.0,1.0,9.764182382189887,,576.0
noisy,0.56,0.0,0.5377769472488225,11,1.0,0.6666666666666666,9.902209058550223,,574.0
noisy,0.6499999999999999,0.0,0.6445967202308468,11,1.0,1.0,9.905063078136518,,559.0
noisy,0.74,0.0,0.6814378425061819,11,1.0,1.0,9.90412979459638,,538.0
noisy,0.8300000000000001,0.0,0.7640781592500206,11,1.0,1.0,9.903185026987714,,514.0
noisy,0.9199999999999999,0.0,0.9045638492680279,11,1.0,1.0,9.908718079871965,,468.0
noisy,1.01,0.0,1.0119761253074724,11,1.0,1.0,9.91304721905583,,309.0
noisy,1.0999999999999999,0.0,1.1132824415805471,11,1.0,1.0,9.907520301939607,,320.0
noisy,1.19,0.0,1.1452324809174785,11,1.0,1.0,9.910786458200878,,296.0
noisy,1.28,0.0,1.2067263641442407,11,1.0,1.0,9.913049539655383,,329.0
noisy,1.3699999999999999,0.0,1.2581253535525994,11,1.0,1.0,9.910643582079352,,242.0
noisy,1.46,0.0,1.3440559340396911,11,1.0,1.0,9.907160932642766,,232.0
noisy,1.5499999999999998,0.0,1.4338895262576532,11,1.0,1.0,9.904619795441382,,226.0
noisy,1.64,0.0,1.552425492485855,11,1.0,1.0,9.912835329643055,,162.0
noisy,1.73,0.0,1.6385967885505783,11,1.0,1.0,9.908727069472027,,178.0
noisy,1.8199999999999998,0.0,1.5952165915286933,11,1.0,1.0,9.91255706116826,,164.0
noisy,1.91,0.0,1.6778987661052003,11,1.0,1.0,9.91342202967302,,146.0
noisy,2.0,0.0,1.7983800884453507,11,1.0,1.0,9.908468643495613,,142.0
noisy,0.2,0.0,0.2486568847890703,12,1.0,1.0,5.33566090498929,,372.0
noisy,0.29000000000000004,0.0,0.31709303584338244,12,1.0,1.0,6.503411078921755,,507.0
noisy,0.38,0.0,0.39651724866923804,12,1.0,1.0,8.42625665898945,,577.0
noisy,0.47000000000000003,0.0,0.49142134657409026,12,1.0,1.0,9.901144934295349,,657.0
noisy,0.56,0.0,0.5482008021837209,12,1.0,1.0,9.902804112333188,,659.0
noisy,0.6499999999999999,0.0,0.6079631941457408,12,1.0,1.0,9.906074031753725,,621.0
noisy,0.74,0.0,0.690640750390577,12,1.0,1.0,9.905723684601782,,512.0
noisy,0.8300000000000001,0.0,0.8107506100288727,12,1.0,1.0,9.907609310130251,,402.0
noisy,0.9199999999999999,0.0,0.9012145947936006,12,1.0,1.0,9.908383896331427,,317.0
noisy,1.01,0.0,0.9849106986359506,12,1.0,1.0,9.90810864553152,,413.0
noisy,1.0999999999999999,0.0,1.0806291212110843,12,1.0,1.0,9.90852184499744,,206.0
noisy,1.19,0.0,1.1344407856038654,12,1.0,1.0,9.911086122489024,,193.0
noisy,1.28,0.0,1.2263238023328202,12,1.0,1.0,9.91288439572153,,278.0
noisy,1.3699999999999999,0.0,1.2816853911284014,12,1.0,1.0,9.906629460466451,,248.0
noisy,1.46,0.0,1.369751826780765,12,1.0,1.0,9.906758564751208,,257.0
noisy,1.5499999999999998,0.0,1.455733626277005,12,1.0,1.0,9.914674416050621,,199.0
noisy,1.64,0.0,1.4904376267020574,12,1.0,1.0,9.914366408069318,,172.0
noisy,1.73,0.0,1.5734562658978761,12,1.0,1.0,9.91268607832799,,175.0
noisy,1.8199999999999998,0.0,1.5979241493142746,12,1.0,1.0,9.914180587210888,,206.0
noisy,1.91,0.0,1.7206367164332992,12,1.0,1.0,9.91248051582118,,143.0
noisy,2.0,0.0,1.743286002968193,12,1.0,1.0,9.906134553494768,,158.0
noisy,0.2,0.0,0.24586301259611806,13,1.0,1.0,5.096176426394172,,457.0
noisy,0.29000000000000004,0.0,0.3252799206116251,13,1.0,1.0,6.880288234971219,,438.0
noisy,0.38,0.0,0.40789501062951006,13,1.0,1.0,8.343784241761377,,604.0
noisy,0.47000000000000003,0.0,0.5283797538694083,13,1.0,1.0,9.907268802797491,,517.0
noisy,0.56,0.0,0.5478097877383451,13,1.0,1.0,9.90282293274707,,602.0
noisy,0.6499999999999999,0.0,0.6053353827940243,13,1.0,1.0,9.904179374854895,,584.0
noisy,0.74,0.0,0.6884271680931917,13,1.0,1.0,9.904796039487815,,544.0
noisy,0.8300000000000001,0.0,0.7868667899355256,13,1.0,1.0,9.907727908810237,,491.0
noisy,0.9199999999999999,0.0,0.893206344425043,13,1.0,1.0,9.904457575418155,,421.0
noisy,1.01,0.0,1.004926014862525,13,1.0,1.0,9.910853279164881,,363.0
noisy,1.0999999999999999,0.0,1.0857780538234476,13,1.0,1.0,9.90920099351174,,278.0
noisy,1.19,0.0,1.1409580465025886,13,1.0,1.0,9.906178326037375,,216.0
noisy,1.28,0.0,1.215800616565275,13,1.0,1.0,9.911356563875753,,256.0
noisy,1.3699999999999999,0.0,1.299992681463454,13,1.0,1.0,9.905431617501476,,304.0
noisy,1.46,0.0,1.3474908479250713,13,1.0,1.0,9.912266401570236,,237.0
noisy,1.5499999999999998,0.0,1.4154520781902369,13,1.0,1.0,9.910409032058768,,210.0
noisy,1.64,0.0,1.5192152717775123,13,1.0,1.0,9.91610735993731,,167.0
noisy,1.73,0.0,1.5947782312438143,13,1.0,0.6666666666666666,9.91626809765822,,168.0
noisy,1.8199999999999998,0.0,1.6528101039163048,13,1.0,1.0,9.91429367461217,,189.0
noisy,1.91,0.0,1.7125972727747278,13,1.0,1.0,9.914835189663851,,131.0
noisy,2.0,0.0,1.822173209615066,13,1.0,0.6666666666666666,9.90890874882377,,128.0
noisy,0.2,0.0,0.24513798634315742,14,1.0,1.0,4.988443424631169,,434.0
noisy,0.29000000000000004,0.0,0.3175079118573709,14,1.0,1.0,6.517386985592709,,527.0
noisy,0.38,0.0,0.4052426274950043,14,1.0,1.0,8.294862317813584,,566.0
noisy,0.47000000000000003,0.0,0.47464763073547234,14,1.0,1.0,9.84231882872088,,647.0
noisy,0.56,0.0,0.5745981430841052,14,1.0,1.0,9.906632406439083,,654.0
noisy,0.6499999999999999,0.0,0.6210324023317443,14,1.0,1.0,9.904655042969761,,555.0
noisy,0.74,0.0,0.6866051405596355,14,1.0,1.0,9.904571497052077,,538.0
noisy,0.8300000000000001,0.0,0.770563350441901,14,1.0,1.0,9.90836804117881,,516.0
noisy,0.9199999999999999,0.0,0.8854665322764577,14,1.0,1.0,9.908112248087301,,478.0
noisy,1.01,0.0,0.9840309578038279,14,1.0,1.0,9.911522265099245,,360.0
noisy,1.0999999999999999,0.0,1.0745443854131977,14,1.0,1.0,9.906030681003681,,353.0
noisy,1.19,0.0,1.1539114206307144,14,1.0,0.3333333333333333,9.905067592084778,,235.0
noisy,1.28,0.0,1.2492993308957197,14,1.0,1.0,9.912821669385396,,176.0
noisy,1.3699999999999999,0.0,1.3010690584150637,14,1.0,0.6666666666666666,9.907725867042348,,252.0
noisy,1.46,0.0,1.369281623556887,14,1.0,0.6666666666666666,9.911177183173812,,255.0
noisy,1.5499999999999998,0.0,1.4510790115657466,14,1.0,1.0,9.91303066395012,,184.0
noisy,1.64,0.0,1.5262480743493765,14,1.0,1.0,9.912209120696875,,195.0
noisy,1.73,0.0,1.600719046186957,14,1.0,0.6666666666666666,9.912414386476936,,148.0
noisy,1.8199999999999998,0.0,1.649854097833767,14,1.0,1.0,9.912269255225008,,179.0
noisy,1.91,0.0,1.7535322843957049,14,1.0,1.0,9.916871649708368,,143.0
noisy,2.0,0.0,1.7743726291062172,14,1.0,1.0,9.913415321433149,,110.0
noisy,0.2,0.0,0.24879913904777617,15,1.0,1.0,5.147382313954053,,384.0
noisy,0.29000000000000004,0.0,0.31965720772720785,15,1.0,1.0,6.530770565002352,,440.0
noisy,0.38,0.0,0.40591654495516033,15,1.0,1.0,8.273517680978845,,672.0
noisy,0.47000000000000003,0.0,0.47665324029517636,15,1.0,1.0,9.659833629843403,,644.0
noisy,0.56,0.0,0.5298598185659972,15,1.0,1.0,9.903268166322421,,633.0
noisy,0.6499999999999999,0.0,0.6157023850328707,15,1.0,1.0,9.903225454361896,,623.0
noisy,0.74,0.0,0.6881390545203437,15,1.0,1.0,9.905045906908402,,544.0
noisy,0.8300000000000001,0.0,0.7880697905280818,15,1.0,1.0,9.905911095586504,,497.0
noisy,0.9199999999999999,0.0,0.9253396215043826,15,1.0,0.3333333333333333,9.902625903168655,,342.0
noisy,1.01,0.0,1.0154236921224988,15,1.0,1.0,9.911789662259785,,295.0
noisy,1.0999999999999999,0.0,1.0657836562941083,15,1.0,1.0,9.907771732170934,,349.0
noisy,1.19,0.0,1.1926224620428083,15,1.0,1.0,9.907753728801094,,238.0
noisy,1.28,0.0,1.2873870040679292,15,1.0,1.0,9.916021644263301,,224.0
noisy,1.3699999999999999,0.0,1.322737964563114,15,1.0,0.3333333333333333,9.910990654323255,,306.0
noisy,1.46,0.0,1.4045927670011977,15,1.0,0.6666666666666666,9.914003543726487,,254.0
noisy,1.5499999999999998,0.0,1.4356491072605053,15,1.0,0.6666666666666666,9.914261816547398,,245.0
noisy,1.64,0.0,1.51976361381991,15,1.0,1.0,9.913893925465581,,164.0
noisy,1.73,0.0,1.6224928136593142,15,1.0,0.3333333333333333,9.910704850799295,,152.0
noisy,1.8199999999999998,0.0,1.6675267670573142,15,1.0,1.0,9.910884833965138,,178.0
noisy,1.91,0.0,1.748133981177937,15,1.0,1.0,9.916965849183185,,145.0
noisy,2.0,0.0,1.8237382268175824,15,1.0,1.0,9.915985989462138,,125.0
noisy,0.2,0.0,0.25636580281014243,16,1.0,1.0,5.47070124121875,,382.0
noisy,0.29000000000000004,0.0,0.31599371353614253,16,1.0,1.0,6.535653674790278,,462.0
noisy,0.38,0.0,0.40388299354073737,16,1.0,1.0,8.477873914851735,,561.0
noisy,0.47000000000000003,0.0,0.490028217095077,16,1.0,0.6666666666666666,9.651055869988404,,591.0
noisy,0.56,0.0,0.5540841990106378,16,1.0,0.0,9.846114571498138,,565.0
noisy,0.6499999999999999,0.0,0.6269973253087565,16,1.0,0.6666666666666666,9.903473716465786,,554.0
noisy,0.74,0.0,0.6898353109174228,16,1.0,0.6666666666666666,9.905220178541992,,508.0
noisy,0.8300000000000001,0.0,0.814866625001684,16,1.0,0.3333333333333333,9.90597086458008,,515.0
noisy,0.9199999999999999,0.0,0.9115289890437435,16,1.0,0.6666666666666666,9.903549866878198,,425.0
noisy,1.01,0.0,0.9906655141598377,16,1.0,1.0,9.906029118970132,,383.0
noisy,1.0999999999999999,0.0,1.108171684725132,16,1.0,0.6666666666666666,9.910681471332182,,273.0
noisy,1.19,0.0,1.1784780784626996,16,1.0,0.0,9.843463052053956,,250.0
noisy,1.28,0.0,1.2322902172198438,16,1.0,0.3333333333333333,9.909102805321071,,254.0
noisy,1.3699999999999999,0.0,1.2867030658985172,16,1.0,0.6666666666666666,9.91137424048,,282.0
noisy,1.46,0.0,1.3173073013680432,16,1.0,0.6666666666666666,9.91296815164089,,281.0
noisy,1.5499999999999998,0.0,1.4453776025019625,16,1.0,0.6666666666666666,9.914271094070832,,201.0
noisy,1.64,0.0,1.5277907362294558,16,1.0,0.6666666666666666,9.916705077854985,,168.0
noisy,1.73,0.0,1.6235042951572993,16,1.0,0.3333333333333333,9.904173450247088,,152.0
noisy,1.8199999999999998,0.0,1.653530663591587,16,1.0,0.0,9.770650929356467,,162.0
noisy,1.91,0.0,1.7574229056587505,16,1.0,0.6666666666666666,9.912678178213406,,160.0
noisy,2.0,0.0,1.8228325430570624,16,1.0,0.3333333333333333,9.906715310334773,,128.0
noisy,0.2,0.0,0.24707077316457182,17,1.0,1.0,4.991742548229156,,322.0
noisy,0.29000000000000004,0.0,0.31460810936742956,17,1.0,1.0,6.376611147819195,,464.0
noisy,0.38,0.0,0.3901336164872924,17,1.0,0.6666666666666666,8.388306674887636,,675.0
noisy,0.47000000000000003,0.0,0.4561602954095774,17,1.0,0.6666666666666666,9.188198978207112,,711.0
noisy,0.56,0.0,0.5670312590736631,17,1.0,0.0,9.65641083528193,,554.0
noisy,0.6499999999999999,0.0,0.6170474441220841,17,1.0,0.3333333333333333,9.903448514873821,,585.0
noisy,0.74,0.0,0.6768394454375682,17,1.0,0.3333333333333333,9.902081045812217,,526.0
noisy,0.8300000000000001,0.0,0.7821907100782844,17,1.0,0.0,9.743938469022577,,483.0
noisy,0.9199999999999999,0.0,0.9093633877359846,17,1.0,0.6666666666666666,9.910754930844236,,315.0
noisy,1.01,0.0,1.0066808791398283,17,1.0,0.6666666666666666,9.911089591552523,,371.0
noisy,1.0999999999999999,0.0,1.0725905869296284,17,1.0,0.3333333333333333,9.901815274248293,,212.0
noisy,1.19,0.0,1.1569527234728463,17,1.0,0.0,9.722499117279078,,280.0
noisy,1.28,0.0,1.2573507361504201,17,1.0,0.6666666666666666,9.907534350718894,,189.0
noisy,1.3699999999999999,0.0,1.3055210984392471,17,1.0,0.3333333333333333,9.908927919453523,,287.0
noisy,1.46,0.0,1.360344052109727,17,1.0,0.0,9.653903219371756,,283.0
noisy,1.5499999999999998,0.0,1.437631230999153,17,1.0,0.3333333333333333,9.908464759841806,,223.0
noisy,1.64,0.0,1.525682227808493,17,1.0,0.3333333333333333,9.903259231911546,,193.0
noisy,1.73,0.0,1.5849923712376413,17,1.0,0.0,9.664304291380489,,198.0
noisy,1.8199999999999998,0.0,1.6525934811480487,17,1.0,0.3333333333333333,9.900859408860121,,191.0
noisy,1.91,0.0,1.7233094009176202,17,1.0,0.3333333333333333,9.908848942361773,,160.0
noisy,2.0,0.0,1.8224503335650477,17,1.0,0.6666666666666666,9.919816131294983,,154.0
noisy,0.2,0.0,0.24018288053497572,18,1.0,1.0,5.037021596335534,,428.0
noisy,0.29000000000000004,0.0,0.31178785996036756,18,1.0,1.0,6.450129973338294,,502.0
noisy,0.38,0.0,0.39548937677223656,18,1.0,1.0,8.232286435620017,,577.0
noisy,0.47000000000000003,0.0,0.4678938856066907,18,1.0,1.0,9.632360659248626,,639.0
noisy,0.56,0.0,0.5562029105357752,18,1.0,0.0,9.65460553025132,,604.0
noisy,0.6499999999999999,0.0,0.6201875582892172,18,1.0,0.0,9.652126733826591,,541.0
noisy,0.74,0.0,0.6868486104105243,18,1.0,0.0,9.734112591993163,,498.0
noisy,0.8300000000000001,0.0,0.7737665805838936,18,1.0,0.0,9.654138911940848,,467.0
noisy,0.9199999999999999,0.0,0.8771914580214579,18,1.0,0.0,9.656542872473866,,453.0
noisy,1.01,0.0,1.0080320212620162,18,1.0,0.0,9.735150736692503,,287.0
noisy,1.0999999999999999,0.0,1.0776551615044685,18,1.0,0.0,9.753637417115602,,401.0
noisy,1.19,0.0,1.1749557499125152,18,1.0,0.0,9.778730942554018,,202.0
noisy,1.28,0.0,1.227783413252874,18,1.0,0.0,9.66039833174287,,280.0
noisy,1.3699999999999999,0.0,1.3207145059245111,18,1.0,0.0,9.65898135900256,,258.0
noisy,1.46,0.0,1.3645210421795027,18,1.0,0.0,9.661088919044353,,235.0
noisy,1.5499999999999998,0.0,1.4302304885282917,18,1.0,0.0,9.659709581577996,,208.0
noisy,1.64,0.0,1.4959395976524414,18,1.0,0.0,9.789087536826829,,183.0
noisy,1.73,0.0,1.562353504778339,18,1.0,0.0,9.666644527093458,,158.0
noisy,1.8199999999999998,0.0,1.6397239382605966,18,1.0,0.0,9.79871941411083,,169.0
noisy,1.91,0.0,1.709102463773391,18,1.0,0.3333333333333333,9.917968997128852,,134.0
noisy,2.0,0.0,1.8023047699096455,18,1.0,0.0,9.66353698717939,,153.0
noisy,0.2,0.0,0.24790905750794204,19,1.0,1.0,5.084397480383064,,533.0
noisy,0.29000000000000004,0.0,0.32236742368225046,19,1.0,1.0,6.537446823504207,,572.0
noisy,0.38,0.0,0.38734891801096794,19,1.0,1.0,7.950002979540243,,575.0
noisy,0.47000000000000003,0.0,0.4118846603737228,19,1.0,0.3333333333333333,9.214390441353878,,614.0
noisy,0.56,0.0,0.5730701112587949,19,1.0,0.0,9.652998112786777,,707.0
noisy,0.6499999999999999,0.0,0.6212564631010297,19,1.0,0.0,9.654572571518493,,559.0
noisy,0.74,0.0,0.6827904902957266,19,1.0,0.0,9.656726186405308,,574.0
noisy,0.8300000000000001,0.0,0.7920589816191722,19,1.0,0.0,9.654279629033306,,472.0
noisy,0.9199999999999999,0.0,0.8734716099059012,19,1.0,0.0,9.659670688471913,,461.0
noisy,1.01,0.0,0.9924837573579076,19,1.0,0.0,9.690959162133234,,310.0
noisy,1.0999999999999999,0.0,1.069778805418338,19,1.0,0.0,9.660944376526066,,292.0
noisy,1.19,0.0,1.1662910223599179,19,1.0,0.0,9.659628192971994,,241.0
noisy,1.28,0.0,1.2849844677967204,19,1.0,0.0,9.711635052483933,,183.0
noisy,1.3699999999999999,0.0,1.293008806869547,19,1.0,0.0,9.66085482383747,,234.0
noisy,1.46,0.0,1.3667899092824234,19,1.0,0.0,9.66217505087142,,237.0
noisy,1.5499999999999998,0.0,1.4324236275198448,19,1.0,0.0,9.663639294498967,,201.0
noisy,1.64,0.0,1.5171323458798032,19,1.0,0.0,9.664935561030182,,182.0
noisy,1.73,0.0,1.5848947754119482,19,1.0,0.0,9.657711811074542,,205.0
noisy,1.8199999999999998,0.0,1.6622503115405856,19,1.0,0.0,9.662734026522157,,184.0
noisy,1.91,0.0,1.7255067894917626,19,1.0,0.0,9.665431881676092,,153.0
noisy,2.0,0.0,1.810987666875448,19,1.0,0.0,9.667525293691284,,129.0
noisy,0.2,0.0,0.24690009528085102,1,2.0,1.0,5.071851297399647,,496.0
noisy,0.29000000000000004,0.0,0.3035429631588245,1,2.0,1.0,6.144758530730353,,555.0
noisy,0.38,0.0,0.41227798892552037,1,2.0,1.0,8.577221793518797,,566.0
noisy,0.47000000000000003,0.0,0.43829532759723594,1,2.0,1.0,9.441728134220602,,705.0
noisy,0.56,0.0,0.5525223012549164,1,2.0,1.0,9.901987370053456,,624.0
noisy,0.6499999999999999,0.0,0.6134992991958149,1,2.0,1.0,9.904363605682441,,646.0
noisy,0.74,0.0,0.6974703043754525,1,2.0,1.0,9.90629207843447,,569.0
noisy,0.8300000000000001,0.0,0.7857322424644791,1,2.0,1.0,9.903229194340154,,511.0
noisy,0.9199999999999999,0.0,0.9075205054033489,1,2.0,1.0,9.907588409697237,,477.0
noisy,1.01,0.0,0.9846360676463325,1,2.0,1.0,9.909335235237196,,437.0
noisy,1.0999999999999999,0.0,1.0960601364083495,1,2.0,1.0,9.909396693841993,,268.0
noisy,1.19,0.0,1.1584976767873407,1,2.0,0.6666666666666666,9.909451694110755,,275.0
noisy,1.28,0.0,1.273373082611303,1,2.0,1.0,9.909048028909039,,191.0
noisy,1.3699999999999999,0.0,1.2871806831511239,1,2.0,1.0,9.912598112380541,,321.0
noisy,1.46,0.0,1.3763620723645722,1,2.0,1.0,9.912565841793953,,203.0
noisy,1.5499999999999998,0.0,1.4463056056804298,1,2.0,1.0,9.915664367702032,,259.0
noisy,1.64,0.0,1.541472957597313,1,2.0,1.0,9.915487389906184,,172.0
noisy,1.73,0.0,1.5902156963285374,1,2.0,1.0,9.912872611327908,,172.0
noisy,1.8199999999999998,0.0,1.6631352119370322,1,2.0,1.0,9.913031902686862,,217.0
noisy,1.91,0.0,1.808149855261701,1,2.0,1.0,9.915836233412914,,146.0
noisy,2.0,0.0,1.7897739981811476,1,2.0,1.0,9.917015429682303,,132.0
noisy,0.2,0.0,0.24145612859046936,2,2.0,1.0,4.986834991189927,,468.0
noisy,0.29000000000000004,0.0,0.32681811245904796,2,2.0,1.0,6.611113844281007,,592.0
noisy,0.38,0.0,0.3954810921479295,2,2.0,1.0,8.129057940230489,,544.0
noisy,0.47000000000000003,0.0,0.4704401705173478,2,2.0,1.0,9.688219437586572,,644.0
noisy,0.56,0.0,0.5323829517203703,2,2.0,1.0,9.9040605443517,,572.0
noisy,0.6499999999999999,0.0,0.6140274066627,2,2.0,1.0,9.904480645708146,,595.0
noisy,0.74,0.0,0.7123580119429573,2,2.0,1.0,9.90469930137245,,574.0
noisy,0.8300000000000001,0.0,0.7762822956154508,2,2.0,1.0,9.906609618271348,,499.0
noisy,0.9199999999999999,0.0,0.9039138354577734,2,2.0,1.0,9.91058262469534,,433.0
noisy,1.01,0.0,0.999385374239839,2,2.0,1.0,9.911553018302468,,347.0
noisy,1.0999999999999999,0.0,1.0900075203265096,2,2.0,1.0,9.906527251657574,,243.0
noisy,1.19,0.0,1.1562102848855178,2,2.0,1.0,9.909592915534487,,256.0
noisy,1.28,0.0,1.2402348644195025,2,2.0,1.0,9.91201716464686,,273.0
noisy,1.3699999999999999,0.0,1.3390305445946884,2,2.0,1.0,9.909457158355334,,242.0
noisy,1.46,0.0,1.3857659579844102,2,2.0,1.0,9.910046111826055,,195.0
noisy,1.5499999999999998,0.0,1.507381676693761,2,2.0,1.0,9.912717965854727,,183.0
noisy,1.64,0.0,1.5426746425108455,2,2.0,1.0,9.911105927720643,,202.0
noisy,1.73,0.0,1.595255934756172,2,2.0,1.0,9.917053133375832,,202.0
noisy,1.8199999999999998,0.0,1.690893575046128,2,2.0,1.0,9.905117316602944,,160.0
noisy,1.91,0.0,1.7675007737137471,2,2.0,1.0,9.91258278259295,,156.0
noisy,2.0,0.0,1.8851343810621317,2,2.0,1.0,9.91945684729182,,95.0
noisy,0.2,0.0,0.23943341636519247,3,2.0,1.0,4.9013729840412505,,514.0
noisy,0.29000000000000004,0.0,0.3213633400110211,3,2.0,1.0,6.558802427513729,,587.0
noisy,0.38,0.0,0.40224741536792585,3,2.0,1.0,8.307865376617409,,592.0
noisy,0.47000000000000003,0.0,0.47980882961688875,3,2.0,1.0,9.904971501476293,,691.0
noisy,0.56,0.0,0.5569844820228272,3,2.0,1.0,9.905229364635614,,575.0
noisy,0.6499999999999999,0.0,0.6183545528458351,3,2.0,1.0,9.906188112611732,,616.0
noisy,0.74,0.0,0.6829985128521477,3,2.0,1.0,9.906630228107867,,573.0
noisy,0.8300000000000001,0.0,0.7924044658518783,3,2.0,1.0,9.906776959701949,,483.0
noisy,0.9199999999999999,0.0,0.9139212629869111,3,2.0,1.0,9.908716402876742,,415.0
noisy,1.01,0.0,1.0225232824739372,3,2.0,1.0,9.908389666515331,,285.0
noisy,1.0999999999999999,0.0,1.0877318730446837,3,2.0,1.0,9.905886612018065,,260.0
noisy,1.19,0.0,1.1759400083014826,3,2.0,1.0,9.90923041749932,,237.0
noisy,1.28,0.0,1.2969231524805822,3,2.0,1.0,9.903199870664348,,171.0
noisy,1.3699999999999999,0.0,1.2986999205862018,3,2.0,1.0,9.907810359487915,,312.0
noisy,1.46,0.0,1.3788589592027005,3,2.0,1.0,9.914953479682907,,232.0
noisy,1.5499999999999998,0.0,1.432973065220735,3,2.0,1.0,9.907321394897265,,233.0
noisy,1.64,0.0,1.5367909863113935,3,2.0,1.0,9.909982524392445,,197.0
noisy,1.73,0.0,1.566271276250711,3,2.0,1.0,9.914989451702406,,195.0
noisy,1.8199999999999998,0.0,1.6845029903745046,3,2.0,1.0,9.913630020458056,,189.0
noisy,1.91,0.0,1.764973806728123,3,2.0,1.0,9.914591568505033,,171.0
noisy,2.0,0.0,1.82029178481488,3,2.0,1.0,9.915114013834097,,123.0
noisy,0.2,0.0,0.24685183937048225,4,2.0,1.0,5.248356922101036,,461.0
noisy,0.29000000000000004,0.0,0.32590589968684996,4,2.0,1.0,6.690177323207724,,521.0
noisy,0.38,0.0,0.3969488126015817,4,2.0,1.0,8.128686714289355,,630.0
noisy,0.47000000000000003,0.0,0.4620634189064492,4,2.0,1.0,9.556604665931747,,611.0
noisy,0.56,0.0,0.5452548088198615,4,2.0,1.0,9.904313376524332,,645.0
noisy,0.6499999999999999,0.0,0.6244618597188168,4,2.0,1.0,9.906872618616505,,626.0
noisy,0.74,0.0,0.7048671012120197,4,2.0,1.0,9.90505989229983,,560.0
noisy,0.8300000000000001,0.0,0.7853432093072102,4,2.0,1.0,9.904494741560876,,554.0
noisy,0.9199999999999999,0.0,0.9141641546949008,4,2.0,1.0,9.90605797284631,,416.0
noisy,1.01,0.0,1.009569318051265,4,2.0,1.0,9.908151607415808,,294.0
noisy,1.0999999999999999,0.0,1.1082568837819549,4,2.0,1.0,9.908897543858041,,248.0
noisy,1.19,0.0,1.1957004186376714,4,2.0,1.0,9.906572509111156,,238.0
noisy,1.28,0.0,1.2367633394111268,4,2.0,1.0,9.909836976873214,,322.0
noisy,1.3699999999999999,0.0,1.3387664874750795,4,2.0,1.0,9.90763362391098,,301.0
noisy,1.46,0.0,1.3791297710651407,4,2.0,1.0,9.914333543409386,,231.0
noisy,1.5499999999999998,0.0,1.4545235151333635,4,2.0,1.0,9.916209302496789,,258.0
noisy,1.64,0.0,1.5459642501777477,4,2.0,1.0,9.916866574814248,,199.0
noisy,1.73,0.0,1.596745679432903,4,2.0,1.0,9.90288909457564,,179.0
noisy,1.8199999999999998,0.0,1.6961797018920715,4,2.0,1.0,9.917100779332047,,157.0
noisy,1.91,0.0,1.8000341574076433,4,2.0,1.0,9.915369557682322,,149.0
noisy,2.0,0.0,1.8293173445629443,4,2.0,1.0,9.917303133076134,,149.0
noisy,0.2,0.0,0.24675963075024654,5,2.0,1.0,5.096807183034217,,520.0
noisy,0.29000000000000004,0.0,0.3151328922468083,5,2.0,1.0,6.357957931325331,,548.0
noisy,0.38,0.0,0.40284205434498976,5,2.0,1.0,8.167460910963005,,694.0
noisy,0.47000000000000003,0.0,0.5154699377669226,5,2.0,1.0,9.900350536220595,,564.0
noisy,0.56,0.0,0.5514718576050629,5,2.0,1.0,9.902927905722798,,558.0
noisy,0.6499999999999999,0.0,0.6196466002266576,5,2.0,1.0,9.905496895620566,,598.0
noisy,0.74,0.0,0.6909317611325142,5,2.0,1.0,9.90704814215252,,572.0
noisy,0.8300000000000001,0.0,0.8150559233279232,5,2.0,1.0,9.902733283186842,,476.0
noisy,0.9199999999999999,0.0,0.9158694939349376,5,2.0,1.0,9.907925499426794,,413.0
noisy,1.01,0.0,1.0035427518955173,5,2.0,1.0,9.911748145697242,,386.0
noisy,1.0999999999999999,0.0,1.0789426831598237,5,2.0,1.0,9.909935671533717,,287.0
noisy,1.19,0.0,1.1582385524601213,5,2.0,1.0,9.911838517346093,,257.0
noisy,1.28,0.0,1.2785079111716042,5,2.0,1.0,9.911979151223141,,227.0
noisy,1.3699999999999999,0.0,1.2859277280626522,5,2.0,1.0,9.91142714402599,,316.0
noisy,1.46,0.0,1.3829594320852243,5,2.0,1.0,9.907570347122,,223.0
noisy,1.5499999999999998,0.0,1.4740153523551367,5,2.0,1.0,9.90956144535479,,204.0
noisy,1.64,0.0,1.545021870177835,5,2.0,1.0,9.915232576416471,,181.0
noisy,1.73,0.0,1.5833305089401337,5,2.0,1.0,9.914423615586081,,161.0
noisy,1.8199999999999998,0.0,1.6661967721414317,5,2.0,1.0,9.912399560404886,,201.0
noisy,1.91,0.0,1.7755285081927006,5,2.0,1.0,9.918449809001565,,173.0
noisy,2.0,0.0,1.8136769509502153,5,2.0,1.0,9.914978688700037,,137.0
noisy,0.2,0.0,0.24155487385579535,6,2.0,1.0,5.0022052017526075,,456.0
noisy,0.29000000000000004,0.0,0.3187542765086213,6,2.0,1.0,6.547183449214043,,536.0
noisy,0.38,0.0,0.4088104279032385,6,2.0,1.0,8.579656938759646,,605.0
noisy,0.47000000000000003,0.0,0.4774778220240454,6,2.0,1.0,9.67801929661829,,670.0
noisy,0.56,0.0,0.5621878046594558,6,2.0,1.0,9.90310562715369,,716.0
noisy,0.6499999999999999,0.0,0.6139973727631628,6,2.0,1.0,9.90611772677186,,584.0
noisy,0.74,0.0,0.6983520978120205,6,2.0,1.0,9.905246111832346,,576.0
noisy,0.8300000000000001,0.0,0.7988368874458521,6,2.0,1.0,9.906239539310866,,507.0
noisy,0.9199999999999999,0.0,0.954639393543493,6,2.0,1.0,9.905133654947125,,366.0
noisy,1.01,0.0,1.0327303632992137,6,2.0,1.0,9.912102982578778,,292.0
noisy,1.0999999999999999,0.0,1.0742254688422486,6,2.0,1.0,9.90708791292121,,266.0
noisy,1.19,0.0,1.2009814194981667,6,2.0,1.0,9.908410853799205,,267.0
noisy,1.28,0.0,1.2476448242361458,6,2.0,1.0,9.907882054679305,,240.0
noisy,1.3699999999999999,0.0,1.3431319513405224,6,2.0,1.0,9.91151986504444,,285.0
noisy,1.46,0.0,1.4014098495381198,6,2.0,1.0,9.913609728021731,,236.0
noisy,1.5499999999999998,0.0,1.4545947933600214,6,2.0,1.0,9.91585638478182,,226.0
noisy,1.64,0.0,1.5417134096352612,6,2.0,1.0,9.91591192839892,,158.0
noisy,1.73,0.0,1.6021876224453475,6,2.0,1.0,9.912082001613292,,170.0
noisy,1.8199999999999998,0.0,1.652963882740284,6,2.0,1.0,9.912819313630989,,202.0
noisy,1.91,0.0,1.7728947140998867,6,2.0,1.0,9.915833974475317,,160.0
noisy,2.0,0.0,1.7964835547364786,6,2.0,1.0,9.914944730160183,,157.0
noisy,0.2,0.0,0.24232783220977594,7,2.0,1.0,4.974829346092834,,410.0
noisy,0.29000000000000004,0.0,0.31646439844849356,7,2.0,1.0,6.535946884812447,,584.0
noisy,0.38,0.0,0.3958918011226362,7,2.0,1.0,8.028917273962053,,660.0
noisy,0.47000000000000003,0.0,0.4791121969522518,7,2.0,1.0,9.903922625901874,,678.0
noisy,0.56,0.0,0.5758135879240284,7,2.0,1.0,9.905762088291983,,666.0
noisy,0.6499999999999999,0.0,0.6238318962040816,7,2.0,1.0,9.904069222898872,,573.0
noisy,0.74,0.0,0.6959638902743849,7,2.0,1.0,9.905625631511086,,608.0
noisy,0.8300000000000001,0.0,0.8048778714758668,7,2.0,1.0,9.906097943826765,,549.0
noisy,0.9199999999999999,0.0,0.9111508641148042,7,2.0,1.0,9.906220086369135,,450.0
noisy,1.01,0.0,0.9936434252016482,7,2.0,1.0,9.91117539714817,,327.0
noisy,1.0999999999999999,0.0,1.0629578065177137,7,2.0,1.0,9.909521157754476,,330.0
noisy,1.19,0.0,1.182377185270208,7,2.0,1.0,9.910477298249551,,222.0
noisy,1.28,0.0,1.2705277154218255,7,2.0,1.0,9.912282498027466,,211.0
noisy,1.3699999999999999,0.0,1.3088180111993446,7,2.0,1.0,9.913610838774938,,252.0
noisy,1.46,0.0,1.3969900277110578,7,2.0,1.0,9.91625745517299,,225.0
noisy,1.5499999999999998,0.0,1.4905293271731346,7,2.0,1.0,9.910076882332538,,187.0
noisy,1.64,0.0,1.537167076344099,7,2.0,1.0,9.914500357245789,,186.0
noisy,1.73,0.0,1.6111022843945355,7,2.0,1.0,9.910900026030218,,161.0
noisy,1.8199999999999998,0.0,1.6881926154424856,7,2.0,1.0,9.91102819789043,,163.0
noisy,1.91,0.0,1.7519412873332232,7,2.0,1.0,9.909980933909404,,154.0
noisy,2.0,0.0,1.8360224364976165,7,2.0,1.0,9.916793606374444,,124.0
noisy,0.2,0.0,0.2481374191867022,8,2.0,1.0,5.154210894889949,,493.0
noisy,0.29000000000000004,0.0,0.3274718870587204,8,2.0,1.0,6.744757169087078,,467.0
noisy,0.38,0.0,0.40259189691965663,8,2.0,1.0,8.119815034980483,,740.0
noisy,0.47000000000000003,0.0,0.47020569017247027,8,2.0,1.0,9.507286042623647,,705.0
noisy,0.56,0.0,0.5643906361007424,8,2.0,1.0,9.906137978679839,,601.0
noisy,0.6499999999999999,0.0,0.6160383012852946,8,2.0,1.0,9.905000029053348,,648.0
noisy,0.74,0.0,0.6888593066660263,8,2.0,1.0,9.907087585371366,,570.0
noisy,0.8300000000000001,0.0,0.7835770881792593,8,2.0,1.0,9.90769643197161,,547.0
noisy,0.9199999999999999,0.0,0.9315113900408861,8,2.0,1.0,9.903950070138604,,379.0
noisy,1.01,0.0,1.0073508743851907,8,2.0,1.0,9.910007172567711,,267.0
noisy,1.0999999999999999,0.0,1.07905954532322,8,2.0,1.0,9.906564445383829,,277.0
noisy,1.19,0.0,1.1321459862745809,8,2.0,1.0,9.90860196746787,,253.0
noisy,1.28,0.0,1.268413244938003,8,2.0,1.0,9.91178407705757,,234.0
noisy,1.3699999999999999,0.0,1.3176279139620064,8,2.0,1.0,9.910346218212231,,256.0
noisy,1.46,0.0,1.357351215695264,8,2.0,1.0,9.913434387505667,,265.0
noisy,1.5499999999999998,0.0,1.4487231746741882,8,2.0,1.0,9.911799302837153,,221.0
noisy,1.64,0.0,1.536832068949323,8,2.0,1.0,9.916403296489424,,169.0
noisy,1.73,0.0,1.5933182373352632,8,2.0,1.0,9.916203863083483,,193.0
noisy,1.8199999999999998,0.0,1.6758627959762789,8,2.0,1.0,9.917863637588658,,180.0
noisy,1.91,0.0,1.7607445238368093,8,2.0,1.0,9.91052552461863,,136.0
noisy,2.0,0.0,1.8410288571665454,8,2.0,1.0,9.909954216848952,,131.0
noisy,0.2,0.0,0.23932045832155355,9,2.0,1.0,4.9277510636577695,,463.0
noisy,0.29000000000000004,0.0,0.3182889971501087,9,2.0,1.0,6.412717211319115,,568.0
noisy,0.38,0.0,0.38949164934705066,9,2.0,1.0,8.061110650996868,,557.0
noisy,0.47000000000000003,0.0,0.46259202268496297,9,2.0,1.0,9.400872979114995,,673.0
noisy,0.56,0.0,0.5525300184575083,9,2.0,1.0,9.905160324617185,,588.0
noisy,0.6499999999999999,0.0,0.6232128062688811,9,2.0,1.0,9.904382768152779,,619.0
noisy,0.74,0.0,0.6988268028297027,9,2.0,1.0,9.906592175392268,,586.0
noisy,0.8300000000000001,0.0,0.7712452844528054,9,2.0,1.0,9.907505407553062,,495.0
noisy,0.9199999999999999,0.0,0.9025317408865767,9,2.0,1.0,9.905011786466444,,418.0
noisy,1.01,0.0,1.0067358221918277,9,2.0,1.0,9.906126259584742,,309.0
noisy,1.0999999999999999,0.0,1.0886429755065639,9,2.0,1.0,9.906417443301704,,260.0
noisy,1.19,0.0,1.1457856706093286,9,2.0,0.6666666666666666,9.904680081398864,,81.0
noisy,1.28,0.0,1.2487738423657084,9,2.0,1.0,9.910564880864095,,266.0
noisy,1.3699999999999999,0.0,1.3284636483782961,9,2.0,1.0,9.91462025860187,,247.0
noisy,1.46,0.0,1.365759324799826,9,2.0,1.0,9.910620656864948,,221.0
noisy,1.5499999999999998,0.0,1.455381965318851,9,2.0,1.0,9.915594479883863,,184.0
noisy,1.64,0.0,1.5540701671284436,9,2.0,1.0,9.916454895210247,,185.0
noisy,1.73,0.0,1.5826088854699407,9,2.0,1.0,9.913915109388224,,181.0
noisy,1.8199999999999998,0.0,1.6575085295320464,9,2.0,1.0,9.916255101718022,,154.0
noisy,1.91,0.0,1.7188748021891351,9,2.0,1.0,9.909827439918502,,141.0
noisy,2.0,0.0,1.8039186821269817,9,2.0,1.0,9.912469516237334,,139.0
noisy,0.2,0.0,0.24259558198724587,10,2.0,1.0,4.947028125431577,,468.0
noisy,0.29000000000000004,0.0,0.3164472185534389,10,2.0,1.0,6.61649500404774,,441.0
noisy,0.38,0.0,0.41458716720513616,10,2.0,1.0,9.090522231814907,,547.0
noisy,0.47000000000000003,0.0,0.48588624780135276,10,2.0,0.6666666666666666,9.9041543598049,,471.0
noisy,0.56,0.0,0.5749282280742526,10,2.0,1.0,9.907489096022822,,561.0
noisy,0.6499999999999999,0.0,0.6276323178752123,10,2.0,1.0,9.905856746712505,,582.0
noisy,0.74,0.0,0.6928548118288621,10,2.0,1.0,9.901222789659498,,533.0
noisy,0.8300000000000001,0.0,0.81057223339484,10,2.0,1.0,9.905820345107898,,460.0
noisy,0.9199999999999999,0.0,0.9193904266949039,10,2.0,1.0,9.908230464851428,,466.0
noisy,1.01,0.0,1.004958130682602,10,2.0,1.0,9.908474235119455,,377.0
noisy,1.0999999999999999,0.0,1.0890432070141853,10,2.0,1.0,9.90585071991323,,283.0
noisy,1.19,0.0,1.1566061129088208,10,2.0,1.0,9.907650995335517,,233.0
noisy,1.28,0.0,1.235316524726441,10,2.0,1.0,9.905701759121941,,275.0
noisy,1.3699999999999999,0.0,1.27526888902168,10,2.0,1.0,9.912497288046538,,231.0
noisy,1.46,0.0,1.356450170126201,10,2.0,1.0,9.902442794645161,,252.0
noisy,1.5499999999999998,0.0,1.4481712906823798,10,2.0,1.0,9.911058449151163,,176.0
noisy,1.64,0.0,1.5195208002532168,10,2.0,1.0,9.9161935426529,,168.0
noisy,1.73,0.0,1.5878031795324912,10,2.0,1.0,9.915704130780691,,179.0
noisy,1.8199999999999998,0.0,1.616858555712277,10,2.0,1.0,9.918274440195896,,191.0
noisy,1.91,0.0,1.7575243264804872,10,2.0,1.0,9.901329173607207,,149.0
noisy,2.0,0.0,1.7774869013926875,10,2.0,1.0,9.908492739009043,,147.0
noisy,0.2,0.0,0.25009906527229797,11,2.0,1.0,5.049410893594756,,484.0
noisy,0.29000000000000004,0.0,0.30805199152739365,11,2.0,1.0,6.37092114298086,,517.0
noisy,0.38,0.0,0.4044588407409197,11,2.0,1.0,8.84132875770696,,528.0
noisy,0.47000000000000003,0.0,0.48786241742203124,11,2.0,1.0,9.904048177886176,,662.0
noisy,0.56,0.0,0.5460048186254791,11,2.0,1.0,9.906271316299282,,650.0
noisy,0.6499999999999999,0.0,0.6135394943128073,11,2.0,1.0,9.905203221117596,,614.0
noisy,0.74,0.0,0.675606158147339,11,2.0,1.0,9.903079228806329,,543.0
noisy,0.8300000000000001,0.0,0.7792020012555779,11,2.0,1.0,9.90802183710504,,506.0
noisy,0.9199999999999999,0.0,0.930788251277663,11,2.0,1.0,9.906383475537224,,376.0
noisy,1.01,0.0,1.0238357218876883,11,2.0,1.0,9.906800713381221,,296.0
noisy,1.0999999999999999,0.0,1.1004436634505932,11,2.0,1.0,9.905782431008605,,274.0
noisy,1.19,0.0,1.1460801542057155,11,2.0,1.0,9.90946640900521,,277.0
noisy,1.28,0.0,1.153479247641,11,2.0,0.6666666666666666,9.911572159312247,,238.0
noisy,1.3699999999999999,0.0,1.267529821275067,11,2.0,1.0,9.908095181911497,,281.0
noisy,1.46,0.0,1.3725243889339929,11,2.0,1.0,9.905286639225993,,182.0
noisy,1.5499999999999998,0.0,1.4560453856822548,11,2.0,1.0,9.907768728317036,,196.0
noisy,1.64,0.0,1.4763903401766116,11,2.0,1.0,9.917570284701597,,185.0
noisy,1.73,0.0,1.5586599737625992,11,2.0,1.0,9.91265684682366,,156.0
noisy,1.8199999999999998,0.0,1.6673635703562386,11,2.0,1.0,9.915617756389594,,149.0
noisy,1.91,0.0,1.7715277949114896,11,2.0,1.0,9.914690713929456,,161.0
noisy,2.0,0.0,1.7964979289171996,11,2.0,1.0,9.918370293775835,,116.0
noisy,0.2,0.0,0.24170609309236588,12,2.0,1.0,4.987182777930524,,457.0
noisy,0.29000000000000004,0.0,0.31574897189670686,12,2.0,1.0,6.423775582902951,,551.0
noisy,0.38,0.0,0.39652787472061485,12,2.0,1.0,8.207574182930395,,642.0
noisy,0.47000000000000003,0.0,0.48207293340720403,12,2.0,1.0,9.906632975348368,,490.0
noisy,0.56,0.0,0.5387763508763138,12,2.0,1.0,9.904575241882577,,638.0
noisy,0.6499999999999999,0.0,0.5981820569060857,12,2.0,1.0,9.905450356782854,,621.0
noisy,0.74,0.0,0.6935319000581849,12,2.0,1.0,9.906347227120165,,547.0
noisy,0.8300000000000001,0.0,0.7911073050701315,12,2.0,1.0,9.906595557110805,,414.0
noisy,0.9199999999999999,0.0,0.8929079165012882,12,2.0,1.0,9.909506709684228,,480.0
noisy,1.01,0.0,0.9766320726620923,12,2.0,1.0,9.908676855195372,,408.0
noisy,1.0999999999999999,0.0,1.0762160777146772,12,2.0,1.0,9.909325284307387,,226.0
noisy,1.19,0.0,1.1331185328446098,12,2.0,1.0,9.908267036239783,,338.0
noisy,1.28,0.0,1.2070657285299937,12,2.0,1.0,9.907229021532768,,294.0
noisy,1.3699999999999999,0.0,1.2705985604792724,12,2.0,1.0,9.902084312990317,,262.0
noisy,1.46,0.0,1.363755784735984,12,2.0,1.0,9.914556013441622,,218.0
noisy,1.5499999999999998,0.0,1.4552954830165135,12,2.0,1.0,9.908111225401903,,193.0
noisy,1.64,0.0,1.5276083198888972,12,2.0,1.0,9.912339219173546,,183.0
noisy,1.73,0.0,1.575137062867162,12,2.0,1.0,9.909983005095164,,165.0
noisy,1.8199999999999998,0.0,1.6419062369792137,12,2.0,1.0,9.912667340054204,,169.0
noisy,1.91,0.0,1.7320629798173648,12,2.0,1.0,9.917436521816759,,147.0
noisy,2.0,0.0,1.7717275332492244,12,2.0,1.0,9.917171557672411,,140.0
noisy,0.2,0.0,0.2451658571037588,13,2.0,1.0,5.147867923024178,,466.0
noisy,0.29000000000000004,0.0,0.32852328520562896,13,2.0,1.0,7.055291519190099,,496.0
noisy,0.38,0.0,0.39214350175154006,13,2.0,1.0,8.055622341870334,,723.0
noisy,0.47000000000000003,0.0,0.45771590619934877,13,2.0,0.6666666666666666,9.14282843845438,,128.0
noisy,0.56,0.0,0.5614594484798,13,2.0,0.6666666666666666,9.903282738450594,,273.0
noisy,0.6499999999999999,0.0,0.6204432961667004,13,2.0,1.0,9.905928079284967,,591.0
noisy,0.74,0.0,0.6782042902858566,13,2.0,1.0,9.904270684495819,,579.0
noisy,0.8300000000000001,0.0,0.7750797463415564,13,2.0,1.0,9.90732790538354,,515.0
noisy,0.9199999999999999,0.0,0.8870598755244367,13,2.0,1.0,9.903771797614318,,391.0
noisy,1.01,0.0,0.9950964984127962,13,2.0,1.0,9.908193706801448,,328.0
noisy,1.0999999999999999,0.0,1.0760819403117128,13,2.0,0.6666666666666666,9.906312492907425,,175.0
noisy,1.19,0.0,1.0385060015048346,13,2.0,0.3333333333333333,9.900931053135135,,51.0
noisy,1.28,0.0,1.245265815628258,13,2.0,0.6666666666666666,9.912185501493553,,250.0
noisy,1.3699999999999999,0.0,1.2994489605823767,13,2.0,1.0,9.911565778697689,,312.0
noisy,1.46,0.0,1.3582955799051657,13,2.0,1.0,9.915667200168185,,191.0
noisy,1.5499999999999998,0.0,1.454728794221212,13,2.0,1.0,9.91060104084051,,195.0
noisy,1.64,0.0,1.5255630175552868,13,2.0,1.0,9.905353984457044,,177.0
noisy,1.73,0.0,1.5652857332868653,13,2.0,1.0,9.914652222982731,,172.0
noisy,1.8199999999999998,0.0,1.6163770857251956,13,2.0,1.0,9.903863041190112,,164.0
noisy,1.91,0.0,1.7306706591695171,13,2.0,1.0,9.916833540246184,,143.0
noisy,2.0,0.0,1.7836674519398246,13,2.0,1.0,9.91493230451916,,140.0
noisy,0.2,0.0,0.24449695098107047,14,2.0,1.0,4.990591228655063,,557.0
noisy,0.29000000000000004,0.0,0.3178589638531541,14,2.0,1.0,6.5585988314238834,,518.0
noisy,0.38,0.0,0.39406201231967125,14,2.0,1.0,8.203219672797415,,614.0
noisy,0.47000000000000003,0.0,0.484242751984204,14,2.0,0.6666666666666666,9.901875073352485,,635.0
noisy,0.56,0.0,0.5562053448833982,14,2.0,1.0,9.903174805006168,,560.0
noisy,0.6499999999999999,0.0,0.6171088571417725,14,2.0,1.0,9.907175884754544,,597.0
noisy,0.74,0.0,0.6849334194195538,14,2.0,1.0,9.906759862864119,,570.0
noisy,0.8300000000000001,0.0,0.7852428161123416,14,2.0,1.0,9.908134740363003,,507.0
noisy,0.9199999999999999,0.0,0.9049340006007013,14,2.0,1.0,9.907749860981063,,445.0
noisy,1.01,0.0,1.0392744728028631,14,2.0,1.0,9.908445931812361,,294.0
noisy,1.0999999999999999,0.0,1.0090303978538857,14,2.0,0.6666666666666666,9.906049868674437,,72.0
noisy,1.19,0.0,1.1101814284597296,14,2.0,0.6666666666666666,9.907836640872313,,310.0
noisy,1.28,0.0,1.1487109744637556,14,2.0,0.3333333333333333,9.906298092352474,,78.0
noisy,1.3699999999999999,0.0,1.3000084623078645,14,2.0,1.0,9.906732357404538,,285.0
noisy,1.46,0.0,1.3401636089887934,14,2.0,1.0,9.909126829863089,,245.0
noisy,1.5499999999999998,0.0,1.452258444051601,14,2.0,1.0,9.914742451340551,,196.0
noisy,1.64,0.0,1.5234189801023115,14,2.0,1.0,9.908467727143696,,178.0
noisy,1.73,0.0,1.5811953573867212,14,2.0,1.0,9.915337349242257,,164.0
noisy,1.8199999999999998,0.0,1.63504402312886,14,2.0,1.0,9.906866003088972,,170.0
noisy,1.91,0.0,1.7072744415722039,14,2.0,1.0,9.915965963948702,,171.0
noisy,2.0,0.0,1.8252942237733272,14,2.0,1.0,9.918477167704102,,141.0
noisy,0.2,0.0,0.23294031250214678,15,2.0,1.0,4.842640956133964,,456.0
noisy,0.29000000000000004,0.0,0.31903276541919123,15,2.0,1.0,6.401961920489113,,549.0
noisy,0.38,0.0,0.40055879150555856,15,2.0,1.0,8.2359936197474,,645.0
noisy,0.47000000000000003,0.0,0.46898977252923674,15,2.0,0.6666666666666666,9.831992460956164,,670.0
noisy,0.56,0.0,0.5597041294176888,15,2.0,1.0,9.90411758108064,,538.0
noisy,0.6499999999999999,0.0,0.6171134480487264,15,2.0,1.0,9.906004740446335,,599.0
noisy,0.74,0.0,0.68212008727177,15,2.0,1.0,9.904920629810203,,574.0
noisy,0.8300000000000001,0.0,0.7978904003836907,15,2.0,1.0,9.90493810313649,,423.0
noisy,0.9199999999999999,0.0,0.8988403730622299,15,2.0,1.0,9.90383445440691,,439.0
noisy,1.01,0.0,0.9831580307392068,15,2.0,1.0,9.908710991889839,,427.0
noisy,1.0999999999999999,0.0,1.0843505427634412,15,2.0,1.0,9.90559837676955,,259.0
noisy,1.19,0.0,1.1372814796033326,15,2.0,0.6666666666666666,9.905509695484588,,282.0
noisy,1.28,0.0,1.2661848262610051,15,2.0,1.0,9.916191168475052,,195.0
noisy,1.3699999999999999,0.0,1.2752033699105139,15,2.0,1.0,9.905027638203167,,251.0
noisy,1.46,0.0,1.372675088777619,15,2.0,1.0,9.910608756094948,,216.0
noisy,1.5499999999999998,0.0,1.4573235102910285,15,2.0,1.0,9.913051658844958,,182.0
noisy,1.64,0.0,1.5216643839717208,15,2.0,1.0,9.910247349587765,,195.0
noisy,1.73,0.0,1.6083381575544804,15,2.0,1.0,9.913779635914873,,149.0
noisy,1.8199999999999998,0.0,1.6577338798895116,15,2.0,1.0,9.914751423369212,,196.0
noisy,1.91,0.0,1.745519156570553,15,2.0,1.0,9.908262324992757,,172.0
noisy,2.0,0.0,1.759080826546267,15,2.0,1.0,9.904116357332402,,150.0
noisy,0.2,0.0,0.23644222854117217,16,2.0,1.0,4.807951915607984,,514.0
noisy,0.29000000000000004,0.0,0.3171179060794698,16,2.0,1.0,6.4833509093145345,,592.0
noisy,0.38,0.0,0.3858021815205704,16,2.0,1.0,7.797742994310112,,640.0
noisy,0.47000000000000003,0.0,0.4545950406255151,16,2.0,0.6666666666666666,9.305055207757231,,150.0
noisy,0.56,0.0,0.5786985753208008,16,2.0,1.0,9.905296148804629,,510.0
noisy,0.6499999999999999,0.0,0.6054310273747495,16,2.0,1.0,9.906014520899287,,632.0
noisy,0.74,0.0,0.6819275748207431,16,2.0,1.0,9.905308910547665,,555.0
noisy,0.8300000000000001,0.0,0.7897082928274264,16,2.0,1.0,9.90865950188729,,498.0
noisy,0.9199999999999999,0.0,0.8947556249736609,16,2.0,1.0,9.909037205199324,,470.0
noisy,1.01,0.0,0.982012235809273,16,2.0,1.0,9.909301469366024,,344.0
noisy,1.0999999999999999,0.0,1.047595348678355,16,2.0,1.0,9.908921496567968,,326.0
noisy,1.19,0.0,1.1774468884392775,16,2.0,1.0,9.909439470192602,,285.0
noisy,1.28,0.0,1.2551265009296138,16,2.0,1.0,9.905563090330382,,202.0
noisy,1.3699999999999999,0.0,1.2961919595548133,16,2.0,1.0,9.903622480149494,,286.0
noisy,1.46,0.0,1.3452217925947225,16,2.0,1.0,9.914084236762498,,268.0
noisy,1.5499999999999998,0.0,1.4735224524980992,16,2.0,1.0,9.912127595938985,,210.0
noisy,1.64,0.0,1.5331723948365683,16,2.0,1.0,9.915004625281238,,172.0
noisy,1.73,0.0,1.5919480860793849,16,2.0,1.0,9.915342826897218,,149.0
noisy,1.8199999999999998,0.0,1.6447172181013308,16,2.0,1.0,9.915815543609506,,173.0
noisy,1.91,0.0,1.7521279899010291,16,2.0,1.0,9.91161020382861,,140.0
noisy,2.0,0.0,1.7890775575219555,16,2.0,1.0,9.91409676205554,,153.0
noisy,0.2,0.0,0.2451049091326741,17,2.0,1.0,5.1475730110822635,,475.0
noisy,0.29000000000000004,0.0,0.316874655537178,17,2.0,1.0,6.393959660092693,,542.0
noisy,0.38,0.0,0.41167461251296195,17,2.0,0.6666666666666666,7.823394021373142,,167.0
noisy,0.47000000000000003,0.0,0.48737434712513394,17,2.0,0.6666666666666666,9.90876787037345,,154.0
noisy,0.56,0.0,0.5552814815742045,17,2.0,0.6666666666666666,9.901193481124388,,205.0
noisy,0.6499999999999999,0.0,0.6263541753116804,17,2.0,1.0,9.905505770562517,,598.0
noisy,0.74,0.0,0.6900390376700769,17,2.0,1.0,9.904039198298488,,584.0
noisy,0.8300000000000001,0.0,0.7947917647897299,17,2.0,1.0,9.908212648019258,,514.0
noisy,0.9199999999999999,0.0,0.8831963200462356,17,2.0,1.0,9.907734503815185,,420.0
noisy,1.01,0.0,0.9959051466197882,17,2.0,0.6666666666666666,9.905749459807163,,178.0
noisy,1.0999999999999999,0.0,1.0475731209131653,17,2.0,0.6666666666666666,9.90856744714883,,297.0
noisy,1.19,0.0,1.09400382597827,17,2.0,0.6666666666666666,9.9096393781909,,72.0
noisy,1.28,0.0,1.2007713120794072,17,2.0,0.6666666666666666,9.906423187098813,,85.0
noisy,1.3699999999999999,0.0,1.3459756482163918,17,2.0,1.0,9.908149832252585,,275.0
noisy,1.46,0.0,1.3936751026555967,17,2.0,1.0,9.910219985574477,,251.0
noisy,1.5499999999999998,0.0,1.4430337177945856,17,2.0,1.0,9.909994967404149,,231.0
noisy,1.64,0.0,1.528041495934268,17,2.0,1.0,9.908291325246301,,199.0
noisy,1.73,0.0,1.5695487527290652,17,2.0,1.0,9.908219292398972,,191.0
noisy,1.8199999999999998,0.0,1.662610036787638,17,2.0,1.0,9.906687246031474,,162.0
noisy,1.91,0.0,1.8117723980725546,17,2.0,1.0,9.909662487821771,,150.0
noisy,2.0,0.0,1.7917684061813814,17,2.0,1.0,9.912010175241933,,123.0
noisy,0.2,0.0,0.24241230090914964,18,2.0,1.0,4.8860575701324525,,396.0
noisy,0.29000000000000004,0.0,0.3141428025422501,18,2.0,1.0,6.560030227730377,,550.0
noisy,0.38,0.0,0.39746290287361247,18,2.0,1.0,8.132262114127686,,670.0
noisy,0.47000000000000003,0.0,0.4642598558889596,18,2.0,0.6666666666666666,9.611225078804267,,166.0
noisy,0.56,0.0,0.5588691073902582,18,2.0,1.0,9.904873687155062,,548.0
noisy,0.6499999999999999,0.0,0.6069691853409137,18,2.0,1.0,9.906025755663418,,564.0
noisy,0.74,0.0,0.679353998064475,18,2.0,1.0,9.907178877171772,,511.0
noisy,0.8300000000000001,0.0,0.7693579141968501,18,2.0,1.0,9.906023704644198,,542.0
noisy,0.9199999999999999,0.0,0.9310851707198223,18,2.0,1.0,9.905093805326748,,371.0
noisy,1.01,0.0,1.008613911381553,18,2.0,1.0,9.91014295341116,,300.0
noisy,1.0999999999999999,0.0,1.0506301983037394,18,2.0,0.6666666666666666,9.903262041091978,,82.0
noisy,1.19,0.0,1.1376840025614114,18,2.0,1.0,9.906989808134352,,248.0
noisy,1.28,0.0,1.1623332908333748,18,2.0,0.6666666666666666,9.90865224777581,,330.0
noisy,1.3699999999999999,0.0,1.304966759792083,18,2.0,1.0,9.911832399057026,,223.0
noisy,1.46,0.0,1.38118904175748,18,2.0,1.0,9.916860714161027,,273.0
noisy,1.5499999999999998,0.0,1.444479639737849,18,2.0,1.0,9.914188994090656,,200.0
noisy,1.64,0.0,1.5394930123524004,18,2.0,1.0,9.911997515284854,,157.0
noisy,1.73,0.0,1.6044613731239485,18,2.0,1.0,9.916920374507466,,188.0
noisy,1.8199999999999998,0.0,1.6271454033726627,18,2.0,1.0,9.915023571301758,,200.0
noisy,1.91,0.0,1.7762827629273106,18,2.0,1.0,9.91476135662441,,142.0
noisy,2.0,0.0,1.8150219279318065,18,2.0,1.0,9.911219257429215,,157.0
noisy,0.2,0.0,0.257736005310686,19,2.0,1.0,5.426669947084918,,511.0
noisy,0.29000000000000004,0.0,0.3209998505166205,19,2.0,1.0,6.453980095970713,,537.0
noisy,0.38,0.0,0.40464991637375297,19,2.0,1.0,8.170556064871112,,662.0
noisy,0.47000000000000003,0.0,0.47407762848041973,19,2.0,0.6666666666666666,9.538775079286706,,164.0
noisy,0.56,0.0,0.5596236344445398,19,2.0,1.0,9.904947758641262,,582.0
noisy,0.6499999999999999,0.0,0.6347398343375663,19,2.0,1.0,9.907095194041478,,596.0
noisy,0.74,0.0,0.6995951895342906,19,2.0,1.0,9.907425496701858,,552.0
noisy,0.8300000000000001,0.0,0.7903494590267206,19,2.0,1.0,9.905508030477025,,532.0
noisy,0.9199999999999999,0.0,0.9090014452683549,19,2.0,1.0,9.907607904246426,,421.0
noisy,1.01,0.0,0.996091785936977,19,2.0,1.0,9.90236941817005,,365.0
noisy,1.0999999999999999,0.0,1.0689542221080808,19,2.0,0.6666666666666666,9.904954335930874,,236.0
noisy,1.19,0.0,1.1264749974791866,19,2.0,0.6666666666666666,9.91064837177376,,194.0
noisy,1.28,0.0,1.1583959859313333,19,2.0,0.6666666666666666,9.907287006824294,,69.0
noisy,1.3699999999999999,0.0,1.275895785574516,19,2.0,1.0,9.908518794516356,,261.0
noisy,1.46,0.0,1.407124412492779,19,2.0,1.0,9.912147652067063,,212.0
noisy,1.5499999999999998,0.0,1.4278728080508813,19,2.0,1.0,9.914213162638898,,253.0
noisy,1.64,0.0,1.504808435562503,19,2.0,1.0,9.914563786077238,,212.0
noisy,1.73,0.0,1.5966748803994042,19,2.0,1.0,9.91639485669969,,204.0
noisy,1.8199999999999998,0.0,1.676883614268683,19,2.0,1.0,9.909466953986447,,160.0
noisy,1.91,0.0,1.7718640522370122,19,2.0,1.0,9.906153814273447,,122.0
noisy,2.0,0.0,1.8046585542715288,19,2.0,1.0,9.905387503656511,,153.0
