demo type,cmd speed,angle,mean speed,noise level,resolution,success,max range,trial_no,symmetry index,steps taken
noisy,0.2,0.0,0.1608156052539434,1,0.25,1.0,3.4823399288430545,,,299.0
noisy,0.29000000000000004,0.0,0.22010080860553458,1,0.25,1.0,4.463819755845692,,,437.0
noisy,0.38,0.0,0.3137526565787563,1,0.25,1.0,6.3656104103592375,,,448.0
noisy,0.47000000000000003,0.0,0.4179383474150544,1,0.25,1.0,8.568670220195393,,,472.0
noisy,0.56,0.0,0.5095419569275901,1,0.25,1.0,9.904032318272845,,,607.0
noisy,0.6499999999999999,0.0,0.62005597536785,1,0.25,1.0,9.903213253832087,,,420.0
noisy,0.74,0.0,0.7063986249525517,1,0.25,1.0,9.905600000275633,,,404.0
noisy,0.8300000000000001,0.0,0.7679830294175978,1,0.25,1.0,9.908938616674616,,,315.0
noisy,0.9199999999999999,0.0,0.8857675430100883,1,0.25,1.0,9.908336696309435,,,313.0
noisy,1.01,0.0,0.9901582041001403,1,0.25,1.0,9.910283229793775,,,338.0
noisy,1.0999999999999999,0.0,1.0509858182173648,1,0.25,1.0,9.91008062440785,,,275.0
noisy,1.19,0.0,1.1255847571860083,1,0.25,1.0,9.910086201419702,,,256.0
noisy,1.28,0.0,1.1779348984308087,1,0.25,1.0,9.911419365200134,,,228.0
noisy,1.3699999999999999,0.0,1.2738314378722009,1,0.25,1.0,9.912131059214225,,,213.0
noisy,1.46,0.0,1.362693743621077,1,0.25,1.0,9.908736247822253,,,198.0
noisy,1.5499999999999998,0.0,1.4059617802870177,1,0.25,1.0,9.913478055984024,,,161.0
noisy,1.64,0.0,1.474806826520111,1,0.25,1.0,9.916819126629655,,,128.0
noisy,1.73,0.0,1.4869055846823633,1,0.25,1.0,9.911668444091681,,,179.0
noisy,1.8199999999999998,0.0,1.5688144082627111,1,0.25,1.0,9.916469905007775,,,154.0
noisy,1.91,0.0,1.6410019461815963,1,0.25,1.0,9.918865226213107,,,147.0
noisy,2.0,0.0,1.6556965225584264,1,0.25,1.0,9.916450490931984,,,116.0
noisy,0.2,0.0,0.024172236769810184,2,0.25,1.0,0.5296331804737588,,,648.0
noisy,0.29000000000000004,0.0,0.015624805587847448,2,0.25,1.0,0.4563701729348671,,,632.0
noisy,0.38,0.0,0.006698709508104486,2,0.25,0.6666666666666666,0.37312831168372246,,,617.0
noisy,0.47000000000000003,0.0,-0.01229958945734238,2,0.25,0.0,0.0,,,507.0
noisy,0.56,0.0,0.01472777303709844,2,0.25,0.6666666666666666,0.7097937316949596,,,562.0
noisy,0.6499999999999999,0.0,0.0051953146298132835,2,0.25,0.6666666666666666,0.33161183068544303,,,496.0
noisy,0.74,0.0,0.01321167152900178,2,0.25,1.0,0.4903620001055819,,,507.0
noisy,0.8300000000000001,0.0,0.0201583257447517,2,0.25,0.6666666666666666,0.7415219180909021,,,563.0
noisy,0.9199999999999999,0.0,-0.03832979591920236,2,0.25,0.3333333333333333,0.09205961299186151,,,467.0
noisy,1.01,0.0,-0.08244637038549561,2,0.25,0.0,0.0,,,423.0
noisy,1.0999999999999999,0.0,-0.0669851724384647,2,0.25,0.0,0.0,,,375.0
noisy,1.19,0.0,-0.11447162605060013,2,0.25,0.0,0.0,,,348.0
noisy,1.28,0.0,-0.11049845116215866,2,0.25,0.0,0.0,,,339.0
noisy,1.3699999999999999,0.0,-0.08052987916559566,2,0.25,0.0,0.0,,,393.0
noisy,1.46,0.0,-0.0888619340057305,2,0.25,0.0,0.0,,,388.0
noisy,1.5499999999999998,0.0,-0.08317456230572202,2,0.25,0.0,0.0,,,444.0
noisy,1.64,0.0,-0.1387439983941171,2,0.25,0.0,0.0,,,414.0
noisy,1.73,0.0,-0.13457672343150726,2,0.25,0.0,0.0,,,392.0
noisy,1.8199999999999998,0.0,-0.12195469421918737,2,0.25,0.0,0.0,,,441.0
noisy,1.91,0.0,-0.15723000911192164,2,0.25,0.0,0.0,,,413.0
noisy,2.0,0.0,-0.11034832054343702,2,0.25,0.0,0.0,,,380.0
noisy,0.2,0.0,0.020129254449098948,3,0.25,1.0,0.44690607778554003,,,587.0
noisy,0.29000000000000004,0.0,0.02291324887080358,3,0.25,1.0,0.5395497466353261,,,575.0
noisy,0.38,0.0,0.011213251191815453,3,0.25,1.0,0.29659671683218364,,,619.0
noisy,0.47000000000000003,0.0,0.026609848664897486,3,0.25,1.0,0.7168590165374727,,,576.0
noisy,0.56,0.0,0.024255765191631046,3,0.25,1.0,0.5818282015347634,,,556.0
noisy,0.6499999999999999,0.0,0.01221978860876432,3,0.25,0.6666666666666666,0.663148850820323,,,555.0
noisy,0.74,0.0,0.012193965924856817,3,0.25,1.0,0.26031520989890355,,,559.0
noisy,0.8300000000000001,0.0,0.01249806840841342,3,0.25,0.6666666666666666,0.6577760190019616,,,518.0
noisy,0.9199999999999999,0.0,-0.01611388856676765,3,0.25,0.0,0.0,,,424.0
noisy,1.01,0.0,-0.033830064457427006,3,0.25,0.0,0.0,,,438.0
noisy,1.0999999999999999,0.0,-0.0577199359899625,3,0.25,0.0,0.0,,,405.0
noisy,1.19,0.0,-0.08601574686152356,3,0.25,0.0,0.0,,,402.0
noisy,1.28,0.0,-0.11186847780145075,3,0.25,0.0,0.0,,,383.0
noisy,1.3699999999999999,0.0,-0.08455269059312531,3,0.25,0.0,0.0,,,369.0
noisy,1.46,0.0,-0.08402787566359231,3,0.25,0.0,0.0,,,299.0
noisy,1.5499999999999998,0.0,-0.09017582799368411,3,0.25,0.0,0.0,,,390.0
noisy,1.64,0.0,-0.07729543830509795,3,0.25,0.0,0.0,,,417.0
noisy,1.73,0.0,-0.10175280582144096,3,0.25,0.0,0.0,,,430.0
noisy,1.8199999999999998,0.0,-0.05382126100079188,3,0.25,0.0,0.0,,,361.0
noisy,1.91,0.0,-0.07111366685871462,3,0.25,0.0,0.0,,,405.0
noisy,2.0,0.0,-0.12287048295073137,3,0.25,0.0,0.0,,,396.0
noisy,0.2,0.0,0.020313309932401487,4,0.25,1.0,0.520641795022533,,,638.0
noisy,0.29000000000000004,0.0,0.023561466501735923,4,0.25,1.0,0.5054027114016726,,,571.0
noisy,0.38,0.0,0.015431201168670791,4,0.25,1.0,0.5464239059242307,,,628.0
noisy,0.47000000000000003,0.0,-0.013013576515436496,4,0.25,0.0,0.0,,,531.0
noisy,0.56,0.0,0.0051919868523369675,4,0.25,0.6666666666666666,0.3483586436316445,,,511.0
noisy,0.6499999999999999,0.0,0.026008407332330688,4,0.25,1.0,0.6973890316288907,,,551.0
noisy,0.74,0.0,-0.00745292690625584,4,0.25,0.0,0.0,,,545.0
noisy,0.8300000000000001,0.0,0.02178733154028123,4,0.25,1.0,0.7187678817135763,,,560.0
noisy,0.9199999999999999,0.0,-0.014200317577116211,4,0.25,0.0,0.0,,,391.0
noisy,1.01,0.0,-0.014979416093430365,4,0.25,0.0,0.0,,,336.0
noisy,1.0999999999999999,0.0,-0.013490208130387185,4,0.25,0.0,0.0,,,457.0
noisy,1.19,0.0,-0.018432663842157086,4,0.25,0.0,0.0,,,332.0
noisy,1.28,0.0,-0.01482272422515942,4,0.25,0.0,0.0,,,352.0
noisy,1.3699999999999999,0.0,-0.014077442607291704,4,0.25,0.0,0.0,,,378.0
noisy,1.46,0.0,-0.012666420033886102,4,0.25,0.0,0.0,,,330.0
noisy,1.5499999999999998,0.0,-0.017069690593604556,4,0.25,0.0,0.0,,,369.0
noisy,1.64,0.0,-0.014022299750346032,4,0.25,0.0,0.0,,,374.0
noisy,1.73,0.0,-0.013019762167629302,4,0.25,0.0,0.0,,,359.0
noisy,1.8199999999999998,0.0,-0.037031904088067336,4,0.25,0.0,0.0,,,387.0
noisy,1.91,0.0,-0.012774514899117443,4,0.25,0.0,0.0,,,289.0
noisy,2.0,0.0,-0.04581993678620582,4,0.25,0.0,0.0,,,314.0
noisy,0.2,0.0,0.023536451332503084,5,0.25,1.0,0.544841203358606,,,587.0
noisy,0.29000000000000004,0.0,0.02512279213804908,5,0.25,1.0,0.5525507779530994,,,586.0
noisy,0.38,0.0,0.0011231707949818745,5,0.25,0.6666666666666666,0.19249045095527054,,,518.0
noisy,0.47000000000000003,0.0,-0.0024864026647095374,5,0.25,0.3333333333333333,0.283158513630229,,,513.0
noisy,0.56,0.0,0.023603070710233234,5,0.25,1.0,0.5814626949108926,,,585.0
noisy,0.6499999999999999,0.0,0.026768659093276987,5,0.25,1.0,0.6056229467430794,,,517.0
noisy,0.74,0.0,-0.005002446333062876,5,0.25,0.3333333333333333,0.06261158195059785,,,495.0
noisy,0.8300000000000001,0.0,0.02588233481425783,5,0.25,1.0,0.6956273520616354,,,603.0
noisy,0.9199999999999999,0.0,-0.010279984222287717,5,0.25,0.0,0.0,,,446.0
noisy,1.01,0.0,0.0033736476231965577,5,0.25,0.3333333333333333,0.7203199439310667,,,433.0
noisy,1.0999999999999999,0.0,-0.010616482018718024,5,0.25,0.0,0.0,,,351.0
noisy,1.19,0.0,-0.011194338020674356,5,0.25,0.0,0.0,,,374.0
noisy,1.28,0.0,-0.011084257959910769,5,0.25,0.0,0.0,,,397.0
noisy,1.3699999999999999,0.0,-0.010608797668766013,5,0.25,0.0,0.0,,,369.0
noisy,1.46,0.0,-0.009599303187576498,5,0.25,0.0,0.0,,,283.0
noisy,1.5499999999999998,0.0,-0.010302947356559808,5,0.25,0.0,0.0,,,329.0
noisy,1.64,0.0,-0.011110493891723491,5,0.25,0.0,0.0,,,411.0
noisy,1.73,0.0,-0.011568250474623678,5,0.25,0.0,0.0,,,345.0
noisy,1.8199999999999998,0.0,-0.0003492146665192211,5,0.25,0.3333333333333333,0.39704577180687023,,,226.0
noisy,1.91,0.0,-0.011092779623348875,5,0.25,0.0,0.0,,,292.0
noisy,2.0,0.0,-0.012070955234961192,5,0.25,0.0,0.0,,,346.0
noisy,0.2,0.0,0.018313202724709477,6,0.25,1.0,0.5189253537917661,,,663.0
noisy,0.29000000000000004,0.0,0.02063892578622301,6,0.25,1.0,0.5317069274244784,,,624.0
noisy,0.38,0.0,0.010067795662297313,6,0.25,0.6666666666666666,0.5648025583630981,,,585.0
noisy,0.47000000000000003,0.0,0.004243596987070542,6,0.25,0.6666666666666666,0.3188725656958557,,,603.0
noisy,0.56,0.0,0.025242010749450917,6,0.25,1.0,0.6787507504331028,,,538.0
noisy,0.6499999999999999,0.0,0.010306260083567415,6,0.25,0.6666666666666666,0.6994296290460588,,,567.0
noisy,0.74,0.0,0.019149223177955216,6,0.25,1.0,0.6912019372256591,,,534.0
noisy,0.8300000000000001,0.0,0.01603455800932967,6,0.25,1.0,0.41775325491468995,,,556.0
noisy,0.9199999999999999,0.0,0.006294792202377153,6,0.25,0.6666666666666666,0.30316620693109136,,,533.0
noisy,1.01,0.0,-0.008943605178994988,6,0.25,0.0,0.0,,,495.0
noisy,1.0999999999999999,0.0,-0.0031860792036142414,6,0.25,0.3333333333333333,0.20546430573330685,,,503.0
noisy,1.19,0.0,-0.009370976206683873,6,0.25,0.0,0.0,,,378.0
noisy,1.28,0.0,-0.008733042682480851,6,0.25,0.0,0.0,,,441.0
noisy,1.3699999999999999,0.0,-0.002792963475444079,6,0.25,0.3333333333333333,0.18941954164175404,,,389.0
noisy,1.46,0.0,-0.007893845800279102,6,0.25,0.0,0.0,,,301.0
noisy,1.5499999999999998,0.0,-0.009415688400212738,6,0.25,0.0,0.0,,,335.0
noisy,1.64,0.0,-0.009063805941237674,6,0.25,0.0,0.0,,,350.0
noisy,1.73,0.0,-0.008539613735638376,6,0.25,0.0,0.0,,,376.0
noisy,1.8199999999999998,0.0,-0.009211038692217278,6,0.25,0.0,0.0,,,305.0
noisy,1.91,0.0,-0.007142549883613503,6,0.25,0.0,0.0,,,410.0
noisy,2.0,0.0,-0.008712632249006409,6,0.25,0.0,0.0,,,309.0
noisy,0.2,0.0,0.014133387309550341,7,0.25,0.6666666666666666,0.6019165496322096,,,690.0
noisy,0.29000000000000004,0.0,0.023585691752339506,7,0.25,1.0,0.5811779045950197,,,629.0
noisy,0.38,0.0,0.016235455037571563,7,0.25,0.6666666666666666,0.603772863546134,,,543.0
noisy,0.47000000000000003,0.0,0.014652932795944588,7,0.25,0.6666666666666666,0.6024473277035979,,,554.0
noisy,0.56,0.0,0.007203981928288461,7,0.25,0.6666666666666666,0.3868809993632471,,,536.0
noisy,0.6499999999999999,0.0,0.024817325416816038,7,0.25,1.0,0.7332384025008231,,,563.0
noisy,0.74,0.0,0.002457332338507732,7,0.25,0.3333333333333333,0.5821776307226748,,,483.0
noisy,0.8300000000000001,0.0,0.003293757046262813,7,0.25,0.3333333333333333,0.5726459881425485,,,446.0
noisy,0.9199999999999999,0.0,-0.00831214835213325,7,0.25,0.0,0.0,,,482.0
noisy,1.01,0.0,0.00632906431610824,7,0.25,0.3333333333333333,0.6739509237637864,,,561.0
noisy,1.0999999999999999,0.0,-0.00819826636012212,7,0.25,0.0,0.0,,,481.0
noisy,1.19,0.0,-0.00919503840792605,7,0.25,0.0,0.0,,,363.0
noisy,1.28,0.0,-0.007945792943478192,7,0.25,0.0,0.0,,,401.0
noisy,1.3699999999999999,0.0,-0.008743776022544435,7,0.25,0.0,0.0,,,484.0
noisy,1.46,0.0,-0.008256691183778126,7,0.25,0.0,0.0,,,351.0
noisy,1.5499999999999998,0.0,-0.007203973409031643,7,0.25,0.0,0.0,,,360.0
noisy,1.64,0.0,-0.00765999952683202,7,0.25,0.0,0.0,,,359.0
noisy,1.73,0.0,-0.006717459226202607,7,0.25,0.0,0.0,,,362.0
noisy,1.8199999999999998,0.0,-0.0068954269622610006,7,0.25,0.0,0.0,,,309.0
noisy,1.91,0.0,-0.0057935687889384725,7,0.25,0.0,0.0,,,305.0
noisy,2.0,0.0,-0.008008664645384961,7,0.25,0.0,0.0,,,344.0
noisy,0.2,0.0,0.018012729608893684,8,0.25,1.0,0.5412870892736736,,,651.0
noisy,0.29000000000000004,0.0,0.02227107130420536,8,0.25,1.0,0.5626080193525885,,,627.0
noisy,0.38,0.0,0.003228131423911242,8,0.25,0.3333333333333333,0.32808798867779465,,,568.0
noisy,0.47000000000000003,0.0,0.019072351458887006,8,0.25,1.0,0.525407071855912,,,551.0
noisy,0.56,0.0,0.015081677898554968,8,0.25,0.6666666666666666,0.5925275342466328,,,478.0
noisy,0.6499999999999999,0.0,0.0015378856841454,8,0.25,0.6666666666666666,0.24998130310390052,,,407.0
noisy,0.74,0.0,0.024342305785257524,8,0.25,1.0,0.6144335245126663,,,561.0
noisy,0.8300000000000001,0.0,0.019864559779833296,8,0.25,1.0,0.7154303162348096,,,578.0
noisy,0.9199999999999999,0.0,-0.008752123964031347,8,0.25,0.0,0.0,,,470.0
noisy,1.01,0.0,-0.006475658713929758,8,0.25,0.0,0.0,,,511.0
noisy,1.0999999999999999,0.0,-0.008649602220317444,8,0.25,0.0,0.0,,,482.0
noisy,1.19,0.0,-0.008385279505339988,8,0.25,0.0,0.0,,,341.0
noisy,1.28,0.0,-0.008812184445543882,8,0.25,0.0,0.0,,,449.0
noisy,1.3699999999999999,0.0,-0.007723438426063667,8,0.25,0.0,0.0,,,415.0
noisy,1.46,0.0,-0.0059726320740827385,8,0.25,0.0,0.0,,,463.0
noisy,1.5499999999999998,0.0,-0.006042451882932835,8,0.25,0.0,0.0,,,370.0
noisy,1.64,0.0,-0.005632385598514376,8,0.25,0.0,0.0,,,353.0
noisy,1.73,0.0,-0.006337463914372025,8,0.25,0.0,0.0,,,337.0
noisy,1.8199999999999998,0.0,-0.005371390739885997,8,0.25,0.0,0.0,,,376.0
noisy,1.91,0.0,-0.004330558992692299,8,0.25,0.0,0.0,,,335.0
noisy,2.0,0.0,-0.005936441178050817,8,0.25,0.0,0.0,,,308.0
noisy,0.2,0.0,-0.0580429307214951,9,0.25,0.0,0.0,,,3.0
noisy,0.29000000000000004,0.0,-0.12689223750093773,9,0.25,0.0,0.0,,,1.0
noisy,0.38,0.0,-0.08485727806589301,9,0.25,0.0,0.0,,,1.0
noisy,0.47000000000000003,0.0,-0.04768656074165457,9,0.25,0.0,0.006526114367041323,,,1.0
noisy,0.56,0.0,-0.04602305930961439,9,0.25,0.0,0.0,,,1.0
noisy,0.6499999999999999,0.0,0.0242772344728939,9,0.25,0.0,0.007492181312987448,,,1.0
noisy,0.74,0.0,0.028650857523385625,9,0.25,0.0,0.018925344530751127,,,1.0
noisy,0.8300000000000001,0.0,0.02557900221240739,9,0.25,0.0,0.01600252794282234,,,1.0
noisy,0.9199999999999999,0.0,0.04860363642765262,9,0.25,0.0,0.021552188486407272,,,1.0
noisy,1.01,0.0,0.08267227904441855,9,0.25,0.0,0.029469661249712162,,,1.0
noisy,1.0999999999999999,0.0,0.15830243860203716,9,0.25,0.0,0.038182130969935606,,,3.0
noisy,1.19,0.0,0.23401319096341808,9,0.25,0.0,0.05362566764105895,,,3.0
noisy,1.28,0.0,0.22653807044897567,9,0.25,0.0,0.05155068556352031,,,3.0
noisy,1.3699999999999999,0.0,0.17484381462100143,9,0.25,0.0,0.049351420969921886,,,1.0
noisy,1.46,0.0,0.20954473482030544,9,0.25,0.0,0.059309097456479144,,,1.0
noisy,1.5499999999999998,0.0,0.23110512816724604,9,0.25,0.0,0.05944786261174227,,,1.0
noisy,1.64,0.0,0.20262936030939363,9,0.25,0.0,0.058708426296764434,,,1.0
noisy,1.73,0.0,0.1832446834102642,9,0.25,0.0,0.0476972381312806,,,1.0
noisy,1.8199999999999998,0.0,0.14288973443980157,9,0.25,0.0,0.032179709782083,,,1.0
noisy,1.91,0.0,0.3076936026784929,9,0.25,0.0,0.09156995091145267,,,3.0
noisy,2.0,0.0,0.3023445181302166,9,0.25,0.0,0.07872623449297296,,,1.0
noisy,0.2,0.0,-0.10850377062035804,10,0.25,0.0,0.0,,,1.0
noisy,0.29000000000000004,0.0,-0.041442928062784386,10,0.25,0.3333333333333333,0.5158102976716081,,,0.0
noisy,0.38,0.0,-0.06330536038726683,10,0.25,0.0,0.0,,,2.0
noisy,0.47000000000000003,0.0,-0.009989527686938315,10,0.25,0.3333333333333333,0.5449905904510968,,,1.0
noisy,0.56,0.0,-0.02389999620493838,10,0.25,0.0,0.000738242580914617,,,1.0
noisy,0.6499999999999999,0.0,-0.0793995274227101,10,0.25,0.0,0.0,,,1.0
noisy,0.74,0.0,-0.026602072041830103,10,0.25,0.0,0.0,,,1.0
noisy,0.8300000000000001,0.0,-0.02104757696408807,10,0.25,0.0,0.015009740919973643,,,1.0
noisy,0.9199999999999999,0.0,0.0035065474128198673,10,0.25,0.0,0.007655995687981375,,,2.0
noisy,1.01,0.0,0.06852688507336736,10,0.25,0.0,0.021607011047926467,,,3.0
noisy,1.0999999999999999,0.0,0.15642446680309177,10,0.25,0.0,0.0419791552629277,,,3.0
noisy,1.19,0.0,0.1724894368518303,10,0.25,0.0,0.041427199793043525,,,3.0
noisy,1.28,0.0,0.23673108912618068,10,0.25,0.0,0.051593715555111316,,,3.0
noisy,1.3699999999999999,0.0,0.155645490967004,10,0.25,0.0,0.03871600774416859,,,3.0
noisy,1.46,0.0,0.1965983247795304,10,0.25,0.0,0.055400703992983705,,,1.0
noisy,1.5499999999999998,0.0,0.20481238069695465,10,0.25,0.0,0.05295927789698493,,,1.0
noisy,1.64,0.0,0.25657743535318006,10,0.25,0.0,0.0661446561429882,,,1.0
noisy,1.73,0.0,0.2407191795948025,10,0.25,0.0,0.06475582711446641,,,1.0
noisy,1.8199999999999998,0.0,0.24023937611695215,10,0.25,0.0,0.06360133203227274,,,1.0
noisy,1.91,0.0,0.34333418440913355,10,0.25,0.0,0.08860624546521269,,,1.0
noisy,2.0,0.0,0.23967842350751978,10,0.25,0.0,0.07824889822671266,,,1.0
noisy,0.2,0.0,-0.13049792573146246,11,0.25,0.0,0.0,,,1.0
noisy,0.29000000000000004,0.0,-0.08322462510159702,11,0.25,0.0,0.004082182800602258,,,1.0
noisy,0.38,0.0,-0.07274384539495582,11,0.25,0.0,0.0,,,1.0
noisy,0.47000000000000003,0.0,0.004319000540560467,11,0.25,0.0,0.010025991395276292,,,1.0
noisy,0.56,0.0,-0.00796028320291526,11,0.25,0.0,0.0023034564471920774,,,1.0
noisy,0.6499999999999999,0.0,-0.03438944300954979,11,0.25,0.0,0.0,,,464.0
noisy,0.74,0.0,-0.05687590143615659,11,0.25,0.0,0.001246321489427577,,,1.0
noisy,0.8300000000000001,0.0,-0.02072642741870899,11,0.25,0.0,0.014338603650056849,,,1.0
noisy,0.9199999999999999,0.0,0.0028422934525777475,11,0.25,0.0,0.01095324970428833,,,2.0
noisy,1.01,0.0,0.0674352278031475,11,0.25,0.0,0.023052519302963433,,,1.0
noisy,1.0999999999999999,0.0,0.12669696372371408,11,0.25,0.0,0.04145866434834337,,,1.0
noisy,1.19,0.0,0.15129700193630427,11,0.25,0.0,0.03804970639073029,,,1.0
noisy,1.28,0.0,0.20551870879436865,11,0.25,0.0,0.04815146189080049,,,1.0
noisy,1.3699999999999999,0.0,0.1413198463741526,11,0.25,0.0,0.04161450475271825,,,1.0
noisy,1.46,0.0,0.16582132858856943,11,0.25,0.0,0.04648942546687056,,,2.0
noisy,1.5499999999999998,0.0,0.16110564360853677,11,0.25,0.0,0.06025066785853804,,,1.0
noisy,1.64,0.0,0.2505989955297366,11,0.25,0.0,0.0696211958097731,,,1.0
noisy,1.73,0.0,0.578583089368165,11,0.25,0.0,0.12877442852765855,,,2.0
noisy,1.8199999999999998,0.0,0.22655139207929678,11,0.25,0.0,0.06179995995041917,,,3.0
noisy,1.91,0.0,0.2258766904861004,11,0.25,0.0,0.06814534106543307,,,3.0
noisy,2.0,0.0,0.2867574295891474,11,0.25,0.0,0.08232565843732072,,,1.0
noisy,0.2,0.0,-0.08071032734292445,12,0.25,0.0,0.0,,,1.0
noisy,0.29000000000000004,0.0,-0.12055848722527625,12,0.25,0.0,0.0,,,1.0
noisy,0.38,0.0,-0.11522165197217692,12,0.25,0.0,0.0,,,1.0
noisy,0.47000000000000003,0.0,-0.07282363360791054,12,0.25,0.0,0.00933505549533319,,,1.0
noisy,0.56,0.0,-0.0058943728334289345,12,0.25,0.0,0.015313528609593646,,,1.0
noisy,0.6499999999999999,0.0,-0.025091252061926677,12,0.25,0.0,0.011363526206412206,,,1.0
noisy,0.74,0.0,-0.04174111869193159,12,0.25,0.0,0.0,,,1.0
noisy,0.8300000000000001,0.0,0.007046316811480825,12,0.25,0.0,0.008074548706433165,,,2.0
noisy,0.9199999999999999,0.0,0.05930666027524307,12,0.25,0.0,0.02041003530680689,,,1.0
noisy,1.01,0.0,0.3532527424319083,12,0.25,0.0,0.11287849455732822,,,1.0
noisy,1.0999999999999999,0.0,0.08535231309477616,12,0.25,0.0,0.02232749765523315,,,1.0
noisy,1.19,0.0,0.11603914877258148,12,0.25,0.0,0.03727123740358639,,,2.0
noisy,1.28,0.0,-0.44121403256253,12,0.25,0.0,0.044957084144603233,,,1.0
noisy,1.3699999999999999,0.0,0.20592774156507274,12,0.25,0.0,0.056525040642973784,,,1.0
noisy,1.46,0.0,0.2550096554013754,12,0.25,0.0,0.06620418389420474,,,1.0
noisy,1.5499999999999998,0.0,0.18023210381666452,12,0.25,0.0,0.05294443754694271,,,1.0
noisy,1.64,0.0,0.27797541530607944,12,0.25,0.0,0.06301732345361188,,,1.0
noisy,1.73,0.0,0.24954025630161425,12,0.25,0.0,0.06484698675566603,,,1.0
noisy,1.8199999999999998,0.0,0.2761550315480236,12,0.25,0.0,0.07207200006152759,,,1.0
noisy,1.91,0.0,0.2510662322255551,12,0.25,0.0,0.09533160602735763,,,1.0
noisy,2.0,0.0,0.24672580229268928,12,0.25,0.0,0.07647004394002384,,,3.0
noisy,0.2,0.0,-0.13483624628494292,13,0.25,0.0,0.0,,,1.0
noisy,0.29000000000000004,0.0,-0.12116328704947661,13,0.25,0.0,0.0,,,0.0
noisy,0.38,0.0,-0.04197031163176754,13,0.25,0.0,0.012469069860617113,,,1.0
noisy,0.47000000000000003,0.0,-0.08973153628227966,13,0.25,0.0,0.0,,,1.0
noisy,0.56,0.0,-0.05432001832817849,13,0.25,0.0,0.0006903397462581455,,,1.0
noisy,0.6499999999999999,0.0,-0.01490448666716223,13,0.25,0.0,0.006783371665182442,,,1.0
noisy,0.74,0.0,-0.024005764529054428,13,0.25,0.0,0.009466316630956878,,,1.0
noisy,0.8300000000000001,0.0,0.008817876350246607,13,0.25,0.0,0.031231853903377987,,,1.0
noisy,0.9199999999999999,0.0,0.10384882107912109,13,0.25,0.0,0.03592411291499943,,,1.0
noisy,1.01,0.0,-0.1342923368284383,13,0.25,0.0,0.02504363033942727,,,2.0
noisy,1.0999999999999999,0.0,0.12729404190467328,13,0.25,0.0,0.03402187041483288,,,1.0
noisy,1.19,0.0,0.09415808499005628,13,0.25,0.0,0.04563219860810803,,,1.0
noisy,1.28,0.0,-0.25609602358214983,13,0.25,0.0,0.04734857727697965,,,1.0
noisy,1.3699999999999999,0.0,0.13972474969921814,13,0.25,0.0,0.03996703849402941,,,1.0
noisy,1.46,0.0,-0.19874903540132685,13,0.25,0.0,0.06297467093156765,,,1.0
noisy,1.5499999999999998,0.0,0.24853622053523253,13,0.25,0.0,0.07515833808216114,,,1.0
noisy,1.64,0.0,0.25100734387975754,13,0.25,0.0,0.06681614299895954,,,1.0
noisy,1.73,0.0,0.12612235076936565,13,0.25,0.0,0.03712079333053059,,,1.0
noisy,1.8199999999999998,0.0,0.25139749817633966,13,0.25,0.0,0.062009444546211726,,,1.0
noisy,1.91,0.0,0.28250521561624603,13,0.25,0.0,0.0697809302650976,,,1.0
noisy,2.0,0.0,0.28322885294401656,13,0.25,0.0,0.07784694306287115,,,1.0
noisy,0.2,0.0,0.07776802524932473,14,0.25,0.3333333333333333,0.19866617394607075,,,623.0
noisy,0.29000000000000004,0.0,-0.5376031302610276,14,0.25,0.3333333333333333,0.32828699129198374,,,112.0
noisy,0.38,0.0,-0.403377712495024,14,0.25,0.0,0.0,,,2.0
noisy,0.47000000000000003,0.0,-0.008910946980713342,14,0.25,0.0,0.0017879277326281974,,,0.0
noisy,0.56,0.0,-0.06895005073925936,14,0.25,0.0,0.0,,,1.0
noisy,0.6499999999999999,0.0,-0.04268285599053326,14,0.25,0.0,0.004941552929912538,,,1.0
noisy,0.74,0.0,0.18334561271275518,14,0.25,0.0,0.07889237137603046,,,0.0
noisy,0.8300000000000001,0.0,-0.01933171255023022,14,0.25,0.0,0.006820390415271947,,,0.0
noisy,0.9199999999999999,0.0,0.060079682424197284,14,0.25,0.0,0.028990890763358267,,,0.0
noisy,1.01,0.0,0.09870898380418473,14,0.25,0.0,0.028522921089443553,,,0.0
noisy,1.0999999999999999,0.0,-1.7655674034157867,14,0.25,0.0,0.0,,,0.0
noisy,1.19,0.0,-1.068172265357129,14,0.25,0.0,0.038935630916851226,,,6.0
noisy,1.28,0.0,0.17415545173901079,14,0.25,0.0,0.05128140595955254,,,1.0
noisy,1.3699999999999999,0.0,0.11821037407686774,14,0.25,0.0,0.03397010519889987,,,1.0
noisy,1.46,0.0,0.26116631111703903,14,0.25,0.0,0.07420730838735935,,,1.0
noisy,1.5499999999999998,0.0,0.2553498265563612,14,0.25,0.0,0.07044099813311588,,,0.0
noisy,1.64,0.0,-2.7193128380447837,14,0.25,0.0,0.07214573092440946,,,0.0
noisy,1.73,0.0,-0.5376046852189874,14,0.25,0.0,0.0886037456442089,,,2.0
noisy,1.8199999999999998,0.0,0.23102212575975412,14,0.25,0.0,0.0912895362352128,,,0.0
noisy,1.91,0.0,-2.5731543666979912,14,0.25,0.0,0.07736039530056162,,,0.0
noisy,2.0,0.0,-1.1559365529036634,14,0.25,0.0,0.08368700349824748,,,1.0
noisy,0.2,0.0,-0.16407222896486898,15,0.25,0.0,0.0,,,0.0
noisy,0.29000000000000004,0.0,-0.06972592751301353,15,0.25,0.3333333333333333,0.4949412387055323,,,0.0
noisy,0.38,0.0,-0.0412091926449449,15,0.25,0.0,0.0,,,0.0
noisy,0.47000000000000003,0.0,-0.3413722525972773,15,0.25,0.0,0.0,,,0.0
noisy,0.56,0.0,-0.09561377105462938,15,0.25,0.0,0.0,,,1.0
noisy,0.6499999999999999,0.0,-0.585799330379504,15,0.25,0.0,0.0,,,2.0
noisy,0.74,0.0,-0.0019715595093175906,15,0.25,0.0,0.023305801159396428,,,0.0
noisy,0.8300000000000001,0.0,0.0492726828306825,15,0.25,0.0,0.03177622512785041,,,0.0
noisy,0.9199999999999999,0.0,-0.0021837445472934133,15,0.25,0.0,0.031914824356120405,,,0.0
noisy,1.01,0.0,0.0531979856315259,15,0.25,0.0,0.027344404002140697,,,1.0
noisy,1.0999999999999999,0.0,-0.08658174295501765,15,0.25,0.0,0.04334097430462429,,,1.0
noisy,1.19,0.0,0.16703262016023104,15,0.25,0.0,0.04654645880249948,,,0.0
noisy,1.28,0.0,0.16866668407338267,15,0.25,0.0,0.06120215074450631,,,1.0
noisy,1.3699999999999999,0.0,0.2163017312702397,15,0.25,0.0,0.0656820298339441,,,0.0
noisy,1.46,0.0,0.0937245032825908,15,0.25,0.0,0.06634750888333975,,,0.0
noisy,1.5499999999999998,0.0,0.010948399570496212,15,0.25,0.0,0.061142622885374365,,,0.0
noisy,1.64,0.0,-0.7478693901722044,15,0.25,0.0,0.06102629359607173,,,1.0
noisy,1.73,0.0,0.27386595780944006,15,0.25,0.0,0.08479985311430309,,,0.0
noisy,1.8199999999999998,0.0,-0.371067475135283,15,0.25,0.0,0.06520948671453408,,,0.0
noisy,1.91,0.0,0.34066911396937544,15,0.25,0.0,0.09291884091956733,,,0.0
noisy,2.0,0.0,0.3066440518668117,15,0.25,0.0,0.09480266286384241,,,0.0
noisy,0.2,0.0,-0.11740765707116389,16,0.25,0.0,0.0,,,0.0
noisy,0.29000000000000004,0.0,-0.1550895328736617,16,0.25,0.0,0.0,,,0.0
noisy,0.38,0.0,-0.464109317086588,16,0.25,0.0,0.0,,,2.0
noisy,0.47000000000000003,0.0,-0.047076073956412105,16,0.25,0.0,0.003376380368463334,,,0.0
noisy,0.56,0.0,-0.13309211699703496,16,0.25,0.0,0.0,,,0.0
noisy,0.6499999999999999,0.0,-0.023439146758359772,16,0.25,0.0,0.00877642312408967,,,0.0
noisy,0.74,0.0,-0.01594931954952736,16,0.25,0.0,0.0132557308417236,,,0.0
noisy,0.8300000000000001,0.0,0.09112342471824016,16,0.25,0.0,0.035542784366055735,,,0.0
noisy,0.9199999999999999,0.0,0.023731495586235645,16,0.25,0.0,0.027475172997430148,,,0.0
noisy,1.01,0.0,0.09859175408755379,16,0.25,0.0,0.03603810100189967,,,0.0
noisy,1.0999999999999999,0.0,0.09696370023255024,16,0.25,0.0,0.0290618722015862,,,0.0
noisy,1.19,0.0,0.19487593510686316,16,0.25,0.0,0.058928661455012056,,,0.0
noisy,1.28,0.0,0.1445231019660962,16,0.25,0.0,0.04757792690018262,,,0.0
noisy,1.3699999999999999,0.0,-0.656802843464339,16,0.25,0.0,0.04158486896686472,,,0.0
noisy,1.46,0.0,0.23406369211803338,16,0.25,0.0,0.06256746594205295,,,0.0
noisy,1.5499999999999998,0.0,0.25354548998982573,16,0.25,0.0,0.07054533874456886,,,0.0
noisy,1.64,0.0,0.23895501698885938,16,0.25,0.0,0.07563637824059753,,,0.0
noisy,1.73,0.0,0.22750002505194797,16,0.25,0.0,0.06989698803863825,,,0.0
noisy,1.8199999999999998,0.0,0.2847511020607451,16,0.25,0.0,0.08522892684346607,,,0.0
noisy,1.91,0.0,0.3660274787836906,16,0.25,0.0,0.1056275297083068,,,0.0
noisy,2.0,0.0,0.3078544518610113,16,0.25,0.0,0.10254154889888623,,,0.0
noisy,0.2,0.0,-0.14013591651046142,17,0.25,0.0,0.0,,,0.0
noisy,0.29000000000000004,0.0,-0.12835406433250307,17,0.25,0.0,0.0,,,0.0
noisy,0.38,0.0,-0.17633919720227834,17,0.25,0.0,0.0,,,0.0
noisy,0.47000000000000003,0.0,-0.04475865637924179,17,0.25,0.0,0.004794376768647648,,,0.0
noisy,0.56,0.0,-0.00041458594158220546,17,0.25,0.0,0.0130161163783999,,,0.0
noisy,0.6499999999999999,0.0,-0.10813468649967765,17,0.25,0.0,0.0,,,0.0
noisy,0.74,0.0,-0.06581486848629488,17,0.25,0.0,0.0,,,0.0
noisy,0.8300000000000001,0.0,0.021448426495996334,17,0.25,0.0,0.02517340660762502,,,0.0
noisy,0.9199999999999999,0.0,0.05240404920379942,17,0.25,0.0,0.03214497307037056,,,0.0
noisy,1.01,0.0,0.09617783829163196,17,0.25,0.0,0.049511906272129834,,,0.0
noisy,1.0999999999999999,0.0,0.09753564082965265,17,0.25,0.0,0.043405331883073245,,,0.0
noisy,1.19,0.0,0.1711681085738808,17,0.25,0.0,0.05209999226140084,,,0.0
noisy,1.28,0.0,0.1716810148218907,17,0.25,0.0,0.0484946064232471,,,0.0
noisy,1.3699999999999999,0.0,0.1512535040952109,17,0.25,0.0,0.060749340863399254,,,0.0
noisy,1.46,0.0,0.15166034327136393,17,0.25,0.0,0.05213257999150894,,,0.0
noisy,1.5499999999999998,0.0,0.3093576686945622,17,0.25,0.0,0.07849008985314763,,,0.0
noisy,1.64,0.0,0.25399775242198286,17,0.25,0.0,0.07546971740768711,,,0.0
noisy,1.73,0.0,0.2746235051779709,17,0.25,0.0,0.07838749069252031,,,0.0
noisy,1.8199999999999998,0.0,0.25214569561946365,17,0.25,0.0,0.07527271592214159,,,0.0
noisy,1.91,0.0,0.29239141941075525,17,0.25,0.0,0.07707506826639508,,,0.0
noisy,2.0,0.0,0.351300930242898,17,0.25,0.0,0.08941468439360375,,,0.0
noisy,0.2,0.0,-0.1535658427850338,18,0.25,0.0,0.0,,,0.0
noisy,0.29000000000000004,0.0,-0.15468740407212123,18,0.25,0.0,0.0,,,0.0
noisy,0.38,0.0,-0.14564481650010716,18,0.25,0.0,0.0,,,0.0
noisy,0.47000000000000003,0.0,-0.09681685520057175,18,0.25,0.0,0.0,,,0.0
noisy,0.56,0.0,-0.07448882071270183,18,0.25,0.0,0.0,,,0.0
noisy,0.6499999999999999,0.0,-0.016042675563141335,18,0.25,0.0,0.02351005836286037,,,0.0
noisy,0.74,0.0,-0.06361933246849137,18,0.25,0.0,0.0,,,0.0
noisy,0.8300000000000001,0.0,-0.05054836520794571,18,0.25,0.0,0.011510708300142109,,,0.0
noisy,0.9199999999999999,0.0,0.0002797307486870811,18,0.25,0.0,0.0016199728487604546,,,0.0
noisy,1.01,0.0,0.053696916656870576,18,0.25,0.0,0.020887402486662796,,,0.0
noisy,1.0999999999999999,0.0,0.13397705249923894,18,0.25,0.0,0.04747055921866836,,,0.0
noisy,1.19,0.0,0.1510525015810753,18,0.25,0.0,0.03636761364617469,,,0.0
noisy,1.28,0.0,0.11401381476006467,18,0.25,0.0,0.045944802246479455,,,0.0
noisy,1.3699999999999999,0.0,0.19692186252195906,18,0.25,0.0,0.053410265071804096,,,0.0
noisy,1.46,0.0,0.23532372062484352,18,0.25,0.0,0.0596598823738087,,,0.0
noisy,1.5499999999999998,0.0,0.12318569922133245,18,0.25,0.0,0.055763641595572594,,,0.0
noisy,1.64,0.0,0.2187080743451031,18,0.25,0.0,0.06613449450032462,,,0.0
noisy,1.73,0.0,0.2940216435286071,18,0.25,0.0,0.0695661808704592,,,0.0
noisy,1.8199999999999998,0.0,0.2858917738332001,18,0.25,0.0,0.07969533796636792,,,0.0
noisy,1.91,0.0,0.2848274874870296,18,0.25,0.0,0.08045909960371307,,,0.0
noisy,2.0,0.0,0.2647316393301425,18,0.25,0.0,0.0745829401876205,,,0.0
noisy,0.2,0.0,-0.1696100182365328,19,0.25,0.0,0.0,,,0.0
noisy,0.29000000000000004,0.0,-0.1644887675423983,19,0.25,0.0,0.0,,,0.0
noisy,0.38,0.0,-0.15295773675682922,19,0.25,0.0,0.0,,,0.0
noisy,0.47000000000000003,0.0,-0.10247200029796788,19,0.25,0.0,0.0,,,0.0
noisy,0.56,0.0,-0.0712628029040189,19,0.25,0.0,0.0011236803760801784,,,0.0
noisy,0.6499999999999999,0.0,-0.055018421513326095,19,0.25,0.0,0.009205740238946748,,,0.0
noisy,0.74,0.0,-0.07697115790307363,19,0.25,0.0,0.0,,,0.0
noisy,0.8300000000000001,0.0,-0.06500249058046352,19,0.25,0.0,0.0026530194870369264,,,0.0
noisy,0.9199999999999999,0.0,0.0838809403724571,19,0.25,0.0,0.036373220349950657,,,0.0
noisy,1.01,0.0,0.023443010908375486,19,0.25,0.0,0.007335560721571543,,,0.0
noisy,1.0999999999999999,0.0,0.08243091777312382,19,0.25,0.0,0.024512272315718987,,,0.0
noisy,1.19,0.0,0.16409030148692985,19,0.25,0.0,0.05391395867224541,,,0.0
noisy,1.28,0.0,0.14404417348902243,19,0.25,0.0,0.038070605927148074,,,0.0
noisy,1.3699999999999999,0.0,0.17030166953998885,19,0.25,0.0,0.07951453884581516,,,0.0
noisy,1.46,0.0,0.18738189427409677,19,0.25,0.0,0.05170668149942486,,,0.0
noisy,1.5499999999999998,0.0,0.18992029574830724,19,0.25,0.0,0.06478462055277365,,,0.0
noisy,1.64,0.0,0.2695502454127497,19,0.25,0.0,0.06641353198821943,,,0.0
noisy,1.73,0.0,0.1635344011938137,19,0.25,0.0,0.047766630681177105,,,0.0
noisy,1.8199999999999998,0.0,0.22202491777159072,19,0.25,0.0,0.06885932437600452,,,0.0
noisy,1.91,0.0,0.25952388135132526,19,0.25,0.0,0.08294772059983024,,,0.0
noisy,2.0,0.0,0.1889340795571378,19,0.25,0.0,0.05586676425226087,,,0.0
noisy,0.2,0.0,0.02119383610893566,1,0.5,1.0,0.5638132534031053,,,663.0
noisy,0.29000000000000004,0.0,0.019956739531634717,1,0.5,1.0,0.4883664536284678,,,596.0
noisy,0.38,0.0,0.014203575531727223,1,0.5,0.6666666666666666,0.5861600729074291,,,567.0
noisy,0.47000000000000003,0.0,0.013605253625618041,1,0.5,0.6666666666666666,0.7624428742904322,,,568.0
noisy,0.56,0.0,-0.004856882231561328,1,0.5,0.6666666666666666,0.6163494575631484,,,529.0
noisy,0.6499999999999999,0.0,0.034732829091278984,1,0.5,1.0,0.9200516596450389,,,524.0
noisy,0.74,0.0,0.008778310452554974,1,0.5,0.6666666666666666,0.6693291718044317,,,588.0
noisy,0.8300000000000001,0.0,0.005628113245816385,1,0.5,0.6666666666666666,0.47962926736625433,,,559.0
noisy,0.9199999999999999,0.0,-0.04088832158767342,1,0.5,0.3333333333333333,0.407312953383828,,,577.0
noisy,1.01,0.0,-0.07386942060688362,1,0.5,0.0,0.0,,,412.0
noisy,1.0999999999999999,0.0,-0.10998638469082644,1,0.5,0.0,0.0,,,528.0
noisy,1.19,0.0,-0.10689365068939644,1,0.5,0.0,0.0,,,420.0
noisy,1.28,0.0,-0.1051240936824953,1,0.5,0.0,0.0,,,448.0
noisy,1.3699999999999999,0.0,-0.08575337735063289,1,0.5,0.0,0.0,,,475.0
noisy,1.46,0.0,-0.05790712403261649,1,0.5,0.0,0.0,,,464.0
noisy,1.5499999999999998,0.0,-0.11507738033966242,1,0.5,0.0,0.0,,,483.0
noisy,1.64,0.0,-0.13654371546596772,1,0.5,0.0,0.0,,,437.0
noisy,1.73,0.0,-0.16168175642324603,1,0.5,0.0,0.0,,,463.0
noisy,1.8199999999999998,0.0,-0.1076712580793985,1,0.5,0.0,0.0,,,453.0
noisy,1.91,0.0,-0.16460344772102634,1,0.5,0.0,0.0,,,522.0
noisy,2.0,0.0,-0.15533958809170836,1,0.5,0.0,0.0,,,471.0
noisy,0.2,0.0,0.014730744594041924,2,0.5,1.0,0.36827126211017247,,,694.0
noisy,0.29000000000000004,0.0,0.017050399324539327,2,0.5,1.0,0.5932492624158404,,,616.0
noisy,0.38,0.0,0.023508752430652202,2,0.5,1.0,0.5701069099930115,,,636.0
noisy,0.47000000000000003,0.0,-0.020548432097485074,2,0.5,0.3333333333333333,0.33195424048999567,,,559.0
noisy,0.56,0.0,0.027000504198756037,2,0.5,1.0,0.6776852746134758,,,637.0
noisy,0.6499999999999999,0.0,0.03112570530674952,2,0.5,1.0,0.8206917569905936,,,576.0
noisy,0.74,0.0,0.02217418741658565,2,0.5,1.0,0.7069915216328354,,,581.0
noisy,0.8300000000000001,0.0,0.03309014728971737,2,0.5,1.0,0.7943443656241292,,,597.0
noisy,0.9199999999999999,0.0,-0.08636488949460243,2,0.5,0.0,0.0,,,515.0
noisy,1.01,0.0,-0.03086476574005607,2,0.5,0.3333333333333333,0.7718378555066621,,,520.0
noisy,1.0999999999999999,0.0,-0.10821953583360155,2,0.5,0.0,0.0,,,436.0
noisy,1.19,0.0,-0.058758061922943576,2,0.5,0.0,0.0,,,507.0
noisy,1.28,0.0,-0.1231076500419625,2,0.5,0.0,0.0,,,437.0
noisy,1.3699999999999999,0.0,-0.06647080530729904,2,0.5,0.0,0.0,,,445.0
noisy,1.46,0.0,-0.07920240347705255,2,0.5,0.3333333333333333,0.2185186846803846,,,448.0
noisy,1.5499999999999998,0.0,-0.11749304429281092,2,0.5,0.0,0.0,,,452.0
noisy,1.64,0.0,-0.09101964158013953,2,0.5,0.3333333333333333,0.28660803795093326,,,511.0
noisy,1.73,0.0,-0.09232152529617381,2,0.5,0.0,0.0,,,507.0
noisy,1.8199999999999998,0.0,-0.10733134200131972,2,0.5,0.0,0.0,,,453.0
noisy,1.91,0.0,-0.12879436656026078,2,0.5,0.0,0.0,,,496.0
noisy,2.0,0.0,-0.167507002040431,2,0.5,0.0,0.0,,,464.0
noisy,0.2,0.0,-0.08991370736530561,3,0.5,0.0,0.0,,,0.0
noisy,0.29000000000000004,0.0,-0.08700102572214909,3,0.5,0.0,0.0,,,0.0
noisy,0.38,0.0,-0.06991510570181167,3,0.5,0.0,0.0,,,0.0
noisy,0.47000000000000003,0.0,-0.05571928277913071,3,0.5,0.0,0.0,,,0.0
noisy,0.56,0.0,-0.057650005026768626,3,0.5,0.0,0.0,,,0.0
noisy,0.6499999999999999,0.0,-0.08387355187314648,3,0.5,0.0,0.0,,,0.0
noisy,0.74,0.0,-0.0767773296343097,3,0.5,0.0,0.0,,,0.0
noisy,0.8300000000000001,0.0,-0.0822433581254028,3,0.5,0.0,0.0,,,0.0
noisy,0.9199999999999999,0.0,-0.09050333616968352,3,0.5,0.0,0.0,,,0.0
noisy,1.01,0.0,-0.08291949671179615,3,0.5,0.0,0.0,,,0.0
noisy,1.0999999999999999,0.0,-0.09072996736810639,3,0.5,0.0,0.0,,,0.0
noisy,1.19,0.0,-0.07258287918651461,3,0.5,0.0,0.0,,,0.0
noisy,1.28,0.0,-0.09911627256769728,3,0.5,0.0,0.0,,,0.0
noisy,1.3699999999999999,0.0,-0.08090622645939405,3,0.5,0.0,0.0,,,0.0
noisy,1.46,0.0,-0.07381447412342627,3,0.5,0.0,0.0,,,0.0
noisy,1.5499999999999998,0.0,-0.07008079218422121,3,0.5,0.0,0.0,,,0.0
noisy,1.64,0.0,-0.08417509550375178,3,0.5,0.0,0.0,,,0.0
noisy,1.73,0.0,-0.08281523379380766,3,0.5,0.0,0.0,,,0.0
noisy,1.8199999999999998,0.0,-0.07009284792163571,3,0.5,0.0,0.0,,,0.0
noisy,1.91,0.0,-0.07239269550362148,3,0.5,0.0,0.0,,,0.0
noisy,2.0,0.0,-0.07731769733927008,3,0.5,0.0,0.0,,,0.0
noisy,0.2,0.0,-0.002091462177858748,4,0.5,0.0,0.0,,,0.0
noisy,0.29000000000000004,0.0,-0.0011908230852456234,4,0.5,0.0,0.0,,,0.0
noisy,0.38,0.0,-0.0005519504268960523,4,0.5,0.3333333333333333,0.006625085377352164,,,0.0
noisy,0.47000000000000003,0.0,-0.0003331742372075604,4,0.5,0.3333333333333333,0.004596645145115696,,,0.0
noisy,0.56,0.0,0.0008095370157510137,4,0.5,1.0,0.019537117799749516,,,0.0
noisy,0.6499999999999999,0.0,0.0006396393414551408,4,0.5,1.0,0.016125726420826155,,,0.0
noisy,0.74,0.0,0.0006888713120034779,4,0.5,1.0,0.022450662587003463,,,0.0
noisy,0.8300000000000001,0.0,-0.000150292883133921,4,0.5,0.6666666666666666,0.015141409424096378,,,0.0
noisy,0.9199999999999999,0.0,-0.00017843105205214843,4,0.5,0.3333333333333333,0.01654399579606854,,,0.0
noisy,1.01,0.0,0.0006248002261663963,4,0.5,1.0,0.017026058009259937,,,0.0
noisy,1.0999999999999999,0.0,-0.0002700454920934601,4,0.5,0.6666666666666666,0.00806626386959363,,,0.0
noisy,1.19,0.0,0.00025688497492294893,4,0.5,1.0,0.013832123094463796,,,0.0
noisy,1.28,0.0,0.0006353856395898994,4,0.5,1.0,0.01826826164920135,,,0.0
noisy,1.3699999999999999,0.0,0.0012046806494441175,4,0.5,1.0,0.025443052696235046,,,0.0
noisy,1.46,0.0,0.0013620991911502142,4,0.5,1.0,0.03708891575505753,,,0.0
noisy,1.5499999999999998,0.0,0.002286286909695587,4,0.5,1.0,0.06062685128773335,,,0.0
noisy,1.64,0.0,0.0033292026306029378,4,0.5,1.0,0.0714844894440368,,,0.0
noisy,1.73,0.0,0.0027370458212654016,4,0.5,1.0,0.06808190168032231,,,0.0
noisy,1.8199999999999998,0.0,0.0022351195139397122,4,0.5,1.0,0.0530664586633905,,,0.0
noisy,1.91,0.0,0.004823653939682314,4,0.5,1.0,0.10410272023166406,,,0.0
noisy,2.0,0.0,0.003916558607511124,4,0.5,1.0,0.1038219693184613,,,0.0
noisy,0.2,0.0,-0.0009017073903013507,5,0.5,0.0,0.0,,,0.0
noisy,0.29000000000000004,0.0,-0.00043847256453075225,5,0.5,0.0,0.0,,,0.0
noisy,0.38,0.0,-8.021697823527136e-06,5,0.5,0.6666666666666666,0.013411464264581514,,,0.0
noisy,0.47000000000000003,0.0,0.00045458149636665575,5,0.5,0.6666666666666666,0.02583311050693614,,,0.0
noisy,0.56,0.0,0.0010294928827778301,5,0.5,1.0,0.022163777569572603,,,0.0
noisy,0.6499999999999999,0.0,0.00039978599730089377,5,0.5,0.6666666666666666,0.022803409099568694,,,0.0
noisy,0.74,0.0,0.0005628492112456683,5,0.5,0.6666666666666666,0.02695529131729697,,,0.0
noisy,0.8300000000000001,0.0,0.0010835363967373547,5,0.5,1.0,0.026585176797275765,,,0.0
noisy,0.9199999999999999,0.0,0.0011437886075634075,5,0.5,1.0,0.027363249086130803,,,0.0
noisy,1.01,0.0,0.0012775915775967534,5,0.5,1.0,0.03126387789217079,,,0.0
noisy,1.0999999999999999,0.0,0.0528911734973565,5,0.5,0.0,0.11099696151274258,,,0.0
noisy,1.19,0.0,0.022960134021690688,5,0.5,0.3333333333333333,0.11149102545306229,,,0.0
noisy,1.28,0.0,0.0556582047913218,5,0.5,0.0,0.11056541796328355,,,0.0
noisy,1.3699999999999999,0.0,0.067215637458405,5,0.5,0.0,0.11374200841594222,,,0.0
noisy,1.46,0.0,0.051550783755710754,5,0.5,0.3333333333333333,0.11154073298706986,,,0.0
noisy,1.5499999999999998,0.0,0.0327669599973148,5,0.5,0.0,0.11029125913070173,,,0.0
noisy,1.64,0.0,0.11940153327524176,5,0.5,0.0,0.10865433337603958,,,0.0
noisy,1.73,0.0,0.08732404721561328,5,0.5,0.0,0.11215069516656526,,,0.0
noisy,1.8199999999999998,0.0,0.12717386487333887,5,0.5,0.0,0.11345423187084883,,,0.0
noisy,1.91,0.0,0.09507435563575684,5,0.5,0.0,0.11150632167597233,,,0.0
noisy,2.0,0.0,0.14106988285874086,5,0.5,0.0,0.1114421159038983,,,0.0
noisy,0.2,0.0,0.02371545745973408,6,0.5,0.0,0.00042550412022293685,,,0.0
noisy,0.29000000000000004,0.0,0.02939746815345277,6,0.5,0.0,0.00035416038622020145,,,0.0
noisy,0.38,0.0,0.035297965030484164,6,0.5,0.0,0.0004594525109464355,,,0.0
noisy,0.47000000000000003,0.0,0.0546318550741709,6,0.5,0.0,0.0006205625902403729,,,0.0
noisy,0.56,0.0,0.04165454706900763,6,0.5,0.0,0.0005137170772215884,,,0.0
noisy,0.6499999999999999,0.0,0.04533047940207525,6,0.5,0.0,0.0004936720831546089,,,0.0
noisy,0.74,0.0,0.03614598235647562,6,0.5,0.0,0.0005031063699704017,,,0.0
noisy,0.8300000000000001,0.0,0.045798151252867424,6,0.5,0.0,0.0006478958757337777,,,0.0
noisy,0.9199999999999999,0.0,0.04382201745893852,6,0.5,0.0,0.0005808996679898129,,,0.0
noisy,1.01,0.0,0.06381222440396563,6,0.5,0.0,0.0006993509965973778,,,0.0
noisy,1.0999999999999999,0.0,0.06031243894445736,6,0.5,0.0,0.0007264973949552208,,,0.0
noisy,1.19,0.0,0.05241199022440728,6,0.5,0.0,0.0005959141752884627,,,0.0
noisy,1.28,0.0,0.06378467996166046,6,0.5,0.0,0.0006803110694072547,,,0.0
noisy,1.3699999999999999,0.0,0.05577251833268579,6,0.5,0.0,0.0006363793019270071,,,0.0
noisy,1.46,0.0,0.05175429329336978,6,0.5,0.0,0.0007444346037375586,,,0.0
noisy,1.5499999999999998,0.0,0.07125100134553052,6,0.5,0.0,0.000770079456607724,,,0.0
noisy,1.64,0.0,0.05962456236337227,6,0.5,0.0,0.0006581348149330289,,,0.0
noisy,1.73,0.0,0.06306396748939451,6,0.5,0.0,0.0006624147601959584,,,0.0
noisy,1.8199999999999998,0.0,0.06884570827659883,6,0.5,0.0,0.0007776454424071392,,,0.0
noisy,1.91,0.0,0.06366410550225353,6,0.5,0.0,0.0006716200156887402,,,0.0
noisy,2.0,0.0,0.07250022539078221,6,0.5,0.0,0.0008562891966140047,,,0.0
noisy,0.2,0.0,0.01480632079165386,7,0.5,0.0,0.00024337690246380292,,,0.0
noisy,0.29000000000000004,0.0,0.03235470937100703,7,0.5,0.0,0.0004054000033865974,,,0.0
noisy,0.38,0.0,0.04830793194350725,7,0.5,0.0,0.0005399737014972999,,,0.0
noisy,0.47000000000000003,0.0,0.024606428170662723,7,0.5,0.0,0.0003787397385044762,,,0.0
noisy,0.56,0.0,0.030095944008679557,7,0.5,0.0,0.00034836881310194504,,,0.0
noisy,0.6499999999999999,0.0,0.0382322230871196,7,0.5,0.0,0.00046277222978649595,,,0.0
noisy,0.74,0.0,0.02932454361374644,7,0.5,0.0,0.000453893617466053,,,0.0
noisy,0.8300000000000001,0.0,0.04030890379062103,7,0.5,0.0,0.0005012721001566834,,,0.0
noisy,0.9199999999999999,0.0,0.04681231298739639,7,0.5,0.0,0.0006091882597403133,,,0.0
noisy,1.01,0.0,0.04479377952355618,7,0.5,0.0,0.00048547102540008976,,,0.0
noisy,1.0999999999999999,0.0,0.0387120626637226,7,0.5,0.0,0.0005215418374921612,,,0.0
noisy,1.19,0.0,0.038020452537606685,7,0.5,0.0,0.00039720659587695096,,,0.0
noisy,1.28,0.0,0.04791278092076407,7,0.5,0.0,0.0006231306400193886,,,0.0
noisy,1.3699999999999999,0.0,0.042003361476154716,7,0.5,0.0,0.0006053358669030512,,,0.0
noisy,1.46,0.0,0.05318129474119199,7,0.5,0.0,0.0006371403671845571,,,0.0
noisy,1.5499999999999998,0.0,0.05871949612232893,7,0.5,0.0,0.0006223595498780154,,,0.0
noisy,1.64,0.0,0.061952389103580335,7,0.5,0.0,0.0006652680624613853,,,0.0
noisy,1.73,0.0,0.04855164683653079,7,0.5,0.0,0.0005376471030406481,,,0.0
noisy,1.8199999999999998,0.0,0.06070264480408897,7,0.5,0.0,0.0006327163267379663,,,0.0
noisy,1.91,0.0,0.03774128491961257,7,0.5,0.0,0.0005361393621203616,,,0.0
noisy,2.0,0.0,0.05747152279715632,7,0.5,0.0,0.0006105668570813857,,,0.0
noisy,0.2,0.0,0.03385425587822919,8,0.5,0.0,0.0004678746729657559,,,0.0
noisy,0.29000000000000004,0.0,0.02555063676990453,8,0.5,0.0,0.0004037076571056916,,,0.0
noisy,0.38,0.0,0.03860609633487403,8,0.5,0.0,0.00043150580072052157,,,0.0
noisy,0.47000000000000003,0.0,0.037205210804720126,8,0.5,0.0,0.0004440583044705075,,,0.0
noisy,0.56,0.0,0.04345386245585218,8,0.5,0.0,0.00045761987463534476,,,0.0
noisy,0.6499999999999999,0.0,0.03039303848006175,8,0.5,0.0,0.00044365554392821854,,,0.0
noisy,0.74,0.0,0.042266651018705824,8,0.5,0.0,0.00044472262435149134,,,0.0
noisy,0.8300000000000001,0.0,0.04944257483211386,8,0.5,0.0,0.0005809054454214745,,,0.0
noisy,0.9199999999999999,0.0,0.05654997908629911,8,0.5,0.0,0.000715043903212285,,,0.0
noisy,1.01,0.0,0.0688956204746405,8,0.5,0.0,0.0007278102216978935,,,0.0
noisy,1.0999999999999999,0.0,0.05506774685817236,8,0.5,0.0,0.0006176288020560568,,,0.0
noisy,1.19,0.0,0.06593732345270693,8,0.5,0.0,0.0006872013141864006,,,0.0
noisy,1.28,0.0,0.06906652736114818,8,0.5,0.0,0.0008030292815342311,,,0.0
noisy,1.3699999999999999,0.0,0.056921333218264085,8,0.5,0.0,0.0005985050358095749,,,0.0
noisy,1.46,0.0,0.051806457021563244,8,0.5,0.0,0.0006091014208493443,,,0.0
noisy,1.5499999999999998,0.0,0.05378820037829521,8,0.5,0.0,0.0006938290144379312,,,0.0
noisy,1.64,0.0,0.06474566405767584,8,0.5,0.0,0.000683520773135253,,,0.0
noisy,1.73,0.0,0.06484245635855612,8,0.5,0.0,0.0007040663874500514,,,0.0
noisy,1.8199999999999998,0.0,0.05980678077089937,8,0.5,0.0,0.0006358827135874422,,,0.0
noisy,1.91,0.0,0.061791216015983474,8,0.5,0.0,0.0006691280503471392,,,0.0
noisy,2.0,0.0,0.06082384372548849,8,0.5,0.0,0.0006786913425280426,,,0.0
noisy,0.2,0.0,-0.13344202699922125,9,0.5,0.0,0.0,,,0.0
noisy,0.29000000000000004,0.0,-0.15394490606590214,9,0.5,0.0,0.0,,,0.0
noisy,0.38,0.0,-0.12615900672820343,9,0.5,0.0,0.0,,,0.0
noisy,0.47000000000000003,0.0,-0.12350626006207938,9,0.5,0.0,0.0,,,0.0
noisy,0.56,0.0,-0.1279576613791811,9,0.5,0.0,0.0,,,0.0
noisy,0.6499999999999999,0.0,-0.1332694766919226,9,0.5,0.0,0.0,,,0.0
noisy,0.74,0.0,-0.14348870367535693,9,0.5,0.0,0.0,,,0.0
noisy,0.8300000000000001,0.0,-0.127447631763381,9,0.5,0.0,0.0,,,0.0
noisy,0.9199999999999999,0.0,-0.12073440394128927,9,0.5,0.0,0.0,,,0.0
noisy,1.01,0.0,-0.12183155991434504,9,0.5,0.0,0.0,,,0.0
noisy,1.0999999999999999,0.0,-0.11321997486050793,9,0.5,0.0,0.0,,,0.0
noisy,1.19,0.0,-0.12263869256239048,9,0.5,0.0,0.0,,,0.0
noisy,1.28,0.0,-0.1149717574802243,9,0.5,0.0,0.0,,,0.0
noisy,1.3699999999999999,0.0,-0.13883045952846987,9,0.5,0.0,0.0,,,0.0
noisy,1.46,0.0,-0.12533631350841337,9,0.5,0.0,0.0,,,0.0
noisy,1.5499999999999998,0.0,-0.12184737817564077,9,0.5,0.0,0.0,,,0.0
noisy,1.64,0.0,-0.129766408005352,9,0.5,0.0,0.0,,,0.0
noisy,1.73,0.0,-0.11364743305262115,9,0.5,0.0,0.0,,,0.0
noisy,1.8199999999999998,0.0,-0.11954151307689666,9,0.5,0.0,0.0,,,0.0
noisy,1.91,0.0,-0.11587217971761349,9,0.5,0.0,0.0,,,0.0
noisy,2.0,0.0,-0.11376677617439056,9,0.5,0.0,0.0,,,0.0
noisy,0.2,0.0,0.34732873498535705,10,0.5,0.0,0.00359851726329598,,,0.0
noisy,0.29000000000000004,0.0,0.35465807999571397,10,0.5,0.0,0.003698125403355313,,,0.0
noisy,0.38,0.0,0.3476229169328497,10,0.5,0.0,0.0036466928218960156,,,0.0
noisy,0.47000000000000003,0.0,0.3217654965821562,10,0.5,0.0,0.0035479282510523084,,,0.0
noisy,0.56,0.0,0.3478715047938232,10,0.5,0.0,0.0035862037092978596,,,0.0
noisy,0.6499999999999999,0.0,0.34706334917067166,10,0.5,0.0,0.0035018094561148076,,,0.0
noisy,0.74,0.0,0.3556411783549665,10,0.5,0.0,0.0035952610452275905,,,0.0
noisy,0.8300000000000001,0.0,0.37369780679835435,10,0.5,0.0,0.0038858019039072164,,,0.0
noisy,0.9199999999999999,0.0,0.35748199169582756,10,0.5,0.0,0.003707502001398891,,,0.0
noisy,1.01,0.0,0.3652923678647608,10,0.5,0.0,0.003725626619661047,,,0.0
noisy,1.0999999999999999,0.0,0.34975838956676225,10,0.5,0.0,0.0035929351568452722,,,0.0
noisy,1.19,0.0,0.37597485606057823,10,0.5,0.0,0.003786218478700143,,,0.0
noisy,1.28,0.0,0.36607341883554323,10,0.5,0.0,0.0037611054150465256,,,0.0
noisy,1.3699999999999999,0.0,0.36580525154275884,10,0.5,0.0,0.0036981861610188575,,,0.0
noisy,1.46,0.0,0.37383272037846266,10,0.5,0.0,0.0039028898920142967,,,0.0
noisy,1.5499999999999998,0.0,0.38682136385509197,10,0.5,0.0,0.004060822112132329,,,0.0
noisy,1.64,0.0,0.3891230554627527,10,0.5,0.0,0.0039982964905871336,,,0.0
noisy,1.73,0.0,0.39202598870721633,10,0.5,0.0,0.003933379282286518,,,0.0
noisy,1.8199999999999998,0.0,0.38541462285792866,10,0.5,0.0,0.00402018899946011,,,0.0
noisy,1.91,0.0,0.39539213211434293,10,0.5,0.0,0.004034524436090466,,,0.0
noisy,2.0,0.0,0.4006067868361219,10,0.5,0.0,0.004081880299684329,,,0.0
noisy,0.2,0.0,-0.11114411687062813,11,0.5,0.0,0.0,,,0.0
noisy,0.29000000000000004,0.0,-0.11381543066846311,11,0.5,0.0,0.0,,,0.0
noisy,0.38,0.0,-0.11710227731706528,11,0.5,0.0,0.0,,,0.0
noisy,0.47000000000000003,0.0,-0.152163431418286,11,0.5,0.0,0.0,,,0.0
noisy,0.56,0.0,-0.1406272815802621,11,0.5,0.0,0.0,,,0.0
noisy,0.6499999999999999,0.0,-0.11173935592976374,11,0.5,0.0,0.0,,,0.0
noisy,0.74,0.0,-0.10064235873667766,11,0.5,0.0,0.0,,,0.0
noisy,0.8300000000000001,0.0,-0.09587559577781053,11,0.5,0.0,0.0,,,0.0
noisy,0.9199999999999999,0.0,-0.10017731311083002,11,0.5,0.0,0.0,,,0.0
noisy,1.01,0.0,-0.09239015027821378,11,0.5,0.0,0.0,,,0.0
noisy,1.0999999999999999,0.0,-0.09763204005748534,11,0.5,0.0,0.0,,,0.0
noisy,1.19,0.0,-0.09404392470077032,11,0.5,0.0,0.0,,,0.0
noisy,1.28,0.0,-0.09136079104377798,11,0.5,0.0,0.0,,,0.0
noisy,1.3699999999999999,0.0,-0.1001006453668179,11,0.5,0.0,0.0,,,0.0
noisy,1.46,0.0,-0.09564545853860333,11,0.5,0.0,0.0,,,0.0
noisy,1.5499999999999998,0.0,-0.09258020046063493,11,0.5,0.0,0.0,,,0.0
noisy,1.64,0.0,-0.08474305130023407,11,0.5,0.0,0.0,,,0.0
noisy,1.73,0.0,-0.0791324473749649,11,0.5,0.0,0.0,,,0.0
noisy,1.8199999999999998,0.0,-0.0894346249889681,11,0.5,0.0,0.0,,,0.0
noisy,1.91,0.0,-0.07871880007831915,11,0.5,0.0,0.0,,,0.0
noisy,2.0,0.0,-0.06824231038905527,11,0.5,0.0,0.0,,,0.0
noisy,0.2,0.0,-0.02353683810653508,12,0.5,0.0,0.0,,,0.0
noisy,0.29000000000000004,0.0,-0.017721924325892136,12,0.5,0.0,0.0,,,0.0
noisy,0.38,0.0,-0.02424376698431654,12,0.5,0.0,0.0,,,0.0
noisy,0.47000000000000003,0.0,-0.024021898926431803,12,0.5,0.0,0.0,,,0.0
noisy,0.56,0.0,-0.01915848851766745,12,0.5,0.0,0.0,,,0.0
noisy,0.6499999999999999,0.0,-0.018683933813297155,12,0.5,0.0,0.0,,,0.0
noisy,0.74,0.0,-0.01755316972496013,12,0.5,0.0,0.0,,,0.0
noisy,0.8300000000000001,0.0,-0.004569236906928526,12,0.5,0.0,0.0,,,0.0
noisy,0.9199999999999999,0.0,-0.0094910147459274,12,0.5,0.0,0.0,,,0.0
noisy,1.01,0.0,0.002603923248747146,12,0.5,0.0,5.162113534217778e-05,,,0.0
noisy,1.0999999999999999,0.0,0.004875429614622009,12,0.5,0.0,9.170401152660014e-05,,,0.0
noisy,1.19,0.0,0.00973421650804548,12,0.5,0.0,0.000183239935664447,,,0.0
noisy,1.28,0.0,0.015828119475340425,12,0.5,0.0,0.0002043226995001782,,,0.0
noisy,1.3699999999999999,0.0,0.0038451700887895683,12,0.5,0.0,7.734618368461885e-05,,,0.0
noisy,1.46,0.0,0.0034397302704670604,12,0.5,0.0,5.78624088450855e-05,,,0.0
noisy,1.5499999999999998,0.0,0.0030809756404375217,12,0.5,0.0,5.062782261281197e-05,,,0.0
noisy,1.64,0.0,0.015200417358025006,12,0.5,0.0,0.00019003148659642844,,,0.0
noisy,1.73,0.0,0.01213386856746832,12,0.5,0.0,0.00017256072411759197,,,0.0
noisy,1.8199999999999998,0.0,0.005047302318743458,12,0.5,0.0,0.0001521588559121672,,,0.0
noisy,1.91,0.0,0.015453069502636958,12,0.5,0.0,0.00017372047000553987,,,0.0
noisy,2.0,0.0,0.008760134614583899,12,0.5,0.0,0.00010452533827274523,,,0.0
noisy,0.2,0.0,0.04653853982800286,13,0.5,0.0,0.0005776221900549248,,,0.0
noisy,0.29000000000000004,0.0,0.0483219946212693,13,0.5,0.0,0.0005090175851983396,,,0.0
noisy,0.38,0.0,0.04341036792286616,13,0.5,0.0,0.0004928625061687901,,,0.0
noisy,0.47000000000000003,0.0,0.043957361588694045,13,0.5,0.0,0.0005372138138824717,,,0.0
noisy,0.56,0.0,0.039958801520769714,13,0.5,0.0,0.0004925869500245947,,,0.0
noisy,0.6499999999999999,0.0,0.04107777342121878,13,0.5,0.0,0.0004617474966919911,,,0.0
noisy,0.74,0.0,0.05235245382332565,13,0.5,0.0,0.0005862306238256966,,,0.0
noisy,0.8300000000000001,0.0,0.0643890519174415,13,0.5,0.0,0.0006651872672686758,,,0.0
noisy,0.9199999999999999,0.0,0.06137030502332417,13,0.5,0.0,0.0007082075426296322,,,0.0
noisy,1.01,0.0,0.06742085037455645,13,0.5,0.0,0.0007639830098741103,,,0.0
noisy,1.0999999999999999,0.0,0.07240097086063668,13,0.5,0.0,0.0007581476949506721,,,0.0
noisy,1.19,0.0,0.0850385772297284,13,0.5,0.0,0.0008543274789863094,,,0.0
noisy,1.28,0.0,0.07134589008307089,13,0.5,0.0,0.0008185820602789433,,,0.0
noisy,1.3699999999999999,0.0,0.07257222305641264,13,0.5,0.0,0.0007766582768272197,,,0.0
noisy,1.46,0.0,0.06776834056990226,13,0.5,0.0,0.0007816629065101066,,,0.0
noisy,1.5499999999999998,0.0,0.0772585141756947,13,0.5,0.0,0.0007891554514626116,,,0.0
noisy,1.64,0.0,0.08500763631970594,13,0.5,0.0,0.001008509220376468,,,0.0
noisy,1.73,0.0,0.08625556050789603,13,0.5,0.0,0.0009295965022344292,,,0.0
noisy,1.8199999999999998,0.0,0.07784615080887258,13,0.5,0.0,0.0008144663552613863,,,0.0
noisy,1.91,0.0,0.08939401267003626,13,0.5,0.0,0.0009233530819582057,,,0.0
noisy,2.0,0.0,0.08018798049280675,13,0.5,0.0,0.0008447218463187201,,,0.0
noisy,0.2,0.0,0.0368326369461971,14,0.5,0.0,0.0004002022702471385,,,0.0
noisy,0.29000000000000004,0.0,0.03159589378721718,14,0.5,0.0,0.0003902690977521595,,,0.0
noisy,0.38,0.0,0.03815958093675312,14,0.5,0.0,0.00044450974436734624,,,0.0
noisy,0.47000000000000003,0.0,0.044966322985130334,14,0.5,0.0,0.0006468931159618388,,,0.0
noisy,0.56,0.0,0.035615527197157194,14,0.5,0.0,0.0005413816722407989,,,0.0
noisy,0.6499999999999999,0.0,0.04701594240759031,14,0.5,0.0,0.0005802476117891264,,,0.0
noisy,0.74,0.0,0.03852155973994326,14,0.5,0.0,0.000524158780936451,,,0.0
noisy,0.8300000000000001,0.0,0.03263689874647336,14,0.5,0.0,0.0003972106832334807,,,0.0
noisy,0.9199999999999999,0.0,0.049139987498745374,14,0.5,0.0,0.0005246603117282768,,,0.0
noisy,1.01,0.0,0.03350827032932203,14,0.5,0.0,0.0003791070212170309,,,0.0
noisy,1.0999999999999999,0.0,0.04627070131226138,14,0.5,0.0,0.0005364566542346861,,,0.0
noisy,1.19,0.0,0.048218607483105226,14,0.5,0.0,0.0005840949691979191,,,0.0
noisy,1.28,0.0,0.05099333131590222,14,0.5,0.0,0.0006089951159861702,,,0.0
noisy,1.3699999999999999,0.0,0.04901153803453447,14,0.5,0.0,0.0005345214355646202,,,0.0
noisy,1.46,0.0,0.05193224664551937,14,0.5,0.0,0.0005478051747521746,,,0.0
noisy,1.5499999999999998,0.0,0.03683971298335736,14,0.5,0.0,0.0004069788664470075,,,0.0
noisy,1.64,0.0,0.050399234418704315,14,0.5,0.0,0.0005262955799672387,,,0.0
noisy,1.73,0.0,0.044289732511575565,14,0.5,0.0,0.0004802535284571441,,,0.0
noisy,1.8199999999999998,0.0,0.04506920396529334,14,0.5,0.0,0.000473468226179429,,,0.0
noisy,1.91,0.0,0.04288373355705407,14,0.5,0.0,0.0004856798109244469,,,0.0
noisy,2.0,0.0,0.046009739742137575,14,0.5,0.0,0.0004652247297210835,,,0.0
noisy,0.2,0.0,0.03780202023306623,15,0.5,0.0,0.0005158381728615042,,,0.0
noisy,0.29000000000000004,0.0,0.03256789585253695,15,0.5,0.0,0.0004410775237289494,,,0.0
noisy,0.38,0.0,0.04712609060788486,15,0.5,0.0,0.0005159007355548257,,,0.0
noisy,0.47000000000000003,0.0,0.02062959839087265,15,0.5,0.0,0.00043500638765674914,,,0.0
noisy,0.56,0.0,0.03689758716393839,15,0.5,0.0,0.0004756520830425491,,,0.0
noisy,0.6499999999999999,0.0,0.032962146889626724,15,0.5,0.0,0.00045838516270419296,,,0.0
noisy,0.74,0.0,0.046819732980039386,15,0.5,0.0,0.0006397384860925472,,,0.0
noisy,0.8300000000000001,0.0,0.0397862229157876,15,0.5,0.0,0.0004901171366077827,,,0.0
noisy,0.9199999999999999,0.0,0.053090951945619136,15,0.5,0.0,0.0006077460649077842,,,0.0
noisy,1.01,0.0,0.047052292537517144,15,0.5,0.0,0.0004923141306882281,,,0.0
noisy,1.0999999999999999,0.0,0.036562804214963454,15,0.5,0.0,0.000488792501084376,,,0.0
noisy,1.19,0.0,0.040575609644034595,15,0.5,0.0,0.0004446549146449552,,,0.0
noisy,1.28,0.0,0.04509739359375392,15,0.5,0.0,0.0005187840335172158,,,0.0
noisy,1.3699999999999999,0.0,0.040899706645583254,15,0.5,0.0,0.00044942786460305594,,,0.0
noisy,1.46,0.0,0.04735634455388651,15,0.5,0.0,0.0005079744963744306,,,0.0
noisy,1.5499999999999998,0.0,0.05126275240786524,15,0.5,0.0,0.000616798275129601,,,0.0
noisy,1.64,0.0,0.04628421573547966,15,0.5,0.0,0.0005840270397273461,,,0.0
noisy,1.73,0.0,0.0597450658929789,15,0.5,0.0,0.0006517052333500441,,,0.0
noisy,1.8199999999999998,0.0,0.05291800077918218,15,0.5,0.0,0.0006168611013848484,,,0.0
noisy,1.91,0.0,0.0528112146275422,15,0.5,0.0,0.000629808048094838,,,0.0
noisy,2.0,0.0,0.06006150798503459,15,0.5,0.0,0.0006227956298445537,,,0.0
noisy,0.2,0.0,-0.6433895296136568,16,0.5,0.0,0.0,,,0.0
noisy,0.29000000000000004,0.0,-0.6440315205822452,16,0.5,0.0,0.0,,,0.0
noisy,0.38,0.0,-0.6422186238668505,16,0.5,0.0,0.0,,,0.0
noisy,0.47000000000000003,0.0,-0.6439011575824506,16,0.5,0.0,0.0,,,0.0
noisy,0.56,0.0,-0.6454377027706268,16,0.5,0.0,0.0,,,0.0
noisy,0.6499999999999999,0.0,-0.6436780221469577,16,0.5,0.0,0.0,,,0.0
noisy,0.74,0.0,-0.6408832754432602,16,0.5,0.0,0.0,,,0.0
noisy,0.8300000000000001,0.0,-0.6423963569553331,16,0.5,0.0,0.0,,,0.0
noisy,0.9199999999999999,0.0,-0.6449441410496118,16,0.5,0.0,0.0,,,0.0
noisy,1.01,0.0,-0.6439565541732772,16,0.5,0.0,0.0,,,0.0
noisy,1.0999999999999999,0.0,-0.644439675459619,16,0.5,0.0,0.0,,,0.0
noisy,1.19,0.0,-0.6464035067072872,16,0.5,0.0,0.0,,,0.0
noisy,1.28,0.0,-0.6451931009771922,16,0.5,0.0,0.0,,,0.0
noisy,1.3699999999999999,0.0,-0.645482580605794,16,0.5,0.0,0.0,,,0.0
noisy,1.46,0.0,-0.6458438024637131,16,0.5,0.0,0.0,,,0.0
noisy,1.5499999999999998,0.0,-0.6450273051359762,16,0.5,0.0,0.0,,,0.0
noisy,1.64,0.0,-0.6460930815741828,16,0.5,0.0,0.0,,,0.0
noisy,1.73,0.0,-0.6451437350860562,16,0.5,0.0,0.0,,,0.0
noisy,1.8199999999999998,0.0,-0.6465943080510104,16,0.5,0.0,0.0,,,0.0
noisy,1.91,0.0,-0.6443909362367183,16,0.5,0.0,0.0,,,0.0
noisy,2.0,0.0,-0.6459124721792651,16,0.5,0.0,0.0,,,0.0
noisy,0.2,0.0,-0.015725974864012438,17,0.5,0.0,0.0,,,0.0
noisy,0.29000000000000004,0.0,-0.015698023411414866,17,0.5,0.0,0.0,,,0.0
noisy,0.38,0.0,-0.015755649371712515,17,0.5,0.0,0.0,,,0.0
noisy,0.47000000000000003,0.0,-0.015741345677440843,17,0.5,0.0,0.0,,,0.0
noisy,0.56,0.0,-0.015682010794205278,17,0.5,0.0,0.0,,,0.0
noisy,0.6499999999999999,0.0,-0.0156965002422081,17,0.5,0.0,0.0,,,0.0
noisy,0.74,0.0,-0.015743988369497388,17,0.5,0.0,0.0,,,0.0
noisy,0.8300000000000001,0.0,-0.015738747986566003,17,0.5,0.0,0.0,,,0.0
noisy,0.9199999999999999,0.0,-0.015727803165416634,17,0.5,0.0,0.0,,,0.0
noisy,1.01,0.0,-0.015686033803570264,17,0.5,0.0,0.0,,,0.0
noisy,1.0999999999999999,0.0,-0.015668624598147343,17,0.5,0.0,0.0,,,0.0
noisy,1.19,0.0,-0.015649555524644972,17,0.5,0.0,0.0,,,0.0
noisy,1.28,0.0,-0.015648588854349162,17,0.5,0.0,0.0,,,0.0
noisy,1.3699999999999999,0.0,-0.01571005674675381,17,0.5,0.0,0.0,,,0.0
noisy,1.46,0.0,-0.015677724823273304,17,0.5,0.0,0.0,,,0.0
noisy,1.5499999999999998,0.0,-0.015690734641565656,17,0.5,0.0,0.0,,,0.0
noisy,1.64,0.0,-0.015676222395896153,17,0.5,0.0,0.0,,,0.0
noisy,1.73,0.0,-0.015661620797130533,17,0.5,0.0,0.0,,,0.0
noisy,1.8199999999999998,0.0,-0.015672954977842435,17,0.5,0.0,0.0,,,0.0
noisy,1.91,0.0,-0.01567677656409205,17,0.5,0.0,0.0,,,0.0
noisy,2.0,0.0,-0.015687873335499796,17,0.5,0.0,0.0,,,0.0
noisy,0.2,0.0,-0.8539498793822417,18,0.5,0.0,0.0,,,0.0
noisy,0.29000000000000004,0.0,-0.8539764945088452,18,0.5,0.0,0.0,,,0.0
noisy,0.38,0.0,-0.8538163236810603,18,0.5,0.0,0.0,,,0.0
noisy,0.47000000000000003,0.0,-0.8541913371451034,18,0.5,0.0,0.0,,,0.0
noisy,0.56,0.0,-0.8540232049393568,18,0.5,0.0,0.0,,,0.0
noisy,0.6499999999999999,0.0,-0.8539375324604007,18,0.5,0.0,0.0,,,0.0
noisy,0.74,0.0,-0.8538988178451604,18,0.5,0.0,0.0,,,0.0
noisy,0.8300000000000001,0.0,-0.8538817640216484,18,0.5,0.0,0.0,,,0.0
noisy,0.9199999999999999,0.0,-0.8539053347102334,18,0.5,0.0,0.0,,,0.0
noisy,1.01,0.0,-0.8541218404823407,18,0.5,0.0,0.0,,,0.0
noisy,1.0999999999999999,0.0,-0.8537500564975172,18,0.5,0.0,0.0,,,0.0
noisy,1.19,0.0,-0.8535854432788607,18,0.5,0.0,0.0,,,0.0
noisy,1.28,0.0,-0.8536967859421963,18,0.5,0.0,0.0,,,0.0
noisy,1.3699999999999999,0.0,-0.8537001302612589,18,0.5,0.0,0.0,,,0.0
noisy,1.46,0.0,-0.8537539951446989,18,0.5,0.0,0.0,,,0.0
noisy,1.5499999999999998,0.0,-0.8537699125540111,18,0.5,0.0,0.0,,,0.0
noisy,1.64,0.0,-0.8537503900489404,18,0.5,0.0,0.0,,,0.0
noisy,1.73,0.0,-0.8539016075285296,18,0.5,0.0,0.0,,,0.0
noisy,1.8199999999999998,0.0,-0.8536740708028238,18,0.5,0.0,0.0,,,0.0
noisy,1.91,0.0,-0.8535038556792848,18,0.5,0.0,0.0,,,0.0
noisy,2.0,0.0,-0.853623510876886,18,0.5,0.0,0.0,,,0.0
noisy,0.2,0.0,0.03234224994555194,19,0.5,0.0,0.0004363694416526696,,,0.0
noisy,0.29000000000000004,0.0,0.03278346942621679,19,0.5,0.0,0.0003945046553992033,,,0.0
noisy,0.38,0.0,0.040817684435741276,19,0.5,0.0,0.0004846851149011604,,,0.0
noisy,0.47000000000000003,0.0,0.04614190837331914,19,0.5,0.0,0.000579047911578739,,,0.0
noisy,0.56,0.0,0.04100383890310746,19,0.5,0.0,0.0005130702336803039,,,0.0
noisy,0.6499999999999999,0.0,0.0424415827338363,19,0.5,0.0,0.0005343964916264797,,,0.0
noisy,0.74,0.0,0.031155997739211568,19,0.5,0.0,0.00039493714231562526,,,0.0
noisy,0.8300000000000001,0.0,0.035666947827121466,19,0.5,0.0,0.00045988390751570274,,,0.0
noisy,0.9199999999999999,0.0,0.04555537864481184,19,0.5,0.0,0.0005183409261984914,,,0.0
noisy,1.01,0.0,0.05088556289249593,19,0.5,0.0,0.0005950452781761334,,,0.0
noisy,1.0999999999999999,0.0,0.05748848021021428,19,0.5,0.0,0.0007189366132538866,,,0.0
noisy,1.19,0.0,0.05562235245102803,19,0.5,0.0,0.0006937554538668225,,,0.0
noisy,1.28,0.0,0.0557302222898615,19,0.5,0.0,0.000604768008754465,,,0.0
noisy,1.3699999999999999,0.0,0.05059247460656039,19,0.5,0.0,0.0006030735846318453,,,0.0
noisy,1.46,0.0,0.06094153556656329,19,0.5,0.0,0.0006393952189139706,,,0.0
noisy,1.5499999999999998,0.0,0.05938837587638438,19,0.5,0.0,0.0006448639402077675,,,0.0
noisy,1.64,0.0,0.057667889724400366,19,0.5,0.0,0.000635284817685806,,,0.0
noisy,1.73,0.0,0.05744321648145375,19,0.5,0.0,0.0006132396223412801,,,0.0
noisy,1.8199999999999998,0.0,0.061414109824544004,19,0.5,0.0,0.0006579525383066142,,,0.0
noisy,1.91,0.0,0.05322879204472181,19,0.5,0.0,0.0006277246381103004,,,0.0
noisy,2.0,0.0,0.060735266725553454,19,0.5,0.0,0.0006450190271572409,,,0.0
noisy,0.2,0.0,0.18252555171083984,1,1.0,1.0,4.166160167540315,,,331.0
noisy,0.29000000000000004,0.0,0.22636281265885305,1,1.0,1.0,4.77015156727013,,,451.0
noisy,0.38,0.0,0.39617042958594445,1,1.0,0.6666666666666666,7.040528700908439,,,550.0
noisy,0.47000000000000003,0.0,0.4500600152054944,1,1.0,1.0,9.901725369052999,,,582.0
noisy,0.56,0.0,0.5182739237524423,1,1.0,1.0,9.904075576876368,,,621.0
noisy,0.6499999999999999,0.0,0.6098591586459,1,1.0,1.0,9.907103934778032,,,554.0
noisy,0.74,0.0,0.7137354331397323,1,1.0,1.0,9.90410326575079,,,467.0
noisy,0.8300000000000001,0.0,0.7886321933262336,1,1.0,1.0,9.906784652515062,,,423.0
noisy,0.9199999999999999,0.0,0.9423323709677115,1,1.0,1.0,9.908293289663284,,,362.0
noisy,1.01,0.0,1.0049178058738792,1,1.0,1.0,9.906969525326925,,,329.0
noisy,1.0999999999999999,0.0,1.0857954637315872,1,1.0,1.0,9.90713161713466,,,276.0
noisy,1.19,0.0,1.193218473322701,1,1.0,1.0,9.911925056860143,,,265.0
noisy,1.28,0.0,1.2459604931947161,1,1.0,0.3333333333333333,9.901090949672126,,,169.0
noisy,1.3699999999999999,0.0,1.2993871904270715,1,1.0,1.0,9.906789660554141,,,238.0
noisy,1.46,0.0,1.4047649737023822,1,1.0,1.0,9.914292422097626,,,238.0
noisy,1.5499999999999998,0.0,1.4313316024330078,1,1.0,1.0,9.91043113516502,,,217.0
noisy,1.64,0.0,1.4841184081434753,1,1.0,1.0,9.91422318535064,,,207.0
noisy,1.73,0.0,1.5100837671750156,1,1.0,1.0,9.90560244237594,,,195.0
noisy,1.8199999999999998,0.0,1.5529707666756585,1,1.0,1.0,9.916752827901437,,,162.0
noisy,1.91,0.0,1.619862005625554,1,1.0,1.0,9.917625102592051,,,167.0
noisy,2.0,0.0,1.6664168103785695,1,1.0,1.0,9.911744992553377,,,156.0
noisy,0.2,0.0,0.16435429322534126,2,1.0,1.0,3.472087314398652,,,347.0
noisy,0.29000000000000004,0.0,0.21886976952167977,2,1.0,1.0,4.438981255367867,,,471.0
noisy,0.38,0.0,0.32922910279818784,2,1.0,1.0,6.7308142400459685,,,562.0
noisy,0.47000000000000003,0.0,0.46298456823474393,2,1.0,0.6666666666666666,8.531339394714108,,,95.0
noisy,0.56,0.0,0.5154877005744529,2,1.0,1.0,9.904449859367405,,,594.0
noisy,0.6499999999999999,0.0,0.6091554851564248,2,1.0,1.0,9.904168640722434,,,518.0
noisy,0.74,0.0,0.7049170593125775,2,1.0,1.0,9.902632988634082,,,496.0
noisy,0.8300000000000001,0.0,0.810161937268945,2,1.0,1.0,9.906007642740256,,,425.0
noisy,0.9199999999999999,0.0,0.9183897106797133,2,1.0,1.0,9.901922140583832,,,381.0
noisy,1.01,0.0,1.006570259679158,2,1.0,1.0,9.909474260568192,,,338.0
noisy,1.0999999999999999,0.0,1.103687198732018,2,1.0,1.0,9.910429306170567,,,322.0
noisy,1.19,0.0,1.203786306411082,2,1.0,1.0,9.908371538436686,,,271.0
noisy,1.28,0.0,1.2416490346614764,2,1.0,1.0,9.912228747213373,,,273.0
noisy,1.3699999999999999,0.0,1.3264873743989885,2,1.0,1.0,9.910344746220204,,,245.0
noisy,1.46,0.0,1.4132615640441193,2,1.0,1.0,9.91442861993731,,,233.0
noisy,1.5499999999999998,0.0,1.4669058058945657,2,1.0,1.0,9.914448450587049,,,196.0
noisy,1.64,0.0,1.4772824293374385,2,1.0,1.0,9.914076169434988,,,185.0
noisy,1.73,0.0,1.5192271208284598,2,1.0,1.0,9.9177592133099,,,172.0
noisy,1.8199999999999998,0.0,1.60277355460022,2,1.0,1.0,9.919209896743045,,,147.0
noisy,1.91,0.0,1.6421409638143467,2,1.0,1.0,9.91610222713152,,,159.0
noisy,2.0,0.0,1.6905678759423983,2,1.0,1.0,9.9161486370392,,,146.0
noisy,0.2,0.0,0.16754022042757324,3,1.0,1.0,3.4740416329502803,,,407.0
noisy,0.29000000000000004,0.0,0.23421341734799914,3,1.0,1.0,5.185055042392372,,,481.0
noisy,0.38,0.0,0.3309205517749954,3,1.0,1.0,6.724872058774775,,,529.0
noisy,0.47000000000000003,0.0,0.4182968606248722,3,1.0,1.0,8.843725756737621,,,654.0
noisy,0.56,0.0,0.49269657023667274,3,1.0,1.0,9.9034927860731,,,660.0
noisy,0.6499999999999999,0.0,0.6154022725421298,3,1.0,1.0,9.9019096851218,,,535.0
noisy,0.74,0.0,0.7097259494525038,3,1.0,1.0,9.903616947819506,,,479.0
noisy,0.8300000000000001,0.0,0.7799828934683082,3,1.0,1.0,9.90592718714558,,,418.0
noisy,0.9199999999999999,0.0,0.9160856367712394,3,1.0,1.0,9.908282617446416,,,399.0
noisy,1.01,0.0,1.0283487962134483,3,1.0,1.0,9.911318220970433,,,308.0
noisy,1.0999999999999999,0.0,1.087748818950031,3,1.0,1.0,9.908089818965271,,,286.0
noisy,1.19,0.0,1.1755300915181415,3,1.0,1.0,9.910675742914776,,,284.0
noisy,1.28,0.0,1.2792099110295612,3,1.0,1.0,9.911709405025853,,,260.0
noisy,1.3699999999999999,0.0,1.3154766156932618,3,1.0,1.0,9.913152502682198,,,250.0
noisy,1.46,0.0,1.4016593045128698,3,1.0,1.0,9.906658772299862,,,237.0
noisy,1.5499999999999998,0.0,1.4391330282885786,3,1.0,1.0,9.914290728469307,,,214.0
noisy,1.64,0.0,1.494085250867028,3,1.0,1.0,9.912985705045484,,,193.0
noisy,1.73,0.0,1.5745259541442156,3,1.0,1.0,9.916412904627112,,,182.0
noisy,1.8199999999999998,0.0,1.5818255583371545,3,1.0,1.0,9.908189377515074,,,181.0
noisy,1.91,0.0,1.6233308044500105,3,1.0,1.0,9.920263499402672,,,151.0
noisy,2.0,0.0,1.663972837625864,3,1.0,1.0,9.909484968217173,,,139.0
noisy,0.2,0.0,0.16956127970945745,4,1.0,1.0,3.5137445920579475,,,455.0
noisy,0.29000000000000004,0.0,0.2233171895086842,4,1.0,1.0,4.61846914960173,,,557.0
noisy,0.38,0.0,0.3401562095447055,4,1.0,1.0,7.485918901389263,,,568.0
noisy,0.47000000000000003,0.0,0.40069454108041885,4,1.0,1.0,8.271574749085294,,,596.0
noisy,0.56,0.0,0.5169363421733246,4,1.0,1.0,9.90334416918919,,,615.0
noisy,0.6499999999999999,0.0,0.6254572953315533,4,1.0,1.0,9.90473188542345,,,514.0
noisy,0.74,0.0,0.717972776819285,4,1.0,1.0,9.907575751570441,,,451.0
noisy,0.8300000000000001,0.0,0.7971110608127917,4,1.0,1.0,9.903025188280344,,,435.0
noisy,0.9199999999999999,0.0,0.8880237091940794,4,1.0,1.0,9.908505617190848,,,406.0
noisy,1.01,0.0,1.0117015659207016,4,1.0,1.0,9.911462289834288,,,312.0
noisy,1.0999999999999999,0.0,1.0970248282197874,4,1.0,1.0,9.908964667093196,,,281.0
noisy,1.19,0.0,1.2230283397463233,4,1.0,1.0,9.911891634732298,,,243.0
noisy,1.28,0.0,1.26511833964973,4,1.0,1.0,9.912235121514923,,,237.0
noisy,1.3699999999999999,0.0,1.326654889668779,4,1.0,1.0,9.910995897651045,,,231.0
noisy,1.46,0.0,1.3897295587309821,4,1.0,1.0,9.910588919555638,,,159.0
noisy,1.5499999999999998,0.0,1.415860837579247,4,1.0,1.0,9.915056446015111,,,215.0
noisy,1.64,0.0,1.502407802193216,4,1.0,1.0,9.90409328522425,,,193.0
noisy,1.73,0.0,1.5157269018709465,4,1.0,1.0,9.912042841608672,,,177.0
noisy,1.8199999999999998,0.0,1.5623407735959762,4,1.0,1.0,9.913167891842983,,,179.0
noisy,1.91,0.0,1.5931481718119531,4,1.0,0.6666666666666666,9.902573744105835,,,137.0
noisy,2.0,0.0,1.6467304502279474,4,1.0,1.0,9.917274892444908,,,160.0
noisy,0.2,0.0,0.1683727917356894,5,1.0,1.0,3.9661784307607735,,,361.0
noisy,0.29000000000000004,0.0,0.22380704659359954,5,1.0,1.0,4.757251007347041,,,472.0
noisy,0.38,0.0,0.3233691187477703,5,1.0,1.0,6.787212538547232,,,515.0
noisy,0.47000000000000003,0.0,0.4452337874790621,5,1.0,1.0,9.370112114252214,,,631.0
noisy,0.56,0.0,0.5304953155348291,5,1.0,1.0,9.905234149368367,,,626.0
noisy,0.6499999999999999,0.0,0.622859531776114,5,1.0,1.0,9.907283769626538,,,601.0
noisy,0.74,0.0,0.7131698698677331,5,1.0,1.0,9.904303697877916,,,463.0
noisy,0.8300000000000001,0.0,0.8220916227947713,5,1.0,1.0,9.90658056725772,,,402.0
noisy,0.9199999999999999,0.0,0.9131163912777757,5,1.0,1.0,9.906030062679958,,,390.0
noisy,1.01,0.0,1.010848558923257,5,1.0,1.0,9.909029431911351,,,355.0
noisy,1.0999999999999999,0.0,1.092551742072428,5,1.0,1.0,9.906513122843245,,,303.0
noisy,1.19,0.0,1.2346867107583652,5,1.0,1.0,9.912697702719852,,,296.0
noisy,1.28,0.0,1.2202025396840075,5,1.0,1.0,9.912132522271031,,,261.0
noisy,1.3699999999999999,0.0,1.3498283855566353,5,1.0,1.0,9.912588737701114,,,249.0
noisy,1.46,0.0,1.3860328815047458,5,1.0,1.0,9.906362418898217,,,252.0
noisy,1.5499999999999998,0.0,1.4630679137933396,5,1.0,1.0,9.914552707750014,,,197.0
noisy,1.64,0.0,1.4977119798034018,5,1.0,1.0,9.904973841200768,,,205.0
noisy,1.73,0.0,1.5365082633942073,5,1.0,1.0,9.91231955955222,,,187.0
noisy,1.8199999999999998,0.0,1.589289782624559,5,1.0,1.0,9.913284001222125,,,159.0
noisy,1.91,0.0,1.6589045835353902,5,1.0,1.0,9.918757109923101,,,140.0
noisy,2.0,0.0,1.6751320431000487,5,1.0,1.0,9.916128529078277,,,163.0
noisy,0.2,0.0,0.18625699721397193,6,1.0,1.0,4.68158082510621,,,404.0
noisy,0.29000000000000004,0.0,0.21774203437262274,6,1.0,1.0,4.421794950717847,,,485.0
noisy,0.38,0.0,0.3401906365244847,6,1.0,1.0,8.063742726203467,,,558.0
noisy,0.47000000000000003,0.0,0.4651646165457913,6,1.0,1.0,9.900913621677931,,,590.0
noisy,0.56,0.0,0.5201016254999432,6,1.0,1.0,9.903981499075506,,,638.0
noisy,0.6499999999999999,0.0,0.6142809676975828,6,1.0,1.0,9.90156613387722,,,531.0
noisy,0.74,0.0,0.7131742537796009,6,1.0,1.0,9.906005611877367,,,518.0
noisy,0.8300000000000001,0.0,0.7864435480886179,6,1.0,1.0,9.904193987751842,,,458.0
noisy,0.9199999999999999,0.0,0.9315865175926813,6,1.0,1.0,9.909310746797459,,,379.0
noisy,1.01,0.0,1.0076028082187942,6,1.0,1.0,9.908308073841,,,321.0
noisy,1.0999999999999999,0.0,1.1032825123687593,6,1.0,1.0,9.910595892531713,,,310.0
noisy,1.19,0.0,1.185896426211835,6,1.0,1.0,9.90667151308681,,,284.0
noisy,1.28,0.0,1.2312874881131424,6,1.0,1.0,9.905819178678247,,,254.0
noisy,1.3699999999999999,0.0,1.3190416962629676,6,1.0,1.0,9.907251254742155,,,238.0
noisy,1.46,0.0,1.3916353447107361,6,1.0,1.0,9.914203307642001,,,251.0
noisy,1.5499999999999998,0.0,1.4378126824378363,6,1.0,1.0,9.915250179175944,,,222.0
noisy,1.64,0.0,1.503379862134406,6,1.0,1.0,9.90797668521888,,,206.0
noisy,1.73,0.0,1.5150838743386739,6,1.0,1.0,9.910550713189073,,,220.0
noisy,1.8199999999999998,0.0,1.5821197575815085,6,1.0,1.0,9.917672361037217,,,190.0
noisy,1.91,0.0,1.633882224552672,6,1.0,1.0,9.910097050371279,,,162.0
noisy,2.0,0.0,1.6663616378569621,6,1.0,0.6666666666666666,9.91476848771233,,,137.0
noisy,0.2,0.0,0.16357321657984836,7,1.0,1.0,3.4001493244068848,,,411.0
noisy,0.29000000000000004,0.0,0.2265784725889192,7,1.0,1.0,4.616609485443179,,,441.0
noisy,0.38,0.0,0.341681746343859,7,1.0,1.0,7.3920119642442215,,,528.0
noisy,0.47000000000000003,0.0,0.40001696238886186,7,1.0,1.0,8.253044244531155,,,652.0
noisy,0.56,0.0,0.4801075268690059,7,1.0,1.0,9.87496056088268,,,666.0
noisy,0.6499999999999999,0.0,0.6142129431575237,7,1.0,1.0,9.903926607332117,,,487.0
noisy,0.74,0.0,0.7129768449333592,7,1.0,1.0,9.90621552681128,,,470.0
noisy,0.8300000000000001,0.0,0.778565244552445,7,1.0,1.0,9.907212048564382,,,428.0
noisy,0.9199999999999999,0.0,0.9232205547658904,7,1.0,1.0,9.907781957611652,,,390.0
noisy,1.01,0.0,0.9927282481634512,7,1.0,1.0,9.910584204779914,,,317.0
noisy,1.0999999999999999,0.0,1.0785331942836394,7,1.0,1.0,9.907217918925413,,,330.0
noisy,1.19,0.0,1.2534996705037649,7,1.0,1.0,9.909777313494756,,,277.0
noisy,1.28,0.0,1.2509161699311262,7,1.0,1.0,9.911994216067898,,,244.0
noisy,1.3699999999999999,0.0,1.3243951619263203,7,1.0,1.0,9.912776091495468,,,255.0
noisy,1.46,0.0,1.3853936707640784,7,1.0,1.0,9.907830800175551,,,230.0
noisy,1.5499999999999998,0.0,1.4277774073662695,7,1.0,1.0,9.905188267483673,,,200.0
noisy,1.64,0.0,1.501568389749026,7,1.0,1.0,9.907573495644119,,,196.0
noisy,1.73,0.0,1.5362822918396521,7,1.0,1.0,9.91375019814649,,,198.0
noisy,1.8199999999999998,0.0,1.5696124066288153,7,1.0,1.0,9.914971423246906,,,186.0
noisy,1.91,0.0,1.6095556325079474,7,1.0,1.0,9.912595422032673,,,150.0
noisy,2.0,0.0,1.6743801591371998,7,1.0,1.0,9.917861856566613,,,166.0
noisy,0.2,0.0,0.15886108310262195,8,1.0,1.0,3.470161772384584,,,385.0
noisy,0.29000000000000004,0.0,0.23215293383767574,8,1.0,1.0,4.839010051723273,,,428.0
noisy,0.38,0.0,0.3278042108059663,8,1.0,1.0,6.693548099614474,,,572.0
noisy,0.47000000000000003,0.0,0.4290843233054249,8,1.0,1.0,8.883390617826434,,,617.0
noisy,0.56,0.0,0.519406369034616,8,1.0,1.0,9.905817626022749,,,576.0
noisy,0.6499999999999999,0.0,0.6160136488979088,8,1.0,1.0,9.90712875255523,,,554.0
noisy,0.74,0.0,0.7066274491521461,8,1.0,1.0,9.905093522375081,,,464.0
noisy,0.8300000000000001,0.0,0.7943741205028326,8,1.0,1.0,9.90696232885486,,,419.0
noisy,0.9199999999999999,0.0,0.923700641869314,8,1.0,1.0,9.907074328060004,,,375.0
noisy,1.01,0.0,1.0070695020082499,8,1.0,1.0,9.911071467208556,,,341.0
noisy,1.0999999999999999,0.0,1.063885559674258,8,1.0,1.0,9.91152568387103,,,306.0
noisy,1.19,0.0,1.1679581495111633,8,1.0,1.0,9.911745222189426,,,216.0
noisy,1.28,0.0,1.2540982356617623,8,1.0,1.0,9.910951334498273,,,270.0
noisy,1.3699999999999999,0.0,1.3251951450137287,8,1.0,1.0,9.908138549007985,,,224.0
noisy,1.46,0.0,1.4073803991890437,8,1.0,1.0,9.91415389232706,,,199.0
noisy,1.5499999999999998,0.0,1.4221141087489169,8,1.0,1.0,9.914152188782518,,,206.0
noisy,1.64,0.0,1.4853856462557546,8,1.0,1.0,9.904419901023477,,,225.0
noisy,1.73,0.0,1.5244694563477237,8,1.0,1.0,9.91481515259487,,,206.0
noisy,1.8199999999999998,0.0,1.5998720019638142,8,1.0,1.0,9.915003533945994,,,167.0
noisy,1.91,0.0,1.6493039534049903,8,1.0,1.0,9.916470463579014,,,135.0
noisy,2.0,0.0,1.663496116974893,8,1.0,1.0,9.914700649653305,,,146.0
noisy,0.2,0.0,0.1545682942443332,9,1.0,1.0,3.1563478659991033,,,442.0
noisy,0.29000000000000004,0.0,0.2238044349121419,9,1.0,1.0,4.563440214980364,,,488.0
noisy,0.38,0.0,0.33338012140528245,9,1.0,1.0,7.219138225200127,,,603.0
noisy,0.47000000000000003,0.0,0.4411733838646505,9,1.0,1.0,9.620475937082196,,,621.0
noisy,0.56,0.0,0.5354619977445346,9,1.0,1.0,9.901085583138613,,,642.0
noisy,0.6499999999999999,0.0,0.6131401614117237,9,1.0,1.0,9.908242737671552,,,518.0
noisy,0.74,0.0,0.7408299641473861,9,1.0,1.0,9.90551162589528,,,449.0
noisy,0.8300000000000001,0.0,0.7881902900265895,9,1.0,1.0,9.908102925233381,,,439.0
noisy,0.9199999999999999,0.0,0.8990556993910773,9,1.0,1.0,9.906458025578413,,,428.0
noisy,1.01,0.0,0.9705227863470719,9,1.0,1.0,9.90877370743053,,,312.0
noisy,1.0999999999999999,0.0,1.069554743360145,9,1.0,1.0,9.90884577614613,,,300.0
noisy,1.19,0.0,1.1625659214437654,9,1.0,1.0,9.908110299869461,,,229.0
noisy,1.28,0.0,1.2971290539718,9,1.0,1.0,9.911577200013404,,,143.0
noisy,1.3699999999999999,0.0,1.346551784772074,9,1.0,1.0,9.91331832727167,,,252.0
noisy,1.46,0.0,1.410977719988977,9,1.0,1.0,9.912653151491144,,,221.0
noisy,1.5499999999999998,0.0,1.4503947446673742,9,1.0,1.0,9.915718828782056,,,229.0
noisy,1.64,0.0,1.4646036684961752,9,1.0,1.0,9.91005659861656,,,212.0
noisy,1.73,0.0,1.5192182185092513,9,1.0,0.6666666666666666,9.90985727490095,,,120.0
noisy,1.8199999999999998,0.0,1.6133362431424894,9,1.0,1.0,9.911206517441162,,,159.0
noisy,1.91,0.0,1.599711784750953,9,1.0,1.0,9.914390456940888,,,181.0
noisy,2.0,0.0,1.6810049621395813,9,1.0,1.0,9.917931346854658,,,162.0
noisy,0.2,0.0,0.16279632104329558,10,1.0,1.0,3.558668925046386,,,426.0
noisy,0.29000000000000004,0.0,0.22314362998050852,10,1.0,1.0,4.514005391340772,,,498.0
noisy,0.38,0.0,0.3216293288326338,10,1.0,1.0,6.802259565794372,,,545.0
noisy,0.47000000000000003,0.0,0.4284046015472227,10,1.0,1.0,8.680146036929516,,,624.0
noisy,0.56,0.0,0.5095769482560424,10,1.0,1.0,9.903452278823343,,,597.0
noisy,0.6499999999999999,0.0,0.6261296083391282,10,1.0,1.0,9.904192730773554,,,543.0
noisy,0.74,0.0,0.7125885956411211,10,1.0,1.0,9.907389863072703,,,495.0
noisy,0.8300000000000001,0.0,0.787633136126925,10,1.0,1.0,9.905775959785643,,,453.0
noisy,0.9199999999999999,0.0,0.8956126987752627,10,1.0,1.0,9.907908023269787,,,368.0
noisy,1.01,0.0,0.9972377545638228,10,1.0,1.0,9.903085020766694,,,361.0
noisy,1.0999999999999999,0.0,1.1093625563836051,10,1.0,1.0,9.911302594330849,,,273.0
noisy,1.19,0.0,1.202256848647069,10,1.0,1.0,9.910803879843607,,,247.0
noisy,1.28,0.0,1.202080823121859,10,1.0,1.0,9.911956770775921,,,287.0
noisy,1.3699999999999999,0.0,1.3160932113833888,10,1.0,1.0,9.91289083345931,,,199.0
noisy,1.46,0.0,1.413680275177928,10,1.0,1.0,9.909877689506837,,,224.0
noisy,1.5499999999999998,0.0,1.4300191553999975,10,1.0,1.0,9.914759847928849,,,209.0
noisy,1.64,0.0,1.4581361151515617,10,1.0,1.0,9.908640918894516,,,173.0
noisy,1.73,0.0,1.5159006847823229,10,1.0,1.0,9.912364130326882,,,182.0
noisy,1.8199999999999998,0.0,1.6081644894068872,10,1.0,1.0,9.91374229016812,,,164.0
noisy,1.91,0.0,1.6205126596895187,10,1.0,1.0,9.912550300780737,,,176.0
noisy,2.0,0.0,1.7144730091757152,10,1.0,1.0,9.916010722323357,,,146.0
noisy,0.2,0.0,0.15006239509428623,11,1.0,1.0,3.204175528779446,,,436.0
noisy,0.29000000000000004,0.0,0.24164439688558972,11,1.0,1.0,5.339132794247206,,,474.0
noisy,0.38,0.0,0.33016217278643306,11,1.0,1.0,6.852416687292913,,,567.0
noisy,0.47000000000000003,0.0,0.4463637233348661,11,1.0,0.6666666666666666,8.295373274506344,,,569.0
noisy,0.56,0.0,0.5122747771532831,11,1.0,1.0,9.90370927173047,,,592.0
noisy,0.6499999999999999,0.0,0.615217793936807,11,1.0,1.0,9.905178749465778,,,538.0
noisy,0.74,0.0,0.6997040164331715,11,1.0,1.0,9.90600738852072,,,516.0
noisy,0.8300000000000001,0.0,0.788901108103354,11,1.0,1.0,9.90725061206252,,,435.0
noisy,0.9199999999999999,0.0,0.913796571099129,11,1.0,1.0,9.90806359794962,,,368.0
noisy,1.01,0.0,1.0095054974965898,11,1.0,1.0,9.911351792595754,,,332.0
noisy,1.0999999999999999,0.0,1.1411873201555718,11,1.0,1.0,9.905352658129658,,,162.0
noisy,1.19,0.0,1.1798996587910837,11,1.0,1.0,9.907038997405277,,,310.0
noisy,1.28,0.0,1.2424917992739575,11,1.0,1.0,9.905042905659627,,,191.0
noisy,1.3699999999999999,0.0,1.3411340143425912,11,1.0,1.0,9.91292697032805,,,245.0
noisy,1.46,0.0,1.36429639824114,11,1.0,1.0,9.911698794938456,,,250.0
noisy,1.5499999999999998,0.0,1.44170884676685,11,1.0,1.0,9.914096270782414,,,243.0
noisy,1.64,0.0,1.467811016203768,11,1.0,1.0,9.906310554069584,,,194.0
noisy,1.73,0.0,1.5531238358408441,11,1.0,1.0,9.904337683854994,,,177.0
noisy,1.8199999999999998,0.0,1.5796194928389315,11,1.0,1.0,9.9154880239903,,,177.0
noisy,1.91,0.0,1.6396370340671866,11,1.0,1.0,9.915313007421101,,,165.0
noisy,2.0,0.0,1.706630145712688,11,1.0,1.0,9.916563357109661,,,149.0
noisy,0.2,0.0,0.16814487444097356,12,1.0,1.0,3.922409472614741,,,398.0
noisy,0.29000000000000004,0.0,0.22834343290021183,12,1.0,1.0,4.778876751447268,,,489.0
noisy,0.38,0.0,0.31043973888427323,12,1.0,1.0,6.361622864119439,,,600.0
noisy,0.47000000000000003,0.0,0.5419496121339715,12,1.0,0.3333333333333333,9.796382073879814,,,536.0
noisy,0.56,0.0,0.5261590187196568,12,1.0,1.0,9.906290832376188,,,597.0
noisy,0.6499999999999999,0.0,0.606662328238945,12,1.0,1.0,9.905975645206864,,,587.0
noisy,0.74,0.0,0.7119995124723076,12,1.0,1.0,9.90556529191894,,,475.0
noisy,0.8300000000000001,0.0,0.8124970714639194,12,1.0,1.0,9.905160843523547,,,424.0
noisy,0.9199999999999999,0.0,0.8993210035475685,12,1.0,1.0,9.906578194918243,,,378.0
noisy,1.01,0.0,0.9690822595911177,12,1.0,1.0,9.910674277459927,,,328.0
noisy,1.0999999999999999,0.0,1.0814080551678142,12,1.0,0.6666666666666666,9.901661174472945,,,188.0
noisy,1.19,0.0,1.1635983180234923,12,1.0,1.0,9.913175302129147,,,282.0
noisy,1.28,0.0,1.247003915686836,12,1.0,1.0,9.907027525212534,,,245.0
noisy,1.3699999999999999,0.0,1.3054565123635022,12,1.0,1.0,9.910078120883982,,,254.0
noisy,1.46,0.0,1.3862032864757161,12,1.0,1.0,9.913281479901524,,,219.0
noisy,1.5499999999999998,0.0,1.318286978259595,12,1.0,0.6666666666666666,9.915417202740015,,,219.0
noisy,1.64,0.0,1.4521389124498567,12,1.0,1.0,9.916715017299387,,,208.0
noisy,1.73,0.0,1.5257102484465541,12,1.0,1.0,9.910158884682856,,,178.0
noisy,1.8199999999999998,0.0,1.6064120872736958,12,1.0,1.0,9.916846155935033,,,142.0
noisy,1.91,0.0,1.584309522099845,12,1.0,1.0,9.918762107732327,,,149.0
noisy,2.0,0.0,1.684295792153801,12,1.0,1.0,9.9159710475334,,,139.0
noisy,0.2,0.0,0.15838416898928645,13,1.0,1.0,3.4832348669952142,,,368.0
noisy,0.29000000000000004,0.0,0.11561478408658869,13,1.0,0.6666666666666666,4.315491433482277,,,12.0
noisy,0.38,0.0,0.32147445694365606,13,1.0,1.0,7.255903215361623,,,578.0
noisy,0.47000000000000003,0.0,0.4596520391417999,13,1.0,1.0,9.902408506082338,,,583.0
noisy,0.56,0.0,0.5227463067325998,13,1.0,1.0,9.904083825363637,,,679.0
noisy,0.6499999999999999,0.0,0.5987821880865151,13,1.0,1.0,9.903718048865603,,,536.0
noisy,0.74,0.0,0.6957051360248078,13,1.0,1.0,9.905855968870227,,,489.0
noisy,0.8300000000000001,0.0,0.7948038081514444,13,1.0,1.0,9.907844138846976,,,459.0
noisy,0.9199999999999999,0.0,0.9556531974601734,13,1.0,1.0,9.909314174668875,,,319.0
noisy,1.01,0.0,0.9765880471815555,13,1.0,1.0,9.908678197369865,,,387.0
noisy,1.0999999999999999,0.0,1.1116019576485443,13,1.0,1.0,9.904728551245935,,,243.0
noisy,1.19,0.0,1.1583360661727944,13,1.0,1.0,9.90393108972356,,,275.0
noisy,1.28,0.0,1.2520437234554782,13,1.0,1.0,9.909394358525262,,,216.0
noisy,1.3699999999999999,0.0,1.2696992380885108,13,1.0,1.0,9.907000971536947,,,256.0
noisy,1.46,0.0,1.3592597937350543,13,1.0,1.0,9.907832300551505,,,221.0
noisy,1.5499999999999998,0.0,1.419745730553964,13,1.0,1.0,9.910138631981267,,,213.0
noisy,1.64,0.0,1.452072082187897,13,1.0,1.0,9.912125992556849,,,173.0
noisy,1.73,0.0,1.4945830657549788,13,1.0,1.0,9.912912589075583,,,183.0
noisy,1.8199999999999998,0.0,1.5708334698081525,13,1.0,1.0,9.918451683343644,,,173.0
noisy,1.91,0.0,1.5831074407989256,13,1.0,1.0,9.916401153814975,,,151.0
noisy,2.0,0.0,1.681845832209455,13,1.0,1.0,9.915038470394164,,,143.0
noisy,0.2,0.0,0.19194566563834778,14,1.0,0.6666666666666666,3.74299949228302,,,425.0
noisy,0.29000000000000004,0.0,0.2210963026022156,14,1.0,1.0,4.527873124350944,,,474.0
noisy,0.38,0.0,0.31158318037290217,14,1.0,1.0,6.4046343996816475,,,519.0
noisy,0.47000000000000003,0.0,0.3967835932817498,14,1.0,1.0,8.05729950775537,,,562.0
noisy,0.56,0.0,0.5068112238383011,14,1.0,1.0,9.904579568102402,,,644.0
noisy,0.6499999999999999,0.0,0.6160569728875421,14,1.0,1.0,9.906787799107523,,,576.0
noisy,0.74,0.0,0.716558699452032,14,1.0,1.0,9.90699500990053,,,473.0
noisy,0.8300000000000001,0.0,0.7700817212928133,14,1.0,1.0,9.90752172659459,,,359.0
noisy,0.9199999999999999,0.0,0.9146094061158,14,1.0,1.0,9.90986540951936,,,361.0
noisy,1.01,0.0,1.0050501192055146,14,1.0,1.0,9.907135456082266,,,289.0
noisy,1.0999999999999999,0.0,1.1046033748099442,14,1.0,1.0,9.912345234471866,,,291.0
noisy,1.19,0.0,1.1973877964454085,14,1.0,1.0,9.908328056310788,,,271.0
noisy,1.28,0.0,1.2404177824440838,14,1.0,1.0,9.910872229882388,,,246.0
noisy,1.3699999999999999,0.0,1.3012706342484075,14,1.0,1.0,9.91241404650299,,,247.0
noisy,1.46,0.0,1.38202319260788,14,1.0,1.0,9.915507257671969,,,230.0
noisy,1.5499999999999998,0.0,1.4049385815244484,14,1.0,1.0,9.914751261354855,,,204.0
noisy,1.64,0.0,1.4722230442033746,14,1.0,1.0,9.908813823445675,,,215.0
noisy,1.73,0.0,1.506699634781417,14,1.0,1.0,9.91129756760584,,,182.0
noisy,1.8199999999999998,0.0,1.5463370760059207,14,1.0,1.0,9.912982491415558,,,158.0
noisy,1.91,0.0,1.5955145464955818,14,1.0,1.0,9.914823036155793,,,162.0
noisy,2.0,0.0,1.6769978326706314,14,1.0,1.0,9.915507623029411,,,133.0
noisy,0.2,0.0,0.1561265616328613,15,1.0,1.0,3.36510917473328,,,377.0
noisy,0.29000000000000004,0.0,0.2184651125003961,15,1.0,1.0,4.664987025579705,,,431.0
noisy,0.38,0.0,0.3293719886275148,15,1.0,1.0,7.160078405843629,,,547.0
noisy,0.47000000000000003,0.0,0.4110422408959633,15,1.0,1.0,8.704917008523765,,,629.0
noisy,0.56,0.0,0.5121620059488268,15,1.0,1.0,9.905779059493375,,,640.0
noisy,0.6499999999999999,0.0,0.5988556625854974,15,1.0,1.0,9.901866242275567,,,570.0
noisy,0.74,0.0,0.7166478937980046,15,1.0,1.0,9.907714325711344,,,445.0
noisy,0.8300000000000001,0.0,0.7626077121408832,15,1.0,1.0,9.907356163615422,,,424.0
noisy,0.9199999999999999,0.0,0.9059987215573889,15,1.0,1.0,9.907210245803103,,,402.0
noisy,1.01,0.0,1.0116104200459908,15,1.0,1.0,9.911992058632915,,,310.0
noisy,1.0999999999999999,0.0,1.0908782231927576,15,1.0,0.6666666666666666,9.906388996155734,,,338.0
noisy,1.19,0.0,1.1709800010797553,15,1.0,1.0,9.911677916022526,,,277.0
noisy,1.28,0.0,1.2395687950430654,15,1.0,1.0,9.909680114830058,,,200.0
noisy,1.3699999999999999,0.0,1.308653991190473,15,1.0,1.0,9.912799648618483,,,228.0
noisy,1.46,0.0,1.3701656205191728,15,1.0,1.0,9.90931671814672,,,224.0
noisy,1.5499999999999998,0.0,1.4048677806719274,15,1.0,1.0,9.914948568569049,,,227.0
noisy,1.64,0.0,1.4757032859151924,15,1.0,1.0,9.91350441055355,,,211.0
noisy,1.73,0.0,1.5105368820129346,15,1.0,1.0,9.913429748440613,,,163.0
noisy,1.8199999999999998,0.0,1.566241664472761,15,1.0,1.0,9.912108750589105,,,174.0
noisy,1.91,0.0,1.6493820829897754,15,1.0,1.0,9.91836143363547,,,160.0
noisy,2.0,0.0,1.6514852973134058,15,1.0,1.0,9.919433485597576,,,147.0
noisy,0.2,0.0,0.15256650261620913,16,1.0,1.0,3.367257291874885,,,341.0
noisy,0.29000000000000004,0.0,0.22002705669703448,16,1.0,1.0,4.7386250361113635,,,424.0
noisy,0.38,0.0,0.3229760995298688,16,1.0,1.0,6.741032284988171,,,502.0
noisy,0.47000000000000003,0.0,0.4223710336228086,16,1.0,1.0,9.392999996298107,,,563.0
noisy,0.56,0.0,0.5042633764586513,16,1.0,1.0,9.904995141351645,,,650.0
noisy,0.6499999999999999,0.0,0.6223421329956615,16,1.0,1.0,9.904944221112098,,,565.0
noisy,0.74,0.0,0.6990470432050092,16,1.0,1.0,9.905552154280384,,,479.0
noisy,0.8300000000000001,0.0,0.7936016097083907,16,1.0,1.0,9.903617392525243,,,416.0
noisy,0.9199999999999999,0.0,0.9085579805379987,16,1.0,1.0,9.904644645728382,,,383.0
noisy,1.01,0.0,0.9983101327003624,16,1.0,1.0,9.908455834349185,,,320.0
noisy,1.0999999999999999,0.0,1.0760967920934374,16,1.0,1.0,9.90767644522603,,,274.0
noisy,1.19,0.0,1.1687596665575806,16,1.0,1.0,9.909445526977379,,,283.0
noisy,1.28,0.0,1.2772140867360469,16,1.0,0.3333333333333333,9.902355205648135,,,225.0
noisy,1.3699999999999999,0.0,1.298038196721028,16,1.0,1.0,9.909172339351107,,,241.0
noisy,1.46,0.0,1.3985918105588058,16,1.0,0.3333333333333333,9.902393078010377,,,217.0
noisy,1.5499999999999998,0.0,1.4513491383783836,16,1.0,1.0,9.911086154015406,,,196.0
noisy,1.64,0.0,1.4842757065141907,16,1.0,0.6666666666666666,9.911816174720242,,,182.0
noisy,1.73,0.0,1.5637931556329707,16,1.0,1.0,9.917369374603993,,,165.0
noisy,1.8199999999999998,0.0,1.6018693098028087,16,1.0,1.0,9.915108001883548,,,170.0
noisy,1.91,0.0,1.6109165531838947,16,1.0,1.0,9.91655624948032,,,138.0
noisy,2.0,0.0,1.6562406447625413,16,1.0,0.6666666666666666,9.914797784150094,,,164.0
noisy,0.2,0.0,0.17723983881014016,17,1.0,1.0,4.153428282664991,,,289.0
noisy,0.29000000000000004,0.0,0.24064272154705377,17,1.0,1.0,5.1333996450569055,,,513.0
noisy,0.38,0.0,0.3275625705874589,17,1.0,1.0,6.821256080912395,,,546.0
noisy,0.47000000000000003,0.0,0.38866540465322147,17,1.0,1.0,8.104593159323025,,,578.0
noisy,0.56,0.0,0.5102345053651639,17,1.0,1.0,9.902483772283995,,,575.0
noisy,0.6499999999999999,0.0,0.6074341539735391,17,1.0,1.0,9.90504148256466,,,531.0
noisy,0.74,0.0,0.6937846826568577,17,1.0,1.0,9.903910104430404,,,526.0
noisy,0.8300000000000001,0.0,0.7654524769856189,17,1.0,1.0,9.905816610011904,,,448.0
noisy,0.9199999999999999,0.0,0.9003430692232427,17,1.0,1.0,9.908739238067017,,,373.0
noisy,1.01,0.0,0.988063919568633,17,1.0,1.0,9.910765838936399,,,340.0
noisy,1.0999999999999999,0.0,1.1152787890203362,17,1.0,0.3333333333333333,9.909416500504136,,,262.0
noisy,1.19,0.0,1.1766902805998773,17,1.0,0.0,9.864787890323177,,,273.0
noisy,1.28,0.0,1.2611588734405579,17,1.0,1.0,9.902823637873206,,,261.0
noisy,1.3699999999999999,0.0,1.3364861226948814,17,1.0,0.3333333333333333,9.905555492819248,,,245.0
noisy,1.46,0.0,1.3646195962253078,17,1.0,0.6666666666666666,9.905462469318085,,,210.0
noisy,1.5499999999999998,0.0,1.4279806354123012,17,1.0,0.6666666666666666,9.90979577363849,,,220.0
noisy,1.64,0.0,1.4959425572458442,17,1.0,0.6666666666666666,9.911741130894566,,,202.0
noisy,1.73,0.0,1.5242191855530451,17,1.0,0.0,9.763489076428462,,,179.0
noisy,1.8199999999999998,0.0,1.5922691225910184,17,1.0,0.6666666666666666,9.908310260660668,,,141.0
noisy,1.91,0.0,1.5830966305533458,17,1.0,1.0,9.909769816884642,,,165.0
noisy,2.0,0.0,1.4305121925161342,17,1.0,0.6666666666666666,9.91411270348133,,,152.0
noisy,0.2,0.0,0.17524779020711315,18,1.0,1.0,3.9745260284856214,,,356.0
noisy,0.29000000000000004,0.0,0.22134006550513988,18,1.0,1.0,4.489250702985718,,,509.0
noisy,0.38,0.0,0.30663192774248477,18,1.0,1.0,6.917572190313778,,,547.0
noisy,0.47000000000000003,0.0,0.4170512422970452,18,1.0,1.0,8.469355202837406,,,589.0
noisy,0.56,0.0,0.5027766620928099,18,1.0,0.6666666666666666,9.90250203712318,,,594.0
noisy,0.6499999999999999,0.0,0.6037915244825076,18,1.0,1.0,9.905960151812122,,,587.0
noisy,0.74,0.0,0.7121320172529365,18,1.0,0.6666666666666666,9.906445393801343,,,450.0
noisy,0.8300000000000001,0.0,0.7817779537143982,18,1.0,1.0,9.904906651975008,,,397.0
noisy,0.9199999999999999,0.0,0.8960367125752203,18,1.0,0.3333333333333333,9.908970953659562,,,371.0
noisy,1.01,0.0,1.0054395251623525,18,1.0,1.0,9.905668482616624,,,317.0
noisy,1.0999999999999999,0.0,1.0731946497171085,18,1.0,0.0,9.80015267531816,,,309.0
noisy,1.19,0.0,1.1705631016780684,18,1.0,0.0,9.660985318673097,,,223.0
noisy,1.28,0.0,1.2348879759619567,18,1.0,0.3333333333333333,9.900294081604367,,,220.0
noisy,1.3699999999999999,0.0,1.2858701001903852,18,1.0,0.0,9.831049703173669,,,224.0
noisy,1.46,0.0,1.3834532236960875,18,1.0,0.0,9.657596338374697,,,216.0
noisy,1.5499999999999998,0.0,1.4156699594872408,18,1.0,0.0,9.856905424396333,,,186.0
noisy,1.64,0.0,1.4607241986143913,18,1.0,0.0,9.65874983909057,,,205.0
noisy,1.73,0.0,1.5379315856704423,18,1.0,0.3333333333333333,9.903426031131929,,,191.0
noisy,1.8199999999999998,0.0,1.5896674821052181,18,1.0,0.6666666666666666,9.91403239752625,,,171.0
noisy,1.91,0.0,1.3729499325544448,18,1.0,0.6666666666666666,9.907355966716915,,,17.0
noisy,2.0,0.0,1.6716870840548665,18,1.0,0.0,9.724604558089778,,,162.0
noisy,0.2,0.0,0.17842304525235342,19,1.0,0.6666666666666666,3.651384253177534,,,331.0
noisy,0.29000000000000004,0.0,0.22263003685241647,19,1.0,1.0,4.792279651257604,,,490.0
noisy,0.38,0.0,0.3456367665116003,19,1.0,1.0,7.18607555542178,,,562.0
noisy,0.47000000000000003,0.0,0.4369860667768262,19,1.0,0.6666666666666666,8.50377512980241,,,229.0
noisy,0.56,0.0,0.5050032693098702,19,1.0,0.0,9.654401596403337,,,625.0
noisy,0.6499999999999999,0.0,0.5933929921579683,19,1.0,0.0,9.670255821482735,,,532.0
noisy,0.74,0.0,0.7017026559977474,19,1.0,0.0,9.657889466004084,,,491.0
noisy,0.8300000000000001,0.0,0.7861180302850768,19,1.0,0.0,9.705089318547905,,,406.0
noisy,0.9199999999999999,0.0,0.9227154362518689,19,1.0,0.0,9.67820117848807,,,364.0
noisy,1.01,0.0,0.9940813324859192,19,1.0,0.3333333333333333,9.904921665898119,,,315.0
noisy,1.0999999999999999,0.0,1.1147332685219833,19,1.0,0.0,9.659211359008799,,,316.0
noisy,1.19,0.0,1.1940341352140058,19,1.0,0.0,9.661429705215827,,,170.0
noisy,1.28,0.0,1.2608480877433612,19,1.0,0.0,9.657250818241678,,,234.0
noisy,1.3699999999999999,0.0,1.3097548060412623,19,1.0,0.0,9.806132520837494,,,216.0
noisy,1.46,0.0,1.1816477911117402,19,1.0,0.0,9.663725343225957,,,230.0
noisy,1.5499999999999998,0.0,1.4044056678273975,19,1.0,0.0,9.657796679348065,,,191.0
noisy,1.64,0.0,1.2029542240855937,19,1.0,0.0,9.748851036178996,,,162.0
noisy,1.73,0.0,1.5287613512383726,19,1.0,0.0,9.79513251640195,,,148.0
noisy,1.8199999999999998,0.0,1.558603814428155,19,1.0,0.0,9.70221366545538,,,164.0
noisy,1.91,0.0,1.3864258280058213,19,1.0,0.0,9.656736213941985,,,138.0
noisy,2.0,0.0,1.7157136595777451,19,1.0,0.3333333333333333,9.919109178628716,,,106.0
noisy,0.2,0.0,0.16231081410329606,1,2.0,1.0,3.335623698096772,,,384.0
noisy,0.29000000000000004,0.0,0.2303441054346084,1,2.0,1.0,4.655437038836198,,,477.0
noisy,0.38,0.0,0.3781692589003849,1,2.0,1.0,7.867413438628199,,,624.0
noisy,0.47000000000000003,0.0,0.3964945741960508,1,2.0,1.0,8.033039530293431,,,667.0
noisy,0.56,0.0,0.5439760637853891,1,2.0,1.0,9.905544344107827,,,698.0
noisy,0.6499999999999999,0.0,0.6281491899056421,1,2.0,1.0,9.906222178899352,,,529.0
noisy,0.74,0.0,0.6981438480455923,1,2.0,1.0,9.906097478757932,,,518.0
noisy,0.8300000000000001,0.0,0.8153372948825762,1,2.0,1.0,9.90451102480792,,,452.0
noisy,0.9199999999999999,0.0,0.9026708847585588,1,2.0,1.0,9.907038355015413,,,407.0
noisy,1.01,0.0,1.0171675844391748,1,2.0,1.0,9.90945859175811,,,366.0
noisy,1.0999999999999999,0.0,1.1011623569176623,1,2.0,1.0,9.907324932727656,,,269.0
noisy,1.19,0.0,1.2097973025132787,1,2.0,1.0,9.90881316208597,,,280.0
noisy,1.28,0.0,1.2691489611739015,1,2.0,1.0,9.911581961882456,,,217.0
noisy,1.3699999999999999,0.0,1.3058444252171164,1,2.0,1.0,9.90942355911652,,,275.0
noisy,1.46,0.0,1.3864780704822064,1,2.0,1.0,9.914570498031,,,238.0
noisy,1.5499999999999998,0.0,1.447162749827357,1,2.0,1.0,9.915059690194479,,,205.0
noisy,1.64,0.0,1.4940410959139478,1,2.0,1.0,9.914198587791706,,,197.0
noisy,1.73,0.0,1.5399685491515271,1,2.0,1.0,9.913605899025393,,,196.0
noisy,1.8199999999999998,0.0,1.5756419724994208,1,2.0,1.0,9.906998004016609,,,166.0
noisy,1.91,0.0,1.5896962593842112,1,2.0,0.6666666666666666,9.908728317703693,,,148.0
noisy,2.0,0.0,1.714590636322044,1,2.0,1.0,9.911147246106829,,,131.0
noisy,0.2,0.0,0.15531733356681499,2,2.0,1.0,3.1953850715776717,,,452.0
noisy,0.29000000000000004,0.0,0.2223430934605423,2,2.0,1.0,4.525202526191419,,,522.0
noisy,0.38,0.0,0.34436935859904444,2,2.0,1.0,7.163979042764529,,,561.0
noisy,0.47000000000000003,0.0,0.4120970817490863,2,2.0,1.0,8.509404666332054,,,615.0
noisy,0.56,0.0,0.5318378621417379,2,2.0,1.0,9.905151475102716,,,626.0
noisy,0.6499999999999999,0.0,0.6174259449523326,2,2.0,1.0,9.904319994171685,,,544.0
noisy,0.74,0.0,0.7145026317343284,2,2.0,1.0,9.90853890099622,,,509.0
noisy,0.8300000000000001,0.0,0.8202669920122484,2,2.0,1.0,9.90708540999414,,,443.0
noisy,0.9199999999999999,0.0,0.9237597335520006,2,2.0,1.0,9.906266184696207,,,347.0
noisy,1.01,0.0,1.030942009075524,2,2.0,1.0,9.9089971030512,,,310.0
noisy,1.0999999999999999,0.0,1.1121653594804684,2,2.0,1.0,9.906146279679525,,,310.0
noisy,1.19,0.0,1.208353737264708,2,2.0,1.0,9.911697857229523,,,276.0
noisy,1.28,0.0,1.2486831178026172,2,2.0,1.0,9.91062684151487,,,294.0
noisy,1.3699999999999999,0.0,1.3096184545309846,2,2.0,1.0,9.911273628029994,,,259.0
noisy,1.46,0.0,1.4101729307440152,2,2.0,1.0,9.909446726115782,,,231.0
noisy,1.5499999999999998,0.0,1.4339786152237968,2,2.0,1.0,9.910791002669987,,,219.0
noisy,1.64,0.0,1.4758734715622894,2,2.0,1.0,9.915184038319675,,,162.0
noisy,1.73,0.0,1.506960754489123,2,2.0,0.6666666666666666,9.916280760490574,,,145.0
noisy,1.8199999999999998,0.0,1.5691829178872556,2,2.0,1.0,9.914649916804718,,,165.0
noisy,1.91,0.0,1.6521612296024422,2,2.0,1.0,9.91541070572005,,,162.0
noisy,2.0,0.0,1.5994263111243139,2,2.0,0.6666666666666666,9.903761524186306,,,168.0
noisy,0.2,0.0,0.1784532299593138,3,2.0,1.0,3.7359182239326976,,,341.0
noisy,0.29000000000000004,0.0,0.23188408311923933,3,2.0,1.0,4.903715849704625,,,481.0
noisy,0.38,0.0,0.3257922197276299,3,2.0,1.0,6.708426910385604,,,609.0
noisy,0.47000000000000003,0.0,0.4097116054179845,3,2.0,1.0,8.88646452214982,,,647.0
noisy,0.56,0.0,0.5287958237307061,3,2.0,1.0,9.903439124752925,,,605.0
noisy,0.6499999999999999,0.0,0.6119564054799721,3,2.0,1.0,9.902143080654081,,,552.0
noisy,0.74,0.0,0.7186941863338014,3,2.0,1.0,9.907428591551042,,,525.0
noisy,0.8300000000000001,0.0,0.795245628529714,3,2.0,1.0,9.906859158040314,,,435.0
noisy,0.9199999999999999,0.0,0.9506822460282693,3,2.0,1.0,9.906987765222505,,,352.0
noisy,1.01,0.0,1.0010707085912989,3,2.0,1.0,9.912648743204302,,,394.0
noisy,1.0999999999999999,0.0,1.0988563376256033,3,2.0,1.0,9.908217738371714,,,342.0
noisy,1.19,0.0,1.179677958737576,3,2.0,1.0,9.90204772873559,,,254.0
noisy,1.28,0.0,1.2401895217532133,3,2.0,1.0,9.910729146092304,,,284.0
noisy,1.3699999999999999,0.0,1.328301082196045,3,2.0,1.0,9.906024047205161,,,262.0
noisy,1.46,0.0,1.4087593518431756,3,2.0,1.0,9.909994478834044,,,229.0
noisy,1.5499999999999998,0.0,1.4596430832088612,3,2.0,1.0,9.912939889937178,,,215.0
noisy,1.64,0.0,1.5055854133881104,3,2.0,1.0,9.91376730780051,,,231.0
noisy,1.73,0.0,1.5246235840266869,3,2.0,1.0,9.91208265571095,,,173.0
noisy,1.8199999999999998,0.0,1.594837765579256,3,2.0,1.0,9.9163413704265,,,177.0
noisy,1.91,0.0,1.6339091454095565,3,2.0,1.0,9.918443268540749,,,136.0
noisy,2.0,0.0,1.7647488031839924,3,2.0,1.0,9.912467596373595,,,121.0
noisy,0.2,0.0,0.16189196168097095,4,2.0,1.0,3.326655176235428,,,440.0
noisy,0.29000000000000004,0.0,0.22470244414001028,4,2.0,1.0,4.560087956779029,,,498.0
noisy,0.38,0.0,0.3293480893604556,4,2.0,1.0,6.722080210220719,,,595.0
noisy,0.47000000000000003,0.0,0.41969796509177537,4,2.0,1.0,8.772171100630139,,,656.0
noisy,0.56,0.0,0.533623744383681,4,2.0,1.0,9.904189150517576,,,624.0
noisy,0.6499999999999999,0.0,0.6198986106413913,4,2.0,1.0,9.905820940200194,,,567.0
noisy,0.74,0.0,0.7177104401549684,4,2.0,1.0,9.905684614690268,,,483.0
noisy,0.8300000000000001,0.0,0.7989520635019636,4,2.0,1.0,9.907307922440845,,,458.0
noisy,0.9199999999999999,0.0,0.9224778937172893,4,2.0,1.0,9.907204725804753,,,424.0
noisy,1.01,0.0,1.0077650360053372,4,2.0,1.0,9.9078937797104,,,370.0
noisy,1.0999999999999999,0.0,1.07366696805964,4,2.0,1.0,9.908387271531607,,,349.0
noisy,1.19,0.0,1.1868940969574298,4,2.0,1.0,9.910235077453457,,,184.0
noisy,1.28,0.0,1.253605533321602,4,2.0,1.0,9.908152902178255,,,232.0
noisy,1.3699999999999999,0.0,1.348715583898498,4,2.0,0.6666666666666666,9.907861421990605,,,222.0
noisy,1.46,0.0,1.4150333591723918,4,2.0,1.0,9.912657656228262,,,209.0
noisy,1.5499999999999998,0.0,1.4137069057825455,4,2.0,1.0,9.91467492694789,,,224.0
noisy,1.64,0.0,1.4882495353227456,4,2.0,1.0,9.914036320647757,,,218.0
noisy,1.73,0.0,1.4994129878040043,4,2.0,1.0,9.905839971609035,,,206.0
noisy,1.8199999999999998,0.0,1.590781093361351,4,2.0,1.0,9.904738729765954,,,146.0
noisy,1.91,0.0,1.6536479288128847,4,2.0,1.0,9.919284087423753,,,149.0
noisy,2.0,0.0,1.720334187502272,4,2.0,1.0,9.913138594186593,,,133.0
noisy,0.2,0.0,0.16435870850573772,5,2.0,1.0,3.559525233891027,,,417.0
noisy,0.29000000000000004,0.0,0.23283386580070112,5,2.0,1.0,4.904770748602751,,,513.0
noisy,0.38,0.0,0.32629023613594493,5,2.0,1.0,6.661629928743997,,,573.0
noisy,0.47000000000000003,0.0,0.4397229403170652,5,2.0,1.0,9.900934270709122,,,604.0
noisy,0.56,0.0,0.5331917624722059,5,2.0,1.0,9.905086391864439,,,615.0
noisy,0.6499999999999999,0.0,0.6077416055252681,5,2.0,1.0,9.902176478254042,,,577.0
noisy,0.74,0.0,0.7197101865557277,5,2.0,1.0,9.904862607865743,,,539.0
noisy,0.8300000000000001,0.0,0.7950949603865922,5,2.0,1.0,9.905776261128715,,,448.0
noisy,0.9199999999999999,0.0,0.9316018665354239,5,2.0,1.0,9.908476906692874,,,368.0
noisy,1.01,0.0,1.0131164141128406,5,2.0,1.0,9.908769314887104,,,336.0
noisy,1.0999999999999999,0.0,1.0959737671293983,5,2.0,1.0,9.91137420886238,,,265.0
noisy,1.19,0.0,1.1755526956247062,5,2.0,1.0,9.911643314204078,,,299.0
noisy,1.28,0.0,1.2391508699648321,5,2.0,0.6666666666666666,9.909075500069784,,,263.0
noisy,1.3699999999999999,0.0,1.3284988729184166,5,2.0,1.0,9.912488473035538,,,238.0
noisy,1.46,0.0,1.4062971541554,5,2.0,1.0,9.905140433989832,,,219.0
noisy,1.5499999999999998,0.0,1.45202092150659,5,2.0,1.0,9.913899511268987,,,183.0
noisy,1.64,0.0,1.4541512309647133,5,2.0,1.0,9.910029846770986,,,180.0
noisy,1.73,0.0,1.5517137447356257,5,2.0,1.0,9.913096435730365,,,173.0
noisy,1.8199999999999998,0.0,1.5774254169499473,5,2.0,1.0,9.912147211942195,,,179.0
noisy,1.91,0.0,1.6443037751116565,5,2.0,1.0,9.913282875103054,,,132.0
noisy,2.0,0.0,1.7474316729598505,5,2.0,1.0,9.919729748252774,,,123.0
noisy,0.2,0.0,0.1755182530081806,6,2.0,1.0,4.061805296902221,,,442.0
noisy,0.29000000000000004,0.0,0.2200708462331403,6,2.0,1.0,4.575990877714368,,,500.0
noisy,0.38,0.0,0.33283684706534317,6,2.0,1.0,7.606593916803157,,,583.0
noisy,0.47000000000000003,0.0,0.4357121546570688,6,2.0,1.0,9.900933261653218,,,642.0
noisy,0.56,0.0,0.5144553515766382,6,2.0,1.0,9.903602998158139,,,622.0
noisy,0.6499999999999999,0.0,0.6290816521541913,6,2.0,1.0,9.903443163405925,,,543.0
noisy,0.74,0.0,0.7087043998525618,6,2.0,1.0,9.90678245216633,,,515.0
noisy,0.8300000000000001,0.0,0.7875561949491741,6,2.0,1.0,9.904851522123026,,,434.0
noisy,0.9199999999999999,0.0,0.9186752582172822,6,2.0,1.0,9.909351590359467,,,383.0
noisy,1.01,0.0,1.0062385338978437,6,2.0,1.0,9.905969265512429,,,341.0
noisy,1.0999999999999999,0.0,1.1044841410417752,6,2.0,1.0,9.910222899138287,,,306.0
noisy,1.19,0.0,1.1896783177911525,6,2.0,1.0,9.90675873284907,,,306.0
noisy,1.28,0.0,1.2324982222848317,6,2.0,1.0,9.911484149946078,,,296.0
noisy,1.3699999999999999,0.0,1.3178446522854064,6,2.0,1.0,9.912934538652895,,,261.0
noisy,1.46,0.0,1.4100768517561708,6,2.0,1.0,9.915223397527901,,,236.0
noisy,1.5499999999999998,0.0,1.4243689091822505,6,2.0,0.6666666666666666,9.914347185558338,,,211.0
noisy,1.64,0.0,1.4713619238022992,6,2.0,1.0,9.912542602075467,,,200.0
noisy,1.73,0.0,1.5355994412888327,6,2.0,1.0,9.911635456311902,,,157.0
noisy,1.8199999999999998,0.0,1.5976971192653089,6,2.0,1.0,9.917693889769135,,,186.0
noisy,1.91,0.0,1.6175420104415226,6,2.0,1.0,9.908615177050105,,,173.0
noisy,2.0,0.0,1.6274947122523127,6,2.0,1.0,9.918147812559669,,,152.0
noisy,0.2,0.0,0.16297002191621576,7,2.0,1.0,3.5049996702134663,,,379.0
noisy,0.29000000000000004,0.0,0.2309177052779715,7,2.0,1.0,4.81741502847124,,,466.0
noisy,0.38,0.0,0.33252123520961696,7,2.0,1.0,7.304642809409296,,,567.0
noisy,0.47000000000000003,0.0,0.4077581246285383,7,2.0,1.0,8.483839579822229,,,605.0
noisy,0.56,0.0,0.5290493726538393,7,2.0,1.0,9.903780123703624,,,639.0
noisy,0.6499999999999999,0.0,0.6142093021051932,7,2.0,1.0,9.905243200804875,,,588.0
noisy,0.74,0.0,0.7206637205014683,7,2.0,1.0,9.904038528857704,,,493.0
noisy,0.8300000000000001,0.0,0.8024729592136782,7,2.0,1.0,9.90724691137144,,,457.0
noisy,0.9199999999999999,0.0,0.8966224734241021,7,2.0,1.0,9.900751289262734,,,368.0
noisy,1.01,0.0,1.0093518364282466,7,2.0,1.0,9.911516881795091,,,377.0
noisy,1.0999999999999999,0.0,1.0882107596082273,7,2.0,1.0,9.909256086741875,,,295.0
noisy,1.19,0.0,1.1784814428235297,7,2.0,1.0,9.912679998222648,,,258.0
noisy,1.28,0.0,1.2178326039801923,7,2.0,1.0,9.912707798493557,,,210.0
noisy,1.3699999999999999,0.0,1.3021775764483177,7,2.0,1.0,9.912050733691615,,,272.0
noisy,1.46,0.0,1.4352959708011916,7,2.0,1.0,9.91564407164083,,,212.0
noisy,1.5499999999999998,0.0,1.4489886153898734,7,2.0,1.0,9.914644137471921,,,199.0
noisy,1.64,0.0,1.518443482662427,7,2.0,1.0,9.913391425291593,,,174.0
noisy,1.73,0.0,1.5295940253918612,7,2.0,1.0,9.904081457575002,,,150.0
noisy,1.8199999999999998,0.0,1.605948001909227,7,2.0,1.0,9.90866601695534,,,164.0
noisy,1.91,0.0,1.6365458857899169,7,2.0,0.6666666666666666,9.919022270717024,,,134.0
noisy,2.0,0.0,1.7018415256195345,7,2.0,1.0,9.91567429869645,,,169.0
noisy,0.2,0.0,0.18513648212525644,8,2.0,1.0,4.963830777777734,,,447.0
noisy,0.29000000000000004,0.0,0.22057738684309877,8,2.0,1.0,4.501746972011816,,,485.0
noisy,0.38,0.0,0.3356242931864238,8,2.0,1.0,7.09285635313884,,,581.0
noisy,0.47000000000000003,0.0,0.47737592682056756,8,2.0,1.0,9.900002846833821,,,443.0
noisy,0.56,0.0,0.533607908384569,8,2.0,1.0,9.903479803965723,,,640.0
noisy,0.6499999999999999,0.0,0.6134517911353871,8,2.0,1.0,9.903820606099272,,,558.0
noisy,0.74,0.0,0.7061412334760894,8,2.0,1.0,9.903145853097767,,,514.0
noisy,0.8300000000000001,0.0,0.7956441698435364,8,2.0,1.0,9.902858715792252,,,461.0
noisy,0.9199999999999999,0.0,0.9176272116835933,8,2.0,1.0,9.905206571390536,,,418.0
noisy,1.01,0.0,0.9850347873354374,8,2.0,1.0,9.906238473063453,,,349.0
noisy,1.0999999999999999,0.0,1.1292626914019104,8,2.0,1.0,9.91305040055018,,,265.0
noisy,1.19,0.0,1.1897320922533525,8,2.0,1.0,9.907456828616361,,,273.0
noisy,1.28,0.0,1.2277603480767736,8,2.0,1.0,9.908664201202285,,,262.0
noisy,1.3699999999999999,0.0,1.3258974059400825,8,2.0,1.0,9.907783875421861,,,268.0
noisy,1.46,0.0,1.4108482815871268,8,2.0,1.0,9.906919112412242,,,231.0
noisy,1.5499999999999998,0.0,1.4186861866511615,8,2.0,1.0,9.916252635220815,,,241.0
noisy,1.64,0.0,1.520807899102678,8,2.0,1.0,9.916948043443906,,,192.0
noisy,1.73,0.0,1.559818075821464,8,2.0,1.0,9.913851275426321,,,170.0
noisy,1.8199999999999998,0.0,1.589265537186467,8,2.0,1.0,9.914854445740454,,,161.0
noisy,1.91,0.0,1.6466723380751784,8,2.0,1.0,9.91263605779346,,,131.0
noisy,2.0,0.0,1.648550968172425,8,2.0,1.0,9.912818983939488,,,159.0
noisy,0.2,0.0,0.1677713295570776,9,2.0,1.0,3.4777793811875983,,,431.0
noisy,0.29000000000000004,0.0,0.2250561345177905,9,2.0,1.0,4.707144351418521,,,488.0
noisy,0.38,0.0,0.34608360713924097,9,2.0,1.0,7.02352448279031,,,605.0
noisy,0.47000000000000003,0.0,0.40846122555015624,9,2.0,1.0,8.281338990258648,,,634.0
noisy,0.56,0.0,0.5056942815143803,9,2.0,1.0,9.902539361538265,,,684.0
noisy,0.6499999999999999,0.0,0.6113136578394466,9,2.0,1.0,9.90538590849438,,,572.0
noisy,0.74,0.0,0.702398270021182,9,2.0,1.0,9.905364049192286,,,545.0
noisy,0.8300000000000001,0.0,0.8017182302999174,9,2.0,1.0,9.904451098725442,,,438.0
noisy,0.9199999999999999,0.0,0.9178193910242965,9,2.0,1.0,9.909437601065427,,,389.0
noisy,1.01,0.0,0.9768783414915015,9,2.0,1.0,9.910599108723181,,,409.0
noisy,1.0999999999999999,0.0,1.0971768605980465,9,2.0,1.0,9.90996053121655,,,309.0
noisy,1.19,0.0,1.1483264636119994,9,2.0,1.0,9.91175447788998,,,322.0
noisy,1.28,0.0,1.2676128210116193,9,2.0,1.0,9.91128186024896,,,255.0
noisy,1.3699999999999999,0.0,1.3261108092887526,9,2.0,1.0,9.908410935012194,,,241.0
noisy,1.46,0.0,1.4190980368603074,9,2.0,1.0,9.911249370518489,,,187.0
noisy,1.5499999999999998,0.0,1.428985198409291,9,2.0,1.0,9.913764990119589,,,244.0
noisy,1.64,0.0,1.4846681957202013,9,2.0,1.0,9.91123329377152,,,169.0
noisy,1.73,0.0,1.539864898206224,9,2.0,1.0,9.910810715093938,,,191.0
noisy,1.8199999999999998,0.0,1.6103585022782774,9,2.0,1.0,9.915343819731913,,,195.0
noisy,1.91,0.0,1.6348391814184033,9,2.0,1.0,9.913221845503793,,,154.0
noisy,2.0,0.0,1.6794238088055982,9,2.0,0.6666666666666666,9.913782906693312,,,118.0
noisy,0.2,0.0,0.18793648268385046,10,2.0,1.0,4.3377121916224555,,,435.0
noisy,0.29000000000000004,0.0,0.22423837898214102,10,2.0,1.0,4.659221061151328,,,495.0
noisy,0.38,0.0,0.36616658598953894,10,2.0,1.0,9.048731308137318,,,567.0
noisy,0.47000000000000003,0.0,0.41475882712608864,10,2.0,1.0,9.034287890378566,,,543.0
noisy,0.56,0.0,0.520495019906105,10,2.0,1.0,9.904941892514518,,,598.0
noisy,0.6499999999999999,0.0,0.6143258809730114,10,2.0,1.0,9.90419934703887,,,498.0
noisy,0.74,0.0,0.7135052402585096,10,2.0,1.0,9.902954459061826,,,554.0
noisy,0.8300000000000001,0.0,0.7991792216332841,10,2.0,1.0,9.904736563059208,,,477.0
noisy,0.9199999999999999,0.0,0.9298675501971573,10,2.0,1.0,9.902730801078622,,,368.0
noisy,1.01,0.0,1.0127964670507774,10,2.0,1.0,9.907768749345829,,,247.0
noisy,1.0999999999999999,0.0,1.0965997022082508,10,2.0,1.0,9.91044831863049,,,296.0
noisy,1.19,0.0,1.1709034470230728,10,2.0,1.0,9.90942180821887,,,229.0
noisy,1.28,0.0,1.2343897498204006,10,2.0,1.0,9.904048143607298,,,268.0
noisy,1.3699999999999999,0.0,1.3124128232405436,10,2.0,1.0,9.913188850119788,,,194.0
noisy,1.46,0.0,1.412985648150263,10,2.0,1.0,9.913305983571009,,,234.0
noisy,1.5499999999999998,0.0,1.443682893317149,10,2.0,1.0,9.914232968814312,,,231.0
noisy,1.64,0.0,1.519049855520582,10,2.0,1.0,9.912531020243646,,,205.0
noisy,1.73,0.0,1.5617504669493771,10,2.0,1.0,9.917161806322344,,,180.0
noisy,1.8199999999999998,0.0,1.5752175300740199,10,2.0,1.0,9.917136974816781,,,155.0
noisy,1.91,0.0,1.6112996015645755,10,2.0,0.6666666666666666,9.906197884118617,,,173.0
noisy,2.0,0.0,1.7404722000824462,10,2.0,1.0,9.911966650981313,,,145.0
noisy,0.2,0.0,0.18062785013846763,11,2.0,1.0,4.377514452015344,,,398.0
noisy,0.29000000000000004,0.0,0.22049337577917294,11,2.0,1.0,4.5358176388397125,,,485.0
noisy,0.38,0.0,0.3508817463593738,11,2.0,1.0,7.633734856234356,,,533.0
noisy,0.47000000000000003,0.0,0.43581624738511876,11,2.0,1.0,9.84809218001254,,,638.0
noisy,0.56,0.0,0.5385258015713908,11,2.0,1.0,9.904333842903872,,,553.0
noisy,0.6499999999999999,0.0,0.619385288181661,11,2.0,1.0,9.90515750434334,,,525.0
noisy,0.74,0.0,0.7025888469021083,11,2.0,1.0,9.904386417052185,,,525.0
noisy,0.8300000000000001,0.0,0.7958872683575339,11,2.0,1.0,9.908563303748485,,,446.0
noisy,0.9199999999999999,0.0,0.9229154380885799,11,2.0,1.0,9.909783754335658,,,398.0
noisy,1.01,0.0,1.0038026966976452,11,2.0,1.0,9.911037572561247,,,344.0
noisy,1.0999999999999999,0.0,1.0842296462028151,11,2.0,1.0,9.907005284028811,,,240.0
noisy,1.19,0.0,1.1459557775082836,11,2.0,1.0,9.910755128695934,,,278.0
noisy,1.28,0.0,1.2106639360036422,11,2.0,0.6666666666666666,9.901902111717805,,,206.0
noisy,1.3699999999999999,0.0,1.3201444677117526,11,2.0,1.0,9.909440489787821,,,238.0
noisy,1.46,0.0,1.40275552700004,11,2.0,1.0,9.910930791233605,,,222.0
noisy,1.5499999999999998,0.0,1.4225556190569373,11,2.0,1.0,9.91633575717448,,,203.0
noisy,1.64,0.0,1.494575077521767,11,2.0,1.0,9.908818794229795,,,213.0
noisy,1.73,0.0,1.5399376024272478,11,2.0,1.0,9.908469529943561,,,164.0
noisy,1.8199999999999998,0.0,1.5653230463178687,11,2.0,1.0,9.913799055498037,,,167.0
noisy,1.91,0.0,1.6441951815676044,11,2.0,1.0,9.913343254293295,,,132.0
noisy,2.0,0.0,1.6504381998365847,11,2.0,0.6666666666666666,9.912801492293667,,,17.0
noisy,0.2,0.0,0.1592185510312883,12,2.0,1.0,3.413742532448849,,,446.0
noisy,0.29000000000000004,0.0,0.23739809447099092,12,2.0,1.0,5.193362599063358,,,500.0
noisy,0.38,0.0,0.31705964493485445,12,2.0,1.0,6.575084725008251,,,554.0
noisy,0.47000000000000003,0.0,0.4682087780434499,12,2.0,1.0,9.799374550580337,,,579.0
noisy,0.56,0.0,0.5138754608777285,12,2.0,1.0,9.906582021712099,,,684.0
noisy,0.6499999999999999,0.0,0.6167444698344277,12,2.0,1.0,9.905943060433607,,,554.0
noisy,0.74,0.0,0.7118768387196522,12,2.0,1.0,9.902999131614806,,,485.0
noisy,0.8300000000000001,0.0,0.8025574623306727,12,2.0,1.0,9.907780320789344,,,425.0
noisy,0.9199999999999999,0.0,0.9028096857069463,12,2.0,1.0,9.908350202191157,,,376.0
noisy,1.01,0.0,1.0300798180772113,12,2.0,1.0,9.909265538475513,,,322.0
noisy,1.0999999999999999,0.0,1.0541086301869738,12,2.0,1.0,9.912581821977032,,,295.0
noisy,1.19,0.0,1.1531449256769024,12,2.0,1.0,9.907801110273105,,,263.0
noisy,1.28,0.0,1.2641948246243766,12,2.0,1.0,9.907201835673433,,,260.0
noisy,1.3699999999999999,0.0,1.2899523404980302,12,2.0,1.0,9.9094116400888,,,265.0
noisy,1.46,0.0,1.3516834112847054,12,2.0,1.0,9.910063076431912,,,228.0
noisy,1.5499999999999998,0.0,1.4078735164016745,12,2.0,1.0,9.914405137431883,,,196.0
noisy,1.64,0.0,1.4887999972224717,12,2.0,1.0,9.906155342382283,,,172.0
noisy,1.73,0.0,1.56175787510181,12,2.0,0.6666666666666666,9.91347623701031,,,133.0
noisy,1.8199999999999998,0.0,1.5675478125444362,12,2.0,1.0,9.910443193287536,,,170.0
noisy,1.91,0.0,1.607873541373409,12,2.0,1.0,9.908927366659475,,,159.0
noisy,2.0,0.0,1.700260387712584,12,2.0,1.0,9.919562024009542,,,134.0
noisy,0.2,0.0,0.16378115221295983,13,2.0,1.0,3.635189582321664,,,334.0
noisy,0.29000000000000004,0.0,0.22567496084683333,13,2.0,1.0,4.62772096459743,,,464.0
noisy,0.38,0.0,0.30483775014838577,13,2.0,1.0,6.3086627957601875,,,586.0
noisy,0.47000000000000003,0.0,0.4106924703280637,13,2.0,1.0,8.87464697700016,,,629.0
noisy,0.56,0.0,0.5176478876223448,13,2.0,1.0,9.902706734765164,,,578.0
noisy,0.6499999999999999,0.0,0.6277860364802632,13,2.0,1.0,9.903947517027499,,,507.0
noisy,0.74,0.0,0.7024124467253835,13,2.0,1.0,9.905871970116877,,,537.0
noisy,0.8300000000000001,0.0,0.7635312563405815,13,2.0,1.0,9.905233313121235,,,456.0
noisy,0.9199999999999999,0.0,0.940975483732411,13,2.0,1.0,9.91084766352158,,,404.0
noisy,1.01,0.0,0.9733416601448561,13,2.0,1.0,9.909236494646255,,,349.0
noisy,1.0999999999999999,0.0,1.093928518093362,13,2.0,1.0,9.907452551735473,,,284.0
noisy,1.19,0.0,1.1936973895354033,13,2.0,0.6666666666666666,9.913565143588729,,,193.0
noisy,1.28,0.0,1.238963877710601,13,2.0,1.0,9.910102286367422,,,243.0
noisy,1.3699999999999999,0.0,1.330186288102106,13,2.0,1.0,9.907224887031532,,,225.0
noisy,1.46,0.0,1.3364802899703794,13,2.0,1.0,9.912796571600486,,,234.0
noisy,1.5499999999999998,0.0,1.440660773904647,13,2.0,1.0,9.915081714794773,,,238.0
noisy,1.64,0.0,1.4678769816297492,13,2.0,1.0,9.91131959640696,,,191.0
noisy,1.73,0.0,1.4639425946859974,13,2.0,1.0,9.911653194858552,,,170.0
noisy,1.8199999999999998,0.0,1.5822680112030392,13,2.0,1.0,9.915467378883003,,,182.0
noisy,1.91,0.0,1.6318313075806865,13,2.0,1.0,9.91950783801743,,,168.0
noisy,2.0,0.0,1.70759479523225,13,2.0,1.0,9.913403272983698,,,89.0
noisy,0.2,0.0,0.15872208500150553,14,2.0,1.0,3.5825028547483733,,,323.0
noisy,0.29000000000000004,0.0,0.22558409240663083,14,2.0,1.0,4.632168363838431,,,553.0
noisy,0.38,0.0,0.31670879659324275,14,2.0,1.0,6.519509618103211,,,540.0
noisy,0.47000000000000003,0.0,0.38507031709204737,14,2.0,1.0,7.87757011347108,,,594.0
noisy,0.56,0.0,0.49476408633571395,14,2.0,1.0,9.90263138898707,,,721.0
noisy,0.6499999999999999,0.0,0.5963595760105198,14,2.0,1.0,9.905559470885748,,,547.0
noisy,0.74,0.0,0.6945604000033928,14,2.0,1.0,9.907631620980188,,,448.0
noisy,0.8300000000000001,0.0,0.7691481056391253,14,2.0,1.0,9.903895561296881,,,443.0
noisy,0.9199999999999999,0.0,0.9092349024549877,14,2.0,1.0,9.908028339921149,,,418.0
noisy,1.01,0.0,1.01407539214012,14,2.0,1.0,9.913276465562422,,,257.0
noisy,1.0999999999999999,0.0,1.0745382964770729,14,2.0,1.0,9.909112009602277,,,259.0
noisy,1.19,0.0,1.143181245721624,14,2.0,0.3333333333333333,9.908533855735897,,,260.0
noisy,1.28,0.0,1.2448074628275734,14,2.0,1.0,9.902887849644719,,,263.0
noisy,1.3699999999999999,0.0,1.301693269079475,14,2.0,1.0,9.91085543726116,,,259.0
noisy,1.46,0.0,1.3992496667383054,14,2.0,1.0,9.911613860976749,,,196.0
noisy,1.5499999999999998,0.0,1.4350344303753284,14,2.0,1.0,9.908943918855917,,,196.0
noisy,1.64,0.0,1.4764663741710866,14,2.0,1.0,9.908045676960048,,,189.0
noisy,1.73,0.0,1.5129672727741579,14,2.0,1.0,9.912991165948233,,,178.0
noisy,1.8199999999999998,0.0,1.5572809820029176,14,2.0,1.0,9.911918480171888,,,140.0
noisy,1.91,0.0,1.5664003305567908,14,2.0,1.0,9.908383051496026,,,139.0
noisy,2.0,0.0,1.6541736585349307,14,2.0,1.0,9.910057210584487,,,123.0
noisy,0.2,0.0,0.17215983539391863,15,2.0,1.0,3.877294023003399,,,327.0
noisy,0.29000000000000004,0.0,0.21657301238797302,15,2.0,1.0,4.468866945571269,,,458.0
noisy,0.38,0.0,0.3055523312970852,15,2.0,1.0,6.303458029924703,,,591.0
noisy,0.47000000000000003,0.0,0.4453899132902132,15,2.0,1.0,9.634962213038172,,,598.0
noisy,0.56,0.0,0.5131218175434428,15,2.0,1.0,9.90243826727827,,,591.0
noisy,0.6499999999999999,0.0,0.6059080335867713,15,2.0,1.0,9.905674478101853,,,506.0
noisy,0.74,0.0,0.6929433502250543,15,2.0,1.0,9.904768306932757,,,472.0
noisy,0.8300000000000001,0.0,0.7853929759120893,15,2.0,1.0,9.907971732316911,,,388.0
noisy,0.9199999999999999,0.0,0.9540225322058545,15,2.0,1.0,9.909379371738044,,,299.0
noisy,1.01,0.0,0.9996734825310911,15,2.0,1.0,9.909046354952256,,,332.0
noisy,1.0999999999999999,0.0,1.090741917564247,15,2.0,1.0,9.908583748340618,,,304.0
noisy,1.19,0.0,1.121072862419872,15,2.0,0.6666666666666666,9.905611000985934,,,288.0
noisy,1.28,0.0,1.2281226427552214,15,2.0,1.0,9.91208876346553,,,290.0
noisy,1.3699999999999999,0.0,1.3284306285249048,15,2.0,1.0,9.909303903398039,,,270.0
noisy,1.46,0.0,1.3908389708057836,15,2.0,1.0,9.914155035097163,,,233.0
noisy,1.5499999999999998,0.0,1.3883169260862775,15,2.0,1.0,9.912523746557113,,,204.0
noisy,1.64,0.0,1.4690138881472616,15,2.0,1.0,9.91334952518711,,,205.0
noisy,1.73,0.0,1.5154777860241297,15,2.0,1.0,9.913912603505104,,,171.0
noisy,1.8199999999999998,0.0,1.5546427808423615,15,2.0,1.0,9.91214206171802,,,165.0
noisy,1.91,0.0,1.6542789361962864,15,2.0,1.0,9.91103530309904,,,144.0
noisy,2.0,0.0,1.681527771806497,15,2.0,1.0,9.918060107738446,,,157.0
noisy,0.2,0.0,0.15323434323985916,16,2.0,1.0,3.2449478706109045,,,396.0
noisy,0.29000000000000004,0.0,0.21351270406383283,16,2.0,1.0,4.374089399072852,,,512.0
noisy,0.38,0.0,0.3229206228295918,16,2.0,1.0,6.999269256681532,,,582.0
noisy,0.47000000000000003,0.0,0.41413268507590634,16,2.0,1.0,9.021705316410715,,,611.0
noisy,0.56,0.0,0.5122341542393047,16,2.0,1.0,9.904057235339286,,,621.0
noisy,0.6499999999999999,0.0,0.6051501784535541,16,2.0,1.0,9.904212707512341,,,567.0
noisy,0.74,0.0,0.6984368786822314,16,2.0,1.0,9.905790292726943,,,476.0
noisy,0.8300000000000001,0.0,0.7922645320185627,16,2.0,1.0,9.904820650701206,,,440.0
noisy,0.9199999999999999,0.0,0.8993257141001477,16,2.0,1.0,9.906663056611977,,,393.0
noisy,1.01,0.0,0.9890768057716469,16,2.0,1.0,9.905140902058143,,,358.0
noisy,1.0999999999999999,0.0,1.0966672260552872,16,2.0,1.0,9.902998238774153,,,297.0
noisy,1.19,0.0,1.1611137609800353,16,2.0,1.0,9.90820185821179,,,297.0
noisy,1.28,0.0,1.1919914712759612,16,2.0,0.3333333333333333,9.903737077137702,,,100.0
noisy,1.3699999999999999,0.0,1.3132126104416864,16,2.0,1.0,9.912354811939794,,,266.0
noisy,1.46,0.0,1.3551732383377513,16,2.0,1.0,9.910593666841105,,,213.0
noisy,1.5499999999999998,0.0,1.410184218592218,16,2.0,1.0,9.913455743923782,,,208.0
noisy,1.64,0.0,1.4597835016009846,16,2.0,1.0,9.918344577012551,,,191.0
noisy,1.73,0.0,1.5143906897870434,16,2.0,1.0,9.91607474583744,,,179.0
noisy,1.8199999999999998,0.0,1.5873840002121729,16,2.0,1.0,9.910324093280677,,,167.0
noisy,1.91,0.0,1.5677373936733296,16,2.0,1.0,9.908586356239711,,,177.0
noisy,2.0,0.0,1.6770705619099446,16,2.0,1.0,9.917808523884258,,,139.0
noisy,0.2,0.0,0.15724068108420394,17,2.0,1.0,3.2656910858923087,,,421.0
noisy,0.29000000000000004,0.0,0.20507270271090383,17,2.0,1.0,4.547475681615119,,,458.0
noisy,0.38,0.0,0.32037116453613707,17,2.0,1.0,6.685235037543876,,,582.0
noisy,0.47000000000000003,0.0,0.47007839212112845,17,2.0,1.0,9.887026700268061,,,636.0
noisy,0.56,0.0,0.5204329463661514,17,2.0,1.0,9.905109805403622,,,625.0
noisy,0.6499999999999999,0.0,0.612213989048501,17,2.0,1.0,9.905343022144821,,,555.0
noisy,0.74,0.0,0.7032418115993592,17,2.0,1.0,9.905545357120113,,,515.0
noisy,0.8300000000000001,0.0,0.7822540430105175,17,2.0,1.0,9.904373660818175,,,460.0
noisy,0.9199999999999999,0.0,0.9408669187922203,17,2.0,1.0,9.905133706188309,,,361.0
noisy,1.01,0.0,0.997051214176084,17,2.0,1.0,9.910330950094886,,,369.0
noisy,1.0999999999999999,0.0,1.0941770921539258,17,2.0,1.0,9.90700986945822,,,293.0
noisy,1.19,0.0,1.1168806550783685,17,2.0,0.0,7.455233045564724,,,86.0
noisy,1.28,0.0,1.1928654781627608,17,2.0,0.3333333333333333,9.906485015204417,,,212.0
noisy,1.3699999999999999,0.0,1.3177018483527754,17,2.0,1.0,9.912241734549879,,,245.0
noisy,1.46,0.0,1.3620696367913403,17,2.0,1.0,9.910776198368815,,,221.0
noisy,1.5499999999999998,0.0,1.4230948827128476,17,2.0,1.0,9.915426461384593,,,204.0
noisy,1.64,0.0,1.468544274753387,17,2.0,1.0,9.914665023099154,,,188.0
noisy,1.73,0.0,1.5067606817007555,17,2.0,1.0,9.915160959978369,,,195.0
noisy,1.8199999999999998,0.0,1.562873316607245,17,2.0,1.0,9.909364497137522,,,181.0
noisy,1.91,0.0,1.6106332284673854,17,2.0,1.0,9.912057517380248,,,138.0
noisy,2.0,0.0,1.659250432941736,17,2.0,1.0,9.90719455399079,,,123.0
noisy,0.2,0.0,0.18702283639289,18,2.0,1.0,4.336876405144574,,,426.0
noisy,0.29000000000000004,0.0,0.23486079271039095,18,2.0,1.0,4.753389968760188,,,419.0
noisy,0.38,0.0,0.34179023559594074,18,2.0,1.0,7.374118918490349,,,534.0
noisy,0.47000000000000003,0.0,0.41333959512427115,18,2.0,1.0,8.351499263522,,,608.0
noisy,0.56,0.0,0.5276846425748216,18,2.0,1.0,9.904970648353673,,,675.0
noisy,0.6499999999999999,0.0,0.6125621618110556,18,2.0,1.0,9.904710369339522,,,583.0
noisy,0.74,0.0,0.6976395373180541,18,2.0,1.0,9.906559345598627,,,506.0
noisy,0.8300000000000001,0.0,0.7643012488366453,18,2.0,1.0,9.904189054943899,,,449.0
noisy,0.9199999999999999,0.0,0.9157485037032993,18,2.0,1.0,9.908470422100738,,,360.0
noisy,1.01,0.0,0.9884096389616128,18,2.0,1.0,9.914930091389504,,,372.0
noisy,1.0999999999999999,0.0,1.0665271724165908,18,2.0,1.0,9.906171906899655,,,309.0
noisy,1.19,0.0,1.1650238760744365,18,2.0,0.6666666666666666,9.909205113163916,,,283.0
noisy,1.28,0.0,1.2230665834532668,18,2.0,0.6666666666666666,9.91340131021553,,,259.0
noisy,1.3699999999999999,0.0,1.305495628988566,18,2.0,1.0,9.912805847623906,,,258.0
noisy,1.46,0.0,1.3832179943786318,18,2.0,1.0,9.904830567394232,,,230.0
noisy,1.5499999999999998,0.0,1.4079279149857653,18,2.0,0.6666666666666666,9.908590703335637,,,215.0
noisy,1.64,0.0,1.4658151185988733,18,2.0,1.0,9.911511088539308,,,203.0
noisy,1.73,0.0,1.5191798394189424,18,2.0,1.0,9.916322520544,,,187.0
noisy,1.8199999999999998,0.0,1.5330051355441678,18,2.0,1.0,9.910445128681653,,,172.0
noisy,1.91,0.0,1.6188645922697493,18,2.0,1.0,9.916178643542763,,,140.0
noisy,2.0,0.0,1.6422467618354795,18,2.0,1.0,9.906928439078339,,,158.0
noisy,0.2,0.0,0.1897056192268521,19,2.0,1.0,4.707620431088801,,,342.0
noisy,0.29000000000000004,0.0,0.2186439085100107,19,2.0,1.0,4.512975802501803,,,498.0
noisy,0.38,0.0,0.34057941883297055,19,2.0,1.0,7.3284413011512965,,,528.0
noisy,0.47000000000000003,0.0,0.4018113360171764,19,2.0,1.0,8.47603298167614,,,636.0
noisy,0.56,0.0,0.5269555109887387,19,2.0,1.0,9.904613950068773,,,606.0
noisy,0.6499999999999999,0.0,0.6169415505818707,19,2.0,1.0,9.90596996598608,,,502.0
noisy,0.74,0.0,0.705286039972334,19,2.0,1.0,9.906730657178674,,,510.0
noisy,0.8300000000000001,0.0,0.7764061146743297,19,2.0,1.0,9.906134960063804,,,409.0
noisy,0.9199999999999999,0.0,0.9033168099966349,19,2.0,1.0,9.908466638850982,,,383.0
noisy,1.01,0.0,0.9941362503711861,19,2.0,1.0,9.90948559050553,,,391.0
noisy,1.0999999999999999,0.0,1.0170646175918394,19,2.0,0.3333333333333333,9.913359908959496,,,93.0
noisy,1.19,0.0,1.140302645462432,19,2.0,0.6666666666666666,9.910028040645576,,,274.0
noisy,1.28,0.0,1.1014982808347016,19,2.0,0.3333333333333333,9.909828464319506,,,96.0
noisy,1.3699999999999999,0.0,1.206685107121695,19,2.0,0.3333333333333333,9.906948879753397,,,89.0
noisy,1.46,0.0,1.3478220800011596,19,2.0,1.0,9.911473453690412,,,230.0
noisy,1.5499999999999998,0.0,1.4164805695563167,19,2.0,1.0,9.914236580531018,,,217.0
noisy,1.64,0.0,1.4494314589824635,19,2.0,0.6666666666666666,9.903589084067084,,,185.0
noisy,1.73,0.0,1.516257760369488,19,2.0,1.0,9.913284543317566,,,171.0
noisy,1.8199999999999998,0.0,1.5652937222001244,19,2.0,1.0,9.911934709539228,,,168.0
noisy,1.91,0.0,1.5729168291686662,19,2.0,0.6666666666666666,9.907117374072449,,,81.0
noisy,2.0,0.0,1.5748768219418452,19,2.0,0.0,8.091768719927371,,,90.0
